id,time,symbol,h1_close,h1_atr,h1_rsi,h1_sma_fast,h1_sma_slow,h1_macd,h1_macd_signal,h1_bb_position,h4_close,h4_atr,h4_rsi,h4_sma_50,h4_sma_200,h4_trend,m15_close,m15_rsi,m15_atr,volatility_regime,spread,signal_action,signal_status
1,2026-03-16 13:58:39.665702,EURUSD,1.15001,0.001654992947652288,65.71608411784781,1.1445625,1.1474562,0.0,-0.0007127025126299657,1.1124932553316207,1.15001,0.003718811381043374,46.8718256136881,1.1566904,1.175905,DOWN,1.15006,76.00513388706757,0.0008675072689306704,NORMAL,5.0,,
2,2026-03-16 13:58:40.665355,GBPUSD,1.33079,0.001867910682794511,63.85587524580487,1.3254519999999999,1.3294196,0.0,-0.0010919056868636786,1.1887331491658417,1.33079,0.004219970995662136,46.780286410757554,1.3360504,1.35277445,DOWN,1.33079,73.84146738869065,0.000949053734159342,NORMAL,5.0,,
3,2026-03-16 13:59:06.100784,USDJPY,158.911,0.18782092107814,34.0450833666963,159.40175000000002,159.33442,0.0,-0.00945976301033033,-0.08352263031191248,158.911,0.4151813682261273,50.447062614541615,158.2905,155.90612,UP,158.911,29.360030890726208,0.09874677512447279,NORMAL,500.0,,
4,2026-03-16 13:59:06.857899,XAUUSD,5028.2,25.94214427708151,49.29388204879125,5013.199,5069.661599999999,0.0,-23.206439080734604,0.7121940210477586,5028.2,52.35120715160165,40.02143402009957,5127.5316,5081.24955,UP,5028.2,60.486013917609235,12.480730117978897,NORMAL,11000.0,,
5,2026-03-16 14:05:00.046075,EURUSD,1.14955,0.001583819982003647,63.40093216979894,1.1448610000000001,1.1473686,0.0,-0.0004829264898534333,0.9742980136816283,1.14955,0.003500222685778993,46.18285139161801,1.1564644000000002,1.17565945,DOWN,1.14955,70.57927442654773,0.0008512243360978657,NORMAL,5.0,,
6,2026-03-16 14:05:00.243339,GBPUSD,1.33042,0.001804488491166346,62.15177762346508,1.3257415,1.3292510000000002,0.0,-0.0008515609872663245,1.0271423186929618,1.33042,0.003988544374785725,46.26161954333062,1.3359379999999998,1.3525330500000001,DOWN,1.33042,70.36186317458514,0.0009512559702681244,NORMAL,5.0,,
7,2026-03-16 14:05:00.438948,USDJPY,158.965,0.1800020797766388,36.16397076748975,159.37265,159.34036,0.0,-0.02482946237833248,0.046811327367368455,158.965,0.3905255443264072,51.43348546471409,158.3263,155.9375,UP,158.965,33.349979645106075,0.0966913163540862,NORMAL,500.0,,
8,2026-03-16 14:05:00.696117,XAUUSD,5030.56,24.602705400147087,49.99291581874731,5012.486,5066.6582,0.0,-21.560058764084562,0.7738861842178482,5030.56,49.12540527533795,40.40704811327571,5124.5289999999995,5080.0195,UP,5030.56,61.91090532243939,12.10263152827646,NORMAL,13000.0,,
9,2026-03-16 14:18:18.619776,EURUSD,1.14965,0.0016009628391465056,63.89024266273405,1.144866,1.1473706,0.0,-0.00048133104825797443,0.9819445620323426,1.14965,0.0035173655491901067,46.330900261606374,1.1564664,1.17565995,DOWN,1.14965,70.37161619832263,0.000860625506373354,NORMAL,4.0,,
10,2026-03-16 14:18:18.889172,GBPUSD,1.33061,0.001815917062594913,63.02671009480202,1.325751,1.3292548000000002,0.0,-0.0008485296482349793,1.042252525248318,1.33061,0.00399997295039313,46.52611221660695,1.3359417999999998,1.352534,DOWN,1.33061,70.8842081780756,0.0009381616336195551,NORMAL,5.0,,
11,2026-03-16 14:18:19.092875,USDJPY,158.925,0.18457350834806685,34.375720707212096,159.37065,159.33956,0.0,-0.02546763901650324,0.013138304886763921,158.925,0.39509697456937004,50.681703394126416,158.3255,155.9373,UP,158.925,34.06036557683028,0.1004668874663538,NORMAL,500.0,,
12,2026-03-16 14:18:19.278574,XAUUSD,5029.38,25.03199111443288,49.62960328179815,5012.427000000001,5066.634599999999,0.0,-21.57888497491079,0.7579318263421891,5029.38,49.55469114659131,40.23114693136668,5124.5054,5080.0136,UP,5029.38,60.97045722238067,11.851670553396888,NORMAL,17000.0,,
13,2026-03-16 14:24:24.515213,EURUSD,1.14965,0.0016102485534322173,63.89024266273405,1.144866,1.1473706,0.0,-0.00048133104825797443,0.9819445620323426,1.14965,0.0035266512668711233,46.330900261606374,1.1564664,1.17565995,DOWN,1.14965,70.37161619832263,0.0008756345821879284,NORMAL,4.0,,
14,2026-03-16 14:24:24.680684,GBPUSD,1.33051,0.0018237742054520599,62.56317125039806,1.325746,1.3292528000000001,0.0,-0.0008501250898304382,1.0343540012670893,1.33051,0.004007830096123227,46.386529677134824,1.3359397999999998,1.3525335,DOWN,1.33051,69.93212903979081,0.0009553148631219236,NORMAL,5.0,,
15,2026-03-16 14:24:24.936272,USDJPY,158.949,0.18457350834806685,35.35314938859322,159.37185,159.34004000000002,0.0,-0.02508473303360306,0.03313055269643919,158.949,0.39509697456937004,51.13780154834621,158.32598,155.93742,UP,158.949,36.07128701084527,0.10139602073106573,NORMAL,500.0,,
16,2026-03-16 14:24:25.217711,XAUUSD,5021.76,25.28056254300428,47.40528177207746,5012.046,5066.4821999999995,0.0,-21.7004576244832,0.6508109267021094,5021.76,49.80326266605241,39.37032000194277,5124.353,5079.9755,UP,5021.76,55.87557371037693,12.100392381181182,NORMAL,13000.0,,
17,2026-03-16 15:05:04.285389,EURUSD,1.14903,0.001589261411860518,60.728296196177915,1.1451665,1.1472829999999998,0.0,-0.00028595285333894683,0.8867135105892697,1.14903,0.00361022272600029,45.428000241929325,1.156454,1.17565685,DOWN,1.14903,61.77155464884368,0.0008556665682339314,NORMAL,5.0,,
18,2026-03-16 15:05:04.290377,EURUSD,1.14903,0.001589261411860518,60.728296196177915,1.1451665,1.1472829999999998,0.0,-0.00028595285333894683,0.8867135105892697,1.14903,0.00361022272600029,45.428000241929325,1.156454,1.17565685,DOWN,1.14903,61.77155464884368,0.0008556665682339314,NORMAL,5.0,,
19,2026-03-16 15:05:04.530651,GBPUSD,1.32969,0.001881631348309201,59.00471164441478,1.325705,1.3292364,0.0,-0.0008632077109130766,0.9649982143859631,1.32969,0.00406568726013573,45.27278561620586,1.3359234,1.3525293999999999,DOWN,1.32969,61.80762349745712,0.000932182770842807,NORMAL,5.0,,
20,2026-03-16 15:05:04.783123,GBPUSD,1.32989,0.001773657680572828,59.63023829737727,1.325984,1.3290781999999999,0.0,-0.0006385506877685858,0.9226127001075908,1.32989,0.00406568726013573,45.53947002966522,1.3359273999999999,1.3525304,DOWN,1.32989,62.83859044876407,0.0009025958236328574,NORMAL,5.0,,
21,2026-03-16 15:05:04.998448,USDJPY,159.18,0.18896621693545154,45.48352819089427,159.35860000000002,159.34957999999997,0.0,-0.032133977070974554,0.2840962550868386,159.18,0.41002555145654757,55.08571190521846,158.3306,155.93857500000001,UP,159.18,51.689061156494034,0.10244622354914827,NORMAL,300.0,,
22,2026-03-16 15:05:05.211276,USDJPY,159.176,0.18896621693545154,45.32585917587836,159.35840000000002,159.34949999999998,0.0,-0.0321977947347922,0.27969821126237954,159.174,0.41002555145654757,54.99125571024726,158.33048,155.938545,UP,159.174,51.338862521060896,0.10244622354914827,NORMAL,400.0,,
23,2026-03-16 15:05:05.529794,XAUUSD,4995.88,27.665562543004302,41.142631942583684,5010.752,5065.964599999999,0.0,-22.113357909383588,0.2721763104526231,4996.81,52.18826353812348,36.7926346846267,5123.853999999999,5079.8507500000005,UP,4996.81,42.81428250847755,12.00921346136822,NORMAL,17000.0,,
24,2026-03-16 15:05:05.857397,XAUUSD,4996.65,26.411593789932542,41.386302221274406,5008.262000000001,5062.3166,0.0,-21.188699452573513,0.2962428011296198,4996.65,52.18826353812348,36.77719320307218,5123.850799999999,5079.84995,UP,4996.65,42.70687300199743,12.665324489833722,NORMAL,15000.0,,
25,2026-03-16 16:05:00.245141,EURUSD,1.14882,0.0016474264130541645,59.83960770101172,1.1455095,1.1472112,0.0,-0.00010701033702651606,0.8376545786534213,1.14882,0.0036109370119757575,45.130105472933224,1.1564498,1.1756558,DOWN,1.14882,56.51712717890268,0.0009352984297084751,NORMAL,5.0,,
26,2026-03-16 16:05:00.245141,EURUSD,1.14882,0.0016474264130541645,59.83960770101172,1.1455095,1.1472112,0.0,-0.00010701033702651606,0.8376545786534213,1.14882,0.0036109370119757575,45.130105472933224,1.1564498,1.1756558,DOWN,1.14882,56.51712717890268,0.0009352984297084751,NORMAL,5.0,,
27,2026-03-16 16:05:00.717577,GBPUSD,1.331,0.0018550862520013939,62.68719548801478,1.3260395,1.3291003999999997,0.0,-0.0006208412860591876,1.0124228006591969,1.331,0.00406568726013573,47.11722751968459,1.3359496,1.3525359499999998,DOWN,1.331,67.18023164956115,0.0009175986468249384,NORMAL,5.0,,
28,2026-03-16 16:05:00.990483,GBPUSD,1.33042,0.0018396209074706793,61.19452545713384,1.3263859999999998,1.3289556000000002,0.0,-0.00041106836175193657,0.9197015000486903,1.33042,0.0040928301272033125,46.26161954333062,1.3359379999999998,1.3525330500000001,DOWN,1.33042,61.91912311155238,0.0010410383257359454,NORMAL,5.0,,
29,2026-03-16 16:05:01.247990,USDJPY,159.281,0.196672711644145,49.16949970692815,159.3444,159.35746,0.0,-0.03542741442590374,0.4166164305528812,159.281,0.4198826979179377,56.61824816633672,158.33262000000002,155.93908,UP,159.281,57.50626199840526,0.11080797651860834,NORMAL,500.0,,
30,2026-03-16 16:05:01.466711,USDJPY,159.281,0.196672711644145,49.16949970692815,159.3444,159.35746,0.0,-0.03542741442590374,0.4166164305528812,159.281,0.4198826979179377,56.61824816633672,158.33262000000002,155.93908,UP,159.281,57.50626199840526,0.11080797651860834,NORMAL,500.0,,
31,2026-03-16 16:05:01.865858,XAUUSD,4995.59,27.204450932789708,41.07650155358846,5008.209000000001,5062.2954,0.0,-21.205611133485167,0.27930650579996386,4995.59,52.43540648563369,36.67521985299433,5123.8296,5079.84465,UP,4995.59,43.1635945579779,12.831081306831345,NORMAL,9000.0,,
32,2026-03-16 16:05:02.217491,XAUUSD,4988.84,25.791735049835296,39.84662014288683,5006.4015,5058.2728,0.0,-20.720327037175338,0.21193390001982743,4988.84,52.478977930136914,36.03889702414753,5123.6946,5079.8109,UP,4988.96,40.680219506599805,13.027288296265645,NORMAL,11000.0,,
33,2026-03-16 17:05:00.633316,EURUSD,1.14989,0.0017114367713053857,63.20044958160069,1.14595,1.1471756,0.0,8.725022259156231e-05,0.895439522510959,1.14989,0.0036502227406262277,46.690120327714034,1.1564712,1.17566115,DOWN,1.14989,60.579578170208286,0.0010416978958687983,NORMAL,5.0,,
34,2026-03-16 17:05:00.633316,EURUSD,1.14989,0.0017114367713053857,63.20044958160069,1.14595,1.1471756,0.0,8.725022259156231e-05,0.895439522510959,1.14989,0.0036502227406262277,46.690120327714034,1.1564712,1.17566115,DOWN,1.14989,60.579578170208286,0.0010416978958687983,NORMAL,5.0,,
35,2026-03-16 17:05:01.435860,GBPUSD,1.329,0.0019181923360420993,55.3601202865114,1.326315,1.3289271999999999,0.0,-0.0004337236324071951,0.7923521912801013,1.329,0.004124972996099137,44.376226104475826,1.3359096,1.3525259499999998,DOWN,1.33111,62.687734060098165,0.0011358205236422626,NORMAL,5.0,,
36,2026-03-16 17:05:01.435860,GBPUSD,1.329,0.0019181923360420993,55.3601202865114,1.326315,1.3289271999999999,0.0,-0.0004337236324071951,0.7923521912801013,1.33111,0.004124972996099137,47.291432345480665,1.3359518,1.3525365,DOWN,1.33111,62.687734060098165,0.0011358205236422626,NORMAL,5.0,,
37,2026-03-16 17:05:02.030725,USDJPY,159.219,0.19551241591445978,46.979630380852406,159.31875,159.35775999999998,0.0,-0.0395672177534971,0.3542202832633602,159.22,0.4219541272467802,55.70542803544631,158.3314,155.938775,UP,159.22,51.99276327004194,0.11067407418666728,NORMAL,500.0,,
38,2026-03-16 17:05:02.030725,USDJPY,159.22,0.19551241591445978,47.014158380807025,159.3188,159.35778,0.0,-0.03955126333754269,0.3555828726574823,159.22,0.4219541272467802,55.70542803544631,158.3314,155.938775,UP,159.22,51.99276327004194,0.11067407418666728,NORMAL,500.0,,
39,2026-03-16 17:05:02.498248,XAUUSD,4975.88,26.945306478406767,36.90976299843074,5005.7535,5058.0136,0.0,-20.927096267944506,0.040908966464161575,4975.88,53.05754957026199,34.87705828192881,5123.435399999999,5079.7461,UP,4994.26,46.459923293637914,13.247106616634337,NORMAL,12000.0,,
40,2026-03-16 17:05:02.498248,XAUUSD,4975.88,26.945306478406767,36.90976299843074,5005.7535,5058.0136,0.0,-20.927096267944506,0.040908966464161575,4975.88,53.05754957026199,34.87705828192881,5123.435399999999,5079.7461,UP,4994.26,46.459923293637914,13.247106616634337,NORMAL,12000.0,,
41,2026-03-16 18:05:00.618486,EURUSD,1.14993,0.0016559770019264298,63.18804951466416,1.1462635,1.1471164,0.0,0.00024220010001800904,0.8679377037518246,1.14993,0.0034423495947452283,46.98902481457708,1.1561940000000002,1.17542865,DOWN,1.14992,59.31371418467771,0.0009446451321277088,NORMAL,5.0,,
42,2026-03-16 18:05:00.618486,EURUSD,1.14993,0.0016559770019264298,63.18804951466416,1.1462635,1.1471164,0.0,0.00024220010001800904,0.8679377037518246,1.14992,0.0034423495947452283,46.97141554614064,1.1561938,1.1754286,DOWN,1.14992,59.31371418467771,0.0009446451321277088,NORMAL,5.0,,
43,2026-03-16 18:05:01.151146,GBPUSD,1.3307,0.001883321454896238,62.09240465803298,1.3268140000000002,1.328854,0.0,-0.00020213275183813046,0.9136531272044073,1.3307,0.004124972996099137,46.65245668729944,1.3359436,1.35253445,DOWN,1.3307,59.21382978309397,0.0010456745729855786,NORMAL,5.0,,
44,2026-03-16 18:05:01.166728,GBPUSD,1.3307,0.001883321454896238,62.09240465803298,1.3268140000000002,1.328854,0.0,-0.00020213275183813046,0.9136531272044073,1.3307,0.004124972996099137,46.65245668729944,1.3359436,1.35253445,DOWN,1.33103,60.128206408898194,0.0010491853964443797,NORMAL,5.0,,
45,2026-03-16 18:05:01.666421,USDJPY,159.221,0.18959316171648757,46.95260767654799,159.3059,159.35894,0.0,-0.0408670892611481,0.3705736709418132,159.221,0.3958145338008767,55.46903201308436,158.37094000000002,155.97087,UP,159.221,51.29137741155095,0.10153567288035767,NORMAL,500.0,,
46,2026-03-16 18:05:01.666421,USDJPY,159.221,0.18959316171648757,46.95260767654799,159.3059,159.35894,0.0,-0.0408670892611481,0.3705736709418132,159.221,0.3958145338008767,55.46903201308436,158.37094000000002,155.97087,UP,159.221,51.29137741155095,0.10153567288035767,NORMAL,500.0,,
47,2026-03-16 18:05:02.232668,XAUUSD,4989.62,26.21722336260221,40.19867044293206,5005.022,5055.0758000000005,0.0,-20.120551025161962,0.24810632846715527,4992.46,49.7200193576642,36.47433235820032,5120.2336,5078.45215,UP,4992.46,46.39696230463836,12.264708721772836,NORMAL,9000.0,,
48,2026-03-16 18:05:02.232668,XAUUSD,4989.62,26.21722336260221,40.19867044293206,5005.022,5055.0758000000005,0.0,-20.120551025161962,0.24810632846715527,4992.46,49.58930502415447,36.610629935502764,5120.2002,5078.4438,UP,4992.46,46.39696230463836,12.264708721772836,NORMAL,9000.0,,
49,2026-03-16 19:05:00.090927,EURUSD,1.15183,0.0017217235426051714,68.2592274951893,1.1467740000000002,1.1471474,0.0,0.00047148663254226663,0.9441588473372314,1.15183,0.003615921086782755,50.135173156839045,1.1562320000000001,1.17543815,DOWN,1.15183,65.68384619203337,0.0009616498443817074,NORMAL,4.0,,
50,2026-03-16 19:05:00.092956,EURUSD,1.15183,0.0017217235426051714,68.2592274951893,1.1467740000000002,1.1471474,0.0,0.00047148663254226663,0.9441588473372314,1.15183,0.003615921086782755,50.135173156839045,1.1562320000000001,1.17543815,DOWN,1.15183,65.68384619203337,0.0009616498443817074,NORMAL,4.0,,
51,2026-03-16 19:05:00.257168,GBPUSD,1.33327,0.0019935944121995653,68.82067937875613,1.327259,1.3288136,0.0,2.046188776052074e-05,1.0737434162302757,1.33327,0.0040539034856695065,50.79408666854884,1.3358734,1.35231335,DOWN,1.33327,69.23565594655408,0.0010885854759983518,NORMAL,5.0,,
52,2026-03-16 19:05:00.312178,GBPUSD,1.33327,0.0019935944121995653,68.82067937875613,1.327259,1.3288136,0.0,2.046188776052074e-05,1.0737434162302757,1.33327,0.0040539034856695065,50.79408666854884,1.3358734,1.35231335,DOWN,1.3332899999999999,67.54575439821659,0.001029668027884591,NORMAL,5.0,,
53,2026-03-16 19:05:00.421401,USDJPY,158.988,0.19921916036938978,40.104185023933745,159.26440000000002,159.34936,0.0,-0.05233490791255224,0.1181546807676537,158.988,0.41745739885740624,51.18726999501555,158.36628000000002,155.969705,UP,158.988,40.330056341597526,0.10498013775648302,NORMAL,500.0,,
54,2026-03-16 19:05:00.483891,USDJPY,158.988,0.19921916036938978,40.104185023933745,159.26440000000002,159.34936,0.0,-0.05233490791255224,0.1181546807676537,158.988,0.41745739885740624,51.18726999501555,158.36628000000002,155.969705,UP,158.988,40.330056341597526,0.10498013775648302,NORMAL,500.0,,
55,2026-03-16 19:05:00.619668,XAUUSD,5010.97,26.194921693844908,47.30544640725086,5004.393,5052.4712,0.0,-19.199741048630962,0.6131729619555236,5010.97,50.916448366564765,39.579648469426104,5120.6038,5078.5446999999995,UP,5012.14,56.14823069068249,11.332222034289826,NORMAL,4000.0,,
56,2026-03-16 19:05:00.666529,XAUUSD,5012.18,24.410284429998846,47.692472066622564,5005.1215,5050.0672,0.0,-18.10386567754916,0.6213975808189264,5012.18,50.971448386675455,39.77210524831596,5120.628,5078.55075,UP,5012.18,56.16695705309972,11.335080905873552,NORMAL,10000.0,,
57,2026-03-16 20:05:00.087650,EURUSD,1.15084,0.0017214473711945975,63.2206356013139,1.1469894999999999,1.1471186,0.0,0.0006179152379278058,0.8336203470445857,1.15084,0.003623778232512852,48.54394867521087,1.1562122000000001,1.1754331999999998,DOWN,1.15084,56.625268619581064,0.000923114297337265,NORMAL,5.0,,
58,2026-03-16 20:05:00.087650,EURUSD,1.15084,0.0017214473711945975,63.2206356013139,1.1469894999999999,1.1471186,0.0,0.0006179152379278058,0.8336203470445857,1.15084,0.003623778232512852,48.54394867521087,1.1562122000000001,1.1754331999999998,DOWN,1.15084,56.625268619581064,0.000923114297337265,NORMAL,5.0,,
59,2026-03-16 20:05:00.249550,GBPUSD,1.3332600000000001,0.0019527764439812103,68.80729617573326,1.3276875000000001,1.3287814,0.0,0.0002543456642476955,0.987668376193086,1.3332600000000001,0.00410033207407459,50.779732559694565,1.3358732,1.3523132999999998,DOWN,1.3332600000000001,66.32739729281145,0.0010150229913760739,NORMAL,5.0,,
60,2026-03-16 20:05:00.364345,GBPUSD,1.33262,0.001866914861247847,65.7433280714892,1.3279705,1.328708,0.0,0.0004531582116532769,0.8896715092237971,1.33262,0.00410033207407459,49.843318981238305,1.3358604,1.3523101,DOWN,1.33262,61.12909138576691,0.0009608692278540828,NORMAL,5.0,,
61,2026-03-16 20:05:00.436173,USDJPY,159.148,0.20198922034300767,46.06913314769711,159.26505,159.34933999999998,0.0,-0.05323888663018002,0.331125884945318,159.148,0.41745739885740624,54.05244632101612,158.36948,155.970505,UP,159.148,51.43570360376528,0.10240248376171825,NORMAL,500.0,,
62,2026-03-16 20:05:00.514499,USDJPY,159.148,0.20198922034300767,46.06913314769711,159.26505,159.34933999999998,0.0,-0.05323888663018002,0.331125884945318,159.148,0.41745739885740624,54.05244632101612,158.36948,155.970505,UP,159.148,51.43570360376528,0.10240248376171825,NORMAL,500.0,,
63,2026-03-16 20:05:00.638568,XAUUSD,5009.42,25.624264021835582,46.88750428872602,5005.0725,5050.0476,0.0,-18.10325459160043,0.5748407395251137,5009.42,51.54930574082505,39.3313085788025,5120.5728,5078.53695,UP,5009.42,53.93537694318661,10.92305752300762,NORMAL,25000.0,,
64,2026-03-16 20:05:00.685432,XAUUSD,5009.42,25.624264021835582,46.88750428872602,5005.0725,5050.0476,0.0,-18.10325459160043,0.5748407395251137,5009.42,51.54930574082505,39.3313085788025,5120.5728,5078.53695,UP,5009.42,53.93537694318661,10.92305752300762,NORMAL,25000.0,,
65,2026-03-16 21:05:00.101112,EURUSD,1.15063,0.0016531807222317275,61.99791224813352,1.1472545,1.1470926,0.0,0.0007457658265968747,0.7884212314682533,1.15073,0.003623778232512852,48.36085486126729,1.1562100000000002,1.17543265,DOWN,1.15073,55.56772917870628,0.0007875059638173261,NORMAL,3.0,,
66,2026-03-16 21:05:00.116731,EURUSD,1.15073,0.001660323579374584,62.300899518766506,1.1472595,1.1470946,0.0,0.0007473612681923336,0.7959164465211607,1.15073,0.003623778232512852,48.36085486126729,1.1562100000000002,1.17543265,DOWN,1.15073,55.56772917870628,0.0007875059638173261,NORMAL,3.0,,
67,2026-03-16 21:05:00.280106,GBPUSD,1.33232,0.0019204862898192776,64.26883453926887,1.3279554999999998,1.328702,0.0,0.00044837188686698906,0.8687468282735317,1.33232,0.00410033207407459,49.39199938178217,1.3358544,1.3523086,DOWN,1.33232,58.685070034548914,0.0008918882818360489,NORMAL,5.0,,
68,2026-03-16 21:05:00.372968,GBPUSD,1.33232,0.0019204862898192776,64.26883453926887,1.3279554999999998,1.328702,0.0,0.00044837188686698906,0.8687468282735317,1.33193,0.00410033207407459,48.79299760690441,1.3358466000000002,1.3523066499999998,DOWN,1.33193,54.85347296071268,0.0008700715063950149,NORMAL,5.0,,
69,2026-03-16 21:05:00.503514,USDJPY,159.04,0.20832162297156914,43.39793161046946,159.23865,159.33914,0.0,-0.06110234964418844,0.22899721690974112,159.04,0.41745739885740624,52.08455060369475,158.36732,155.969965,UP,159.04,45.22003992264935,0.10204067274610319,NORMAL,500.0,,
70,2026-03-16 21:05:00.561539,USDJPY,159.04,0.20832162297156914,43.39793161046946,159.23865,159.33914,0.0,-0.06110234964418844,0.22899721690974112,159.04,0.41745739885740624,52.08455060369475,158.36732,155.969965,UP,159.04,45.22003992264935,0.10204067274610319,NORMAL,500.0,,
71,2026-03-16 21:05:00.696979,XAUUSD,5010.34,24.76610230599016,47.09475100930347,5004.4775,5047.852199999999,0.0,-16.85672408314646,0.6058322173505365,5010.34,51.64502006153704,39.47895597017496,5120.5912,5078.54155,UP,5010.34,53.19502922081347,10.186590985159942,NORMAL,111000.0,,
72,2026-03-16 21:05:00.764831,XAUUSD,5010.34,24.76610230599016,47.09475100930347,5004.4775,5047.852199999999,0.0,-16.85672408314646,0.6058322173505365,5010.34,51.64502006153704,39.47895597017496,5120.5912,5078.54155,UP,5010.34,53.19502922081347,10.186590985159942,NORMAL,111000.0,,
73,2026-03-16 22:05:00.101338,EURUSD,1.15028,0.0015987698543172143,60.31297561912262,1.147526,1.1470738,0.0,0.0008503800280872183,0.7345333312074956,1.15028,0.003411365365284523,47.60836907707121,1.1559462,1.17521275,DOWN,1.15028,50.64184969462022,0.0006947259759955249,NORMAL,5.0,,
74,2026-03-16 22:05:00.101338,EURUSD,1.15028,0.0015987698543172143,60.31297561912262,1.147526,1.1470738,0.0,0.0008503800280872183,0.7345333312074956,1.15028,0.003411365365284523,47.60836907707121,1.1559462,1.17521275,DOWN,1.15028,50.64184969462022,0.0006947259759955249,NORMAL,5.0,,
75,2026-03-16 22:05:00.279740,GBPUSD,1.33183,0.0018284617589138213,61.5917580443861,1.3282145,1.3286386000000001,0.0,0.0006020716406130028,0.8022359989581025,1.33183,0.00410033207407459,48.637116414233525,1.3358446000000002,1.35230615,DOWN,1.33183,53.89062027104249,0.0007862114210077304,NORMAL,5.0,,
76,2026-03-16 22:05:00.388677,GBPUSD,1.33181,0.0017150002047056924,61.491114359059296,1.328537,1.328579,0.0,0.0007402343148492751,0.7714573687566028,1.33181,0.003824593938717248,48.60524681706039,1.3357592,1.35207035,DOWN,1.33181,53.702874471785776,0.0007471855149660237,NORMAL,5.0,,
77,2026-03-16 22:05:00.503146,USDJPY,159.088,0.20166599684094583,45.291885754713306,159.21185,159.33272,0.0,-0.06611124725740268,0.31613135674332266,159.088,0.3950675577520416,52.88043520603428,158.40884,155.9976,UP,159.088,49.400792804207036,0.09646250630276315,NORMAL,500.0,,
78,2026-03-16 22:05:00.587638,USDJPY,159.088,0.20166599684094583,45.291885754713306,159.21185,159.33272,0.0,-0.06611124725740268,0.31613135674332266,159.088,0.3950675577520416,52.88043520603428,158.40884,155.9976,UP,159.088,49.400792804207036,0.09646250630276315,NORMAL,500.0,,
79,2026-03-16 22:05:00.697038,XAUUSD,5005.73,25.0046737345616,45.74372475163838,5004.247,5047.76,0.0,-16.930273940696196,0.5268969842135447,5005.73,51.64502006153704,38.73180331081677,5120.499,5078.5185,UP,5005.73,49.831145657474224,9.942762863381231,NORMAL,26000.0,,
80,2026-03-16 22:05:00.776067,XAUUSD,5005.73,25.0046737345616,45.74372475163838,5004.247,5047.76,0.0,-16.930273940696196,0.5268969842135447,5005.73,51.64502006153704,38.73180331081677,5120.499,5078.5185,UP,5005.73,49.831145657474224,9.942762863381231,NORMAL,26000.0,,
81,2026-03-16 23:05:00.083574,EURUSD,1.14979,0.0015152352728863819,57.8731209738694,1.1477430000000002,1.1470382,0.0,0.0009131650359123902,0.6765414246100996,1.14979,0.0034320796585729438,46.81267744747403,1.1559363999999999,1.1752103,DOWN,1.14979,45.2891504997924,0.0005851730102389784,NORMAL,5.0,,
82,2026-03-16 23:05:00.297043,GBPUSD,1.3315299999999999,0.0017347961230730435,60.30310673324859,1.328518,1.3285714,0.0,0.0007332589169223903,0.7515728554188995,1.3315299999999999,0.0038417368021283617,48.16352871587702,1.3357516,1.35206845,DOWN,1.3315299999999999,50.687698619734434,0.0006678492828480348,NORMAL,5.0,,
83,2026-03-16 23:05:00.325285,EURUSD,1.1498,0.0015152352728863819,57.92398139183551,1.1477435000000002,1.1470384,0.0,0.0009133245800719183,0.677337953570718,1.1498,0.0034320796585729438,46.82865010000691,1.1559366,1.17521035,DOWN,1.1498,45.39488635803887,0.0005851730102389784,NORMAL,5.0,,
84,2026-03-16 23:05:00.467092,USDJPY,159.157,0.19352148686251153,47.780440737085115,159.1963,159.33044,0.0,-0.06727017999350733,0.43600030763751774,159.157,0.3992104164097287,53.98665599169316,158.41022,155.997945,UP,159.157,54.46492183831075,0.08539431471254394,NORMAL,500.0,,
85,2026-03-16 23:05:00.561466,GBPUSD,1.33125,0.0016451168081596434,58.93138832373387,1.3287645,1.3285148,0.0,0.0008286666158187775,0.7079415302613279,1.33125,0.0038624510954167824,47.72696450337325,1.335746,1.35206705,DOWN,1.33125,47.73290945522819,0.0006256380379798426,NORMAL,5.0,,
86,2026-03-16 23:05:00.712301,XAUUSD,5004.07,24.470054182092944,45.24044438001688,5003.649,5045.7339999999995,0.0,-15.863145031760883,0.5077948298963072,5004.07,49.20751721142203,38.5472560271682,5117.758,5077.0487,UP,5004.07,48.85275186125063,9.895123405050962,NORMAL,14000.0,,
87,2026-03-16 23:05:00.796183,USDJPY,159.157,0.19352148686251153,47.780440737085115,159.1963,159.33044,0.0,-0.06727017999350733,0.43600030763751774,159.157,0.3992104164097287,53.98665599169316,158.41022,155.997945,UP,159.157,54.46492183831075,0.08539431471254394,NORMAL,500.0,,
88,2026-03-16 23:05:01.232832,XAUUSD,5005.39,23.02647888337197,45.89691769693597,5003.648999999999,5043.917,0.0,-14.871183831978689,0.5322127120835454,5005.39,49.20751721142203,38.69385418614156,5117.7844000000005,5077.0553,UP,5005.39,50.33340382963977,9.225876181623828,NORMAL,14000.0,,
89,2026-03-17 00:05:00.125691,EURUSD,1.14939,0.0014624123452312407,55.75302746105257,1.1480074999999998,1.1469882,0.0,0.0009524287592395464,0.6238221426627772,1.14939,0.003461365383566929,46.18258591477076,1.1559283999999999,1.1752083,DOWN,1.14939,41.34655404887179,0.0005396896170624811,NORMAL,5.0,,
90,2026-03-17 00:05:00.129678,EURUSD,1.14939,0.0014624123452312407,55.75302746105257,1.1480074999999998,1.1469882,0.0,0.0009524287592395464,0.6238221426627772,1.14939,0.003461365383566929,46.18258591477076,1.1559283999999999,1.1752083,DOWN,1.14939,41.34655404887179,0.0005396896170624811,NORMAL,5.0,,
91,2026-03-17 00:05:00.295006,GBPUSD,1.33111,0.0016751168081596498,58.235308730257515,1.3287575,1.3285120000000001,0.0,0.0008264329975852063,0.6972085484085132,1.33111,0.003892451106386236,47.51163683870369,1.3357432,1.35206635,DOWN,1.33111,46.76326998775587,0.0005894786777061216,NORMAL,5.0,,
92,2026-03-17 00:05:00.445595,GBPUSD,1.3308200000000001,0.0015761798932910965,56.74025044682593,1.3290440000000001,1.3284496,0.0,0.0008900588242882388,0.6538981152074054,1.3308200000000001,0.003892451106386236,47.071724555287034,1.3357374000000002,1.3520649,DOWN,1.3308200000000001,43.61680386456191,0.0005680454219645622,NORMAL,5.0,,
93,2026-03-17 00:05:00.586851,USDJPY,159.182,0.19157097249477936,48.778742288149765,159.1762,159.32772,0.0,-0.06739354089550066,0.5113815723633115,159.182,0.4036389894575983,54.374749806140095,158.41072,155.99807,UP,159.182,54.972617445543634,0.08422634757862922,NORMAL,500.0,,
94,2026-03-17 00:05:00.649378,USDJPY,159.182,0.19157097249477936,48.778742288149765,159.1762,159.32772,0.0,-0.06739354089550066,0.5113815723633115,159.182,0.4036389894575983,54.374749806140095,158.41072,155.99807,UP,159.182,54.972617445543634,0.08422634757862922,NORMAL,500.0,,
95,2026-03-17 00:05:00.829217,XAUUSD,5012.54,23.517193169086248,48.44149079812532,5004.0065,5044.06,0.0,-14.757109757904637,0.6562445701497505,5012.54,49.20751721142203,39.911904576944785,5117.9274,5077.09105,UP,5012.54,56.45466861527375,8.536700655290824,NORMAL,15000.0,,
96,2026-03-17 00:05:00.889539,XAUUSD,5012.54,23.517193169086248,48.44149079812532,5004.0065,5044.06,0.0,-14.757109757904637,0.6562445701497505,5012.54,49.20751721142203,39.911904576944785,5117.9274,5077.09105,UP,5012.54,56.45466861527375,8.536700655290824,NORMAL,15000.0,,
97,2026-03-17 01:05:00.099771,EURUSD,1.14896,0.0014112196266943154,53.55033095659796,1.1482755,1.1469226000000001,0.0,0.0009569446053963332,0.5663610844723937,1.14896,0.0034956511103891572,45.52388548215835,1.1559198000000002,1.1752061500000002,DOWN,1.14896,38.334018098736735,0.0005172198685669324,NORMAL,4.0,,
98,2026-03-17 01:05:00.099771,EURUSD,1.14896,0.0014112196266943154,53.55033095659796,1.1482755,1.1469226000000001,0.0,0.0009569446053963332,0.5663610844723937,1.14896,0.0034956511103891572,45.52388548215835,1.1559198000000002,1.1752061500000002,DOWN,1.14896,38.334018098736735,0.0005172198685669324,NORMAL,4.0,,
99,2026-03-17 01:05:00.280785,GBPUSD,1.3306499999999999,0.0016259247912503059,55.850288032003625,1.3290425,1.3284490000000002,0.0,0.0008908579996195105,0.6392866880349196,1.3306499999999999,0.003928165405159399,46.817611910245354,1.335734,1.3520640499999999,DOWN,1.3306499999999999,42.99918353067362,0.0005807315468660087,NORMAL,5.0,,
100,2026-03-17 01:05:00.358669,GBPUSD,1.3306499999999999,0.0016259247912503059,55.850288032003625,1.3290425,1.3284490000000002,0.0,0.0008908579996195105,0.6392866880349196,1.33,0.003953879700276062,45.87079315554169,1.3357210000000002,1.3520607999999998,DOWN,1.33,35.735879006890684,0.0005930231557832151,NORMAL,5.0,,
101,2026-03-17 01:05:00.484017,USDJPY,159.343,0.19213733160229576,54.15968700484224,159.1828,159.33178,0.0,-0.05972064821706253,0.8055630148765205,159.343,0.41356756451653504,56.72531708349684,158.41394,155.998875,UP,159.343,64.11259793158419,0.08876546225042364,NORMAL,500.0,,
102,2026-03-17 01:05:00.546543,USDJPY,159.344,0.19213733160229576,54.191451517006,159.18285,159.33180000000002,0.0,-0.05970469380110243,0.8072238346094729,159.344,0.41356756451653504,56.73916028357961,158.41396,155.99887999999999,UP,159.344,64.16573704044671,0.08876546225042364,NORMAL,500.0,,
103,2026-03-17 01:05:00.713182,XAUUSD,5002.24,23.008056922314825,45.15991378676332,5003.178,5042.4172,0.0,-13.744227003049653,0.48222892047506677,5002.24,49.20751721142203,38.3458455756321,5117.7214,5077.03955,UP,5002.24,46.41202641831201,8.67186141070206,NORMAL,15000.0,,
104,2026-03-17 01:05:00.826988,XAUUSD,5003.01,22.354981427863706,45.39501133707382,5002.7235,5040.9074,0.0,-12.810897470642143,0.5055099197555168,5003.01,49.489660171729916,38.43033499788656,5117.7368,5077.0434000000005,UP,5003.01,47.350445829726794,9.144792514904932,NORMAL,15000.0,,
105,2026-03-17 02:05:00.108103,EURUSD,1.14929,0.001368989653359017,55.22148624541782,1.1485980000000002,1.146868,0.0,0.0009561221128942568,0.5755356102772536,1.14928,0.003280655482287055,46.01227282977038,1.1556458,1.17497735,DOWN,1.14928,45.07229084015416,0.0005407217347861704,NORMAL,5.0,,
106,2026-03-17 02:05:00.123756,EURUSD,1.14928,0.001368989653359017,55.174995702552856,1.1485975000000002,1.1468677999999999,0.0,0.0009559625687347287,0.5745037706320268,1.14928,0.003280655482287055,46.01227282977038,1.1556458,1.17497735,DOWN,1.14928,45.07229084015416,0.0005407217347861704,NORMAL,5.0,,
107,2026-03-17 02:05:00.296231,GBPUSD,1.32999,0.001603715877589563,52.72606394091867,1.3292705,1.3283407999999997,0.0,0.0009044768749899485,0.5660765981244288,1.32999,0.003984593997220967,45.85652573751981,1.3357208,1.35206075,DOWN,1.32999,37.707561289922,0.0005938759018119104,NORMAL,5.0,,
108,2026-03-17 02:05:00.398097,GBPUSD,1.32999,0.001603715877589563,52.72606394091867,1.3292705,1.3283407999999997,0.0,0.0009044768749899485,0.5660765981244288,1.33066,0.0037192657096089183,46.83579322708561,1.3356039999999998,1.35181455,DOWN,1.33066,47.438446525933124,0.0006176613854282164,NORMAL,5.0,,
109,2026-03-17 02:05:00.484336,USDJPY,159.377,0.18749997118172465,55.217870002975936,159.1889,159.33512000000002,0.0,-0.05094786016904708,0.8397605332918449,159.377,0.3931137426481718,57.19211262807236,158.46158,156.028945,UP,159.377,63.09232135258379,0.08698028018012703,NORMAL,500.0,,
110,2026-03-17 02:05:00.561203,USDJPY,159.377,0.18749997118172465,55.217870002975936,159.1889,159.33512000000002,0.0,-0.05094786016904708,0.8397605332918449,159.377,0.3931137426481718,57.19211262807236,158.46158,156.028945,UP,159.377,63.09232135258379,0.08698028018012703,NORMAL,500.0,,
111,2026-03-17 02:05:00.705847,XAUUSD,5013.14,23.035695713578036,49.063879274008535,5003.2300000000005,5041.11,0.0,-12.649279237023968,0.6875937729990236,5013.14,49.50180303331279,40.013703535254635,5117.9394,5077.09405,UP,5013.14,56.77052198378097,9.060269698640317,NORMAL,18000.0,,
112,2026-03-17 02:05:00.784875,XAUUSD,5013.14,23.035695713578036,49.063879274008535,5003.2300000000005,5041.11,0.0,-12.649279237023968,0.6875937729990236,5013.14,49.50180303331279,40.013703535254635,5117.9394,5077.09405,UP,5013.14,56.77052198378097,9.060269698640317,NORMAL,18000.0,,
113,2026-03-17 03:05:00.086473,EURUSD,1.14953,0.0013267659026088869,56.319231946805736,1.1489569999999998,1.14683,0.0,0.0009461760579618901,0.5794073128158794,1.14953,0.003322798354839364,46.49521258241995,1.1556508,1.1749786,DOWN,1.14953,49.08019559465277,0.0004958537856432641,NORMAL,5.0,,
114,2026-03-17 03:05:00.086473,EURUSD,1.14953,0.0013267659026088869,56.319231946805736,1.1489569999999998,1.14683,0.0,0.0009461760579618901,0.5794073128158794,1.14953,0.003322798354839364,46.49521258241995,1.1556508,1.1749786,DOWN,1.14953,49.08019559465277,0.0004958537856432641,NORMAL,5.0,,
115,2026-03-17 03:05:00.263704,GBPUSD,1.3309199999999999,0.0015497259679658132,56.6825491558978,1.3295985,1.3282693999999997,0.0,0.000930314664556058,0.6289655282058805,1.3309199999999999,0.003739980002897339,47.30417821287708,1.3356091999999997,1.3518158500000002,DOWN,1.33072,48.395333812447255,0.0005567642729190565,NORMAL,5.0,,
116,2026-03-17 03:05:00.420553,GBPUSD,1.33072,0.001461888398825405,55.83182935777597,1.3298995,1.3281502,0.0,0.0009211889701914659,0.5913588255793751,1.33071,0.003739980002897339,46.92651281393237,1.335605,1.3518147999999999,DOWN,1.33071,48.5313274059931,0.0005536834918701975,NORMAL,5.0,,
117,2026-03-17 03:05:00.499236,USDJPY,159.366,0.18214793242384603,54.77641096801105,159.1922,159.34024,0.0,-0.04215990353275142,0.8069266045330792,159.366,0.3985423160616903,56.98319769738563,158.46136,156.02889,UP,159.366,59.851198501268065,0.07978308491541106,NORMAL,500.0,,
118,2026-03-17 03:05:00.561763,USDJPY,159.366,0.18214793242384603,54.77641096801105,159.1922,159.34024,0.0,-0.04215990353275142,0.8069266045330792,159.366,0.3985423160616903,56.98319769738563,158.46136,156.02889,UP,159.366,59.851198501268065,0.07978308491541106,NORMAL,500.0,,
119,2026-03-17 03:05:00.703743,XAUUSD,5023.92,22.856717448322506,52.25228251774716,5004.289,5039.9716,0.0,-11.010653098905337,0.8371259962804244,5023.92,47.43238514503067,41.92691900499309,5115.9128,5075.2065,UP,5023.92,61.22889258294658,8.751490810571237,NORMAL,21000.0,,
120,2026-03-17 03:05:00.800305,XAUUSD,5024.51,21.26623763058519,52.44388463137613,5004.906499999999,5038.501,0.0,-9.594242161695922,0.8233070039522478,5024.52,47.43238514503067,41.99963191241601,5115.9248,5075.2095,UP,5024.52,59.74082850866972,8.62220584681383,NORMAL,20000.0,,
121,2026-03-17 04:05:00.076872,EURUSD,1.14926,0.001304649970789868,54.68965502291432,1.1491795,1.1467806,0.0,0.0009116153511455145,0.5137956803263404,1.14926,0.003354226937759737,45.979071880587384,1.1556454,1.17497725,DOWN,1.14926,45.51128465875741,0.00048793926719110556,NORMAL,5.0,,
122,2026-03-17 04:05:00.092857,EURUSD,1.14926,0.001304649970789868,54.68965502291432,1.1491795,1.1467806,0.0,0.0009116153511455145,0.5137956803263404,1.14926,0.003354226937759737,45.979071880587384,1.1556454,1.17497725,DOWN,1.14926,45.51128465875741,0.00048793926719110556,NORMAL,5.0,,
123,2026-03-17 04:05:00.259143,GBPUSD,1.3312300000000001,0.0015133169702539644,57.95934900734029,1.3299249999999998,1.3281604000000002,0.0,0.000929325722328244,0.6444903102054003,1.3312300000000001,0.0037756943016704863,47.85196296328576,1.3356153999999998,1.3518173999999998,DOWN,1.3312300000000001,54.98211352344194,0.0005627489778344327,NORMAL,4.0,,
124,2026-03-17 04:05:00.326433,GBPUSD,1.3312300000000001,0.0015133169702539644,57.95934900734029,1.3299249999999998,1.3281604000000002,0.0,0.000929325722328244,0.6444903102054003,1.3312300000000001,0.0037756943016704863,47.85196296328576,1.3356153999999998,1.3518173999999998,DOWN,1.3303,44.043507934373395,0.0005536714976901452,NORMAL,4.0,,
125,2026-03-17 04:05:00.467278,USDJPY,159.341,0.17896389643438804,53.71406701106612,159.19105,159.3413,0.0,-0.03374066403219987,0.7674423880451159,159.341,0.4013994599635418,56.50313460505383,158.46086,156.028765,UP,159.341,56.42821541736335,0.07522844479009977,NORMAL,500.0,,
126,2026-03-17 04:05:00.529930,USDJPY,159.341,0.17896389643438804,53.71406701106612,159.19105,159.3413,0.0,-0.03374066403219987,0.7674423880451159,159.341,0.4013994599635418,56.50313460505383,158.46086,156.028765,UP,159.341,56.42821541736335,0.07522844479009977,NORMAL,500.0,,
127,2026-03-17 04:05:00.665270,XAUUSD,5030.31,22.156951916299498,54.21233688790927,5005.135499999999,5038.5926,0.0,-9.532306118968783,0.9053214862836985,5030.31,47.71738524924041,42.81586292768822,5116.0406,5075.23845,UP,5030.31,62.49086122160572,8.413463817036343,NORMAL,21000.0,,
128,2026-03-17 04:05:00.763702,XAUUSD,5030.31,22.156951916299498,54.21233688790927,5005.135499999999,5038.5926,0.0,-9.532306118968783,0.9053214862836985,5028.06,47.71738524924041,42.440447794481784,5115.9956,5075.227199999999,UP,5028.06,60.093208038837346,7.873017912570092,NORMAL,18000.0,,
129,2026-03-17 05:05:00.089849,EURUSD,1.14968,0.001282787217774269,56.73774303678523,1.1494355,1.1467642,0.0,0.0008929870106234296,0.5568288719329534,1.14968,0.003365655513367157,46.78085130647951,1.1556538,1.17497935,DOWN,1.14968,51.753373501954286,0.0004576997096738794,NORMAL,5.0,,
130,2026-03-17 05:05:00.121100,EURUSD,1.14968,0.001282787217774269,56.73774303678523,1.1494355,1.1467642,0.0,0.0008929870106234296,0.5568288719329534,1.14968,0.003365655513367157,46.78085130647951,1.1556538,1.17497935,DOWN,1.14968,51.753373501954286,0.0004576997096738794,NORMAL,5.0,,
131,2026-03-17 05:05:00.264031,GBPUSD,1.3306,0.001467365758092956,55.06845618129131,1.3301445,1.3280395999999999,0.0,0.000892712706371474,0.5583692487749877,1.3306,0.0038042657406890043,46.73769507068871,1.3356027999999998,1.3518142499999999,DOWN,1.3306,48.61008782575206,0.0005366325865566668,NORMAL,5.0,,
132,2026-03-17 05:05:00.342462,GBPUSD,1.3306,0.001467365758092956,55.06845618129131,1.3301445,1.3280395999999999,0.0,0.000892712706371474,0.5583692487749877,1.3306,0.0038042657406890043,46.73769507068871,1.3356027999999998,1.3518142499999999,DOWN,1.3306,48.61008782575206,0.0005366325865566668,NORMAL,5.0,,
133,2026-03-17 05:05:00.483063,USDJPY,159.219,0.1765379038319335,48.77038303280752,159.18054999999998,159.3378,0.0,-0.030165425271520486,0.5724518590208078,159.219,0.4062566045966913,54.27189450901462,158.45842,156.028155,UP,159.219,44.20059559536792,0.07101063690047428,NORMAL,500.0,,
134,2026-03-17 05:05:00.587570,USDJPY,159.219,0.1765379038319335,48.77038303280752,159.18054999999998,159.3378,0.0,-0.030165425271520486,0.5724518590208078,159.219,0.4062566045966913,54.27189450901462,158.45842,156.028155,UP,159.219,44.20059559536792,0.07101063690047428,NORMAL,500.0,,
135,2026-03-17 05:05:00.728208,XAUUSD,5033.22,21.12931249370671,55.17923910501623,5006.888,5036.926600000001,0.0,-8.042947250913416,0.9025536756639859,5033.22,47.750956690087186,43.294198121749474,5116.0988,5075.253,UP,5033.22,63.67241105758662,7.432224035955417,NORMAL,13000.0,,
136,2026-03-17 05:05:00.794828,XAUUSD,5033.22,21.12931249370671,55.17923910501623,5006.888,5036.926600000001,0.0,-8.042947250913416,0.9025536756639859,5033.22,47.750956690087186,43.294198121749474,5116.0988,5075.253,UP,5033.22,63.67241105758662,7.432224035955417,NORMAL,13000.0,,
137,2026-03-17 06:05:00.100064,EURUSD,1.1474,0.0013685064981373207,44.711328439045914,1.149342,1.1466707999999999,0.0,0.0007847676168394228,0.07234317589164808,1.1474,0.0032508637517212665,43.02833167638227,1.155311,1.17472705,DOWN,1.1474,28.917362995877397,0.0005428501155287068,NORMAL,5.0,,
138,2026-03-17 06:05:00.100064,EURUSD,1.1474,0.0013685064981373207,44.711328439045914,1.149342,1.1466707999999999,0.0,0.0007847676168394228,0.07234317589164808,1.1474,0.0032508637517212665,43.02833167638227,1.155311,1.17472705,DOWN,1.1474,28.917362995877397,0.0005428501155287068,NORMAL,5.0,,
139,2026-03-17 06:05:00.264757,GBPUSD,1.33072,0.0014842375916985495,55.02254266172688,1.3304705000000001,1.3279606000000002,0.0,0.0008811839218816302,0.541968013965272,1.33072,0.003809980028492714,46.94461959096445,1.3356052,1.35181485,DOWN,1.33072,49.06277520190478,0.000549130613470676,NORMAL,5.0,,
140,2026-03-17 06:05:00.374095,GBPUSD,1.32789,0.001589394090250701,42.80893076507054,1.3304025000000002,1.3277848,0.0,0.000759094331962983,0.07281578680508281,1.32789,0.0037072262932158514,42.69765893896062,1.3353891999999998,1.3515427,DOWN,1.32789,27.449054061772515,0.0006849400894098517,NORMAL,5.0,,
141,2026-03-17 06:05:00.483966,USDJPY,159.465,0.18212703315006146,57.42622511170557,159.2038,159.3444,0.0,-0.016559140721662584,0.915350951776179,159.465,0.38250356650692513,58.46320565283198,158.51692,156.060295,UP,159.465,64.76726380056539,0.0735677655491946,NORMAL,500.0,,
142,2026-03-17 06:05:00.562080,USDJPY,159.465,0.18212703315006146,57.42622511170557,159.2038,159.3444,0.0,-0.016559140721662584,0.915350951776179,159.465,0.38250356650692513,58.46320565283198,158.51692,156.060295,UP,159.465,64.76726380056539,0.0735677655491946,NORMAL,500.0,,
143,2026-03-17 06:05:00.702246,XAUUSD,5035.92,20.989667723748035,55.77517459170306,5009.363,5035.255,0.0,-6.360041130196562,0.8792674820799509,5035.92,48.49309981859323,43.73091242090676,5116.1528,5075.266500000001,UP,5035.92,61.39502664277669,7.8028573171350715,NORMAL,11000.0,,
144,2026-03-17 06:05:00.811280,XAUUSD,5018.68,21.255609825112998,49.72686086176663,5010.771,5033.0842,0.0,-5.477693538145492,0.6339818033277825,5018.69,45.97073114108122,41.28492078128647,5112.7688,5072.5554,UP,5018.69,45.603658668036196,8.72314528470396,NORMAL,13000.0,,
145,2026-03-17 07:05:00.076047,EURUSD,1.14835,0.0013669805237805817,49.45012967966954,1.1494015000000002,1.1466512,0.0,0.0007241536893513713,0.24998132737040696,1.14835,0.003336578068776836,44.734379008914715,1.15533,1.1747318,DOWN,1.14835,44.138047314287995,0.000599031787061793,NORMAL,5.0,,
146,2026-03-17 07:05:00.249619,GBPUSD,1.3287200000000001,0.0016193940902507072,45.984187741939785,1.3304440000000002,1.3278014000000002,0.0,0.000772336497205194,0.1934663914592678,1.3287200000000001,0.0037372263041853047,43.93468759086128,1.3354058,1.35154685,DOWN,1.3287200000000001,37.638340094219295,0.0007197598580212036,NORMAL,5.0,,
147,2026-03-17 07:05:00.405848,EURUSD,1.14835,0.0013669805237805817,49.45012967966954,1.1494015000000002,1.1466512,0.0,0.0007241536893513713,0.24998132737040696,1.14835,0.003336578068776836,44.734379008914715,1.15533,1.1747318,DOWN,1.14835,44.138047314287995,0.000599031787061793,NORMAL,4.0,,
148,2026-03-17 07:05:00.421459,USDJPY,159.354,0.1813271430270957,53.17978703449238,159.20955,159.33902,0.0,-0.01091772127502637,0.7377645803258658,159.354,0.3908607124198419,56.339439686940466,158.5147,156.05974,UP,159.354,53.37542809426385,0.07277084666134526,NORMAL,400.0,,
149,2026-03-17 07:05:00.560846,GBPUSD,1.32921,0.0015663251246205434,48.28478570728358,1.330522,1.3277285999999997,0.0,0.000698619536761144,0.246546453361653,1.32921,0.0037779406047866943,44.86617175899576,1.3354156000000001,1.3515493,DOWN,1.32921,42.5345043017993,0.0007330710792033402,NORMAL,5.0,,
150,2026-03-17 07:05:00.670541,XAUUSD,5013.33,21.563466967970104,48.00319633025961,5010.5035,5032.977199999999,0.0,-5.563049663501649,0.5482179075454902,5013.33,46.27858839650575,40.61874434056392,5112.6616,5072.5286,UP,5013.33,42.395841411198965,8.651224449463589,NORMAL,17000.0,,
151,2026-03-17 07:05:00.732700,USDJPY,159.354,0.1813271430270957,53.17978703449238,159.20955,159.33902,0.0,-0.01091772127502637,0.7377645803258658,159.354,0.3908607124198419,56.339439686940466,158.5147,156.05974,UP,159.354,53.37542809426385,0.07277084666134526,NORMAL,400.0,,
152,2026-03-17 07:05:01.154922,XAUUSD,5013.4,20.416076470257956,48.188231100342435,5011.071,5030.8676000000005,0.0,-4.851193321737175,0.5404439526399524,5013.4,46.27858839650575,40.62730582532251,5112.6630000000005,5072.52895,UP,5013.4,43.71621019090502,8.446114116489548,NORMAL,17000.0,,
153,2026-03-17 08:05:00.102310,EURUSD,1.14932,0.001430155384326861,54.011730300920405,1.149556,1.1466944,0.0,0.000694533483835481,0.43417934490258253,1.14932,0.0034451495370472138,46.6244597228433,1.1553494,1.17473665,DOWN,1.14932,52.77339674294974,0.0007062211906029734,NORMAL,5.0,,
154,2026-03-17 08:05:00.102310,EURUSD,1.14932,0.001430155384326861,54.011730300920405,1.149556,1.1466944,0.0,0.000694533483835481,0.43417934490258253,1.14932,0.0034451495370472138,46.6244597228433,1.1553494,1.17473665,DOWN,1.14932,52.77339674294974,0.0007062211906029734,NORMAL,5.0,,
155,2026-03-17 08:05:00.280886,GBPUSD,1.33127,0.0017027536960491207,56.45149389635699,1.330625,1.3277697999999998,0.0,0.0007314856336272239,0.6273823517465827,1.33127,0.003914369226100138,48.46572454098361,1.3354568,1.3515595999999999,DOWN,1.33127,58.49533888788211,0.0008248290503665164,NORMAL,5.0,,
156,2026-03-17 08:05:00.400586,GBPUSD,1.33041,0.0016652610851068223,53.29021268091129,1.3307195,1.3276981999999997,0.0,0.0006697587552396709,0.4276033237824949,1.33041,0.00392651208768301,47.0217510241247,1.3354396,1.3515553,DOWN,1.33041,51.90085620621202,0.0008502631089959983,NORMAL,5.0,,
157,2026-03-17 08:05:00.497772,USDJPY,159.195,0.18580377566801712,47.39132280053331,159.20665,159.33184,0.0,-0.009842461279142414,0.48022186195225536,159.194,0.4040035743683614,53.36668342383805,158.51149999999998,156.05894,UP,159.194,39.519337055716136,0.07985480709189288,NORMAL,500.0,,
158,2026-03-17 08:05:00.605910,USDJPY,159.193,0.18580377566801712,47.322603901134705,159.20655,159.33180000000002,0.0,-0.009874370111045553,0.47699764971188197,159.193,0.4040035743683614,53.34908986039799,158.51148,156.058935,UP,159.193,39.443121628229015,0.07985480709189288,NORMAL,400.0,,
159,2026-03-17 08:05:00.795751,XAUUSD,5024.45,21.143933613115134,51.75114374495161,5011.6235,5031.0886,0.0,-4.674897025440898,0.7181466588275127,5024.45,46.41001701599095,42.20479352925138,5112.884,5072.5842,UP,5024.45,53.30152260409141,8.691073289908731,NORMAL,17000.0,,
160,2026-03-17 08:05:00.928929,XAUUSD,5024.27,20.21288733462728,51.766152213849416,5012.8285000000005,5029.4258,0.0,-3.885707021287892,0.6983526423915588,5024.27,46.65073138972198,42.17310128878451,5112.8804,5072.5833,UP,5024.27,53.19681195351661,8.602815581876408,NORMAL,17000.0,,
161,2026-03-17 09:05:00.077011,EURUSD,1.15134,0.0015139197956504586,62.21312380862264,1.149708,1.1468398,0.0,0.0007273434967734547,0.8986899662668069,1.15134,0.003573006726655108,50.17315203898803,1.1553898,1.17474675,DOWN,1.15134,66.68504924093645,0.0008631516250422191,NORMAL,2.0,,
162,2026-03-17 09:05:00.249545,GBPUSD,1.33105,0.0017174039422497038,55.84745928992041,1.3307515,1.3277109999999999,0.0,0.0006799695814504923,0.5698349392676916,1.33105,0.003936512091339495,48.103881072361254,1.3354524,1.3515584999999999,DOWN,1.3330600000000001,66.02219239205803,0.0009677517614725037,NORMAL,6.0,,
163,2026-03-17 09:05:00.421421,USDJPY,159.119,0.1806800365896897,45.03953475382133,159.21135,159.3238,0.0,-0.012008639979509737,0.33133367808481373,159.119,0.4099321479647044,52.07859024763335,158.51,156.058565,UP,159.119,36.417776682921,0.08208713249401958,NORMAL,300.0,,
164,2026-03-17 09:05:00.586897,XAUUSD,5022.14,20.615744477484444,51.06785892458006,5012.722,5029.3832,0.0,-3.919689927270776,0.6641985689987097,5022.14,46.765731431771506,41.79542007736011,5112.8378,5072.57265,UP,5022.14,51.47198190314384,8.55002842640863,NORMAL,17000.0,,
165,2026-03-17 09:05:00.586897,EURUSD,1.15133,0.0015139197956504586,62.17806239740935,1.1497074999999999,1.1468396,0.0,0.0007271839526139265,0.8966937124687105,1.15133,0.003573006726655108,50.156746856244204,1.1553896,1.1747467,DOWN,1.15133,66.6284714436986,0.0008631516250422191,NORMAL,2.0,,
166,2026-03-17 09:05:01.060964,GBPUSD,1.3330600000000001,0.0017357016198441186,62.2454101430248,1.3309564999999999,1.3277776000000001,0.0,0.000730426055059265,0.9144973255874924,1.3330600000000001,0.004067226424849228,51.23233593727985,1.3354926,1.35156855,DOWN,1.3330600000000001,67.16465134957619,0.000974721969131379,NORMAL,6.0,,
167,2026-03-17 09:05:01.196113,USDJPY,159.119,0.1806800365896897,45.03953475382133,159.21135,159.3238,0.0,-0.012008639979509737,0.33133367808481373,159.119,0.4099321479647044,52.07859024763335,158.51,156.058565,UP,159.119,36.417776682921,0.08208713249401958,NORMAL,300.0,,
168,2026-03-17 09:05:01.363359,XAUUSD,5020.07,19.688446402562047,50.22840607657798,5012.862999999999,5027.7738,0.0,-3.1655996900155388,0.6247093689489741,5020.07,46.765731431771506,41.45998857185405,5112.7964,5072.5623,UP,5020.07,49.033616653256225,8.4755188694219,NORMAL,14000.0,,
169,2026-03-17 10:05:00.087206,EURUSD,1.15109,0.0015521602184101167,60.028704480481515,1.149835,1.1469774,0.0,0.0007506900283075762,0.7927871896295428,1.15109,0.003434985775352562,49.70089409170303,1.1552288,1.1745132,DOWN,1.15109,58.09755211684238,0.0009684717941609496,NORMAL,2.0,,
170,2026-03-17 10:05:00.087206,EURUSD,1.15109,0.0015521602184101167,60.028704480481515,1.149835,1.1469774,0.0,0.0007506900283075762,0.7927871896295428,1.15109,0.003434985775352562,49.70089409170303,1.1552288,1.1745132,DOWN,1.15109,58.09755211684238,0.0009684717941609496,NORMAL,2.0,,
171,2026-03-17 10:05:00.249181,GBPUSD,1.33345,0.0017985587627012609,63.34720084950943,1.330976,1.3277854,0.0,0.0007366482772814837,0.9738701764810221,1.33345,0.004093655005941358,51.796162043869664,1.3355004,1.3515705,DOWN,1.33345,68.53384735292501,0.0009823045213093271,NORMAL,6.0,,
172,2026-03-17 10:05:00.327291,GBPUSD,1.33345,0.0017985587627012609,63.34720084950943,1.330976,1.3277854,0.0,0.0007366482772814837,0.9738701764810221,1.33345,0.004093655005941358,51.796162043869664,1.3355004,1.3515705,DOWN,1.33313,64.02345433756419,0.0009615606697225039,NORMAL,6.0,,
173,2026-03-17 10:05:00.451143,USDJPY,159.156,0.17660595234348708,46.55590402407771,159.21269999999998,159.31838,0.0,-0.013283851086271047,0.39586124669801864,159.156,0.383579839928532,52.691416656204275,158.54952,156.089315,UP,159.156,43.938865152359554,0.08300686111994585,NORMAL,300.0,,
174,2026-03-17 10:05:00.513668,USDJPY,159.156,0.17660595234348708,46.55590402407771,159.21269999999998,159.31838,0.0,-0.013283851086271047,0.39586124669801864,159.156,0.383579839928532,52.691416656204275,158.54952,156.089315,UP,159.156,43.938865152359554,0.08300686111994585,NORMAL,300.0,,
175,2026-03-17 10:05:00.747920,XAUUSD,5014.81,20.129874973990574,48.45640307408713,5012.6,5027.6686,0.0,-3.249519917935673,0.538482743638601,5009.06,43.83603490399635,40.0505805019745,5109.9,5069.76875,UP,5009.06,40.489773563636184,8.267120646972572,NORMAL,17000.0,,
176,2026-03-17 10:05:00.858003,XAUUSD,5009.03,19.550955332991276,46.613524472781926,5011.3445,5025.9956,0.0,-2.985655792442839,0.45796089449666677,5009.03,44.09389214113848,40.08600271660888,5109.8135999999995,5069.74715,UP,5009.03,40.404678330753356,8.50406837908751,NORMAL,17000.0,,
177,2026-03-17 11:05:00.089643,EURUSD,1.15074,0.0014902712232175567,58.003670713712665,1.1499145,1.1470760000000002,0.0,0.0007541114664314637,0.7002548505575021,1.15074,0.0034592714985183055,49.10903577790065,1.1552217999999999,1.17451145,DOWN,1.15074,54.62888385281735,0.0008905226744458046,NORMAL,2.0,,
178,2026-03-17 11:05:00.089643,EURUSD,1.15074,0.0014902712232175567,58.003670713712665,1.1499145,1.1470760000000002,0.0,0.0007541114664314637,0.7002548505575021,1.15074,0.0034592714985183055,49.10903577790065,1.1552217999999999,1.17451145,DOWN,1.15074,54.62888385281735,0.0008905226744458046,NORMAL,2.0,,
179,2026-03-17 11:05:00.261488,GBPUSD,1.3327,0.0017836617082226138,59.65252078606784,1.331128,1.3278808,0.0,0.0007742649420879935,0.7958585880790486,1.3327,0.003914822414888463,50.57765946300392,1.3355265999999997,1.35131525,DOWN,1.3327,59.52289984898089,0.0009616090740700677,NORMAL,6.0,,
180,2026-03-17 11:05:00.373719,GBPUSD,1.33269,0.0016898287290638535,59.23753241399035,1.3312355,1.3280068,0.0,0.0008042047414514955,0.7719760994216983,1.33269,0.003914822414888463,50.561942191272635,1.3355264,1.3513152,DOWN,1.33269,58.599280516766,0.0009191049142989336,NORMAL,6.0,,
181,2026-03-17 11:05:00.483306,USDJPY,159.079,0.17705756799242214,43.63904502956263,159.2003,159.31256000000002,0.0,-0.017311213503692118,0.28152937605864237,159.079,0.3926512718169131,51.352696599599724,158.54798,156.08893,UP,159.079,39.65627366115716,0.08460047444482,NORMAL,300.0,,
182,2026-03-17 11:05:00.561454,USDJPY,159.079,0.17705756799242214,43.63904502956263,159.2003,159.31256000000002,0.0,-0.017311213503692118,0.28152937605864237,159.079,0.3926512718169131,51.352696599599724,158.54798,156.08893,UP,159.079,39.65627366115716,0.08460047444482,NORMAL,300.0,,
183,2026-03-17 11:05:00.702480,XAUUSD,5003.88,19.976669618705564,45.003157056555,5011.087,5025.8926,0.0,-3.067821034607977,0.3699792749622123,5003.88,44.51960658251445,39.43619303379705,5109.7106,5069.7214,UP,5003.88,36.919428239904065,8.733835738747374,NORMAL,17000.0,,
184,2026-03-17 11:05:00.811528,XAUUSD,5001.65,19.533336074512313,44.48150709480863,5011.192,5024.1484,0.0,-3.144088208957087,0.32603961262688297,5001.65,45.16960682018583,39.16130978837861,5109.666,5069.71025,UP,5001.65,36.84699836141672,9.051460323825552,NORMAL,17000.0,,
185,2026-03-17 12:05:00.131507,EURUSD,1.15109,0.0015082110338040537,59.46794105136113,1.149997,1.1471792,0.0,0.0007660785622296476,0.7602870570729725,1.15109,0.003475700075953952,49.70089409170303,1.1552288,1.1745132,DOWN,1.15109,55.26106687490798,0.0008978028407095478,NORMAL,2.0,,
186,2026-03-17 12:05:00.131507,EURUSD,1.15109,0.0015082110338040537,59.46794105136113,1.149997,1.1471792,0.0,0.0007660785622296476,0.7602870570729725,1.15109,0.003475700075953952,49.70089409170303,1.1552288,1.1745132,DOWN,1.15109,55.26106687490798,0.0008978028407095478,NORMAL,2.0,,
187,2026-03-17 12:05:00.435275,GBPUSD,1.33297,0.0017791144433495659,60.10118278535839,1.3312495,1.3280124,0.0,0.0008086719779187271,0.8175855835566781,1.33297,0.003926250990495867,51.00575068403859,1.3355319999999997,1.3513166,DOWN,1.33297,59.09162264027183,0.0009339451890638907,NORMAL,6.0,,
188,2026-03-17 12:05:00.450895,GBPUSD,1.33297,0.0017791144433495659,60.10118278535839,1.3312495,1.3280124,0.0,0.0008086719779187271,0.8175855835566781,1.33297,0.003926250990495867,51.00575068403859,1.3355319999999997,1.3513166,DOWN,1.33297,59.09162264027183,0.0009339451890638907,NORMAL,6.0,,
189,2026-03-17 12:05:00.671245,USDJPY,159.092,0.1763391702786765,44.077517350458514,159.19285,159.3052,0.0,-0.0207046295896752,0.31889450653150875,159.092,0.39843698821816287,51.581859812980284,158.54824,156.08899499999998,UP,159.092,44.42357734408506,0.08627856203644188,NORMAL,300.0,,
190,2026-03-17 12:05:00.727403,USDJPY,159.092,0.1763391702786765,44.077517350458514,159.19285,159.3052,0.0,-0.0207046295896752,0.31889450653150875,159.092,0.39843698821816287,51.581859812980284,158.54824,156.08899499999998,UP,159.092,44.42357734408506,0.08627856203644188,NORMAL,300.0,,
191,2026-03-17 12:05:00.951846,XAUUSD,5004.34,20.106193217369487,45.50522887961291,5011.3265,5024.2022,0.0,-3.1011708300396412,0.3718289802834925,5004.34,45.16960682018583,39.49337621231294,5109.7198,5069.7237,UP,5004.34,40.87165036786105,8.689166011235592,NORMAL,17000.0,,
192,2026-03-17 12:05:00.967502,XAUUSD,5004.39,18.673607987557393,45.52533560043783,5012.1939999999995,5022.5426,0.0,-3.1751164898382447,0.3439946776091607,5004.39,45.16960682018583,39.49960176908528,5109.7208,5069.7239500000005,UP,5004.39,40.933820037909335,8.071535150572977,NORMAL,17000.0,,
193,2026-03-17 12:55:54.836348,EURUSD,1.15219,0.0016039253195183321,63.39854265370608,1.150052,1.1472012,0.0,0.0007836284197794733,0.9707573783666841,1.15219,0.003517128662530809,51.59476769319941,1.1552508000000001,1.1745187,DOWN,1.15219,59.96954802199755,0.0009887043303177423,NORMAL,2.0,,
194,2026-03-17 12:55:55.039429,GBPUSD,1.33323,0.0018739225953552127,60.19230028980177,1.3313315000000001,1.3281268,0.0,0.0008215530631393161,0.8497448872864568,1.33323,0.004004822447796791,51.424892090717385,1.3355372,1.3513179,DOWN,1.33323,56.17650495152722,0.001166304116161271,NORMAL,6.0,,
195,2026-03-17 12:55:55.284137,USDJPY,159.049,0.1852677417072479,42.48150072609006,159.1907,159.30434000000002,0.0,-0.02139066947571488,0.2490653222620165,159.049,0.39843698821816287,50.83155088683992,158.54738,156.08878,UP,159.049,44.27237938453308,0.09188392424086864,NORMAL,300.0,,
196,2026-03-17 12:55:55.612926,XAUUSD,5021.26,20.423863089598175,51.57990945473355,5012.985000000001,5022.8589999999995,0.0,-2.932301188014597,0.664691628965569,5021.26,45.61889269875207,42.27124177901861,5110.0582,5069.808300000001,UP,5011.79,48.74326303635737,8.873560802196938,NORMAL,17000.0,,
197,2026-03-17 13:05:00.046478,EURUSD,1.15343,0.0015815020824098808,67.22183421439081,1.1502715000000001,1.1473362,0.0,0.0008486765241232359,1.0824120938312731,1.15343,0.003602128693610911,53.576950267782934,1.1552756,1.1745249,DOWN,1.15343,65.92633719060234,0.0010102427368466117,NORMAL,4.0,,
198,2026-03-17 13:05:00.077835,EURUSD,1.15343,0.0015815020824098808,67.22183421439081,1.1502715000000001,1.1473362,0.0,0.0008486765241232359,1.0824120938312731,1.15343,0.003602128693610911,53.576950267782934,1.1552756,1.1745249,DOWN,1.15343,65.92633719060234,0.0010102427368466117,NORMAL,4.0,,
199,2026-03-17 13:05:00.400390,GBPUSD,1.33436,0.0018386424099726929,63.40733049149659,1.3315370000000002,1.3282934,0.0,0.0008770705262544111,0.9751927319532638,1.33436,0.004048393892300036,53.15185101370313,1.3355597999999997,1.3513235499999998,DOWN,1.33436,61.88893179453019,0.0011599365702867719,NORMAL,6.0,,
200,2026-03-17 13:05:00.597939,GBPUSD,1.33436,0.0018386424099726929,63.40733049149659,1.3315370000000002,1.3282934,0.0,0.0008770705262544111,0.9751927319532638,1.33436,0.004048393892300036,53.15185101370313,1.3355597999999997,1.3513235499999998,DOWN,1.33436,61.88893179453019,0.0011599365702867719,NORMAL,6.0,,
201,2026-03-17 13:05:00.691667,USDJPY,158.976,0.1777486172995862,39.88259870311462,159.17524999999998,159.29546,0.0,-0.027903622301236587,0.16442250083092888,158.976,0.39936555998626516,49.60654960959722,158.54592,156.088415,UP,158.976,39.26536648359423,0.09103373274627351,NORMAL,300.0,,
202,2026-03-17 13:05:00.832257,USDJPY,158.976,0.1777486172995862,39.88259870311462,159.17524999999998,159.29546,0.0,-0.027903622301236587,0.16442250083092888,158.976,0.39936555998626516,49.60654960959722,158.54592,156.088415,UP,158.976,39.26536648359423,0.09103373274627351,NORMAL,300.0,,
203,2026-03-17 13:05:00.957229,XAUUSD,5016.96,19.54991368523915,50.31108978864045,5013.823,5021.214199999999,0.0,-2.9474160247036916,0.5693138047459059,5016.96,45.70032129995488,41.489397331108165,5109.9722,5069.7868,UP,5016.96,53.15266197316786,8.90781633970351,NORMAL,17000.0,,
204,2026-03-17 13:05:01.050959,XAUUSD,5016.96,19.54991368523915,50.31108978864045,5013.823,5021.214199999999,0.0,-2.9474160247036916,0.5693138047459059,5016.96,45.70032129995488,41.489397331108165,5109.9722,5069.7868,UP,5016.96,53.15266197316786,8.90781633970351,NORMAL,17000.0,,
205,2026-03-17 13:35:00.053869,EURUSD,1.15378,0.0016322163681241658,68.16906556067624,1.1502890000000001,1.1473432000000001,0.0,0.0008542605697072975,1.123290936355332,1.15378,0.003652842997868785,54.10739533056102,1.1552825999999998,1.17452665,DOWN,1.15378,67.53224646967013,0.0009956325573603454,NORMAL,20.0,,
206,2026-03-17 13:35:00.329622,GBPUSD,1.33551,0.001919356695686984,66.18009537990521,1.3315945,1.3283163999999998,0.0,0.0008954181046020107,1.105486740708071,1.33551,0.004129108207527363,54.765868578706616,1.3355828,1.3513293,DOWN,1.33551,66.6421272045249,0.0011357575830087058,NORMAL,6.0,,
207,2026-03-17 13:35:00.808665,USDJPY,158.793,0.191034331585301,34.50644774713737,159.16609999999997,159.2918,0.0,-0.030823280420893828,-0.0619943121228317,158.793,0.412651279129878,46.7803988150668,158.54226,156.0875,UP,158.793,30.175446706860427,0.09729629554327351,NORMAL,300.0,,
208,2026-03-17 13:35:01.131368,XAUUSD,5023.48,20.252056542382004,52.55351339593008,5014.149,5021.3446,0.0,-2.8433932326807034,0.7028125097953936,5023.48,45.919607094422005,42.66676931027679,5110.1026,5069.8194,UP,5023.48,57.543360522890886,9.460374569637251,NORMAL,17000.0,,
209,2026-03-17 14:05:00.077673,EURUSD,1.1532,0.0015563437704010081,66.6059291873341,1.1503195000000002,1.1474364,0.0,0.0009103296140986915,1.005049758325873,1.1532,0.0034326398242109334,53.24199141157965,1.1550866,1.1743111,DOWN,1.1532,62.89743083311618,0.0009941937065735804,NORMAL,2.0,,
210,2026-03-17 14:05:00.296384,GBPUSD,1.33477,0.0018508312174236117,64.46927078081502,1.3316295,1.3284848,0.0,0.0009568221052732471,0.9786827947766459,1.33477,0.0039027432352690184,53.753408207305725,1.3355509999999997,1.35109705,DOWN,1.33477,62.79178812279901,0.0011287886619272517,NORMAL,6.0,,
211,2026-03-17 14:05:00.483867,USDJPY,158.9,0.18608800177818774,38.01054314795416,159.16705,159.28567999999999,0.0,-0.038485638489525825,0.08774065740308919,158.9,0.3918751564847221,48.44705931939713,158.5788,156.11584000000002,UP,158.9,37.825146403642904,0.10013831875620749,NORMAL,300.0,,
212,2026-03-17 14:05:00.884659,XAUUSD,5010.66,19.992113728130242,47.95180046312777,5014.7745,5019.5224,0.0,-2.8530985204644628,0.3975271723502935,5010.66,43.526469056257746,40.6049322498677,5106.958,5067.26775,UP,5010.66,47.56249550927582,10.494143859422978,NORMAL,17000.0,,
213,2026-03-17 14:05:02.737794,EURUSD,1.15311,0.0015563437704010081,66.32319296791044,1.1503150000000002,1.1474346,0.0,0.0009088937166628052,0.9933313283564644,1.15311,0.0034326398242109334,53.090761543270716,1.1550848,1.17431065,DOWN,1.15311,62.398886047390185,0.0009941937065735804,NORMAL,21.0,,
214,2026-03-17 14:05:02.878371,GBPUSD,1.33479,0.0018522597888521767,64.52216699846161,1.3316305,1.3284852,0.0,0.0009571411935923033,0.9809863464755475,1.33479,0.003904171807219938,53.78389694605938,1.3355514,1.35109715,DOWN,1.33479,62.89250826888941,0.001130218097719109,NORMAL,6.0,,
215,2026-03-17 14:05:03.018969,USDJPY,158.897,0.18608800177818774,37.85615255639019,159.1669,159.28562,0.0,-0.038533501737389064,0.0840128170397235,158.897,0.3918751564847221,48.39421399612695,158.57874,156.115825,UP,158.897,37.538414597138804,0.10013831875620749,NORMAL,300.0,,
216,2026-03-17 14:05:03.154333,XAUUSD,5010.85,19.992113728130242,48.02001870359444,5014.784000000001,5019.5262,0.0,-2.850067181433022,0.4019834238649298,5010.85,43.526469056257746,40.63062529249,5106.9618,5067.2687,UP,5010.85,47.679982643422335,10.494143859422978,NORMAL,17000.0,,
217,2026-03-17 14:35:00.077276,EURUSD,1.15259,0.0016363437704010248,63.42268787760639,1.1502890000000001,1.1474242,0.0,0.0009005974203664989,0.9210368407826919,1.15259,0.003512639853462809,52.12886386650614,1.1550744,1.17430805,DOWN,1.15259,57.56454186605906,0.0009890985736791206,NORMAL,6.0,,
218,2026-03-17 14:35:00.306067,GBPUSD,1.3348200000000001,0.001897259788852186,64.60121667412544,1.331632,1.3284858,0.0,0.0009576198260709764,0.9844257245403155,1.3348200000000001,0.003949171823674118,53.82955475311244,1.3355519999999999,1.3510973000000002,DOWN,1.3348200000000001,62.50582327727583,0.0011098301775975905,NORMAL,6.0,,
219,2026-03-17 14:35:00.509190,USDJPY,158.956,0.19423085892104316,40.75792924556298,159.16985,159.2868,0.0,-0.0375921911960788,0.16056844643834936,158.956,0.40001801660499886,49.41401188869658,158.57992000000002,156.11612,UP,158.956,43.25316413574277,0.09887538693492882,NORMAL,300.0,,
220,2026-03-17 14:35:00.863623,XAUUSD,5009.78,20.67139944241597,47.638353545746035,5014.7305,5019.504800000001,0.0,-2.8671384065042536,0.37696241605071906,5009.78,44.2057550189231,40.48635543347691,5106.9403999999995,5067.26335,UP,5009.78,46.95011157946114,10.486308088060841,NORMAL,17000.0,,
221,2026-03-17 15:05:00.036136,EURUSD,1.15374,0.0015722681949642036,68.29839114334742,1.150474,1.1475558000000001,0.0,0.0009918203167441398,1.0015566225913377,1.15374,0.003524068429070213,54.12928221042198,1.1550973999999998,1.1743138,DOWN,1.15374,64.00368207423361,0.0009931974641120744,NORMAL,5.0,,
222,2026-03-17 15:05:00.202628,GBPUSD,1.33541,0.0018578636814851886,66.20196966595626,1.3317705,1.3286506,0.0,0.0010455299296551867,0.9950891328329691,1.33541,0.003983457550496346,54.709507846727476,1.3355637999999999,1.35110025,DOWN,1.33541,63.028309028340104,0.001137079634943514,NORMAL,6.0,,
223,2026-03-17 15:05:00.218270,EURUSD,1.15374,0.0015722681949642036,68.29839114334742,1.150474,1.1475558000000001,0.0,0.0009918203167441398,1.0015566225913377,1.15374,0.003524068429070213,54.12928221042198,1.1550973999999998,1.1743138,DOWN,1.15374,64.00368207423361,0.0009931974641120744,NORMAL,5.0,,
224,2026-03-17 15:05:00.327600,USDJPY,158.885,0.18567865471239842,38.05685132200122,159.15525,159.27734,0.0,-0.047060535029719436,0.10603370031368918,158.885,0.40051801678782334,48.18174484041713,158.5785,156.11576499999998,UP,158.885,39.21641183742823,0.09952175518710327,NORMAL,300.0,,
225,2026-03-17 15:05:00.452571,GBPUSD,1.3354,0.0018578636814851886,66.17613917441739,1.3317700000000001,1.3286504,0.0,0.0010453703854956585,0.9940767521156267,1.3354,0.003983457550496346,54.694872911618496,1.3355635999999997,1.3511001999999999,DOWN,1.3354,62.98040985283938,0.001137079634943514,NORMAL,6.0,,
226,2026-03-17 15:05:00.561960,XAUUSD,5015.48,19.973442339386295,49.979507347998954,5014.7625,5017.6196,0.0,-2.770183682910777,0.5177327261773225,5015.48,44.2057550189231,41.26693172956335,5107.0544,5067.29185,UP,5015.48,51.11216612742952,10.918591698268987,NORMAL,17000.0,,
227,2026-03-17 15:05:00.916070,USDJPY,158.885,0.18567865471239842,38.05685132200122,159.15525,159.27734,0.0,-0.047060535029719436,0.10603370031368918,158.885,0.40051801678782334,48.18174484041713,158.5785,156.11576499999998,UP,158.885,39.21641183742823,0.09952175518710327,NORMAL,300.0,,
228,2026-03-17 15:05:01.082435,XAUUSD,5015.26,19.973442339386295,49.89770101638822,5014.7515,5017.6152,0.0,-2.7736936544207706,0.5125682464395072,5015.26,44.2057550189231,41.23624619987582,5107.05,5067.29075,UP,5015.26,50.976126568347745,10.918591698268987,NORMAL,17000.0,,
229,2026-03-17 15:35:00.099211,EURUSD,1.15235,0.0016472681949642033,61.08865572451748,1.1504045,1.147528,0.0,0.0009696436785675102,0.8228966887775491,1.15235,0.003524068429070213,51.68875126554126,1.1550696,1.17430685,DOWN,1.15235,52.866109284507075,0.001014671169245627,NORMAL,2.0,,
230,2026-03-17 15:35:00.239798,GBPUSD,1.33384,0.0019264351100566222,59.956198804249624,1.3316919999999999,1.3286192,0.0,0.0010204814966067398,0.8153764104905712,1.33384,0.003989886124275508,52.170213672325275,1.3355324,1.3510924,DOWN,1.33384,52.27800523873892,0.0011427300015780005,NORMAL,6.0,,
231,2026-03-17 15:35:00.380398,USDJPY,159.081,0.19603579756953998,46.532431267573074,159.16505,159.28126,0.0,-0.043933469502654844,0.36906764736073466,159.081,0.40516087562833286,51.44679757650932,158.58242,156.11674499999998,UP,159.081,54.0855732296621,0.11088526712437537,NORMAL,300.0,,
232,2026-03-17 15:35:00.505332,XAUUSD,4993.51,21.013442339386263,42.19677794596295,5013.664,5017.1802,0.0,-3.120702201429361,0.048977609779817806,4993.51,44.97218387059496,38.412409516947356,5106.615,5067.182,UP,4993.51,37.81282826631499,11.436009991428575,NORMAL,17000.0,,
233,2026-03-17 16:05:00.052770,EURUSD,1.15201,0.0016009837320585976,59.07506229540662,1.1504904999999999,1.1476566,0.0,0.0010117943251376263,0.7439773116965578,1.15201,0.003541211292481311,51.07782942402996,1.1550627999999998,1.17430515,DOWN,1.15201,49.6329173012088,0.0009893284158739456,NORMAL,2.0,,
234,2026-03-17 16:05:00.188043,GBPUSD,1.33358,0.0018733223981138084,58.58981251054442,1.3318135,1.328737,0.0,0.0010772261668723804,0.7477427544776806,1.33358,0.004024171851097736,51.73639120292136,1.3355272,1.3510910999999999,DOWN,1.33358,49.74766389550301,0.001113771094903233,NORMAL,6.0,,
235,2026-03-17 16:05:00.219276,EURUSD,1.15202,0.0016009837320585976,59.130863633793666,1.150491,1.1476568,0.0,0.001011953869297199,0.7454214707706354,1.15202,0.003541211292481311,51.095591516474286,1.155063,1.1743052,DOWN,1.15202,49.71751542022049,0.0009893284158739456,NORMAL,4.0,,
236,2026-03-17 16:05:00.313014,USDJPY,159.1,0.19043630182477916,47.516882621487696,159.1674,159.28016000000002,0.0,-0.048877368167203734,0.39377227904503903,159.1,0.4075894479449086,51.74156411836693,158.5828,156.11684,UP,159.1,55.43520939410806,0.1109175478786718,NORMAL,300.0,,
237,2026-03-17 16:05:00.422355,GBPUSD,1.33357,0.0018733223981138084,58.54391862577252,1.331813,1.3287368000000002,0.0,0.0010770666227128524,0.7464823612342979,1.33357,0.004024171851097736,51.719849762183586,1.335527,1.35109105,DOWN,1.33357,49.67316728490542,0.001113771094903233,NORMAL,6.0,,
238,2026-03-17 16:05:00.531708,XAUUSD,4993.58,21.238961764123978,42.11964068282519,5012.915,5014.7732,0.0,-3.3831389335071753,0.08731150135472315,4993.58,46.30147007093163,38.42087723730099,5106.6164,5067.18235,UP,4993.58,41.32401221369736,12.51114417007392,NORMAL,17000.0,,
239,2026-03-17 16:05:00.651269,USDJPY,159.1,0.19043630182477916,47.516882621487696,159.1674,159.28016000000002,0.0,-0.048877368167203734,0.39377227904503903,159.1,0.4075894479449086,51.74156411836693,158.5828,156.11684,UP,159.1,55.43520939410806,0.1109175478786718,NORMAL,300.0,,
240,2026-03-17 16:05:01.208209,XAUUSD,4993.8,21.238961764123978,42.19033905104265,5012.926,5014.7776,0.0,-3.379628961997364,0.09110822422368285,4993.8,46.30147007093163,38.447514394013346,5106.620800000001,5067.1834499999995,UP,4993.8,41.42550489846158,12.51114417007392,NORMAL,17000.0,,
241,2026-03-17 16:35:00.212687,EURUSD,1.15295,0.0016474123034871718,63.51041592124962,1.1505375,1.1476754,0.0,0.00102679147613478,0.8726965742782667,1.15295,0.003541211292481311,52.803267371328005,1.1550816,1.17430985,DOWN,1.15295,57.58940823581388,0.000986604068711968,NORMAL,9.0,,
242,2026-03-17 16:35:00.431422,GBPUSD,1.33448,0.001913322398113801,62.59124994287764,1.3318585,1.3287550000000001,0.0,0.0010915851412313772,0.8561874501766988,1.33448,0.004024171851097736,53.269733486925205,1.3355451999999999,1.3510955999999998,DOWN,1.33448,56.41866537163343,0.0010885648761701726,NORMAL,6.0,,
243,2026-03-17 16:35:00.572173,USDJPY,158.908,0.20115058753906528,40.1280339989273,159.1578,159.27632000000003,0.0,-0.05194061603045068,0.12920650704279882,158.908,0.4075894479449086,48.58745250153508,158.57896,156.11588,UP,158.908,40.98743219263749,0.11175682661579504,NORMAL,300.0,,
244,2026-03-17 16:35:01.066883,XAUUSD,5002.62,21.761818906981098,45.57927924940296,5013.367,5014.954000000001,0.0,-3.2389110132792074,0.257623357408473,5002.62,46.30147007093163,39.5467148657693,5106.7972,5067.22755,UP,5002.62,47.0164833247628,11.95376096027097,NORMAL,17000.0,,
245,2026-03-17 17:05:00.054922,EURUSD,1.15295,0.001564842036911554,63.55274821594091,1.150649,1.1478452,0.0,0.0010698670574664244,0.8393976139976447,1.15295,0.003541211292481311,52.803267371328005,1.1550816,1.17430985,DOWN,1.15295,56.86054118792673,0.0009148209577367625,NORMAL,2.0,,
246,2026-03-17 17:05:00.221407,EURUSD,1.15295,0.001564842036911554,63.55274821594091,1.150649,1.1478452,0.0,0.0010698670574664244,0.8393976139976447,1.15295,0.003541211292481311,52.803267371328005,1.1550816,1.17430985,DOWN,1.15295,56.86054118792673,0.0009148209577367625,NORMAL,2.0,,
247,2026-03-17 17:05:00.237029,GBPUSD,1.335,0.001812166716615888,64.17386711347677,1.3320335,1.3289494000000002,0.0,0.0011603037561324482,0.8737170080282767,1.335,0.004024171851097736,54.10161829599848,1.3355556,1.3510982,DOWN,1.335,60.33199916416468,0.0009977651884898358,NORMAL,6.0,,
248,2026-03-17 17:05:00.377662,GBPUSD,1.335,0.001812166716615888,64.17386711347677,1.3320335,1.3289494000000002,0.0,0.0011603037561324482,0.8737170080282767,1.335,0.004024171851097736,54.10161829599848,1.3355556,1.3510982,DOWN,1.335,60.33199916416468,0.0009977651884898358,NORMAL,6.0,,
249,2026-03-17 17:05:00.471383,USDJPY,158.931,0.1895684027148454,40.831297794019825,159.15585,159.2683,0.0,-0.05765794270228705,0.16982209859478678,158.931,0.4075894479449086,48.986856592514464,158.57942,156.115995,UP,158.931,43.4625841496491,0.10498767616796797,NORMAL,300.0,,
250,2026-03-17 17:05:00.580846,USDJPY,158.931,0.1895684027148454,40.831297794019825,159.15585,159.2683,0.0,-0.05765794270228705,0.16982209859478678,158.931,0.4075894479449086,48.986856592514464,158.57942,156.115995,UP,158.931,43.4625841496491,0.10498767616796797,NORMAL,300.0,,
251,2026-03-17 17:05:00.684652,XAUUSD,5004.92,20.57883184219672,46.60158711957791,5013.2965,5013.0056,0.0,-3.410368423792741,0.31213572261983535,5004.92,46.30147007093163,39.84376397030484,5106.8432,5067.23905,UP,5004.92,48.65970376347944,11.204526476577923,NORMAL,17000.0,,
252,2026-03-17 17:05:00.809621,XAUUSD,5004.87,20.57883184219672,46.58017083613754,5013.294,5013.004599999999,0.0,-3.411166144590632,0.3111040173696379,5004.87,46.30147007093163,39.837258938088965,5106.8422,5067.2388,UP,5004.87,48.62699484169868,11.204526476577923,NORMAL,17000.0,,
253,2026-03-17 17:35:00.348071,EURUSD,1.15348,0.0016026991797686912,65.41352029550795,1.1506755,1.1478557999999999,0.0,0.0010783228979222587,0.9037762972892515,1.15348,0.003541211292481311,53.70631046791186,1.1550922,1.1743125,DOWN,1.15348,61.307929366361186,0.0008750256475857928,NORMAL,9.0,,
254,2026-03-17 17:35:00.504289,GBPUSD,1.33494,0.0018357381451873124,63.9923625821449,1.3320305000000001,1.3289482000000001,0.0,0.0011593464911751462,0.8674028046084326,1.33494,0.004024171851097736,54.01128740709405,1.3355543999999997,1.3510979,DOWN,1.33494,59.93636268655355,0.0009439862183463213,NORMAL,6.0,,
255,2026-03-17 17:35:00.639705,USDJPY,158.945,0.1931398312862748,41.35583023488167,159.15654999999998,159.26858000000001,0.0,-0.0574345808789196,0.18761466221450154,158.945,0.4075894479449086,49.22694813048211,158.5797,156.116065,UP,158.945,44.898786237304414,0.0983122212511132,NORMAL,300.0,,
256,2026-03-17 17:35:00.780292,XAUUSD,5004.1,20.744546127911054,46.24817726518714,5013.2555,5012.9892,0.0,-3.4234510448754265,0.29528701426476583,5004.1,46.30147007093163,39.73734899664727,5106.8268,5067.23495,UP,5004.1,48.26204201451286,10.388137536924836,NORMAL,17000.0,,
257,2026-03-17 18:05:00.047336,EURUSD,1.15446,0.0015636798506015424,68.51627162197093,1.1509260000000001,1.1480698,0.0,0.0011542634645874566,0.9531045815177602,1.15446,0.0033411757254163945,55.32720190483724,1.1549948,1.17410885,DOWN,1.15446,68.30768555661166,0.0008564516543891765,NORMAL,2.0,,
258,2026-03-17 18:05:00.198247,GBPUSD,1.33639,0.0017854813388984202,68.01445499425401,1.33233,1.3292182,0.0,0.0012617518781604586,0.9479299101029032,1.33639,0.003785098268661704,56.15313397933253,1.3356094,1.3508814,DOWN,1.33639,69.87088954648073,0.0009278461517102426,NORMAL,6.0,,
259,2026-03-17 18:05:00.307597,EURUSD,1.15446,0.0015636798506015424,68.51627162197093,1.1509260000000001,1.1480698,0.0,0.0011542634645874566,0.9531045815177602,1.15446,0.0033411757254163945,55.32720190483724,1.1549948,1.17410885,DOWN,1.15446,68.30768555661166,0.0008564516543891765,NORMAL,2.0,,
260,2026-03-17 18:05:00.495085,USDJPY,158.938,0.18297678211276447,41.3778591506139,159.1487,159.25702,0.0,-0.062183268804599796,0.1985513332728774,158.938,0.3819759079306985,49.08682341303227,158.6037,156.144205,UP,158.938,44.09087857247969,0.09234873153841361,NORMAL,300.0,,
261,2026-03-17 18:05:00.630082,GBPUSD,1.33639,0.0017854813388984202,68.01445499425401,1.33233,1.3292182,0.0,0.0012617518781604586,0.9479299101029032,1.33639,0.003785098268661704,56.15313397933253,1.3356094,1.3508814,DOWN,1.33639,69.87088954648073,0.0009278461517102426,NORMAL,6.0,,
262,2026-03-17 18:05:00.723852,XAUUSD,5006.47,19.98687446571336,47.38497225042953,5013.384,5012.2512,0.0,-3.570439433184313,0.3440053800444074,5006.47,43.39993475786858,40.35910481531056,5104.5624,5064.70705,UP,5006.47,50.61796802488054,10.195696874563723,NORMAL,17000.0,,
263,2026-03-17 18:05:00.833164,USDJPY,158.938,0.18297678211276447,41.3778591506139,159.1487,159.25702,0.0,-0.062183268804599796,0.1985513332728774,158.938,0.3819759079306985,49.08682341303227,158.6037,156.144205,UP,158.938,44.09087857247969,0.09234873153841361,NORMAL,300.0,,
264,2026-03-17 18:05:01.265382,XAUUSD,5006.44,19.98687446571336,47.371539044589106,5013.3825,5012.2506,0.0,-3.5709180656628656,0.34337631347554876,5006.44,43.39993475786858,40.352946902807815,5104.5617999999995,5064.7069,UP,5006.44,50.596933169888615,10.195696874563723,NORMAL,17000.0,,
265,2026-03-17 18:35:00.063289,EURUSD,1.15401,0.001580822707744401,67.11902118186032,1.1509035,1.1480608,0.0,0.001147083977407936,0.9067961663769321,1.15401,0.0033583185888275088,54.5737987230219,1.1549858,1.1741066,DOWN,1.15401,62.05453131705207,0.0008128923569854228,NORMAL,2.0,,
266,2026-03-17 18:35:00.599352,GBPUSD,1.3357299999999999,0.001803338481755569,65.80856122779834,1.332297,1.3292049999999997,0.0,0.0012512219636304923,0.8887354261954027,1.3357299999999999,0.003802955418048286,55.10360418016045,1.3355962,1.3508780999999999,DOWN,1.3357299999999999,62.30384912234455,0.0008593053117489428,NORMAL,6.0,,
267,2026-03-17 18:35:00.755536,USDJPY,159.009,0.18790535354133708,44.56227528396789,159.15225,159.25844,0.0,-0.06105050527183092,0.2904635563926139,159.009,0.3869044811613946,50.34661777556665,158.60512,156.14456,UP,159.009,51.30707535649395,0.08896959107191718,NORMAL,300.0,,
268,2026-03-17 18:35:00.896124,XAUUSD,5002.72,20.24758875142762,45.65092400002708,5013.1965,5012.1762,0.0,-3.63026849301323,0.2668640406112982,5002.72,43.66064913891256,39.579382990045964,5104.4874,5064.6883,UP,5002.72,47.80357324658803,9.516692640943186,NORMAL,17000.0,,
269,2026-03-17 18:54:51.481370,EURUSD,1.1542,0.0007873189817712956,63.72196968254626,1.1532175,1.1518786,0.0006233758588347627,0.0005659000500860784,0.8661010062115628,1.1542,0.0015822511198797281,67.72383038920111,1.1480646,1.1549631,DOWN,1.15416,58.51701277537321,0.00038628772081509584,NORMAL,13.0,,
270,2026-03-17 18:54:52.164470,GBPUSD,1.33597,0.0008243740830984239,64.25796764459017,1.3349405,1.3334506000000002,0.0006750107518453952,0.0006243601422846162,0.8700895219064864,1.33597,0.0018047668496516222,66.89122439243135,1.3292097999999999,1.3354405,DOWN,1.33597,60.56048506046645,0.00036958550834043183,NORMAL,6.0,,
271,2026-03-17 18:54:54.581048,USDJPY,158.995,0.08774199010322654,49.84614995448616,158.97645,159.05026,-0.014662284349270749,-0.025018281776178528,0.6092734594082646,158.995,0.18926247328083454,43.872483162156094,159.25816,158.5738,UP,158.993,54.14979613061673,0.04007545666067236,NORMAL,300.0,,
272,2026-03-17 18:54:55.304484,XAUUSD,5007.13,9.26637326621263,51.39345275766229,5003.144,5009.435,-1.6899452526067762,-2.6626031497176617,0.6383772895723198,5007.13,20.24758497096964,47.678773795434076,5012.2644,5107.610949999999,DOWN,5007.12,56.39453157484059,3.9176614558451406,NORMAL,17000.0,,
273,2026-03-17 18:54:57.715276,AUDUSD,0.71062,0.0006949173101715832,55.61084382623698,0.7103265,0.7092378,0.0004036537994768219,0.00044311944442543586,0.622769540223088,0.71062,0.0015761246478157792,62.83574413150412,0.7052253999999999,0.70677065,DOWN,0.7106,47.62799621896661,0.0003161196066680538,NORMAL,4.0,,
274,2026-03-17 18:54:59.527512,USDCAD,1.36951,0.0007271143782821284,46.6841036134105,1.369964,1.3697173999999999,-7.055963229674056e-05,3.294244020073529e-05,0.37163406670499766,1.36951,0.0013326519601024474,51.03921534037575,1.3697315999999997,1.36301435,UP,1.36951,46.26338117746202,0.0003028339575242132,NORMAL,4.0,,
275,2026-03-17 18:55:01.459268,NZDUSD,0.58617,0.0005273143432834006,58.05327972021283,0.5858425,0.5846936,0.00040421855549943597,0.00042649834293842775,0.6789582330151346,0.58617,0.0010801606929898365,61.74657622208153,0.5831776,0.58808015,DOWN,0.58617,48.971064627863434,0.00022262237138161528,NORMAL,7.0,,
276,2026-03-17 18:55:02.661856,USDCHF,0.78467,0.0004959172990745649,34.11218039111152,0.7854019999999999,0.7864140000000001,-0.0005390179135024153,-0.0005217367754234638,0.22182369172360888,0.78467,0.001087619178515451,30.880616755972156,0.7883055999999999,0.78253815,UP,0.78467,43.12181577874746,0.00021385669251763886,NORMAL,2.0,,
277,2026-03-17 19:02:00.327618,EURUSD,1.15385,0.000752000278991711,59.90663280927405,1.1532465,1.1519928,0.0005748996231083048,0.0005638709048614581,0.7272480941738922,1.15385,0.0014835188669957834,66.40191852016719,1.1482516,1.1549252,DOWN,1.15385,51.28958841175729,0.0003692334533691102,NORMAL,2.0,,
278,2026-03-17 19:02:00.634845,GBPUSD,1.33557,0.0007896738934893583,60.25117557274087,1.3349665,1.3335764,0.0006190373003815974,0.0006185730667814827,0.7207042572390665,1.33557,0.001694732348706581,64.9317864289983,1.3294264,1.335439,DOWN,1.33557,51.114723539094655,0.00035942877009149043,NORMAL,6.0,,
279,2026-03-17 19:02:00.947132,USDJPY,159.059,0.08483184795299456,55.84048164163374,158.9853,159.0446,-0.004125636633858676,-0.020188812576779132,0.8915402047018414,159.059,0.17830494554880819,46.93782823410767,159.24812,158.582885,UP,159.059,64.64404214897948,0.039769313538979514,NORMAL,300.0,,
280,2026-03-17 19:02:01.238445,XAUUSD,5001.72,8.81091803291175,46.88589708951776,5002.1545,5009.1016,-1.9278942608352736,-2.558674477354304,0.4824439825755885,5001.72,19.0077571123574,45.27689598098872,5011.5368,5106.70135,DOWN,5001.72,46.046131243837706,3.8281390777942765,NORMAL,17000.0,,
281,2026-03-17 19:02:01.566614,AUDUSD,0.71027,0.0006711477063838159,51.62360872076344,0.710297,0.7092981999999999,0.0003400461557980794,0.0004204626214577914,0.4885166351905206,0.71027,0.0014894116445412667,60.72717726080759,0.7054164,0.7067981,DOWN,0.71027,40.70065597725613,0.00030904676930078713,NORMAL,2.0,,
282,2026-03-17 19:02:01.873874,USDCAD,1.36981,0.0006978306982007587,49.80302957475409,1.3700465000000002,1.3697266,-5.134785819715937e-05,1.7998910435671487e-05,0.42526640954541245,1.36981,0.0012574625137478407,52.74469916187269,1.3696638,1.3630429000000002,UP,1.36981,52.79159356191268,0.0003144719710947604,NORMAL,4.0,,
283,2026-03-17 19:02:02.180776,NZDUSD,0.58598,0.0005028633187631593,55.02039293490532,0.5858535,0.5847694,0.0003584426091154391,0.00041135557224220015,0.5699084969977302,0.58598,0.001016220624294032,60.06996432718718,0.5832944,0.5880501499999999,DOWN,0.58598,43.50204819036813,0.00022590611388152712,NORMAL,5.0,,
284,2026-03-17 19:02:02.555686,USDCHF,0.78482,0.00047432116546720427,36.599886372331,0.7853304999999999,0.7863314,-0.0005043879726495115,-0.0005163524849541582,0.2936226556419113,0.78482,0.0010177891891362978,31.603684244793442,0.78821,0.78256095,UP,0.78482,48.1678620167092,0.00021837830591248838,NORMAL,4.0,BUY,ACTIVE
285,2026-03-17 19:05:00.035654,EURUSD,1.1539,0.0014856619020891793,66.75840087600912,1.151102,1.1482526,0.0,0.0011995617997030278,0.8506830430173768,1.1539,0.003368318592483977,54.385752341,1.1549836,1.17410605,DOWN,1.1539,60.57153946493904,0.0007539971233781231,NORMAL,2.0,,
286,2026-03-17 19:05:00.202177,GBPUSD,1.33559,0.0016961612432628266,65.04678073903712,1.3325075,1.3294268,0.0,0.001314338579109509,0.8349061452476965,1.33559,0.0038172411375575446,54.841847641796335,1.3355933999999998,1.3508774,DOWN,1.33559,60.49880544981036,0.0007909085915328195,NORMAL,6.0,,
287,2026-03-17 19:05:00.327152,USDJPY,159.058,0.17830497114552613,46.88977684380042,159.15025,159.2481,0.0,-0.061943657349933096,0.3649745778774249,159.058,0.3906901968313484,51.193342387339875,158.6061,156.144805,UP,159.058,55.77436227303911,0.08481793318379983,NORMAL,300.0,,
288,2026-03-17 19:05:00.452111,XAUUSD,5005.45,19.13633241203997,46.983515580835984,5012.8775000000005,5011.6114,0.0,-3.711401689444213,0.33597999944425905,5005.45,43.66064913891256,40.149019979819855,5104.5419999999995,5064.70195,UP,5005.45,50.16185790479255,8.936588814512742,NORMAL,17000.0,,
289,2026-03-17 19:17:00.578243,EURUSD,1.15396,0.0007229798509004604,60.930815453272686,1.1533295,1.1521116,0.0005665155375540465,0.0005661867259868684,0.7387090475584969,1.15396,0.0014978045865050424,66.97119467300632,1.1482538,1.15492575,DOWN,1.15396,53.46120067628352,0.0003345600565177114,NORMAL,2.0,,
290,2026-03-17 19:17:00.922072,GBPUSD,1.3360699999999999,0.0007700543296686737,64.29362161300952,1.3350680000000001,1.333726,0.000658239532731475,0.0006321223143874396,0.8389320456820036,1.3360699999999999,0.0017254466456514863,66.50001582075228,1.3294364,1.3354415,DOWN,1.3360699999999999,60.559058867852514,0.00035128142272231776,NORMAL,6.0,,
291,2026-03-17 19:17:01.229038,USDJPY,159.022,0.08200202207880083,52.01473152588158,158.98624999999998,159.03758,-0.003379032997770537,-0.01712041791453858,0.6935493126800331,159.022,0.1801620890850128,45.31053746382114,159.24738,158.58270000000002,UP,159.022,56.00100528570291,0.037121432811061846,NORMAL,300.0,,
292,2026-03-17 19:17:01.557089,XAUUSD,5002.1,8.472536132601713,47.27442321743425,5001.8355,5008.9406,-1.8551099853593769,-2.418727390921149,0.5110035798061913,5002.1,19.17418574464028,45.43578884010191,5011.5444,5106.7032500000005,DOWN,5002.1,46.62670957064984,3.751707948722362,NORMAL,17000.0,,
293,2026-03-17 19:17:01.957687,AUDUSD,0.71041,0.0006337698089890525,53.253246706675995,0.7103125,0.7093664,0.0003148947965652127,0.00040088068041088784,0.5414363008170058,0.71041,0.0014915545024676538,61.581672712431505,0.7054192,0.7067988,DOWN,0.71041,45.05493492051951,0.000278296572240332,NORMAL,4.0,,
294,2026-03-17 19:17:02.249140,USDCAD,1.36957,0.0006602305462884492,47.36002491877966,1.3700665,1.3697232,-8.270808345600678e-05,-5.97154817172995e-06,0.3365633286023414,1.36957,0.0012660339454533896,51.30920769022717,1.369659,1.3630417,UP,1.36957,47.719870306379754,0.0002841059515361222,NORMAL,1.0,,
295,2026-03-17 19:17:02.561570,NZDUSD,0.58602,0.00047730165313721073,55.69038619796236,0.585888,0.5848424,0.00033164788628115005,0.0003959245763605512,0.5750845544747769,0.58602,0.0010226491980731937,60.43173955228555,0.5832952,0.5880503499999999,DOWN,0.58602,45.78329305943097,0.00020743286570598247,NORMAL,5.0,,
296,2026-03-17 19:17:02.869270,USDCHF,0.78467,0.00045610434752566594,34.748583339758255,0.7852210000000001,0.7862444000000001,-0.0005002398264946084,-0.0005146615771938781,0.24655752674073708,0.78467,0.0010285034787682421,30.826364837843172,0.788207,0.7825602,UP,0.78467,43.48345194104902,0.00020281509785785356,NORMAL,2.0,,
297,2026-03-17 19:32:00.377593,EURUSD,1.15368,0.0007014914942035039,57.05280016172183,1.1533345000000002,1.152205,0.0005113184070695276,0.0005529156263059821,0.6314210216251042,1.15368,0.0015020903023578328,65.217820875739,1.1482482,1.15492435,DOWN,1.15368,45.841081609308425,0.00032243778415382273,NORMAL,2.0,,
298,2026-03-17 19:32:00.747107,GBPUSD,1.33572,0.0007601524897943929,60.05336542629731,1.335065,1.3338443999999998,0.0006087869079440811,0.0006238814439249472,0.7242132278521685,1.33572,0.0017490180828417618,65.47169841876709,1.3294294,1.33543975,DOWN,1.33572,51.03470150500353,0.0003531384853881447,NORMAL,6.0,SELL,ACTIVE
299,2026-03-17 19:32:01.043893,USDJPY,159.011,0.07995085723643829,50.88048775664086,158.99005,159.03086,-0.003365801950110381,-0.01461200184415999,0.6221960947041112,159.011,0.18287637579177307,44.86834991509743,159.24715999999998,158.58264499999999,UP,159.011,53.66884768251829,0.036198265759798835,NORMAL,300.0,,
300,2026-03-17 19:32:01.366465,XAUUSD,4999.08,8.150161102722018,44.617504845115135,5001.002,5008.588400000001,-2.1557640660112156,-2.3954908512954427,0.4106127802434751,4999.08,19.339185804972267,44.202960973602885,5011.484,5106.68815,DOWN,4999.08,41.09470435414235,3.464900305240505,NORMAL,17000.0,,
301,2026-03-17 19:32:01.689019,AUDUSD,0.71031,0.0006123270675306556,52.00985911900112,0.7102885,0.7094336,0.00026873277479344537,0.00037291947535578727,0.5092420759601296,0.71031,0.0014979830762468236,60.96888942897603,0.7054172,0.7067983,DOWN,0.71031,43.306166867365505,0.0002626797466260933,NORMAL,2.0,,
302,2026-03-17 19:32:01.985975,USDCAD,1.3697300000000001,0.0006538875480841678,49.1396355883116,1.370112,1.3697416000000002,-5.9424535383323374e-05,-1.3471262423130876e-05,0.3673780755438168,1.3697300000000001,0.0012724625192325513,52.28506110105705,1.3696622000000003,1.3630425,UP,1.3697300000000001,51.548984475270295,0.00027913088340996795,NORMAL,1.0,,
303,2026-03-17 19:32:02.308721,NZDUSD,0.58587,0.0004621372493416916,53.054558491028175,0.5858844999999999,0.58491,0.0002844028618583794,0.00037196097420086447,0.4917256270752682,0.58587,0.0010283634858769036,59.09705523665059,0.5832922,0.5880496000000001,DOWN,0.58587,41.68400841830739,0.00019951606207282827,NORMAL,7.0,,
304,2026-03-17 19:32:02.616068,USDCHF,0.78489,0.00044485199617179394,39.468592905285895,0.7851765,0.7861752,-0.0004594643739901372,-0.0005022181479491404,0.36210459185327537,0.78489,0.0010342177665719442,32.399176514869666,0.7882114,0.7825613,UP,0.78489,52.53426283750613,0.0001987548071144025,NORMAL,4.0,,
305,2026-03-17 19:47:00.654092,EURUSD,1.15365,0.000673272714005286,56.627304288382916,1.1533505000000002,1.152291,0.00047048664382431937,0.0005363021944819915,0.6133217898033931,1.15365,0.0015156617358916239,65.0132324865526,1.1482476,1.1549242,DOWN,1.15365,45.703894953898114,0.0003078949214274266,NORMAL,4.0,,
306,2026-03-17 19:47:00.950896,GBPUSD,1.3357700000000001,0.0007259069037886641,60.324853753024925,1.3351115,1.3339421999999999,0.0005815131729394185,0.000614769613089658,0.7219860934235531,1.3357700000000001,0.0017490180828417618,65.62244916697287,1.3294304,1.3354400000000002,DOWN,1.3357700000000001,52.33008873451374,0.00032604977054109265,NORMAL,6.0,,
307,2026-03-17 19:47:01.273264,USDJPY,159.045,0.07626559192362925,54.322280165785166,158.99644999999998,159.02738,0.0015065181837599084,-0.011196844847123076,0.7844705773465133,159.045,0.18287637579177307,46.26386799578388,159.24784,158.58281499999998,UP,159.045,60.07571653799221,0.03322500273205655,NORMAL,300.0,,
308,2026-03-17 19:47:01.580462,XAUUSD,5001.37,8.115455717833754,46.91153707210029,5000.827,5008.354,-1.866640295799698,-2.2537275778031605,0.5264380335617985,5001.37,19.45704299092364,45.13152732138322,5011.5298,5106.6996,DOWN,5001.37,47.046210347895745,3.5118512822604586,NORMAL,17000.0,,
309,2026-03-17 19:47:01.892901,AUDUSD,0.71033,0.0005829261545437753,52.288192048798344,0.7102925,0.7094999999999999,0.00023675113529908476,0.00034530290136154375,0.5161245173066547,0.71033,0.0015022687920995981,61.090468516508224,0.7054176,0.7067983999999999,DOWN,0.71033,44.875716538286134,0.00024387691414535527,NORMAL,2.0,,
310,2026-03-17 19:47:02.199992,USDCAD,1.36972,0.0006216710905679538,49.0686814602143,1.370092,1.369759,-5.939144697242327e-05,-2.3165840643585934e-05,0.37199331064125507,1.36972,0.0012738910911834868,52.22697687738768,1.3696620000000002,1.36304245,UP,1.36972,50.95860393976389,0.00026277651394096427,NORMAL,2.0,,
311,2026-03-17 19:47:02.512420,NZDUSD,0.58571,0.00044723969071524335,50.34513974039689,0.5858789999999999,0.58497,0.00022965340689873326,0.0003414572954982651,0.40368856551486604,0.58571,0.0010440777773370901,57.736878064287005,0.583289,0.5880487999999999,DOWN,0.58571,37.78492278048411,0.00019357780416903587,NORMAL,5.0,,
312,2026-03-17 19:47:02.835035,USDCHF,0.78484,0.00042067889440441686,38.34877215245141,0.785111,0.7861128,-0.0004362248017942827,-0.0004896576553563347,0.3581096355882947,0.78484,0.0010370749104737912,31.83287174705383,0.7882104000000001,0.7825610500000001,UP,0.78484,50.587538377331775,0.00018179825992591494,NORMAL,4.0,,
313,2026-03-17 20:02:00.774885,EURUSD,1.15355,0.0006518144589232837,55.210492596110925,1.153378,1.1523684,0.00042023892509512883,0.0005119408226559099,0.565940536436801,1.15355,0.001426073613837583,64.33533075885,1.1484452,1.1548813,DOWN,1.15355,43.00195244475785,0.0002871703499271902,NORMAL,3.0,,
314,2026-03-17 20:02:01.081972,GBPUSD,1.33524,0.0007186992678037665,53.96449459484873,1.3351264999999999,1.3340204,0.0004884957317972116,0.0005841541530704553,0.5396413035400041,1.33524,0.0016581187684671663,63.04544850080378,1.3296344000000002,1.33543905,DOWN,1.33524,41.11388161025431,0.0003146712700046268,NORMAL,9.0,,
315,2026-03-17 20:02:01.394577,USDJPY,159.041,0.07324662107194115,53.93014610811105,158.99880000000002,159.02356,0.0038037523733578382,-0.00824777953408101,0.7422040743191466,159.041,0.17131377485692256,46.095198290962394,159.23714,158.59126,UP,159.041,58.80534294098255,0.030649851550666296,NORMAL,700.0,,
316,2026-03-17 20:02:01.717110,XAUUSD,5000.8,7.858025207376245,46.50609001654919,5000.397999999999,5007.883,-1.910778290662165,-2.199688147725439,0.5208284353127216,5000.8,18.205110868409744,44.97111040081206,5010.603,5105.8393,DOWN,5000.8,45.91595378382647,3.4722871873742323,NORMAL,25000.0,,
317,2026-03-17 20:02:02.029537,AUDUSD,0.71035,0.0005602681639130943,52.37972851230825,0.710341,0.7095791999999999,0.00021800983980524435,0.00032099300699901074,0.5041016706918378,0.71035,0.0014006781272664888,61.17962156446138,0.70562,0.7068263,DOWN,0.71035,45.64210612417712,0.0002345412776355068,NORMAL,10.0,,
318,2026-03-17 20:02:02.336601,USDCAD,1.36943,0.0006185925432824933,45.720352360322245,1.3699935,1.3697713999999999,-7.747490854770334e-05,-3.364474824147086e-05,0.28890001376173435,1.36943,0.0012136131258023793,50.29843638393942,1.3695864,1.36307355,UP,1.36943,43.155754724863044,0.00026967590996383284,NORMAL,9.0,,
319,2026-03-17 20:02:02.674885,NZDUSD,0.58556,0.0004364164475008912,47.756559293037334,0.5858955,0.5850338,0.00017909598834497942,0.0003083468574294422,0.29823717317918996,0.58556,0.0009866436245278846,56.45622345329699,0.5834068,0.58801495,DOWN,0.58556,33.3742711307338,0.00018621991500404473,NORMAL,23.0,,
320,2026-03-17 20:02:02.971864,USDCHF,0.78504,0.00041894672847757667,43.16650743921864,0.785067,0.7860634000000001,-0.00037733713588350426,-0.00046374739761562367,0.48318139164416524,0.78504,0.0009879981084318142,34.36779139217573,0.7881222000000001,0.782587,UP,0.78504,56.27739749761671,0.0001771873497170373,NORMAL,12.0,,
321,2026-03-17 20:05:00.032520,EURUSD,1.1539,0.0014539309498991337,65.7078106628459,1.151318,1.1484522,0.0,0.0012358837592929884,0.8201535519440695,1.1539,0.003394747173576108,54.385752341,1.1549836,1.17410605,DOWN,1.1539,59.081504711825026,0.0006794815104000479,NORMAL,3.0,,
322,2026-03-17 20:05:00.230440,GBPUSD,1.33569,0.001685976256499157,64.81036233023057,1.3327675,1.3296434,0.0,0.0013626664837975526,0.8140179363180556,1.33569,0.0038408125747478204,55.02856197626797,1.3355953999999999,1.3508779000000002,DOWN,1.33569,58.577701564459964,0.0007463616830456411,NORMAL,9.0,,
323,2026-03-17 20:05:00.355413,USDJPY,159.011,0.17288522830860265,44.776682599496866,159.1342,159.23654,0.0,-0.0631778349837068,0.3181114752222257,159.011,0.3906901968313484,50.381752653718465,158.60515999999998,156.14457000000002,UP,159.011,50.443759841144576,0.07479850296272758,NORMAL,700.0,,
324,2026-03-17 20:05:00.480388,XAUUSD,5003.2,18.34725764791466,46.22587855914324,5012.629,5010.651,0.0,-3.920592205645119,0.29587508185765193,5003.2,43.897792082766266,39.68032327173368,5104.496999999999,5064.6907,UP,5003.2,49.055489578522156,7.997314111417277,NORMAL,25000.0,,
325,2026-03-17 20:17:00.255826,EURUSD,1.15373,0.0006354093445103853,57.255983721009656,1.1534405,1.1524572,0.000407768113160234,0.0004935313519818509,0.6135016615755693,1.15373,0.001453930766880633,65.06956862880196,1.1484488,1.1548822,DOWN,1.15373,48.80301820066724,0.0002877126501234996,NORMAL,7.0,,
326,2026-03-17 20:17:00.641264,GBPUSD,1.33534,0.000699659524185148,55.098168003473056,1.3351955,1.3341198,0.00045290156848931673,0.0005596905307411203,0.5534382689765618,1.33534,0.0016859759215102324,63.63364719099269,1.3296364,1.33543955,DOWN,1.33534,44.097948560192464,0.00031494511366964186,NORMAL,9.0,,
327,2026-03-17 20:17:00.937894,USDJPY,159.033,0.07056573997496647,52.925755354328764,158.9982,159.0193,0.004371378137875581,-0.005889873925615567,0.7021811808669738,159.033,0.17359948997840502,45.736058407317906,159.23698000000002,158.59122,UP,159.033,55.87100629490251,0.028239879438008604,NORMAL,700.0,,
328,2026-03-17 20:17:01.245070,XAUUSD,5003.95,7.6320438150126035,49.827828377302346,5001.003500000001,5007.5948,-1.4212086218612967,-2.0067227268831425,0.6554346573007832,5003.95,18.53082527322085,46.60634275946478,5010.666,5105.85505,DOWN,5003.95,52.91974027629015,3.2789607189301253,NORMAL,25000.0,,
329,2026-03-17 20:17:01.557499,AUDUSD,0.71049,0.0005437694175111363,54.38728663349926,0.710421,0.709657,0.00021192831966621029,0.00030032878748115975,0.5387305784591929,0.71049,0.0014213924205549095,61.932347116599274,0.7056228,0.706827,DOWN,0.71049,50.01791474092866,0.00023063992102347955,NORMAL,11.0,,
330,2026-03-17 20:17:01.848954,USDCAD,1.36921,0.0006092032799868052,43.396182110985585,1.3698655,1.3697746000000002,-0.00011695974517200725,-5.171173623153222e-05,0.21093633663497335,1.36921,0.001236470277017203,48.94828629467756,1.369582,1.36307245,UP,1.36921,41.132172402206585,0.0002867098140779745,NORMAL,9.0,,
331,2026-03-17 20:17:02.187094,NZDUSD,0.58566,0.000421366293087563,49.529605493082535,0.5859315,0.5850994,0.00015347391065445581,0.0002783933506955315,0.3128536513084828,0.58566,0.0010009293440371516,57.32457120512075,0.5834088,0.58801545,DOWN,0.58566,39.16005555904157,0.00018326280463973696,NORMAL,23.0,,
332,2026-03-17 20:17:02.483899,USDCHF,0.78495,0.00041121583970877396,41.825183563728785,0.7850155,0.7860058,-0.0003571133285211747,-0.00044369693707308323,0.45368933164513664,0.78495,0.0010072838297693154,33.84820238674794,0.7881204,0.78258655,UP,0.78495,52.67844620483874,0.00018058713561129594,NORMAL,12.0,,
333,2026-03-17 20:32:00.264372,EURUSD,1.1537,0.0006050229627596658,56.59996464797452,1.1534985,1.1525484,0.00037292349702156,0.00046813342771342563,0.5849791517606617,1.1537,0.001453930766880633,64.9544608283951,1.1484482,1.1548820499999999,DOWN,1.1537,48.114525829615054,0.00025324084719751614,NORMAL,5.0,,
334,2026-03-17 20:32:00.586917,GBPUSD,1.33526,0.0006714695581718994,53.93707535324387,1.3352439999999999,1.3342174,0.000393635163058903,0.0005241820213072587,0.5063913062014234,1.33526,0.0016924044952893941,63.16221670371025,1.3296348,1.33543915,DOWN,1.33526,43.400313780795884,0.0002867406551106508,NORMAL,9.0,,
335,2026-03-17 20:32:00.899353,USDJPY,159.044,0.06715288099716284,54.13867611151133,158.99795,159.01726,0.007072173277663296,-0.003169829157324505,0.770652954633382,159.044,0.17359948997840502,46.25346393557126,159.2372,158.591275,UP,159.044,58.66013682178316,0.02455452784924453,NORMAL,900.0,,
336,2026-03-17 20:32:01.206475,XAUUSD,5004.45,7.352254971083077,50.4005008556797,5001.994000000001,5007.242200000001,-1.170833956181923,-1.8409489613467502,0.7207638944995733,5004.45,18.53082527322085,46.857008034776065,5010.6759999999995,5105.85755,DOWN,5004.45,53.654809843689364,3.095722623698523,NORMAL,68000.0,,
337,2026-03-17 20:32:01.534541,AUDUSD,0.7104,0.0005205920101378892,52.998881511793684,0.7104739999999999,0.7097356,0.00018270545546683614,0.00027488959116376215,0.4456288178305485,0.7104,0.0014213924205549095,61.51033873364341,0.705621,0.7068265499999999,DOWN,0.7104,47.34083176658585,0.00020662490213987084,NORMAL,10.0,,
338,2026-03-17 20:47:00.280506,EURUSD,1.15399,0.0005842049960319306,59.955523849570746,1.153584,1.1526336000000001,0.0003830756779084066,0.00045367458430515607,0.6828390721665284,1.15399,0.001453930766880633,66.03637204703905,1.148454,1.1548835,DOWN,1.15399,57.700279989877465,0.000234228216995671,NORMAL,4.0,,
339,2026-03-17 20:47:00.634451,GBPUSD,1.3355000000000001,0.0006477421407514668,56.42555368384577,1.3353185,1.3343035999999997,0.0003891242130418249,0.0005004889781727123,0.5774357106981954,1.3355000000000001,0.0016924044952893941,64.19462239907145,1.3296396000000001,1.33544035,DOWN,1.3355000000000001,49.2329728042647,0.0002598226790609881,NORMAL,9.0,,
340,2026-03-17 20:47:01.082295,USDJPY,159.014,0.06566747113001711,50.425483426640945,158.99515,159.01409999999998,0.003625812611630863,-0.0023212421140745886,0.615983119943259,159.014,0.17359948997840502,44.90512264482944,159.2366,158.591125,UP,159.014,49.71288056451417,0.023399630558185287,NORMAL,800.0,,
341,2026-03-17 20:47:01.623894,XAUUSD,5004.99,7.011685738454732,51.0965382815222,5002.313,5006.9048,-0.9581854754151209,-1.6740965490608883,0.7523987941813521,5004.99,18.53082527322085,47.125096328564254,5010.6867999999995,5105.860250000001,DOWN,5004.99,55.03271831321383,2.7628632351995703,NORMAL,61000.0,,
342,2026-03-17 20:47:02.274557,AUDUSD,0.71045,0.0005004987032913033,53.517441818158666,0.710505,0.7098043999999999,0.00017786640849237756,0.00025688894323349265,0.4564233975279786,0.71045,0.0014213924205549095,61.76789980959829,0.7056220000000001,0.7068268000000001,DOWN,0.71045,48.783707437988056,0.00019970561496714906,LOW,10.0,,
343,2026-03-17 20:47:02.831516,USDCAD,1.36898,0.0005725455395221485,41.51106165576345,1.369666,1.3697718,-0.00018231561674952879,-9.139632213849644e-05,0.11311311286509625,1.36898,0.001247898852624607,47.612150741928225,1.3695774,1.3630713,UP,1.36898,38.73237147752177,0.00024298502384308414,NORMAL,9.0,,
344,2026-03-17 20:47:03.345971,NZDUSD,0.5857,0.00038774149032258363,50.46097689448469,0.585959,0.5852298,0.0001056485950580166,0.00021827023786199557,0.2909159348063031,0.5857,0.0010009293440371516,57.58552042017706,0.5834096,0.58801565,DOWN,0.5857,43.595055732005775,0.00015282140281926843,NORMAL,23.0,,
345,2026-03-17 20:47:03.825098,USDCHF,0.78476,0.00038804179181885673,39.358659504083086,0.7849275,0.7858984,-0.0003270249130093994,-0.0004023584741425265,0.3444392118686724,0.78476,0.0010072838297693154,32.80128998531657,0.7881166000000001,0.7825856,UP,0.78476,43.7893970024279,0.00015187278799240207,NORMAL,12.0,,
346,2026-03-17 21:02:00.479372,EURUSD,1.15361,0.0006834454554990379,53.90371521351554,1.1536465,1.1526844,0.00034138722577137237,0.0004307065712878383,0.48047349079106844,1.15361,0.00147977240385231,63.40897797742656,1.148681,1.1548526,DOWN,1.15361,44.00880064691504,0.00035054247990856137,NORMAL,61.0,,
347,2026-03-17 21:02:00.786431,GBPUSD,1.33541,0.0006585666817181954,54.834240349277195,1.3353730000000001,1.3343547999999998,0.00033740133866921873,0.0004636594844600092,0.518604042737143,1.33541,0.00159213066115561,63.50639799648192,1.3298546,1.3354361499999998,DOWN,1.33541,48.16157696826993,0.0002939818905096572,NORMAL,45.0,,
348,2026-03-17 21:02:01.093732,USDJPY,158.999,0.06994632523297513,49.31173654332289,158.98995,159.01094,-0.002123577443569502,-0.0031751564734205967,0.5554177075216192,158.999,0.16890870749446713,45.007202350221846,159.22246,158.59857,UP,158.999,48.121440767384634,0.02980811198933304,NORMAL,4300.0,,
349,2026-03-17 21:02:01.390534,XAUUSD,5005.87,7.232400024169028,52.09576383474912,5002.357,5006.9224,-0.8879860452161665,-1.6600566630210976,0.8246670144318026,5005.87,18.53082527322085,47.556232681106856,5010.7044,5105.86465,DOWN,5005.87,56.83309074616777,2.9620199016617024,NORMAL,101000.0,,
350,2026-03-17 21:02:01.697612,AUDUSD,0.71027,0.0005160753265256,50.79016445003809,0.7104995,0.7098456,0.00012248265798098235,0.00022413646111175164,0.3169333000894191,0.71027,0.001365221509213515,60.143712103062995,0.7058106000000001,0.7068506499999999,DOWN,0.71027,45.64276717620913,0.00022230936131759167,NORMAL,52.0,,
351,2026-03-17 21:02:02.056908,USDCAD,1.36898,0.0005802718785358875,42.68592752275488,1.3695625,1.3697696000000001,-0.00022412190329079706,-0.00012177049819802235,0.15143729072333506,1.36898,0.0011921305407795407,47.90407428373999,1.3695068000000001,1.36310395,UP,1.36898,42.24100098910103,0.0002595453785140189,NORMAL,42.0,,
352,2026-03-17 21:02:02.410956,NZDUSD,0.58562,0.0003863722001975042,48.92936835887715,0.585958,0.5852731999999999,7.606031311513384e-05,0.00018829662898101114,0.2270468714932274,0.58562,0.0009458119087238719,56.90981635238554,0.5835351999999999,0.5879816,DOWN,0.58562,41.57824925153379,0.00016004059732256014,NORMAL,36.0,,
353,2026-03-17 21:02:02.921348,USDCHF,0.78425,0.0004306306434236352,34.795259312360045,0.7848149999999999,0.7858366000000001,-0.00039761460453602293,-0.00041008890250042625,-0.006731552267125165,0.78425,0.000999008428615486,31.373612140649996,0.7879798000000001,0.7826040000000001,UP,0.78425,33.436441082564386,0.00019940768945733963,NORMAL,124.0,BUY,ACTIVE
354,2026-03-17 21:05:00.175501,EURUSD,1.1533,0.0014797726167430731,61.303402101709345,1.1515214999999999,1.1486748,0.0,0.0012598801758962087,0.7216644154649473,1.1533,0.003468318629048806,53.18485710170749,1.1549716,1.17410305,DOWN,1.1533,49.63915700677636,0.0006832987117375089,NORMAL,50.0,,
355,2026-03-17 21:05:00.378543,GBPUSD,1.33542,0.0015921310136879812,63.54161549299551,1.33298,1.3298548,0.0,0.0013858640637678962,0.7636134705776058,1.33542,0.0038408125747478204,54.52732449861955,1.33559,1.3508765500000002,DOWN,1.33542,54.93518053432569,0.0006583724573696902,NORMAL,46.0,,
356,2026-03-17 21:05:00.591926,USDJPY,159.006,0.17005158955186417,45.35777803046629,159.11235000000002,159.2226,0.0,-0.06521030714849571,0.3383867159473384,159.006,0.3906901968313484,50.293822062337576,158.60505999999998,156.144545,UP,159.006,50.03075876577386,0.07107019498022865,NORMAL,4300.0,,
357,2026-03-17 21:05:00.810632,XAUUSD,5005.87,18.530829076486068,47.556230871434735,5012.7625,5010.7044,0.0,-3.8779939150468294,0.3494868910187908,5005.87,43.897792082766266,40.235704485050654,5104.5504,5064.704049999999,UP,5005.87,52.09105510678751,7.229531208389691,NORMAL,101000.0,,
358,2026-03-17 21:14:19.790195,EURUSD,1.15347,0.0006834454554990379,51.89354330968476,1.1536395000000002,1.1526816,0.0003302191346035155,0.0004284729530542669,0.4096356026936825,1.15347,0.00147977240385231,62.44044012621143,1.1486782,1.1548519,DOWN,1.15347,39.95606674723552,0.00035376154187817657,NORMAL,31.0,,
359,2026-03-17 21:14:20.222222,GBPUSD,1.33555,0.0006949952531467677,56.26042720398559,1.33538,1.3343576,0.00034856942983729766,0.000465893102693625,0.5852155540227234,1.33555,0.001628559245904225,63.99341300659713,1.3298573999999999,1.33543685,DOWN,1.33555,51.49208594965917,0.0003365926478371483,NORMAL,68.0,,
360,2026-03-17 21:14:20.950902,USDJPY,158.974,0.07108918237583163,46.572918107801925,158.9887,159.01044,-0.004117879437870897,-0.0035740168722808757,0.4101845719272585,158.974,0.17005156505520735,43.71761326053424,159.22196,158.598445,UP,158.974,43.73920167613942,0.030926191650985976,NORMAL,4400.0,SELL,ACTIVE
361,2026-03-17 21:14:21.642891,XAUUSD,5005.87,7.232400024169028,52.09576383474912,5002.357,5006.9224,-0.8879860452161665,-1.6600566630210976,0.8246670144318026,5005.87,18.53082527322085,47.556232681106856,5010.7044,5105.86465,DOWN,5005.87,56.83309074616777,2.9620199016617024,NORMAL,101000.0,,
362,2026-03-17 21:14:25.941835,AUDUSD,0.70954,0.0005925038979541646,41.09760819555554,0.7104630000000001,0.7098309999999999,6.424903974733276e-05,0.00021248973746502173,-0.11125813701094305,0.70954,0.001441650108588052,56.08573178114859,0.705796,0.7068470000000001,DOWN,0.70954,32.581151700981636,0.0003088735416930787,NORMAL,96.0,BUY,ACTIVE
363,2026-03-17 21:14:27.175971,USDCAD,1.36896,0.0005859861642501631,42.41730623741864,1.3695615,1.3697692000000001,-0.0002257173448860783,-0.0001220895865170786,0.1413460388825941,1.36896,0.0011978448285832348,47.77977879963857,1.3695064000000001,1.36310385,UP,1.36896,42.328922882118526,0.0002573675136167264,NORMAL,54.0,,
364,2026-03-17 21:14:27.940875,NZDUSD,0.58572,0.000427086485911795,50.99083601571324,0.585963,0.5852752,8.403752109231721e-05,0.00018989207057644783,0.3005568622220212,0.58572,0.0009865262093252695,57.59909873389658,0.5835372,0.5879821,DOWN,0.58572,49.10925396121089,0.00022723364417748764,NORMAL,41.0,,
365,2026-03-17 21:14:28.740921,USDCHF,0.78425,0.0004670592148522074,34.795259312360045,0.7848149999999999,0.7858366000000001,-0.00039761460453602293,-0.00041008890250042625,-0.006731552267125165,0.78425,0.001035437013364101,31.373612140649996,0.7879798000000001,0.7826040000000001,UP,0.78425,33.93917272305093,0.00027011018342757944,NORMAL,96.0,BUY,ACTIVE
366,2026-03-17 21:17:00.229949,EURUSD,1.15347,0.000653913637249106,51.89286265566783,1.1536655,1.1527298000000001,0.0002856963993378425,0.0003995347363280791,0.38904548845151576,1.15347,0.00147977240385231,62.44044012621143,1.1486782,1.1548519,DOWN,1.15347,40.37714528700485,0.00034777295623976217,NORMAL,53.0,,
367,2026-03-17 21:17:00.526802,GBPUSD,1.3354599999999999,0.0006567813064934227,55.37785340145852,1.3354184999999998,1.3344070000000001,0.00031887793440876777,0.00043495844510504147,0.5225547545602247,1.3354599999999999,0.001628559245904225,63.681837032007934,1.3298556,1.3354364,DOWN,1.3354599999999999,49.80146013082065,0.00032396585533847605,NORMAL,70.0,,
368,2026-03-17 21:17:00.818280,USDJPY,158.977,0.07008281220613054,46.91710291250493,158.99224999999998,159.00791999999998,-0.005338895276622679,-0.00388870195485865,0.3954466998935966,158.977,0.17048013664048517,43.87554844510404,159.22202000000001,158.59846,UP,158.977,44.2266309804304,0.03278977342350444,NORMAL,4300.0,,
369,2026-03-17 21:17:01.125486,XAUUSD,5005.87,7.232400024169028,52.09576383474912,5002.357,5006.9224,-0.8879860452161665,-1.6600566630210976,0.8246670144318026,5005.87,18.53082527322085,47.556232681106856,5010.7044,5105.86465,DOWN,5005.87,56.83309074616777,2.9620199016617024,NORMAL,101000.0,,
370,2026-03-17 21:17:01.422267,AUDUSD,0.70996,0.0005780393338145816,47.32643417507124,0.7104445,0.7098648,3.860215238515874e-05,0.00017809512643196992,0.18935830614156982,0.70996,0.001441650108588052,58.703190890088514,0.7058044,0.7068491,DOWN,0.70996,42.9427521166358,0.00031466655998841676,NORMAL,54.0,,
371,2026-03-17 21:17:01.729155,USDCAD,1.3689200000000001,0.0005462728668037052,41.963595137843306,1.3694890000000002,1.369769,-0.0002422062098803579,-0.0001462405465173925,0.14325725431970496,1.3689200000000001,0.0011978448285832348,47.52939996317762,1.3695055999999999,1.36310365,UP,1.3689200000000001,41.492988502876486,0.0002411109862088883,NORMAL,56.0,,
372,2026-03-17 21:17:02.026054,NZDUSD,0.58571,0.00040433541038747896,50.792208610579245,0.5859495,0.5853138000000001,7.223438967152163e-05,0.00016623289906782232,0.30697082857215086,0.58571,0.000990811925178044,57.53116442113666,0.583537,0.58798205,DOWN,0.58571,48.75449557689786,0.00021874820189774085,NORMAL,45.0,,
373,2026-03-17 21:17:02.593739,USDCHF,0.78433,0.00044512641379133893,36.526500127614355,0.7847765,0.7857836,-0.0004001231805202954,-0.00040822339343204035,0.11744373374205093,0.78433,0.001035437013364101,32.20726341810561,0.7879814,0.7826044,UP,0.78433,37.52465299855044,0.0002622416796277009,NORMAL,90.0,,
374,2026-03-17 21:32:00.243824,EURUSD,1.15374,0.0006242463366292624,55.3526018846156,1.1537095000000002,1.1527852,0.00028390554726520634,0.00037908924039582574,0.5184055263239024,1.15374,0.00147977240385231,64.33563181645326,1.1486836,1.15485325,DOWN,1.15374,50.3445001201819,0.0003203360809435296,NORMAL,22.0,,
375,2026-03-17 21:32:00.556325,GBPUSD,1.33547,0.0006291030499071614,55.45066315009574,1.335468,1.3344605999999999,0.000301510898295998,0.0004085242063985133,0.5012314413799406,1.33547,0.0016364163916343223,63.71672261655133,1.3298558,1.33543645,DOWN,1.33547,49.552914251844875,0.0003029227710424313,NORMAL,81.0,,
376,2026-03-17 21:32:00.894775,USDJPY,158.97,0.07366363174242803,46.326406448031626,158.992,159.00422,-0.007781267861787455,-0.004833141062170287,0.3495977789553044,158.97,0.17726585340738385,43.50564512860576,159.22188,158.59842500000002,UP,158.97,47.74222938975492,0.04378795102389514,NORMAL,4300.0,,
377,2026-03-17 21:32:01.201758,XAUUSD,5005.87,7.232400024169028,52.09576383474912,5002.357,5006.9224,-0.8879860452161665,-1.6600566630210976,0.8246670144318026,5005.87,18.53082527322085,47.556232681106856,5010.7044,5105.86465,DOWN,5005.87,56.83309074616777,2.9620199016617024,NORMAL,101000.0,,
378,2026-03-17 21:32:01.514031,AUDUSD,0.71043,0.0005828732589502682,53.19419419730641,0.7104575000000001,0.7099162,7.031582983429985e-05,0.00015998542095859867,0.48175150107882436,0.71043,0.001450221540293609,60.82142700788272,0.7058137999999999,0.70685145,DOWN,0.71043,52.81862890622423,0.0003058726693998058,NORMAL,15.0,,
379,2026-03-17 21:32:01.899519,USDCAD,1.36926,0.0005334268457054794,46.801216183700305,1.3694445,1.36976,-0.000223385341339144,-0.00016141423482646228,0.3740380247500955,1.36926,0.0012121305480924938,49.58408604958674,1.3695124,1.3631053499999999,UP,1.36926,51.75862048821406,0.00022472209430381073,NORMAL,23.0,,
380,2026-03-17 21:32:02.331748,NZDUSD,0.58547,0.0004256583912781742,46.7686528163634,0.5858995,0.5853406,1.715955794556745e-05,0.00013092991175505322,0.19729618761331838,0.58547,0.000990811925178044,55.626565718056874,0.5835322000000001,0.58798085,DOWN,0.58547,44.338639399684865,0.0002349033663375128,NORMAL,27.0,,
381,2026-03-17 21:32:02.654743,USDCHF,0.78428,0.0004520051393368574,35.46506667116458,0.7847415,0.7857268000000001,-0.00040397191024998946,-0.000408011273433796,0.13157222204939,0.78428,0.0010397227292168756,31.688623026494824,0.7879804,0.7826041499999999,UP,0.78428,35.91852575803145,0.0002757269061289173,NORMAL,67.0,,
382,2026-03-17 21:47:00.217237,EURUSD,1.15362,0.0006099124146251313,53.60896655274083,1.1537425000000001,1.15281,0.0002460991545840674,0.0003503214226636429,0.4141916575991218,1.15362,0.00147977240385231,63.47931027517491,1.1486812,1.15485265,DOWN,1.15362,47.009442254065185,0.00029958788506450105,NORMAL,20.0,,
383,2026-03-17 21:47:00.513891,GBPUSD,1.33558,0.0006285548728729895,56.603100027152486,1.3355074999999998,1.3345007999999998,0.00028706593062510777,0.00038321146862274564,0.5495217509071698,1.33558,0.0016407021074870969,64.0960870385259,1.3298580000000002,1.335437,DOWN,1.33558,52.16325445829938,0.00031427151012585136,NORMAL,56.0,,
384,2026-03-17 21:47:00.805651,USDJPY,158.969,0.06875908661796856,46.237703814335575,158.99304999999998,159.00186,-0.009181362939813198,-0.005766603101521062,0.3299728527627583,158.969,0.17726585340738385,43.45240339032462,159.22186000000002,158.59842,UP,158.969,47.96988771485637,0.03703909744100505,NORMAL,4200.0,,
385,2026-03-17 21:47:01.112526,XAUUSD,5005.87,7.232400024169028,52.09576383474912,5002.357,5006.9224,-0.8879860452161665,-1.6600566630210976,0.8246670144318026,5005.87,18.53082527322085,47.556232681106856,5010.7044,5105.86465,DOWN,5005.87,56.83309074616777,2.9620199016617024,NORMAL,101000.0,,
386,2026-03-17 21:47:01.424975,AUDUSD,0.70999,0.0005932292506579011,47.71575268006718,0.7104275,0.7099316,1.9598378601659583e-05,0.00012718550536471653,0.22466185813770803,0.70999,0.0014552215421218511,58.89953203699547,0.705805,0.7068492500000001,DOWN,0.70999,44.34183860150065,0.00031605792122488865,NORMAL,38.0,,
387,2026-03-17 21:47:01.731859,USDCAD,1.36887,0.0005293555404000038,42.12783700306946,1.3693814999999998,1.3697561999999999,-0.0002433822784166928,-0.00017882892616563048,0.14517008550356897,1.36887,0.0012157019779698165,47.21302969748062,1.3695046000000002,1.3631034,UP,1.36887,42.84959205055754,0.00024977327492221364,NORMAL,66.0,,
388,2026-03-17 21:47:02.044197,NZDUSD,0.58541,0.0004009685061868738,45.69228306880249,0.585869,0.5853606,-1.271998971819066e-05,0.00010041303687349405,0.19844259886476254,0.58541,0.000990811925178044,55.095224890133366,0.583531,0.5879805499999999,DOWN,0.58541,43.28694475447183,0.00021214130152633745,NORMAL,26.0,,
389,2026-03-17 21:47:02.351627,USDCHF,0.78433,0.0004440557926495328,37.17132737837817,0.7847139999999999,0.7856864,-0.0003878792005737042,-0.0004024532349301478,0.19270154525097244,0.78433,0.0010397227292168756,32.20726341810561,0.7879814,0.7826044,UP,0.78433,41.17556639035452,0.00026730821345615977,NORMAL,55.0,,
390,2026-03-17 22:02:00.423315,EURUSD,1.15379,0.0005935921401110841,56.015095765366745,1.153789,1.1528644,0.00023601266773298768,0.0003270767656946089,0.500873941447026,1.15379,0.0013933600535101388,64.12304870597399,1.1489243999999998,1.15482015,DOWN,1.15379,53.2518745432453,0.00029255768660689085,NORMAL,8.0,,
391,2026-03-17 22:02:00.840096,GBPUSD,1.33576,0.0006376887084840872,58.781119655377985,1.3355525,1.3345494000000002,0.00028752484677818657,0.0003631806969604053,0.6579902101735892,1.33576,0.0015735600836714308,64.76337258612674,1.3301178000000002,1.33543205,DOWN,1.33576,55.61351467423729,0.00034218191254281334,NORMAL,8.0,,
392,2026-03-17 22:02:01.319087,USDJPY,158.984,0.07158751920648258,48.22048866358693,158.997,158.99948,-0.00552348308357864,-0.005067038926988055,0.4051431314737115,158.984,0.16929277497557693,44.49450593112078,159.20904,158.604785,UP,158.984,49.99105814092738,0.03804738820132862,NORMAL,700.0,,
393,2026-03-17 22:02:01.751265,XAUUSD,5004.43,6.829371451014108,50.285140551013626,5002.854,5006.5694,-0.7236342378964764,-1.4727721779961735,0.696356334470485,5004.43,17.32076562439493,46.882568408735004,5009.8636,5105.1437,DOWN,5004.43,52.95742805445669,2.864011997389755,NORMAL,32000.0,,
394,2026-03-17 22:02:02.089756,AUDUSD,0.7105,0.0005982536919374429,54.29633149289899,0.7104265000000001,0.7099711999999999,4.221590521447105e-05,0.00010993631467940467,0.5461194925074049,0.7105,0.001392705659703214,61.230085223854196,0.7060334,0.7068868500000001,DOWN,0.7105,55.70330939421681,0.00033127581504578397,NORMAL,12.0,,
395,2026-03-17 22:02:02.449229,USDCAD,1.36937,0.0005351158589428607,48.97725943198978,1.3693710000000001,1.369753,-0.0002070784791980973,-0.00018358538947865977,0.4992856037795794,1.36937,0.0011724374788870345,50.40140293513163,1.3694366,1.3631265,UP,1.36937,55.416455810480386,0.00026028982140404876,NORMAL,9.0,,
396,2026-03-17 22:02:02.943754,NZDUSD,0.58561,0.0004463585108470003,50.220658731385825,0.5858435,0.58539,-1.928734284584177e-05,7.481370167035675e-05,0.3512684546714724,0.58561,0.0009648865506193839,56.39510496636369,0.5836742,0.5879538,DOWN,0.58561,52.068943559512206,0.00025227822814259443,NORMAL,22.0,,
397,2026-03-17 22:02:03.391560,USDCHF,0.78479,0.000466572215623546,46.25496917423835,0.7847105,0.7856496,-0.0003262578565983443,-0.0003840232760729049,0.5690639246570468,0.78479,0.00100045676827399,36.77832218256134,0.7878594000000001,0.7826227,UP,0.78479,57.565284384311276,0.0002852639889587324,NORMAL,12.0,,
398,2026-03-17 22:05:00.059317,EURUSD,1.15387,0.0013976460012614365,64.4537135089025,1.1517545,1.148926,0.0,0.0012832335454476581,0.761186215647487,1.15387,0.0032441528478853038,54.27152537939934,1.1548794,1.1738961,DOWN,1.15387,57.051673020962255,0.0005977574803652047,NORMAL,3.0,,
399,2026-03-17 22:05:00.241455,GBPUSD,1.33579,0.001573560431077604,64.86923826401357,1.3332454999999999,1.3301184000000001,0.0,0.0014129575280711498,0.7733953725301211,1.33579,0.003623152273321225,55.15100808705238,1.335648,1.3506572,DOWN,1.33579,59.121178458438074,0.0006375475949545813,NORMAL,6.0,,
400,2026-03-17 22:05:00.366425,USDJPY,158.98,0.1692928025430596,44.328593303848045,159.09385,159.20896,0.0,-0.06536873357671526,0.31683454937796324,158.98,0.3705235312431059,49.7829274080177,158.63116,156.175005,UP,158.98,47.78960475890371,0.07156896893477044,NORMAL,500.0,,
401,2026-03-17 22:05:00.522640,XAUUSD,5001.0,17.6229127138799,45.3523141465131,5011.4169999999995,5009.795,0.0,-3.9645611011727397,0.26647448557543313,5001.0,41.17793815020609,39.52093829603212,5103.3114000000005,5063.0313,UP,5001.0,46.430237748766324,7.12860536079698,NORMAL,27000.0,,
402,2026-03-17 22:17:00.829484,EURUSD,1.15428,0.0006039988239807157,61.60011813349345,1.1538629999999999,1.1529272,0.0002971790549470832,0.0003274789899268682,0.8487031643256162,1.15428,0.0014340743541115444,66.05711398369692,1.1489342,1.1548226,DOWN,1.15428,65.24157804241193,0.00029617135405436403,NORMAL,3.0,,
403,2026-03-17 22:17:01.168480,GBPUSD,1.33605,0.0006181089027760426,61.716566822514075,1.3356225,1.3346063999999997,0.0003305937504141099,0.0003604923674802476,0.825418479253926,1.33605,0.001589988661107093,65.76087821948293,1.3301236,1.3354335,DOWN,1.33605,60.93544146115899,0.00031599161829625854,NORMAL,1.0,,
404,2026-03-17 22:17:01.496604,USDJPY,158.92,0.07093841069173397,42.384174377973586,158.99034999999998,158.99388,-0.015198892996124869,-0.00798685703426699,0.08345975826756674,158.92,0.17322134784062407,41.98037310299061,159.20776,158.604465,UP,158.92,42.211159525992805,0.037505362252218795,NORMAL,700.0,,
405,2026-03-17 22:17:01.819447,XAUUSD,5002.69,6.948344918798821,48.2687996963309,5002.6915,5006.090999999999,-0.8362881881766953,-1.368449739006739,0.4998072421604895,5002.69,17.785765794421312,46.09359758982315,5009.8288,5105.135,DOWN,5002.69,49.55519881878713,3.1915505887627273,NORMAL,15000.0,,
406,2026-03-17 22:17:02.157503,AUDUSD,0.71083,0.0005837355710847668,57.719195312641396,0.7104545,0.7100162,0.0001073547078650483,0.00011363195912848445,0.7255776836908696,0.71083,0.0014177056688444171,62.619618800081746,0.70604,0.7068885,DOWN,0.71083,61.23841572782588,0.00029906603503280154,NORMAL,12.0,,
407,2026-03-17 22:17:02.454353,USDCAD,1.3691900000000001,0.0005011790118755098,46.626415096621585,1.3693385,1.3697426000000001,-0.0002036320590850238,-0.00018938161798682526,0.3921185696717107,1.3691900000000001,0.0011724374788870345,49.28755986476942,1.369433,1.3631255999999998,UP,1.3691900000000001,50.70813526131401,0.0002541562328040845,NORMAL,9.0,,
408,2026-03-17 22:17:02.777156,NZDUSD,0.58597,0.00045289412741915803,56.31257371650429,0.5858559999999999,0.5854304,3.295481159049096e-05,7.065388946635241e-05,0.5735624248827317,0.58597,0.0009970294195152246,58.75798221891378,0.5836814,0.5879556,DOWN,0.58597,60.463619805568094,0.0002790249272937309,NORMAL,29.0,,
409,2026-03-17 22:17:03.099967,USDCHF,0.78464,0.00044023542471165937,43.43962642417775,0.7846825,0.7856058,-0.00030862661774555544,-0.0003703479330114069,0.4610437596609638,0.78464,0.0010025996262003772,35.298266552467496,0.7878564,0.78262195,UP,0.78464,51.12678425056574,0.00025446468596928797,NORMAL,12.0,,
410,2026-03-17 22:32:00.262818,EURUSD,1.15415,0.000568662173288235,59.32863723357799,1.153891,1.152989,0.00029701514501723203,0.0003207480443067929,0.7216532825668669,1.15415,0.0014340743541115444,65.56461215411785,1.1489316,1.15482195,DOWN,1.15415,59.419520892191144,0.00027108150033542473,NORMAL,3.0,,
411,2026-03-17 22:32:00.575303,GBPUSD,1.3360699999999999,0.0005872235729859112,61.53647489759222,1.335673,1.3346654,0.00034834256980542655,0.00035908349056637,0.8028490714897034,1.3360699999999999,0.001589988661107093,65.82759400103522,1.330124,1.3354336,DOWN,1.3360699999999999,60.29114294634341,0.00028316175537368237,NORMAL,0.0,,
412,2026-03-17 22:32:00.882295,USDJPY,158.976,0.07000913645864909,48.55919535767707,158.99229999999997,158.99068,-0.01197781277792842,-0.008414905732856939,0.3977377558627176,158.976,0.17322134784062407,44.163893414944894,159.20888,158.604745,UP,158.976,51.25175532587372,0.03552041099191751,NORMAL,700.0,,
413,2026-03-17 22:32:01.235976,XAUUSD,4999.52,6.7830549756193275,44.537178817340454,5002.521,5005.789,-1.1034384055838018,-1.325403027877795,0.13820834895619982,4999.52,17.785765794421312,44.72244711715204,5009.7654,5105.1191499999995,DOWN,4999.52,42.95913827225689,3.055408003703246,NORMAL,15000.0,,
414,2026-03-17 22:32:01.606009,AUDUSD,0.71078,0.0005525503772317724,56.990613715435444,0.7104485,0.7100571999999999,0.00013132072206967216,0.00011691444106145923,0.7019396599091182,0.71078,0.0014177056688444171,62.41552077588516,0.7060390000000001,0.70688825,DOWN,0.71078,59.57159047889334,0.0002587981131439143,NORMAL,12.0,BUY,ACTIVE
415,2026-03-17 22:32:01.934058,USDCAD,1.36913,0.0004834417355170658,45.825893726677,1.3693140000000001,1.3697294,-0.0001952635790209989,-0.00019068564552128246,0.3651496597060498,1.36913,0.0011724374788870345,48.90507777577048,1.3694318,1.3631253,UP,1.36913,48.85256439510861,0.0002297970102624492,NORMAL,9.0,,
416,2026-03-17 22:32:02.256561,NZDUSD,0.58598,0.00043171801627696886,56.48304647349428,0.5858445,0.5854692,5.368260926663648e-05,6.725963342640923e-05,0.5892147580385915,0.58598,0.0009970294195152246,58.8199677173719,0.5836816,0.5879556499999999,DOWN,0.58598,59.92431394958591,0.00024952147452625157,NORMAL,27.0,,
417,2026-03-17 22:32:02.553387,USDCHF,0.78477,0.00042853493519143953,46.07180482436534,0.7846770000000001,0.7855639999999999,-0.0002685074052265479,-0.00034883110950572596,0.587606433329287,0.78477,0.0010025996262003772,36.58490569047314,0.7878590000000001,0.7826226,UP,0.78477,55.64858671535122,0.00023379875811437527,NORMAL,12.0,,
418,2026-03-17 22:47:00.299219,EURUSD,1.15402,0.0005518189568288617,57.10003356761025,1.1538895,1.1530445999999999,0.00027701798046830817,0.00031008750162458086,0.6130391037757112,1.15402,0.0014340743541115444,65.05760776751075,1.1489289999999999,1.1548213,DOWN,1.15402,54.34655242563105,0.00025214334196156033,NORMAL,3.0,,
419,2026-03-17 22:47:00.637795,GBPUSD,1.33597,0.0005570137259358981,59.80582069408227,1.3356745,1.334723,0.00034160603214528074,0.0003548221869163461,0.7253500150987824,1.33597,0.001589988661107093,65.49138956651191,1.330122,1.3354331,DOWN,1.33597,56.2302531268371,0.0002534660450756876,NORMAL,7.0,,
420,2026-03-17 22:47:00.981466,USDJPY,158.968,0.06647276956874662,47.73334825198581,158.992,158.98814000000002,-0.012076289111718097,-0.009211000072446815,0.35000986742085627,158.968,0.17322134784062407,43.838157835613295,159.20872,158.604705,UP,158.968,49.798793006098755,0.03150457044521104,NORMAL,700.0,,
421,2026-03-17 22:47:01.456926,XAUUSD,4996.9,6.80263268144242,42.08973311165525,5002.1055,5005.3098,-1.656895984771836,-1.4324172887720876,0.018719822623986238,4996.9,18.10362305350241,43.649289000237175,5009.713,5105.106049999999,DOWN,4996.9,39.97475381039246,3.2488636444588552,NORMAL,16000.0,SELL,ACTIVE
422,2026-03-17 22:47:01.826739,AUDUSD,0.71066,0.0005267049421233713,55.197021825881734,0.7104145,0.7100926,0.0001304238561944393,0.0001175741588458821,0.6657193358353304,0.71066,0.0014177056688444171,61.916471422989595,0.7060366,0.7068876500000001,DOWN,0.71066,55.75903901984935,0.00022619728348330682,NORMAL,12.0,,
423,2026-03-17 22:47:02.134063,USDCAD,1.36929,0.00046100201971481606,48.17421997422184,1.369331,1.3697346,-0.00016262295432500906,-0.00018290330671219662,0.4694180767112934,1.36929,0.0011724374788870345,49.91246169614585,1.369435,1.3631261000000001,UP,1.36929,53.54130303726822,0.00020098724989011285,NORMAL,9.0,,
424,2026-03-17 22:47:02.460087,NZDUSD,0.58576,0.00041654428042044736,52.00318394344563,0.5858000000000001,0.5854996,3.9442629779951055e-05,5.914352614440115e-05,0.471419360286081,0.58576,0.0009970294195152246,57.411773928671884,0.5836772,0.58795455,DOWN,0.58576,51.39530549407015,0.0002221040870952968,NORMAL,23.0,,
425,2026-03-17 22:47:02.767163,USDCHF,0.78477,0.0004027722357389909,46.10614337185822,0.7846740000000001,0.7855234,-0.00023840820647547112,-0.0003264912582444123,0.5910240929503585,0.78477,0.0010025996262003772,36.58490569047314,0.7878590000000001,0.7826226,UP,0.78477,55.32543708119546,0.00020244934234449065,NORMAL,12.0,,
426,2026-03-17 23:02:00.484775,EURUSD,1.15401,0.0005261788272594369,56.98124891098516,1.153864,1.1531042,0.0002655391811672292,0.00030092256687783007,0.6448350279654811,1.15401,0.0013387832269587097,65.02103904573183,1.1491768,1.15479985,DOWN,1.15401,53.90202335584592,0.00022794502565246167,NORMAL,3.0,,
427,2026-03-17 23:02:00.807635,GBPUSD,1.3359,0.0005386045822465864,58.587530929442494,1.3356515,1.3347854000000001,0.0003269056712167373,0.0003484730718106183,0.7102387715947027,1.3359,0.001487846531353122,65.21696362727471,1.3303981999999999,1.3354393999999998,DOWN,1.3359,53.60227464455584,0.00023574250255695134,NORMAL,9.0,,
428,2026-03-17 23:02:01.208273,USDJPY,158.971,0.06264308194648953,48.05993138849443,158.994,158.98596,-0.011340826884975286,-0.009611438369420904,0.348006831176637,158.971,0.1616341025714838,43.97486773925667,159.19392,158.61174,UP,158.971,50.339127799669086,0.027574869325621403,NORMAL,500.0,,
429,2026-03-17 23:02:01.624747,XAUUSD,5001.55,6.9493834082781465,48.1346100768203,5002.165999999999,5005.1138,-1.3165498095668227,-1.370953194640557,0.4375116607681867,5001.55,17.01336308031095,45.78966181684651,5008.8742,5104.2905,DOWN,5001.55,50.6901915481841,3.4383634966200143,NORMAL,25000.0,BUY,ACTIVE
430,2026-03-17 23:02:01.937317,AUDUSD,0.71085,0.0005071954054410922,57.483642614023154,0.710392,0.7101422,0.00015523919801230246,0.0001254900726620692,0.8562122604230719,0.71085,0.001328583778941231,62.75032980565433,0.7062968000000001,0.7069236,DOWN,0.71085,60.93412722404035,0.0002108744528808438,NORMAL,8.0,,
431,2026-03-17 23:02:02.244304,USDCAD,1.36918,0.00043858350810253985,46.506230039262874,1.36932,1.3697214,-0.000155212308903252,-0.00017749274247806572,0.3960071378249615,1.36918,0.0010965490394813388,49.19698837581559,1.3693898000000002,1.3631514999999998,UP,1.36918,48.986926778088815,0.00017620683025691691,NORMAL,9.0,,
432,2026-03-17 23:02:02.614038,NZDUSD,0.58577,0.00040862785222715663,52.192729662409484,0.5857485,0.5855395999999999,3.867046500738436e-05,5.453837260647227e-05,0.5201120594598153,0.58577,0.0009343844207571173,57.503241467762095,0.5838544,0.58792745,DOWN,0.58577,51.65572002693185,0.00020783332940525293,NORMAL,17.0,,
433,2026-03-17 23:02:03.035838,USDCHF,0.78481,0.00038012523930864965,46.99863039546543,0.784691,0.7854868,-0.00020893660899379274,-0.00030272505773902564,0.6135607638976571,0.78481,0.0009331281809734864,36.985296435938594,0.7877368,0.78264425,UP,0.78481,56.66631663922632,0.0001754139143667881,NORMAL,12.0,,
434,2026-03-17 23:05:00.125948,EURUSD,1.15387,0.0013544978174978564,63.96178716177867,1.1519955,1.149174,0.0,0.0012956113102978672,0.7356237127041683,1.15387,0.003280581432633919,54.27152537939934,1.1548794,1.1738961,DOWN,1.15387,54.54779406623064,0.0005418006169244619,NORMAL,3.0,,
435,2026-03-17 23:05:00.308415,GBPUSD,1.33575,0.0015035612166128766,64.19179122043107,1.3335285,1.3303952,0.0,0.0014318632056231836,0.7433709364323312,1.33575,0.003639580850756887,55.08620021187896,1.3356472,1.350657,DOWN,1.33575,55.98762201216026,0.0005542086506083199,NORMAL,9.0,,
436,2026-03-17 23:05:00.464620,USDJPY,158.973,0.16241984725937147,44.08600427703925,159.0745,159.19396,0.0,-0.06571939307600419,0.32569543823066877,158.973,0.374452104108153,49.65289311254269,158.63101999999998,156.17497,UP,158.973,48.296712865644984,0.06340881699705135,NORMAL,600.0,,
437,2026-03-17 23:05:00.615499,XAUUSD,5001.72,17.013367928194643,45.88143576487118,5010.313,5008.8776,0.0,-4.055698284129431,0.30598323993978277,5001.72,41.65865261169274,39.62500772208459,5103.3258,5063.0349,UP,5001.72,48.33247385721765,6.94686916921555,NORMAL,25000.0,,
438,2026-03-17 23:17:00.283829,EURUSD,1.15383,0.0005174721763327334,53.848268156352326,1.1538325,1.1531654,0.0002305562823852192,0.00028480714473717026,0.497243490142105,1.15383,0.001358068948296211,63.655408877362746,1.1491732,1.15479895,DOWN,1.15383,46.292522745072965,0.00022923849840437852,NORMAL,3.0,,
439,2026-03-17 23:17:00.856193,GBPUSD,1.33576,0.0005182960916779527,56.13784275027777,1.3356435000000002,1.3348505999999998,0.0002962379988677988,0.0003363667979627842,0.6002819367927041,1.33576,0.0015035608228133005,64.25914302707582,1.3303953999999998,1.3354387,DOWN,1.33576,48.65525516749515,0.00022902459987820043,NORMAL,9.0,,
440,2026-03-17 23:17:01.194349,USDJPY,158.969,0.0595410250727594,47.82277790020445,158.99290000000002,158.98296,-0.010858322584027746,-0.009848051679578744,0.34363781246788533,158.969,0.16241981714449283,43.8754961338869,159.19387999999998,158.61173,UP,158.969,49.74790128963355,0.02435224092732975,NORMAL,500.0,,
441,2026-03-17 23:17:01.611100,XAUUSD,4999.49,6.646876430135797,45.699536589108405,5001.880999999999,5004.8444,-1.537002967461376,-1.4353061691476952,0.27108565069761076,4999.49,17.10907740102294,44.69663695932425,5008.8330000000005,5104.2802,DOWN,4999.49,46.55282356614599,3.228990447980136,NORMAL,25000.0,SELL,ACTIVE
442,2026-03-17 23:17:02.032881,AUDUSD,0.71045,0.0004926508356646943,51.974518144414596,0.710369,0.7101740000000001,0.00011634004163330047,0.00011893755933380337,0.5670703220418737,0.71045,0.0013485837862541998,60.32301374202514,0.7062888,0.7069216,DOWN,0.71045,47.67809297175343,0.00019722987899826693,NORMAL,11.0,SELL,ACTIVE
443,2026-03-17 23:17:02.480556,USDCAD,1.36933,0.0004193479514013277,48.877065699033295,1.3693015000000002,1.3697076000000001,-0.0001264239822575952,-0.0001654920958470435,0.5228000844850089,1.36933,0.001107263329113275,50.18161592489011,1.3693928,1.36315225,UP,1.36933,54.98779383671423,0.00016775877047838633,NORMAL,9.0,,
444,2026-03-17 23:17:02.772304,NZDUSD,0.58551,0.00040719525053746345,47.19114185957274,0.5856985,0.5855696,2.1387279472984133e-06,4.048465450085224e-05,0.3123635110396048,0.58551,0.0009558130000210057,55.19301789950786,0.5838492,0.5879261499999999,DOWN,0.58551,41.849196509516226,0.00020114316605540465,NORMAL,18.0,,
445,2026-03-17 23:17:03.141665,USDCHF,0.78477,0.000364504048745795,46.04306386327014,0.784695,0.7854456000000001,-0.00018913796331754273,-0.0002802629095100096,0.5715411929314387,0.78477,0.0009416996126790433,36.65790944109709,0.787736,0.7826440499999999,UP,0.78477,53.59992111348074,0.00015935288311212214,NORMAL,12.0,,
446,2026-03-17 23:32:00.283051,EURUSD,1.1539,0.0005021425310844793,54.97899133270012,1.1538275,1.1532179999999999,0.0002191840912064702,0.0002723207106692138,0.5816712300155925,1.1539,0.001358068948296211,64.19354160581375,1.1491745999999998,1.1547992999999999,DOWN,1.1539,49.706138413670615,0.00022458324761018018,NORMAL,3.0,,
447,2026-03-17 23:32:00.605864,GBPUSD,1.33581,0.0005087749422723665,56.63084142505752,1.3356415,1.3349012,0.00027602099394208324,0.000323276554537593,0.6450701310883104,1.33581,0.0015035608228133005,64.5979750677948,1.3303964,1.33543895,DOWN,1.33581,50.95732675266496,0.00021980949128497763,NORMAL,9.0,,
448,2026-03-17 23:32:00.934042,USDJPY,158.922,0.05967584981246004,42.79450450343086,158.9862,158.97948,-0.016631954189648468,-0.011715373492133845,0.12524885443619665,158.922,0.16556267543653094,41.917742454157725,159.19294,158.611495,UP,158.922,39.020193481864865,0.02505135356737039,NORMAL,700.0,,
449,2026-03-17 23:32:01.626316,XAUUSD,5002.39,6.463681174921991,49.66282326864334,5002.148,5004.824,-1.2689513193363382,-1.3938665382167654,0.5253557998478305,5002.39,17.113363116875746,46.24011693212379,5008.8910000000005,5104.2946999999995,DOWN,5002.39,53.4455059396229,3.0639268387983556,NORMAL,25000.0,BUY,ACTIVE
450,2026-03-17 23:32:02.032302,AUDUSD,0.71059,0.0004716961841376274,53.79039332087989,0.7103795,0.7102136,0.00012930095519803064,0.00012318003907646225,0.6708661249927251,0.71059,0.0013485837862541998,61.31426241079556,0.7062916,0.7069223,DOWN,0.71059,52.430618782638554,0.00017872401505843188,NORMAL,10.0,,
451,2026-03-17 23:32:02.339605,USDCAD,1.36927,0.0004003639140563456,47.80398800813106,1.369284,1.3696942,-0.00011658045419737917,-0.00015583740284473314,0.4884828272257008,1.36927,0.001107263329113275,49.78450739371354,1.3693916000000002,1.3631519499999998,UP,1.36927,51.71209676507977,0.0001519145266189477,NORMAL,9.0,,
452,2026-03-17 23:32:02.646887,NZDUSD,0.58564,0.00040030375305009745,49.82017599085016,0.58568,0.5855998,9.369605182496521e-06,3.592090389645123e-05,0.4556963893424228,0.58564,0.0009558130000210057,56.385524470261004,0.5838518,0.5879268,DOWN,0.58564,47.97719214208666,0.00019322900722304798,NORMAL,17.0,,
453,2026-03-17 23:32:02.974909,USDCHF,0.78476,0.0003500496779170069,45.79814379255249,0.7846960000000001,0.7854124,-0.00017101851644296673,-0.00025841403089660103,0.5609975616392852,0.78476,0.0009459853285318178,36.59800089344886,0.7877358,0.7826439999999999,UP,0.78476,52.82362662786931,0.00014386947101993733,NORMAL,12.0,,
454,2026-03-17 23:47:00.793929,EURUSD,1.15406,0.0004842343911090526,57.5018559294151,1.153838,1.1532726,0.00022049450899830347,0.00026259364697317977,0.7428777221617202,1.15406,0.0013602118062225983,65.23328333899349,1.1491778,1.1548001,DOWN,1.15406,56.541841999713164,0.00021185519415891084,NORMAL,3.0,,
455,2026-03-17 23:47:01.397665,GBPUSD,1.33591,0.0004877399974161844,58.06355538036724,1.335658,1.334954,0.0002712448973523074,0.00031312549375581643,0.712238446215694,1.33591,0.0015035608228133005,65.2864731676046,1.3303984,1.33543945,DOWN,1.33591,55.16513140755034,0.00021090100414176703,NORMAL,9.0,,
456,2026-03-17 23:47:02.001708,USDJPY,158.892,0.05886226870340758,39.84508584229205,158.9777,158.97681999999998,-0.021844546027779188,-0.01394542452347938,0.038862427822278334,158.892,0.16741981897273556,40.75693309292959,159.19234,158.611345,UP,158.892,32.888879143549616,0.025371586985556867,NORMAL,700.0,,
457,2026-03-17 23:47:02.574321,XAUUSD,5002.45,6.090714152223478,49.757698296330254,5002.1404999999995,5004.7962,-1.0870825602551122,-1.3340413665560946,0.5324377532270622,5002.45,17.161220277231774,46.272006012609864,5008.8922,5104.295,DOWN,5002.45,53.30097912767722,2.719322139178919,NORMAL,25000.0,,
458,2026-03-17 23:47:03.188521,AUDUSD,0.71081,0.00046183013016861074,56.766646714063064,0.710406,0.7102624,0.0001559932193900826,0.00013204011103662224,0.8056045555766078,0.71081,0.0013485837862541998,62.575853815430754,0.7062960000000001,0.7069234,DOWN,0.71081,59.578457182699374,0.00018457255574589536,NORMAL,10.0,,
459,2026-03-17 23:47:03.792739,USDCAD,1.36916,0.0003854399610115182,45.88339425773961,1.369256,1.3696706,-0.00011938509455200474,-0.00014931275315202905,0.4177641456091591,1.36916,0.001107263329113275,49.068306828762424,1.3693894,1.3631514000000002,UP,1.36916,46.18024418228281,0.00014342377073586746,LOW,9.0,,
460,2026-03-17 23:47:04.349480,NZDUSD,0.5858,0.0003915575666077444,52.94037418933002,0.585675,0.5856322,2.8805206349957757e-05,3.6412294301667674e-05,0.647270857383463,0.5858,0.0009586701439228607,57.71513141207019,0.583855,0.5879276,DOWN,0.5858,54.958494672960235,0.00018616464238315844,NORMAL,17.0,,
461,2026-03-17 23:47:04.843903,USDCHF,0.7848,0.00033530123153517903,46.90860071031284,0.7846975,0.7853802000000001,-0.00014860303599517621,-0.0002358136552781503,0.5975313216678334,0.7848,0.0009459853285318178,36.881976335499886,0.7877366000000001,0.7826442,UP,0.7848,55.06647532034177,0.00013053020585779206,NORMAL,11.0,,
462,2026-03-18 00:02:00.405408,EURUSD,1.15397,0.00048240132235636337,55.86438325417227,1.1538275,1.1533194,0.0001970017921111289,0.00024705020477572894,0.6605090591081277,1.15397,0.0012871864085583036,64.42284533095324,1.149394,1.1547772,DOWN,1.15397,51.57079269135863,0.0002195331020275135,NORMAL,8.0,,
463,2026-03-18 00:02:01.055827,GBPUSD,1.33606,0.0004994320384170614,59.82225625196515,1.335652,1.3349990000000003,0.00026465728394664545,0.0003012620512241866,0.845674395570707,1.33606,0.0014347349909903113,65.37378917759705,1.3306386000000001,1.335447,DOWN,1.33606,58.30242829003023,0.000235109981716205,NORMAL,6.0,,
464,2026-03-18 00:02:01.779774,USDJPY,158.857,0.060014963796018915,36.6252824806142,158.96959999999999,158.97422,-0.02642453875961337,-0.016224267313726184,-0.05862573981122808,158.857,0.16081839536591544,39.34065738208392,159.17926,158.617625,UP,158.857,31.101825644303474,0.028356574188145144,NORMAL,500.0,BUY,ACTIVE
465,2026-03-18 00:02:02.399424,XAUUSD,5001.67,5.854030488289111,48.622606977724544,5001.9325,5004.854200000001,-0.9585950813798263,-1.2530808844496721,0.4699707561785785,5001.67,16.066132802204297,45.91185402543642,5008.606,5103.4942,DOWN,5001.67,50.65065746457487,2.4848531785854244,NORMAL,21000.0,,
466,2026-03-18 00:02:02.987682,AUDUSD,0.71081,0.000457617773932071,56.766646714063064,0.710427,0.7103050000000001,0.00016387835279907392,0.00013840775938911258,0.7795243438310769,0.71081,0.0012777154557160714,62.57585648776755,0.7065212,0.70697125,DOWN,0.71081,58.1268825082135,0.00018926337898884078,NORMAL,8.0,,
467,2026-03-18 00:02:03.727133,USDCAD,1.3691200000000001,0.0003996432291025122,45.84966999688659,1.3692275,1.3696549999999998,-0.00013074913573229985,-0.00014789746556550138,0.4080462683374418,1.3691200000000001,0.001069244384470452,48.92371902407023,1.3693408,1.36315515,UP,1.3691200000000001,46.33742480309051,0.00016235368663232967,NORMAL,5.0,,
468,2026-03-18 00:02:04.268280,NZDUSD,0.58582,0.000397466720013313,53.27595727442433,0.5856605,0.585656,3.0381645607424623e-05,3.405744661407446e-05,0.7022023192669151,0.58582,0.0009187650688706843,57.88811678727681,0.5839876,0.58790855,DOWN,0.58582,53.730716724429044,0.00020281980816774935,NORMAL,9.0,,
469,2026-03-18 00:02:04.794258,USDCHF,0.78475,0.0003329327762214364,45.65563550192082,0.784703,0.785347,-0.00013276572207110426,-0.00021443825667091728,0.544417171333919,0.78475,0.0008953536596307213,36.78926059734251,0.7876314,0.7826592499999999,UP,0.78475,50.22234782111684,0.0001421498695002869,NORMAL,9.0,,
470,2026-03-18 00:05:03.883163,EURUSD,1.15395,0.0012871867489010764,64.3315675170719,1.152209,1.1493936,0.0,0.0012971189587733312,0.7225042339278098,1.15395,0.003280581432633919,54.415993336012065,1.1548809999999998,1.1738965000000001,DOWN,1.15395,55.542507093526964,0.00048232523624130855,NORMAL,2.0,,
471,2026-03-18 00:05:04.159026,GBPUSD,1.33589,0.0014347354154262413,64.72118063962489,1.3337660000000002,1.3306352000000001,0.0,0.0014400510114942378,0.7342917058139823,1.33589,0.003639580850756887,55.312212470207804,1.33565,1.3506577,DOWN,1.33589,57.503371757563265,0.0004993421597085023,NORMAL,6.0,,
472,2026-03-18 00:05:04.518315,USDJPY,158.866,0.16088985816941576,39.68337248576803,159.053,159.17944,0.0,-0.06884353860919966,0.18894320716866042,158.866,0.37823781977810683,47.74653251491612,158.62887999999998,156.174435,UP,158.866,37.38738521532925,0.060068445672349535,NORMAL,500.0,,
473,2026-03-18 00:05:04.794382,XAUUSD,5006.78,16.37613756597664,48.62255570381024,5009.335,5008.7082,0.0,-3.9864723815162,0.43785559467885293,5006.78,41.76793836593856,40.436991591589404,5103.427,5063.0602,UP,5006.78,55.43684470008157,6.161520085376558,NORMAL,21000.0,,
474,2026-03-18 00:17:00.277850,EURUSD,1.15424,0.0004796277585145961,59.7612000208583,1.1538650000000001,1.1533972,0.00022762536648390785,0.0002468666616187725,0.8666062613341858,1.15424,0.0013136149896504344,65.61070541871538,1.1493994,1.15477855,DOWN,1.15424,60.913482599256994,0.00022875453300166005,NORMAL,6.0,,
475,2026-03-18 00:17:00.912907,GBPUSD,1.33619,0.000488401178530138,61.5218030573569,1.335674,1.3350897999999998,0.0002799389114442885,0.0002975079645787325,0.9027442951129012,1.33619,0.001449734996475038,65.8567661032584,1.3306412,1.33544765,DOWN,1.33619,62.34867942840453,0.0002433206190096453,NORMAL,6.0,,
476,2026-03-18 00:17:01.266843,USDJPY,158.827,0.060401650055488094,35.355506400920234,158.95855,158.96786,-0.03593893999030229,-0.02074156082340021,-0.015996760131996326,158.827,0.1643898252432314,38.23986807630436,159.17866,158.61747499999998,UP,158.827,30.025320841337006,0.029434387427013018,NORMAL,500.0,BUY,ACTIVE
477,2026-03-18 00:17:01.621006,XAUUSD,5010.08,6.245936473819544,58.99412400125194,5002.6535,5005.2158,0.30325020715372375,-0.8365155208299249,1.0631082777141108,5010.08,16.725418757556707,50.29258423250221,5008.7742,5103.53625,DOWN,5010.08,64.72808889009836,2.980183571281474,NORMAL,21000.0,SELL,ACTIVE
478,2026-03-18 00:17:01.917755,AUDUSD,0.7111,0.00046671650436549923,60.36602956553014,0.710483,0.7103744000000001,0.00021041553427447734,0.00015676600952287383,0.892501061993258,0.7111,0.001312715468513759,63.89620565272191,0.7065269999999999,0.7069727,DOWN,0.7111,66.30854405986878,0.00019784782476349827,NORMAL,8.0,,
479,2026-03-18 00:17:02.240367,USDCAD,1.36896,0.00039487279437070517,42.96968079246885,1.3691740000000001,1.3696176,-0.00015261017816192712,-0.0001515203499651077,0.30116014277151637,1.36896,0.0010863872478815658,47.80819453401679,1.3693376000000002,1.36315435,UP,1.36896,40.413119940356694,0.0001685687486057343,NORMAL,5.0,SELL,ACTIVE
480,2026-03-18 00:17:02.578696,NZDUSD,0.58613,0.0003981068522572627,58.532726843016846,0.5856885000000001,0.5857066000000001,8.133374801655435e-05,4.7597037378898986e-05,0.9596743240100166,0.58613,0.000942336506060968,60.08511937672532,0.5839938,0.5879101,DOWN,0.58613,63.13891494386174,0.00019433120383943774,NORMAL,9.0,SELL,ACTIVE
481,2026-03-18 00:17:02.875682,USDCHF,0.78465,0.0003253763534301108,43.34959048085134,0.7846909999999999,0.7852879999999999,-0.0001373466930020273,-0.00020042393254111112,0.46119117809005444,0.78465,0.0009082108071890528,36.168769055062434,0.7876294,0.78265875,UP,0.78465,44.94363606736432,0.00014396249605464604,NORMAL,9.0,,
482,2026-03-18 00:32:00.227231,EURUSD,1.15379,0.0005082257757635303,51.39775503588292,1.1538475,1.1534202,0.00016605439304884229,0.00022470534750592503,0.4394922068850518,1.15379,0.001325757851233306,63.30550371939232,1.1493904000000001,1.1547763,DOWN,1.15379,44.191688570317076,0.0002651541291420415,NORMAL,2.0,,
483,2026-03-18 00:32:00.555372,GBPUSD,1.33567,0.0005127500739412456,52.53718710065649,1.335643,1.3351242,0.00020655399462166102,0.0002714037802739416,0.5227364384942407,1.33567,0.0014525921403768928,63.62252226176705,1.3306308000000002,1.33544505,DOWN,1.33567,45.694289406024,0.00028072622367278507,NORMAL,6.0,,
484,2026-03-18 00:32:00.878228,USDJPY,158.978,0.06741377709234084,51.701871388483035,158.9614,158.9697,-0.021658628199361374,-0.019584803358421905,0.5762725500133866,158.978,0.16924696987638083,45.22383122066558,159.18168,158.61823,UP,158.978,58.74933530050328,0.03952984473694161,NORMAL,500.0,,
485,2026-03-18 00:32:01.185288,XAUUSD,5002.66,6.404900195077351,49.43342510500777,5002.2515,5005.0262,-0.2681041391188046,-0.8158793983339268,0.5366398630043112,5002.66,16.74541876486965,46.39231419237315,5008.6258,5103.49915,DOWN,5002.66,48.525911370438536,3.126831537055648,NORMAL,21000.0,,
486,2026-03-18 00:32:01.466547,AUDUSD,0.71057,0.0004742979785434694,51.51307347387481,0.7104775,0.7103932000000001,0.00015818818248214406,0.00015194503100934826,0.5629189638479928,0.71057,0.001312715468513759,60.73759707515341,0.7065164,0.70697005,DOWN,0.71057,44.63317462915002,0.0002074857316513299,NORMAL,8.0,,
487,2026-03-18 00:32:01.773582,USDCAD,1.36943,0.00040335126824220035,52.000453585806355,1.3691795,1.3696222,-9.459240582532225e-05,-0.00013541225401462074,0.7542537311264743,1.36943,0.0010935301076362113,50.97542903030153,1.3693469999999999,1.3631567000000002,UP,1.36943,60.776339347570776,0.00018051745142051769,NORMAL,5.0,,
488,2026-03-18 00:32:02.111955,NZDUSD,0.58576,0.00039543595464705344,51.00890979526992,0.5856755,0.585719,5.171807203030454e-05,4.446454915249182e-05,0.5960491036619641,0.58576,0.000942336506060968,57.434654205330745,0.5839864,0.58790825,DOWN,0.58576,48.267769410538,0.00018967621529482998,NORMAL,9.0,,
489,2026-03-18 00:32:02.408726,USDCHF,0.78486,0.0003238698792055028,49.36657026911979,0.784701,0.7852526000000001,-0.00010465721371333281,-0.00017897315287811953,0.6492687462638866,0.78486,0.0009082108071890528,37.4968637637999,0.7876335999999999,0.7826598,UP,0.78486,56.10873283680007,0.00015326524213898118,NORMAL,9.0,,
490,2026-03-18 00:47:01.052399,EURUSD,1.15362,0.0005159545468824648,48.949604669315725,1.153834,1.1534612,0.0001114113416231799,0.00019783458051740723,0.28574544974719507,1.15362,0.0013450435725708071,61.95463359248265,1.149387,1.15477545,DOWN,1.15362,42.88615053509025,0.00027752304758095155,NORMAL,2.0,,
491,2026-03-18 00:47:01.555428,GBPUSD,1.3355000000000001,0.0005270434360066537,50.16440133104479,1.3356325000000002,1.3351782,0.0001497206823537489,0.00024247228889503125,0.38981425589323004,1.3355000000000001,0.0014854492952481853,62.435291169683346,1.3306274000000002,1.3354442,DOWN,1.3355000000000001,43.55330616077546,0.0002975392560429553,NORMAL,6.0,,
492,2026-03-18 00:47:02.191580,USDJPY,159.027,0.07155769097349886,55.3703640748133,158.9635,158.97053999999997,-0.00942807966799819,-0.01683870078557954,0.7845851950611753,159.027,0.17681840121628853,47.645898305127886,159.18266,158.618475,UP,159.027,60.72130670909837,0.045090092961391236,NORMAL,500.0,,
493,2026-03-18 00:47:02.812951,XAUUSD,5002.68,6.365213446449346,49.363904074331174,5002.273499999999,5004.9708,-0.16185695007516188,-0.6656743388816827,0.5362826299976612,5002.68,16.79541878315205,46.40212410680716,5008.6262,5103.49925,DOWN,5002.68,49.09539675832355,3.2008458295640727,NORMAL,21000.0,,
494,2026-03-18 00:47:03.295795,AUDUSD,0.71083,0.00047705220456587677,55.360535179255756,0.7105025,0.7104324,0.00016675027743273674,0.00015605479824273505,0.7172022539638843,0.71083,0.001329858331924873,62.67000768495316,0.7065216,0.70697135,DOWN,0.71083,54.36955613102455,0.00023295190897015897,NORMAL,8.0,,
495,2026-03-18 00:47:03.739099,USDCAD,1.36939,0.0004099996470412122,50.83950234753815,1.3691710000000001,1.369597,-6.267242780100268e-05,-0.00011843921754682095,0.7384852191854926,1.36939,0.0011071015411700026,50.72000268933492,1.3693461999999998,1.3631565,UP,1.36939,55.156237329438646,0.00019192400951034908,NORMAL,5.0,,
496,2026-03-18 00:47:04.250310,NZDUSD,0.58573,0.0004028027742130779,50.58433939533788,0.5856705,0.5857396,3.4436838130535996e-05,4.0289206378322756e-05,0.5675440788607485,0.58573,0.0009573365115456867,57.20424091183832,0.5839858,0.5879081,DOWN,0.58573,48.60439042877643,0.00019528805610923364,NORMAL,9.0,,
497,2026-03-18 00:47:04.713595,USDCHF,0.78513,0.00034680774497653936,55.17851879812705,0.78472,0.7852148,-4.5392023362733624e-05,-0.0001476620551801883,0.8531059208531853,0.78513,0.0009374965321830384,40.314646833119426,0.787639,0.78266115,UP,0.78513,63.41417817792416,0.0001723902438320092,NORMAL,9.0,,
498,2026-03-18 01:02:00.233469,EURUSD,1.15358,0.000524661875166363,48.865850601693836,1.1538074999999999,1.153493,6.197568718446789e-05,0.0001659402947282895,0.29902060801106384,1.15358,0.001281928176729429,60.87290168271278,1.1495806,1.15474765,DOWN,1.15358,45.01675638746244,0.0002818679990277804,NORMAL,2.0,,
499,2026-03-18 01:02:00.545742,GBPUSD,1.33565,0.0005438362518021125,52.54875368275162,1.335628,1.3352286,0.00011578002193113335,0.0002125389637073443,0.5174926134218423,1.33565,0.001417202815418208,62.25114800862364,1.3308406,1.33545905,DOWN,1.33565,50.531040534371954,0.0003133103019712085,NORMAL,6.0,,
500,2026-03-18 01:02:00.837468,USDJPY,159.049,0.07586989672029038,56.64492091880493,158.9665,158.97238,0.0009187415496967333,-0.01278943454074666,0.8433311305489133,159.049,0.17042830651104035,48.649378274713264,159.1732,158.62601,UP,159.049,59.22511771225052,0.049713668359938165,NORMAL,500.0,,
501,2026-03-18 01:02:01.269456,XAUUSD,4998.8,6.615606363539725,44.7930751146907,5002.210000000001,5004.7919999999995,-0.38335647458916355,-0.5889167489291952,0.2102625682620471,4998.8,16.12503107400814,44.53428551727359,5008.2544,5102.6727,DOWN,4998.8,41.40950554900713,3.506203623204452,NORMAL,21000.0,,
502,2026-03-18 01:02:01.623561,AUDUSD,0.71131,0.0005037933736274958,61.44319505767,0.7105360000000001,0.7104652,0.00019190574553451523,0.0001606722811483924,0.9689813093055472,0.71131,0.0012877255367324055,64.40148393580179,0.7067346000000001,0.707025,DOWN,0.71131,64.55602160941262,0.0002712676466203656,NORMAL,8.0,BUY,ACTIVE
503,2026-03-18 01:02:01.920347,USDCAD,1.36899,0.00042336701919133376,44.58978379684531,1.3691485,1.3695628,-8.812426693038944e-05,-0.00011390785135514676,0.3240516144132434,1.36899,0.0010494513428084965,48.021427419905294,1.3692982,1.36315385,UP,1.36899,41.22258718575128,0.00021551616168550007,NORMAL,5.0,,
504,2026-03-18 01:02:02.336749,NZDUSD,0.58634,0.00041790869850397735,59.88340651533001,0.585709,0.5857716,8.410217832344191e-05,4.994524806081066e-05,1.091284914094394,0.58634,0.0009275267184102687,61.706177315998886,0.5841232,0.5878954000000001,DOWN,0.58634,66.60139164959914,0.00021345423982273146,NORMAL,9.0,SELL,ACTIVE
505,2026-03-18 01:02:02.628189,USDCHF,0.78506,0.000348107191763928,53.197086664334634,0.784729,0.7851738,-2.2830332309986545e-05,-0.0001219298986403419,0.7750799061641955,0.78506,0.0008919610243325177,39.9813257316302,0.7875426,0.7826771499999999,UP,0.78506,57.07526923925928,0.0001830420557746213,NORMAL,9.0,,
506,2026-03-18 01:05:00.045397,EURUSD,1.15387,0.001311928511734676,62.229975135013724,1.1524709999999998,1.1495864,0.0,0.001271244504936414,0.7077846877188619,1.15387,0.003312010015554276,54.27152537939934,1.1548794,1.1738961,DOWN,1.15387,52.91650930338223,0.0005546626282612564,NORMAL,9.0,,
507,2026-03-18 01:05:00.232746,GBPUSD,1.33599,0.0014493461510590748,63.58201362400421,1.3340935,1.3308474000000001,0.0,0.0014221450770491827,0.7435466339630169,1.33599,0.0036802951513582767,55.4722621437513,1.335652,1.3506582,DOWN,1.33599,56.60338276054769,0.0005759628405186194,NORMAL,6.0,,
508,2026-03-18 01:05:00.384094,USDJPY,159.003,0.1749283376879274,46.665841474544,159.04104999999998,159.17228,0.0,-0.06403574612553946,0.4158341852125082,159.003,0.39023782416588615,50.21501996579223,158.63162,156.17512,UP,159.003,52.50677204312806,0.08036509985386038,NORMAL,500.0,,
509,2026-03-18 01:05:00.519569,XAUUSD,5008.57,16.36860733167216,49.70842447302709,5007.742,5008.4498,0.0,-3.898463618836391,0.526501897287087,5008.56,42.117224207940005,40.826830566098764,5103.4626,5063.0691,UP,5008.56,56.28811495959303,6.857733143079232,NORMAL,21000.0,,
510,2026-03-18 01:17:01.344433,EURUSD,1.1534200000000001,0.0005271860269402002,46.39369035342051,1.153792,1.1535124,2.6740012072368202e-05,0.00013682388492073811,0.18825591749618467,1.1534200000000001,0.0013119281876988822,60.08157529096359,1.1495774,1.15474685,DOWN,1.1534200000000001,42.07819258116773,0.00030907897031520894,NORMAL,6.0,,
511,2026-03-18 01:17:01.651481,GBPUSD,1.33539,0.0005545316215713579,48.8833238108643,1.3356295,1.3352686000000002,7.730990076271205e-05,0.0001829404445657192,0.30254685000477116,1.33539,0.001453631400166823,61.16589407955331,1.3308354,1.33545775,DOWN,1.33539,44.47485327817893,0.00035126730966827984,NORMAL,6.0,,
512,2026-03-18 01:17:01.995268,USDJPY,159.049,0.07821592450557413,56.2826915900408,158.96564999999998,158.97224,0.005160695794415915,-0.00949296972727531,0.8529071427535186,159.049,0.1757140227294656,48.649378274713264,159.1732,158.62601,UP,159.049,58.00464301388738,0.05202321572947915,NORMAL,500.0,,
513,2026-03-18 01:17:02.364840,XAUUSD,5012.93,7.076736521246113,60.509984729255784,5003.4985,5005.2376,1.2537808123370269,-0.05904618254494509,1.0800451011530647,5012.93,16.873602776293428,51.9565337293966,5008.536999999999,5102.743350000001,DOWN,5012.93,65.32062292591574,3.818110105746932,NORMAL,21000.0,SELL,ACTIVE
514,2026-03-18 01:17:02.703210,AUDUSD,0.71122,0.0005067877244908349,60.47457575491415,0.710574,0.7104926,0.00020735704781127406,0.00016847761054935664,0.8782513146818008,0.71122,0.0013120112598981489,64.00694459506468,0.7067328,0.70702455,DOWN,0.71122,57.70497903830624,0.0003015884949123458,NORMAL,8.0,,
515,2026-03-18 01:17:03.000038,USDCAD,1.36901,0.0004245040688409261,44.96207551340937,1.3691280000000001,1.3695378,-9.796552066365649e-05,-0.00011071938521684872,0.3645110386270566,1.36901,0.0010701656360969172,48.153399992675176,1.3692986000000003,1.36315395,UP,1.36901,45.16231946918895,0.00022757207908649356,NORMAL,5.0,,
516,2026-03-18 01:17:03.291668,NZDUSD,0.58612,0.00042106828126390006,56.529745323316696,0.5857289999999999,0.5857902,9.089195684586215e-05,5.622005990328807e-05,0.8698525797770179,0.58612,0.0009453838677968424,60.18305975356734,0.5841187999999999,0.5878943,DOWN,0.58612,56.191781841725,0.0002359761511918468,NORMAL,9.0,,
517,2026-03-18 01:17:03.630084,USDCHF,0.78528,0.0003465076984746684,58.74490474705903,0.7847495,0.7851516,1.9992542629521104e-05,-9.124797448893338e-05,0.902478405770103,0.78528,0.0009062467438417767,41.838570853659206,0.787547,0.78267825,UP,0.78528,63.512526426408854,0.00019637509795980055,NORMAL,9.0,,
518,2026-03-18 01:32:00.268736,EURUSD,1.15338,0.0005053972290975144,45.74801786429099,1.1537665,1.1535126,2.503954596111413e-06,0.00011008753418343528,0.1885413345061323,1.15338,0.0013119281876988822,59.87871696834807,1.1495766,1.15474665,DOWN,1.15338,41.96177043211983,0.00028604334897324216,NORMAL,7.0,,
519,2026-03-18 01:32:00.591152,GBPUSD,1.33527,0.0005305344649284982,47.043135221703224,1.3356160000000001,1.3352788000000002,4.798390871352254e-05,0.00015569386673999937,0.224327683048758,1.33527,0.001453631400166823,60.643678266248116,1.3308330000000002,1.33545715,DOWN,1.33527,42.06004870867329,0.00032421407266071585,NORMAL,6.0,,
520,2026-03-18 01:32:00.919379,USDJPY,159.05,0.07608315438782784,56.04999845715,158.96855,158.97456,0.010681698193536704,-0.005304873749950558,0.82658817297751,159.05,0.1757140227294656,48.69437325873054,159.17322000000001,158.626015,UP,159.05,57.21116845181612,0.04845571657119666,NORMAL,500.0,,
521,2026-03-18 01:32:01.273016,XAUUSD,5006.88,7.006051259524457,53.155887577383844,5003.503,5005.1086,0.9483583592727882,0.08002105060484507,0.730672743243382,5006.88,16.889317067753566,48.77939950585613,5008.416,5102.7131,DOWN,5006.88,51.45809830257533,3.742473273531955,NORMAL,21000.0,,
522,2026-03-18 01:32:01.580056,AUDUSD,0.71157,0.0005217110502925118,63.27670362796266,0.7106505000000001,0.7105182000000001,0.0002814673850416449,0.00019707442584667576,0.9409915911109312,0.71157,0.0013184398336773184,65.49416881049987,0.7067398,0.7070263,DOWN,0.71157,62.05407516742925,0.00030709798800488964,NORMAL,7.0,,
523,2026-03-18 01:32:01.892662,USDCAD,1.36911,0.00040826398229106334,46.85722509884909,1.3691385,1.369521,-9.53504722922549e-05,-0.00010739033197664943,0.4663386265990914,1.36911,0.0010701656360969172,48.824295068057076,1.3693006000000003,1.3631544500000001,UP,1.36911,48.656895119872225,0.00021924339063009586,NORMAL,5.0,,
524,2026-03-18 01:32:02.199450,NZDUSD,0.58615,0.0004098695264797435,56.74743988264993,0.5857574999999999,0.5858014,0.00011433471351540714,6.937461455732399e-05,0.8386085022022434,0.58615,0.0009453838677968424,60.39785368235728,0.5841194,0.58789445,DOWN,0.58615,55.87504129740575,0.00022424039007626868,NORMAL,9.0,,
525,2026-03-18 01:32:02.496429,USDCHF,0.78528,0.00032874694450198735,58.51662086139143,0.784775,0.7851352,4.3297292377730834e-05,-6.408365046030224e-05,0.8588687943828185,0.78528,0.0009062467438417767,41.838570853659206,0.787547,0.78267825,UP,0.78528,62.59178317686215,0.00017685976986569463,NORMAL,9.0,,
526,2026-03-18 01:47:00.912864,EURUSD,1.15357,0.0004949606923252616,49.03836007649776,1.1537564999999999,1.1535184,9.10502926143586e-06,9.218846909645355e-05,0.3452540294289527,1.15357,0.0013119281876988822,60.82436407939472,1.1495804,1.1547476,DOWN,1.15357,47.27134163348381,0.00027391232067370717,NORMAL,2.0,,
527,2026-03-18 01:47:01.298208,GBPUSD,1.33548,0.0005183534317193387,50.31846068798216,1.3356439999999998,1.3352980000000003,5.786060784451763e-05,0.00013931809815178524,0.3571003464675846,1.33548,0.001453631400166823,61.548550928535995,1.3308372,1.3354582,DOWN,1.33548,47.17602634450402,0.0003001986769553501,NORMAL,6.0,,
528,2026-03-18 01:47:01.730128,USDJPY,159.002,0.07703639846216657,51.68221871809489,158.96855,158.97596,0.0067342436462070054,-0.0036373351710037236,0.6394841932106725,159.002,0.1758568799245589,46.624506943516906,159.17226,158.625775,UP,159.002,50.92764466712161,0.04725737364466043,NORMAL,500.0,,
529,2026-03-18 01:47:02.177677,XAUUSD,4996.4,7.304037394048215,42.408140825480835,5003.051,5004.531,-0.1530151475853927,-0.033084194731142734,0.06849308634006096,4996.4,16.99788853602398,43.42951219111115,5008.206399999999,5102.6607,DOWN,4996.4,34.85388979816118,4.04318036063419,NORMAL,21000.0,SELL,ACTIVE
530,2026-03-18 01:47:02.578400,AUDUSD,0.71131,0.0005053133222103915,58.811413167207085,0.7107105,0.7105155999999999,0.0002788170826300007,0.00021189133327172868,0.7956367435161024,0.71131,0.0013184398336773184,64.40148393580179,0.7067346000000001,0.707025,DOWN,0.71129,54.445013736795715,0.000293675302150229,NORMAL,8.0,,
531,2026-03-18 01:47:02.953476,USDCAD,1.3693,0.0003949185958008666,50.27763965294047,1.3691745000000002,1.3695164,-7.21492839321769e-05,-9.906576909142336e-05,0.6702213748548094,1.3693,0.0010708799220723849,50.15060609330534,1.3693044,1.3631554,UP,1.3693,55.07668913219444,0.0002070263563053344,NORMAL,5.0,,
532,2026-03-18 01:47:03.323208,NZDUSD,0.58604,0.0003903380296903762,54.52883804592434,0.585777,0.5858008,0.00011081238942522997,7.676872223745888e-05,0.7275573391741886,0.58604,0.0009453838677968424,59.59871767683621,0.5841172,0.5878939,DOWN,0.58604,51.56955956968911,0.00021022147087800013,NORMAL,9.0,,
533,2026-03-18 01:47:03.708352,USDCHF,0.7854,0.000318887468874293,61.45524755171065,0.784844,0.785123,7.308066727673701e-05,-3.588497494707058e-05,0.9059066912038849,0.7854,0.0009098181737190993,43.03633993600517,0.7875494000000001,0.78267885,UP,0.7854,66.93895392984984,0.00016429518856588959,NORMAL,9.0,,
534,2026-03-18 02:02:01.093730,EURUSD,1.15347,0.000496085948995905,47.6335463150069,1.1537479999999998,1.153514,-1.7372148107375196e-05,6.772363910298913e-05,0.2754384195586468,1.15347,0.0012361271477067165,60.370576798041434,1.1497364,1.15472095,DOWN,1.15347,45.716916226066154,0.00027279583252106103,NORMAL,2.0,,
535,2026-03-18 02:02:01.406180,GBPUSD,1.33551,0.0005248485947597926,50.950417010377116,1.3356394999999999,1.3353072,4.123730194738329e-05,0.00011753213834107368,0.3891430999862449,1.33551,0.001370769912863256,61.73866644480519,1.3310178,1.3354759999999999,DOWN,1.33551,49.863749027489035,0.00029651869505851303,NORMAL,6.0,,
536,2026-03-18 02:02:01.713055,USDJPY,158.994,0.07603379857201199,50.85458486656402,158.96985,158.9791,0.0071058727055230975,-0.0013738218008265992,0.599812191623767,158.994,0.1650099529565134,46.243340712323956,159.16631999999998,158.63234500000002,UP,158.994,49.26595101030631,0.04572036061444122,NORMAL,500.0,,
537,2026-03-18 02:02:02.114075,XAUUSD,5000.68,7.392677580187619,46.8389610874311,5003.012000000001,5004.2372000000005,-0.20792967329725798,-0.03920770639873584,0.34309384340808274,5000.68,16.39411030275399,45.71805194150505,5007.7608,5101.87025,DOWN,5000.68,42.68953359060398,4.332213516162999,NORMAL,21000.0,SELL,ACTIVE
538,2026-03-18 02:02:02.410884,AUDUSD,0.71126,0.0005010052277667901,57.927659619109264,0.7107915,0.7105106000000001,0.0002727632387139467,0.00022317226706672596,0.7663505375906382,0.71126,0.0012328369069273316,64.1901201420753,0.7069275999999999,0.707089,DOWN,0.71126,53.56159564692438,0.00028897044585285436,NORMAL,8.0,,
539,2026-03-18 02:02:02.717642,USDCAD,1.36927,0.0003996693083456943,49.746992422538234,1.369189,1.3695252,-6.364032458039404e-05,-9.236358617212052e-05,0.6145870070885995,1.36927,0.00102734763968373,49.937502160128865,1.3692754,1.3631507999999999,UP,1.36927,52.42636806510024,0.00021179237956389196,NORMAL,5.0,,
540,2026-03-18 02:02:03.181316,NZDUSD,0.58616,0.0003856200071614723,56.749094767627604,0.585802,0.5858032,0.00012381704906638813,8.681656424142828e-05,0.795349993778204,0.58616,0.0008864278307503642,60.507106997737935,0.5842342,0.5878853,DOWN,0.58616,55.56118018780641,0.00020699648912125905,NORMAL,9.0,,
541,2026-03-18 02:02:03.509365,USDCHF,0.78548,0.00032315060885265684,61.89431489632489,0.784914,0.7851107999999999,0.00010806865442980484,-5.052083829540106e-06,0.9003674395223569,0.78548,0.0008718719553997374,43.92656264791144,0.7874814000000001,0.7826951,UP,0.78548,64.7361235043223,0.00016474868143858304,NORMAL,9.0,,
542,2026-03-18 02:05:00.085679,EURUSD,1.15328,0.0012425560670189235,59.09901822281122,1.1527020000000001,1.1497325999999999,0.0,0.0012292950531295997,0.6085229848908554,1.15328,0.0030931418930920237,53.0846371974692,1.154719,1.1736748,DOWN,1.15328,44.30703071878662,0.0005024921277626831,NORMAL,2.0,,
543,2026-03-18 02:05:00.242192,GBPUSD,1.33517,0.00138077040557526,59.81323137989577,1.3343665,1.331011,0.0,0.0013816816984452422,0.6321217200852445,1.33517,0.0034437434001607266,54.003090616670185,1.335631,1.35042665,DOWN,1.33517,45.484580998851456,0.000534802472111514,NORMAL,6.0,,
544,2026-03-18 02:05:00.387919,USDJPY,159.01,0.16500998703674932,46.953964666740454,159.02445,159.16664,0.0,-0.06171369089890419,0.4582364360539817,159.01,0.36407797213905524,50.34654861280117,158.66098,156.20468499999998,UP,159.01,52.300161858770515,0.07602592305960924,NORMAL,500.0,,
545,2026-03-18 02:05:00.528541,XAUUSD,4997.14,16.50554354267515,43.711029542311934,5006.0655,5007.69,0.0,-4.125282251668371,0.2103601380920233,4997.14,39.87440881066908,38.955822552384646,5101.5764,5061.1237,UP,4997.14,42.939765571705365,7.503263024798393,NORMAL,21000.0,,
546,2026-03-18 02:17:00.288474,EURUSD,1.15331,0.000478355319986004,44.734579797427806,1.153723,1.153517,-4.618878960838124e-05,4.3281894101480456e-05,0.1882282506741286,1.15331,0.0012482700092895883,59.33993710028878,1.1497332,1.15472015,DOWN,1.15331,40.816988420527544,0.0002510509734194817,NORMAL,2.0,,
547,2026-03-18 02:17:00.611185,GBPUSD,1.33508,0.0005157777767667523,44.287596963183056,1.335597,1.3353068,-2.3649361096333976e-05,8.355224870997571e-05,0.11938650608696998,1.33508,0.0013929127781026121,59.18388231278801,1.3310092,1.3354738499999999,DOWN,1.33508,39.12053183852029,0.00027844840981904956,NORMAL,6.0,,
548,2026-03-18 02:17:00.908110,USDJPY,159.025,0.07344464969441909,53.64385557439877,158.97390000000001,158.98248,0.01045830368963152,0.0012478739525356034,0.7053078862905792,159.025,0.16672423929762473,47.702956299496485,159.16693999999998,158.6325,UP,159.025,54.278634326344516,0.04258394817426486,NORMAL,500.0,,
549,2026-03-18 02:17:01.449589,XAUUSD,5000.5,7.121363875480339,46.70360641489405,5002.795499999999,5003.994,-0.4651666383624615,-0.13703539022731095,0.3484913328823466,5000.5,16.54982464540495,45.60897526616399,5007.7572,5101.86935,DOWN,5000.5,43.43569794571662,4.04564488533125,NORMAL,21000.0,,
550,2026-03-18 02:17:01.803381,AUDUSD,0.71066,0.0005142497523140609,49.197256894175325,0.710784,0.7104902,0.00018570106493964733,0.00020827517763844145,0.42408036118940073,0.71065,0.001279265495332431,59.45480395121463,0.7069153999999999,0.7070859500000001,DOWN,0.71065,40.57796905674565,0.0003023521193231939,NORMAL,8.0,SELL,ACTIVE
551,2026-03-18 02:17:02.095156,USDCAD,1.36955,0.00039760109244344307,54.72382264684193,1.369229,1.3695402,-2.0335170262120172e-05,-7.553283176504427e-05,0.9191180272969791,1.36955,0.001047347646996699,52.00004066500992,1.369281,1.3631522,UP,1.36955,60.23260539086844,0.00021140002674672445,NORMAL,5.0,,
552,2026-03-18 02:17:02.516935,NZDUSD,0.58575,0.00038960633318054893,48.86033378818695,0.5858035,0.5857912,6.966355708948324e-05,7.777000839508088e-05,0.4498871986629993,0.58575,0.0009157135557443498,56.223720772190426,0.584226,0.58788325,DOWN,0.58575,42.556269880911024,0.0002044647361128164,NORMAL,9.0,SELL,ACTIVE
553,2026-03-18 02:17:02.855248,USDCHF,0.78556,0.0003078235245468586,64.54978930121106,0.7849815,0.7850926,0.00013494251965129322,2.384028416009064e-05,0.9084893581432246,0.78556,0.0008768719572279796,44.55867516037904,0.787483,0.7826955,UP,0.78556,67.37438135937366,0.00015106166844551573,NORMAL,9.0,,
554,2026-03-18 02:32:01.214882,EURUSD,1.15357,0.00047581973590534945,49.744820418867015,1.1537345,1.1535336,-2.520809351258535e-05,3.2519509114269004e-05,0.37143464015327976,1.15357,0.00125469858306875,60.89899175172833,1.1497384000000002,1.15472145,DOWN,1.15357,51.12899627984427,0.0002535178259515281,NORMAL,2.0,,
555,2026-03-18 02:32:01.527139,GBPUSD,1.33542,0.0005080691600589179,49.978743093730756,1.335615,1.3353282,1.3551319899551828e-06,7.132479117794042e-05,0.3474640477647207,1.33542,0.0013929127781026121,61.33034845581467,1.3310160000000002,1.33547555,DOWN,1.33542,50.06401295190155,0.00027288831160566363,NORMAL,6.0,,
556,2026-03-18 02:32:01.803148,USDJPY,158.938,0.07354554206318334,45.77258247550266,158.96965,158.98141999999999,0.0012032647074988745,0.0004986672032481273,0.37132875012830957,158.938,0.17029566917493866,43.917054449252284,159.1652,158.632065,UP,158.938,39.89816640013516,0.041420648700793795,NORMAL,500.0,,
557,2026-03-18 02:32:02.110457,XAUUSD,5002.27,7.219888904782765,48.813125142861736,5002.8150000000005,5003.741,-0.3468548072314661,-0.15589727932616373,0.4636557421938528,5002.27,16.874110478265163,46.66289293319369,5007.7926,5101.8782,DOWN,5002.27,47.818820508940306,4.108552427855251,NORMAL,21000.0,,
558,2026-03-18 02:32:02.391625,AUDUSD,0.71099,0.000517262525107956,53.36536783139577,0.710848,0.7105029999999999,0.00019950484397779356,0.0002109883473735612,0.5952378911783598,0.71099,0.001279265495332431,62.04341734663451,0.7069222,0.70708765,DOWN,0.71099,48.93480664608792,0.0003029040233608453,NORMAL,8.0,,
559,2026-03-18 02:32:02.698743,USDCAD,1.36916,0.00040802754502401067,47.830951946544545,1.3692055,1.3695482,-5.687658957231889e-05,-7.754517307011564e-05,0.4360688973019843,1.36916,0.001055919078702248,49.108505901467566,1.3692731999999999,1.36315025,UP,1.36916,47.213562365730944,0.0002199108271249065,NORMAL,5.0,,
560,2026-03-18 02:32:02.995524,NZDUSD,0.5861,0.000397695676728879,54.66528862713532,0.585861,0.585808,0.0001052660810365591,8.811936537352889e-05,0.7325042608676027,0.5861,0.0009157135557443498,60.04414057057578,0.584233,0.587885,DOWN,0.5861,53.881220981354836,0.0002069440488173371,NORMAL,9.0,,
561,2026-03-18 02:32:03.318398,USDCHF,0.7854,0.0002993565380996405,58.8084724662398,0.7850225000000001,0.785069,0.00012623496486607877,4.202178440385235e-05,0.7902183590786165,0.7854,0.0008833005310071493,43.31213366118053,0.7874798,0.7826947,UP,0.7854,56.29256969400033,0.0001414418012221452,NORMAL,9.0,,
562,2026-03-18 02:47:00.253581,EURUSD,1.15349,0.0004641795506876161,48.20825855626016,1.1537264999999999,1.1535534,-3.2935028732694605e-05,1.8662789579070232e-05,0.3179943755139685,1.15349,0.0012704128745289443,60.477399277388905,1.1497368000000001,1.15472105,DOWN,1.15349,48.248469875910715,0.0002571465904791672,NORMAL,2.0,,
563,2026-03-18 02:47:00.550373,GBPUSD,1.3355299999999999,0.0004927989139322622,51.56153082856587,1.3356245,1.3353526,1.9550569444248822e-05,6.313974740099776e-05,0.4252458322155619,1.3355299999999999,0.0014057699256609516,61.82823549670878,1.3310182,1.3354761,DOWN,1.3355299999999999,52.09970927619151,0.0002698472795757439,NORMAL,6.0,,
564,2026-03-18 02:47:00.935749,USDJPY,158.929,0.07237392171173355,45.26081691425055,158.9642,158.98004,-0.004263152134910797,-0.0006834402541271784,0.35688313313096987,158.929,0.17315281307679223,43.564842097673285,159.16502,158.63201999999998,UP,158.929,41.56037639476092,0.04351874858076565,NORMAL,500.0,,
565,2026-03-18 02:47:01.260924,XAUUSD,5003.54,6.956274391175827,50.51137547679014,5002.646,5003.535400000001,-0.3266910614065637,-0.20345774514390363,0.5604303530897157,5003.54,16.874110478265163,47.394272676618215,5007.818,5101.88455,DOWN,5003.54,51.48204243402715,3.80959734470485,NORMAL,21000.0,,
566,2026-03-18 02:47:01.542286,AUDUSD,0.7107,0.0005088356100492227,49.447182621048796,0.710873,0.7105079999999999,0.000148871691411534,0.0001956294036455363,0.3619918401630495,0.7107,0.001279265495332431,59.821851579167166,0.7069163999999999,0.7070862,DOWN,0.7107,42.69656278634245,0.00029959538571437444,NORMAL,8.0,,
567,2026-03-18 02:47:01.849634,USDCAD,1.36942,0.0004038827203794221,52.250921670196725,1.3692425,1.3695644000000002,-1.9978721593316706e-05,-6.27133642562156e-05,0.7510599085120987,1.36942,0.0010609190805304903,51.06398105366925,1.3692783999999998,1.36315155,UP,1.36942,55.57730540968787,0.00021820091873025357,NORMAL,5.0,,
568,2026-03-18 02:47:02.345787,NZDUSD,0.58591,0.0003903092508400838,51.20376057129902,0.585885,0.5858158,8.381511916288886e-05,8.534398621686799e-05,0.5293958157389007,0.58591,0.0009214278435480518,57.924814944045934,0.5842292,0.58788405,DOWN,0.58591,47.34707309739048,0.00020449995232786925,NORMAL,9.0,SELL,ACTIVE
569,2026-03-18 02:47:02.871417,USDCHF,0.78541,0.0002954739282353682,59.08477398040584,0.7850634999999999,0.7850422,0.00012940595685229095,5.937098356591758e-05,0.7723277868321721,0.78541,0.0008847291029580688,43.387995624252746,0.7874800000000001,0.78269475,UP,0.78541,55.477206978240005,0.00013880065601487172,NORMAL,9.0,BUY,ACTIVE
570,2026-03-18 03:02:00.808768,EURUSD,1.15326,0.00045949325625073607,44.14651196101934,1.153663,1.1535458,-6.799287438163937e-05,-1.7315910763314185e-06,0.1891270521827162,1.15326,0.0011882404822093325,58.91969674674406,1.149899,1.15469975,DOWN,1.15326,41.41336809823708,0.000251646584940292,NORMAL,10.0,,
571,2026-03-18 03:02:01.100338,GBPUSD,1.33528,0.0004980581751819941,47.75785250087673,1.335572,1.3353428,-1.361388863019286e-05,4.4342866348596876e-05,0.26888109298088375,1.33528,0.001314643452514586,60.55758799944295,1.3312002,1.3354862499999998,DOWN,1.33528,45.75949023085539,0.0002677259738708771,NORMAL,6.0,,
572,2026-03-18 03:02:01.397122,USDJPY,158.918,0.0720206824057929,44.31578133504538,158.96359999999999,158.97976,-0.009235322978611293,-0.0025980333232404644,0.31586260217068296,158.918,0.16440719992375916,43.22104840427768,159.15462000000002,158.637885,UP,158.918,41.2210028307319,0.042991220425079,NORMAL,500.0,,
573,2026-03-18 03:02:01.704086,XAUUSD,4992.0,7.341744587724481,38.705400600654826,5001.5295,5002.6012,-1.8827234002992554,-0.6886442095083171,0.018051084783765846,4992.0,16.202285899706695,41.36782629864786,5007.4718,5100.962750000001,DOWN,4992.0,30.54739686626337,4.093735273229673,NORMAL,21000.0,,
574,2026-03-18 03:02:02.016488,AUDUSD,0.7101,0.0005322861276987718,42.58150504212678,0.710807,0.7104848,3.767859309111721e-05,0.00015650875720417894,0.04966239284612737,0.7101,0.0012403893656699574,55.69083724850794,0.7070816,0.7071398999999999,DOWN,0.7101,32.60515256739302,0.0003054523536564887,NORMAL,8.0,,
575,2026-03-18 03:02:02.386278,USDCAD,1.36981,0.0004099829342298762,58.03907841772756,1.369289,1.3695861999999999,4.557542838745654e-05,-3.658836926023184e-05,1.0367145519264769,1.36981,0.0010108023728401115,53.788837090752686,1.3692707999999998,1.3631581499999998,UP,1.36981,65.66867530662415,0.0002177191039091236,NORMAL,5.0,SELL,ACTIVE
576,2026-03-18 03:02:02.693006,NZDUSD,0.58534,0.00040753205945354354,42.57479782320651,0.585829,0.585796,-2.0685223834915334e-06,6.122444745976887e-05,0.038731962575844825,0.58534,0.0008861217502934864,52.254492574149985,0.5843166,0.5878669,DOWN,0.58534,33.857136976587,0.00021927569036143675,NORMAL,9.0,,
577,2026-03-18 03:02:03.036851,USDCHF,0.7854,0.00029411354560631206,57.9309785388436,0.7851025,0.7850336,0.0001339383392032767,7.505026665919545e-05,0.7349857890570768,0.7854,0.0008326565876930048,43.27139027644732,0.7874002,0.7827097999999999,UP,0.7854,53.792741032477394,0.00014139625343546048,NORMAL,9.0,,
578,2026-03-18 03:05:00.033605,EURUSD,1.15327,0.0011903836948849171,58.97914190081631,1.1528899999999997,1.1498992,0.0,0.001186314364120104,0.5865588870482978,1.15327,0.00312099904613509,53.062032283726076,1.1547188000000002,1.17367475,DOWN,1.15327,44.36338059609493,0.00046158428816599445,NORMAL,2.0,,
579,2026-03-18 03:05:00.372057,GBPUSD,1.33518,0.001321072519462738,59.84042548197568,1.3346045,1.3311982,0.0,0.0013448488960988631,0.6170053444675743,1.33518,0.003468743409301938,54.024024622846376,1.3356312,1.3504266999999999,DOWN,1.33518,46.23637531959644,0.0005044129912434765,NORMAL,6.0,,
580,2026-03-18 03:05:00.553944,USDJPY,158.929,0.16440723286065473,43.803190403770394,159.0044,159.15484,0.0,-0.06293689933131667,0.2544282338937971,158.929,0.3735065470151675,48.737971715427946,158.65936,156.20428,UP,158.929,45.49007479506745,0.07201007017776388,NORMAL,500.0,,
581,2026-03-18 03:05:00.829872,XAUUSD,4990.82,16.533004718198388,40.78716675155448,5004.837,5007.4482,0.0,-4.438981942014677,0.09697503971883441,4990.82,40.988694932391425,38.02527083967212,5101.45,5061.0921,UP,4990.82,37.630485961495374,7.671320630350413,NORMAL,21000.0,BUY,ACTIVE
582,2026-03-18 03:17:00.243328,EURUSD,1.15332,0.00044238659508996566,45.489511777267865,1.1536214999999999,1.1535474,-6.997156412924532e-05,-1.4358503065792095e-05,0.2479568798372917,1.15332,0.001198240485865817,59.27385254183998,1.1499002,1.15470005,DOWN,1.15332,44.306510682395654,0.00023381808423833598,NORMAL,2.0,,
583,2026-03-18 03:17:00.555773,GBPUSD,1.3352,0.0004767683055261404,46.46235460647285,1.3355245,1.3353506000000002,-3.018100591023476e-05,2.9182821241550027e-05,0.22794729097278082,1.3352,0.0013246434561710704,59.9931821278471,1.3311985999999998,1.33548585,DOWN,1.3352,44.677934906587865,0.0002450898898030689,NORMAL,6.0,,
584,2026-03-18 03:17:00.878609,USDJPY,158.939,0.06849369488701153,46.605876307273455,158.9637,158.98014,-0.009611362111627386,-0.0038475366877555018,0.39987416449163676,158.939,0.16476434291149034,44.322124893861584,159.15504,158.63799,UP,158.939,45.78636110326397,0.03889771603185684,NORMAL,500.0,,
585,2026-03-18 03:17:01.201395,XAUUSD,4994.76,7.474885280438048,42.25962196749435,5001.278499999999,5002.2065999999995,-1.997778942525656,-0.923284831325623,0.17326018001511104,4994.76,16.796571831291978,43.15155357685616,5007.527,5100.976549999999,DOWN,4994.76,40.63923479533608,4.377977670595753,NORMAL,21000.0,,
586,2026-03-18 03:17:01.789478,AUDUSD,0.71046,0.0005310514042917203,47.29899407805783,0.7108085000000001,0.7104972,3.9129112485492e-05,0.00013788297071059394,0.2668967817426403,0.71046,0.001275389378467645,57.59916828487024,0.7070888,0.7071417,DOWN,0.71046,43.882629252046186,0.0002963012015319782,NORMAL,8.0,,
587,2026-03-18 03:17:02.112236,USDCAD,1.36966,0.00040814741851959564,55.30578282369441,1.369303,1.3695738,5.0257423058308603e-05,-2.177191734922243e-05,0.8756665903102937,1.36966,0.0010365166679567905,52.616742170985866,1.3692677999999998,1.3631574,UP,1.36966,57.70561824331911,0.00021907223015864483,NORMAL,5.0,,
588,2026-03-18 03:17:02.424806,NZDUSD,0.58542,0.0003886777286762562,43.85735725542144,0.5858065,0.5857932,-2.429215932508999e-05,4.539747937914644e-05,0.14199455408795778,0.58542,0.0008925503240726562,53.00035589276864,0.5843182,0.5878673,DOWN,0.58542,38.37450483889381,0.00020163938192597114,NORMAL,9.0,,
589,2026-03-18 03:17:02.857050,USDCHF,0.7854,0.0002799931903079092,57.70433379315804,0.7851345000000001,0.785019,0.00013036530633991905,8.573036861243716e-05,0.7147137641790343,0.7854,0.0008362280175703195,43.27139027644732,0.7874002,0.7827097999999999,UP,0.7854,53.49639343376291,0.00013123023722032523,NORMAL,9.0,,
590,2026-03-18 03:32:00.283972,EURUSD,1.15326,0.00042803245054271377,44.516532149742595,1.1535805,1.1535528000000002,-8.54379398234073e-05,-2.9595473038401717e-05,0.23273647659888227,1.15326,0.001198240485865817,58.91969674674406,1.149899,1.15469975,DOWN,1.15326,42.59944483841574,0.0002199967024965492,NORMAL,2.0,,
591,2026-03-18 03:32:00.622574,GBPUSD,1.3352,0.00045970322247834494,46.426169086638424,1.3354855,1.3353648,-3.971929588453271e-05,1.5785303799236505e-05,0.24682501850228353,1.3352,0.0013282148860483932,59.9931821278471,1.3311985999999998,1.33548585,DOWN,1.3352,44.80622039446911,0.000225630115937977,NORMAL,6.0,,
592,2026-03-18 03:32:00.919211,USDJPY,158.966,0.06762169627263104,49.33815471436303,158.9654,158.98044,-0.005990570274803986,-0.003778365627387571,0.5024408583704666,158.966,0.16762148681334188,45.676571111089885,159.15558000000001,158.638125,UP,158.966,50.41778231553864,0.03588151195062262,NORMAL,500.0,,
593,2026-03-18 03:32:01.320184,XAUUSD,4996.08,7.167495515508813,43.93998017917228,5001.341,5001.7954,-2.00059462241461,-1.1196014903981089,0.2320502275217961,4996.08,16.853714709329033,43.96682559134565,5007.553400000001,5100.98315,DOWN,4996.08,43.6056949708589,3.9298945409409427,NORMAL,21000.0,BUY,ACTIVE
594,2026-03-18 03:32:01.627257,AUDUSD,0.71051,0.0005201599774545537,47.918415084891926,0.7108065,0.7105194,2.4369768897636312e-05,0.00011607377764146648,0.3020360019802781,0.71051,0.0012889608120014442,57.84951531457721,0.7070898,0.70714195,DOWN,0.71051,45.07792419434914,0.00027923125014422224,NORMAL,8.0,,
595,2026-03-18 03:32:01.971097,USDCAD,1.3697599999999999,0.00040021852127838725,56.4300605907079,1.369334,1.3695436,8.368449031981307e-05,1.361529426793349e-06,0.8920766586848609,1.3697599999999999,0.0010365166679567905,53.423119560860016,1.3692697999999999,1.3631579,UP,1.3697599999999999,59.37142176497292,0.00020402557159180575,NORMAL,5.0,,
596,2026-03-18 03:32:02.356349,NZDUSD,0.58538,0.00037392523785243593,43.249621128131,0.5857855,0.5857968,-5.209964760921615e-05,2.5642783326193392e-05,0.14759614464341525,0.58538,0.0008968360399254307,52.64132175747661,0.5843174,0.5878671,DOWN,0.58538,37.839709616870614,0.00018654554641478965,NORMAL,9.0,SELL,ACTIVE
597,2026-03-18 03:32:02.710098,USDCHF,0.78549,0.000270146737938976,59.87447214971881,0.7851745,0.7850070000000001,0.00014129378997862485,9.811940616202403e-05,0.7524662558005824,0.78549,0.0008383708754967068,44.062070006437274,0.787402,0.7827102499999999,UP,0.78549,57.902515094877174,0.00012395704798859441,NORMAL,9.0,,
598,2026-03-18 03:47:00.283056,EURUSD,1.15345,0.00041776482652436506,48.81750837061637,1.1535575000000002,1.1535701999999999,-7.088202750371586e-05,-3.670406598268442e-05,0.40398481724840923,1.15345,0.0012068119175713818,60.02062588086757,1.1499028,1.1547007,DOWN,1.15345,51.850752745562666,0.00021630691825120976,NORMAL,2.0,,
599,2026-03-18 03:47:00.579681,GBPUSD,1.33559,0.0004526836045462163,53.404647480883355,1.3354775,1.3353977999999997,-7.64908174932799e-06,1.3140591931696763e-05,0.6086232946285209,1.33559,0.0013446434634840393,62.06612066103819,1.3312064000000001,1.3354878,DOWN,1.33559,57.1550287067601,0.00022410798482370918,NORMAL,6.0,,
600,2026-03-18 03:47:01.074967,USDJPY,158.952,0.0660874934776493,47.852619363951824,158.96485,158.97898,-0.006208655414383202,-0.004175078855441995,0.4478011866933209,158.952,0.16762148681334188,44.982596675021306,159.1553,158.638055,UP,158.952,48.009041115547596,0.03418343659876021,NORMAL,500.0,,
601,2026-03-18 03:47:01.381947,XAUUSD,4994.91,6.863541754196989,42.7932741785005,5001.032,5001.501399999999,-2.2403769995971743,-1.3589451962264214,0.20432791343453557,4994.91,16.894429009930406,43.24539093496068,5007.53,5100.9773,DOWN,4994.91,41.26487532683412,3.6339241242665805,NORMAL,21000.0,,
602,2026-03-18 03:47:01.673404,AUDUSD,0.7109,0.0005098424280445348,52.866069822520146,0.7108295,0.7105628,5.466221136674054e-05,0.0001069823475774213,0.5479907420643341,0.7109,0.0013032465315107032,59.70523059912843,0.7070976,0.7071438999999999,DOWN,0.7109,54.94244441609114,0.0002700997184088368,NORMAL,8.0,,
603,2026-03-18 03:47:02.105506,USDCAD,1.36986,0.0003868355656768618,58.177615569176986,1.3693680000000001,1.3695095999999998,0.00011305644868819797,2.4976866555405855e-05,0.9055514737683966,1.36986,0.0010365166679567905,54.13865258786523,1.3692718,1.3631584,UP,1.36986,61.091852118001185,0.0001909170186337564,NORMAL,5.0,,
604,2026-03-18 03:47:02.449172,NZDUSD,0.58568,0.0003672162922915563,48.93549417067329,0.5857915,0.5858132,-3.825633384868521e-05,1.4905125133373067e-05,0.3999296608099105,0.58568,0.0009082646155328426,55.15047383561148,0.5843233999999999,0.5878686,DOWN,0.58568,50.183525317663154,0.0001789488526452407,NORMAL,9.0,,
605,2026-03-18 03:47:02.740699,USDCHF,0.78543,0.0002653403382902768,57.32333388456169,0.7852075000000001,0.7849984000000001,0.00013844134074603165,0.00010643906373408832,0.6825993026863806,0.78543,0.0008397994474476343,43.516980189784626,0.7874007999999999,0.78270995,UP,0.78543,52.48544688237541,0.00012005773170099545,NORMAL,9.0,,
606,2026-03-18 04:02:00.883610,EURUSD,1.15374,0.0004133836654460932,54.585519760661356,1.1535594999999998,1.1535992,-3.1922540135953525e-05,-3.383323089882311e-05,0.6646868369763725,1.15374,0.0011460701543055775,61.647661891544075,1.150085,1.15466785,DOWN,1.15374,62.53895030880197,0.0002161276927382913,NORMAL,2.0,BUY,ACTIVE
607,2026-03-18 04:02:01.237528,GBPUSD,1.3360699999999999,0.0004567776327929091,60.2748753710152,1.335505,1.3354419999999998,6.125260516975928e-05,2.5953877770155972e-05,0.9803520982970371,1.3360699999999999,0.0012850260272679666,64.26063354488613,1.3314255999999998,1.3355035499999999,DOWN,1.3360699999999999,67.98738069745608,0.00022696462139298117,NORMAL,6.0,BUY,ACTIVE
608,2026-03-18 04:02:01.534331,USDJPY,158.892,0.06589246843332539,42.3167600511406,158.9598,158.97522,-0.012825985759889136,-0.006173294424365531,0.23492999377183948,158.892,0.158648520544346,42.25663702843298,159.14094,158.64333,UP,158.892,37.90982804773074,0.034419895362428544,NORMAL,500.0,,
609,2026-03-18 04:02:01.966253,XAUUSD,4991.05,6.873135710529821,39.11715473588742,5000.4465,5000.9803999999995,-2.8610601486807354,-1.7059550813042286,0.10027148796888376,4991.05,15.860540998110784,40.88559576724544,5006.7636,5100.09535,DOWN,4991.05,33.75296922275311,3.4963625576099573,NORMAL,21000.0,,
610,2026-03-18 04:02:02.273505,AUDUSD,0.71128,0.0005051598056331836,57.16458825366119,0.710881,0.7106091999999999,0.00010662698652752489,0.00010984688790306149,0.7658058305707482,0.71128,0.001241892155410321,61.41085111773946,0.7073138,0.70721075,UP,0.71128,62.420970731684484,0.00026671309409154615,NORMAL,8.0,,
611,2026-03-18 04:02:02.570398,USDCAD,1.36988,0.0003798677191489357,58.25296417891568,1.3693985000000002,1.3694806,0.0001332052869897904,4.726072728046632e-05,0.8673062403638315,1.36988,0.0009778368640409253,54.22000343939211,1.3692466,1.36316205,UP,1.36988,59.166001660643516,0.00018574724825128882,NORMAL,5.0,,
612,2026-03-18 04:02:02.893144,NZDUSD,0.58597,0.00036695594488297934,53.774954475641245,0.5858255000000001,0.5858356,-1.5223970019073718e-06,1.4172327259033423e-05,0.6336807713622581,0.58597,0.0008693579377368769,57.377259137955434,0.5844307999999999,0.5878605499999999,DOWN,0.58597,59.4846629338941,0.00017897367278649895,NORMAL,9.0,,
613,2026-03-18 04:02:03.215745,USDCHF,0.78522,0.00026909153861648524,50.11548371457804,0.7852235,0.7849853999999999,0.00010985176513711448,0.00010571761541070397,0.49693357761566764,0.78522,0.0007965484331887433,41.79566409712525,0.7873196,0.782718,UP,0.78522,39.19808443274359,0.00012733094901992326,NORMAL,9.0,,
614,2026-03-18 04:05:00.057308,EURUSD,1.1538599999999999,0.0011524991452502853,62.30676175502867,1.153048,1.1500874,0.0,0.0011559801996653039,0.6967410920789794,1.1538599999999999,0.003131713335767026,54.247681807037836,1.1547306,1.1736777,DOWN,1.1538599999999999,56.68334715066915,0.00041975923332993276,NORMAL,2.0,,
615,2026-03-18 04:05:00.223709,GBPUSD,1.33617,0.0012935979517460093,64.7024692233191,1.3348025,1.3314276,0.0,0.0013315455042218916,0.778739185492711,1.33617,0.0035051719940505373,55.77932179823385,1.335651,1.35043165,DOWN,1.33617,61.50828132055182,0.00046528774154865727,NORMAL,6.0,,
616,2026-03-18 04:05:00.364339,USDJPY,158.894,0.1590771243910154,42.338290854820684,158.9939,159.14098,0.0,-0.06319644780220092,0.1737040416578783,158.894,0.3735065470151675,48.07427767766013,158.65866,156.204105,UP,158.894,42.47563629981015,0.06631137574248722,NORMAL,500.0,,
617,2026-03-18 04:05:00.489272,XAUUSD,4991.02,15.92054519751079,40.87069931164051,5003.346,5006.763,0.0,-4.679322551280731,0.12751482263852112,4991.02,40.988694932391425,38.05403699275581,5101.454000000001,5061.0931,UP,4991.02,39.066521151208946,6.931646714908745,NORMAL,21000.0,,
618,2026-03-18 04:17:00.287471,EURUSD,1.15381,0.0004085501383224026,55.859699928008666,1.1535585,1.1536268,-1.7462934773782024e-06,-2.677766677631505e-05,0.731046429542531,1.15381,0.0011603558738148365,62.03491514544596,1.1500864,1.1546682,DOWN,1.15381,62.02767185071876,0.0002230729999414133,NORMAL,2.0,,
619,2026-03-18 04:17:00.579011,GBPUSD,1.33595,0.00044614045494034547,58.73555675413023,1.3355105,1.3354724000000002,7.948538471080902e-05,3.4618013916113426e-05,0.8723427989076746,1.33595,0.0012971688888508384,63.71558488287682,1.3314232,1.33550295,DOWN,1.33595,62.55030530926217,0.00023738868810234097,NORMAL,6.0,,
620,2026-03-18 04:17:00.860383,USDJPY,158.876,0.06540525130033101,40.820272684100615,158.958,158.97248,-0.016781165730776593,-0.008077888628667752,0.1873473145934203,158.876,0.1606485212756419,41.61463600219715,159.14062,158.64325,UP,158.876,35.43771083484465,0.035837907837518605,NORMAL,500.0,,
621,2026-03-18 04:17:01.151936,XAUUSD,4991.05,6.502911731206263,39.388517961845416,4999.9705,5000.6388,-3.1137223228224684,-1.9931244840238658,0.1446460542092405,4991.05,15.92054102004969,40.88559576724544,5006.7636,5100.09535,DOWN,4991.05,35.24947577706712,3.1963336080492533,NORMAL,21000.0,,
622,2026-03-18 04:17:01.448587,AUDUSD,0.71089,0.0005035667582920457,52.183650931722546,0.710877,0.7106212000000001,7.908236946507774e-05,9.922674774821543e-05,0.5090494497881191,0.71089,0.0012690350224779272,59.04578438254658,0.7073060000000001,0.7072088,UP,0.71089,52.081279437432116,0.0002799854331186648,NORMAL,8.0,,
623,2026-03-18 04:17:02.094263,USDCAD,1.37003,0.00037457104533218205,60.78090751373726,1.3694405,1.3694694,0.00016432099541807688,7.233204016722305e-05,0.9030655112383776,1.37003,0.0009921225835501843,55.35024534226724,1.3692496,1.3631628,UP,1.37003,63.36548163246949,0.0001848138483502213,NORMAL,5.0,,
624,2026-03-18 04:17:02.500401,NZDUSD,0.58575,0.00036640807126887696,49.99399750278193,0.58582,0.585832,-1.6324543903989408e-05,5.2649758184496506e-06,0.4341771256956201,0.58575,0.0008900722310252977,55.35779940582186,0.5844264,0.58785945,DOWN,0.58575,51.19796041406691,0.00018508618699554827,NORMAL,9.0,,
625,2026-03-18 04:17:02.838849,USDCHF,0.78522,0.00025879928585817013,50.09151544237258,0.7852465000000001,0.7849769999999999,9.369150130889015e-05,0.00010344002791798147,0.47496789840855713,0.78522,0.0008015484350169856,41.79566409712525,0.7873196,0.782718,UP,0.78522,40.530582531382144,0.00012499021165602073,NORMAL,9.0,SELL,ACTIVE
626,2026-03-18 04:32:00.278276,EURUSD,1.15394,0.00040023533252384633,58.285622976607385,1.1535594999999998,1.1536598,3.100907380648721e-05,-1.4837412676851574e-05,0.8485362739169798,1.15394,0.0011603558738148365,62.73373369687646,1.1500890000000001,1.15466885,DOWN,1.15394,65.61866772646786,0.00021826392622718008,NORMAL,2.0,,
627,2026-03-18 04:32:00.585380,GBPUSD,1.3362,0.00043646715713847536,62.19202082963865,1.3355375,1.3355199999999998,0.0001332778179299332,5.651977528863752e-05,0.9876682965654395,1.3362,0.0012971688888508384,64.83292012897562,1.3314282,1.3355042,DOWN,1.3362,68.02094838640505,0.00022531444226132232,NORMAL,6.0,,
628,2026-03-18 04:32:00.866727,USDJPY,158.867,0.06446303947275618,39.85047201903797,158.95745000000002,158.96972,-0.019744623738461087,-0.010053856733247608,0.15879126041312902,158.867,0.1606485212756419,41.26201051155992,159.14044,158.643205,UP,158.867,35.82570160856244,0.03462234688733312,NORMAL,500.0,,
629,2026-03-18 04:32:01.173664,XAUUSD,4990.0,6.263162934079281,38.12299933486948,4999.3395,5000.267,-3.3540105527708874,-2.269768934240587,0.14902115521792686,4990.0,15.964826750528388,40.370415274331144,5006.7426000000005,5100.0901,DOWN,4990.0,34.467500619311295,3.0088929030843143,NORMAL,21000.0,,
630,2026-03-18 04:32:01.470468,AUDUSD,0.71168,0.0005171895408630224,60.72755938785923,0.710954,0.710669,0.00018029732868896087,0.00012348188957739912,0.9304075682415859,0.71168,0.001295463603570058,63.127977741978206,0.7073218,0.7072127500000001,UP,0.71168,66.86805069038587,0.0002934827148423595,NORMAL,8.0,,
631,2026-03-18 04:32:01.824278,USDCAD,1.36974,0.000363734338012533,54.37402183402696,1.369458,1.3694456,0.0001444816846860597,8.446453317357222e-05,0.6987474476928927,1.36974,0.0009949797274520235,53.02454777154904,1.3692438000000002,1.36316135,UP,1.36974,50.37182791318576,0.00017247614397481614,NORMAL,5.0,BUY,ACTIVE
632,2026-03-18 04:32:02.178023,NZDUSD,0.5862,0.0003680421886272313,57.144299213494975,0.5858585,0.5858528000000001,4.4084238735142556e-05,1.762370019667783e-05,0.80026460025477,0.5862,0.0009022150926081693,59.072403318832315,0.5844353999999999,0.5878616999999999,DOWN,0.5862,64.65181212908212,0.00018486702723608762,NORMAL,9.0,BUY,ACTIVE
633,2026-03-18 04:32:02.459204,USDCHF,0.78518,0.00024725239809278226,48.66287767112528,0.7852655000000001,0.7849644000000001,7.676264250211506e-05,9.823218616244846e-05,0.41262553112034733,0.78518,0.0008015484350169856,41.471062435782365,0.7873188,0.7827178,UP,0.78518,39.81027465691824,0.00011258508129293048,NORMAL,9.0,,
634,2026-03-18 04:47:01.544052,EURUSD,1.15388,0.00038690219652725205,56.93959167086074,1.1535585000000002,1.1536784,4.780970925155614e-05,-2.6908942740730567e-06,0.7961333273476973,1.15388,0.001164641589667627,62.414426186413536,1.1500878,1.15466855,DOWN,1.15388,60.35635233615317,0.00021337864094708075,NORMAL,2.0,,
635,2026-03-18 04:47:02.217233,GBPUSD,1.3360400000000001,0.0004176378704040983,59.35866210399009,1.335545,1.3355464000000001,0.0001412770432620558,7.155669896880606e-05,0.8615669245303977,1.3360400000000001,0.0013043117486054836,64.12591231934145,1.3314249999999999,1.3355034000000001,DOWN,1.3360400000000001,60.81256364114341,0.00020800743264616972,NORMAL,6.0,,
636,2026-03-18 04:47:02.837461,USDJPY,158.846,0.06489425093898668,38.899559000549495,158.95255,158.96776,-0.027422275157391596,-0.013974264064799919,0.13391843747893054,158.846,0.16414852255541118,40.462007151663016,159.14002,158.6431,UP,158.846,35.14831950065043,0.03449116333734263,NORMAL,500.0,,
637,2026-03-18 04:47:03.280292,XAUUSD,4986.47,6.5037533367470735,36.44377741517924,4998.237999999999,4999.9894,-4.108059225911347,-2.7087751407228384,0.11424288949149092,4986.47,16.521255525414084,38.729752922346904,5006.6720000000005,5100.07245,DOWN,4986.47,34.914208587384024,3.419261707784726,NORMAL,21000.0,,
638,2026-03-18 04:47:03.587452,AUDUSD,0.71133,0.0005038188593728113,56.47999961921278,0.7109620000000001,0.7106812000000001,0.0001680746721323123,0.00012780557429349217,0.7275827916476268,0.71133,0.001295463603570058,61.634187653837,0.7073148,0.707211,UP,0.71133,58.59689674661478,0.00027798069507364734,NORMAL,8.0,,
639,2026-03-18 04:47:03.884361,USDCAD,1.37015,0.00036265127305245296,61.51971344245231,1.3695365000000002,1.3694494,0.00019588417530136404,0.00011185387470452795,0.8923501532460137,1.37015,0.0009985511573293462,56.184857496819994,1.3692520000000001,1.3631634,UP,1.37015,65.20723574549058,0.00016778076271571418,NORMAL,5.0,,
640,2026-03-18 04:47:04.275566,NZDUSD,0.58596,0.0003613452976028381,53.0387246208375,0.5858589999999999,0.5858478,3.4483857837774856e-05,1.793248386165527e-05,0.5924279094597629,0.58596,0.0009043579505345566,57.30036615396205,0.5844305999999999,0.5878605,DOWN,0.58596,55.000259321955866,0.00017524261513883482,NORMAL,9.0,BUY,ACTIVE
641,2026-03-18 04:47:04.582670,USDCHF,0.78522,0.00023377518598412573,50.06572908304903,0.7852855,0.7849678,6.765400826702628e-05,9.262709189390731e-05,0.4272078421262437,0.78522,0.0008015484350169856,41.79566409712525,0.7873196,0.782718,UP,0.78522,43.27815334176098,0.0001005789771813357,NORMAL,9.0,,
642,2026-03-18 04:57:43.532874,EURUSD,1.15399,0.00040761648224153075,59.26878173395866,1.153564,1.1536806,5.658463802649116e-05,-9.359085190860517e-07,0.8813466098147172,1.15399,0.0011796415951523377,62.99570806486336,1.15009,1.1546691,DOWN,1.15399,62.41258732433268,0.00021520826223069077,NORMAL,4.0,,
643,2026-03-18 04:57:44.675988,GBPUSD,1.33621,0.00044692358468981415,61.904380886076446,1.3355535,1.3355498,0.0001548382968230566,7.426894968100621e-05,0.9597411081125904,1.33621,0.0013171688961638073,64.87618396828782,1.3314283999999998,1.3355042499999998,DOWN,1.33621,63.580133527039735,0.00021968736493193405,NORMAL,6.0,,
644,2026-03-18 04:57:45.572607,USDJPY,158.806,0.0706085366532733,35.07755625030623,158.95055,158.96696,-0.030613158348273828,-0.014612440702976365,0.02643787889335265,158.806,0.1686485242008274,39.020953982046244,159.13922,158.6429,UP,158.806,32.274120036465575,0.03776102227136564,NORMAL,500.0,,
645,2026-03-18 04:57:46.346526,XAUUSD,4984.85,6.631610479604214,33.88989283731935,4998.157,4999.957,-4.237289995141509,-2.734621294568871,0.07159664512383764,4984.85,16.521255525414084,38.020639473964664,5006.6396,5100.06435,DOWN,4984.85,33.33669020250278,3.313941445046091,NORMAL,21000.0,BUY,ACTIVE
646,2026-03-18 04:57:47.204941,AUDUSD,0.71132,0.0005245331450870979,56.36915963571058,0.7109615,0.710681,0.00016727695133456066,0.00012764603013394184,0.7219675281670793,0.71132,0.001295463603570058,61.58972739761415,0.7073146000000001,0.70721095,UP,0.71132,56.83770179538238,0.00027538981754740755,NORMAL,8.0,,
647,2026-03-18 04:57:47.777479,USDCAD,1.37009,0.00037407984448102,60.18890104260527,1.3695335000000002,1.3694482,0.00019109785051485417,0.00011089660974722598,0.8602791636844076,1.37009,0.0009985511573293462,55.77148844694591,1.3692508,1.3631631,UP,1.37009,61.389166723222814,0.00016673445628499634,NORMAL,5.0,,
648,2026-03-18 04:57:48.321775,NZDUSD,0.5861,0.0003827738690314151,55.26661683125405,0.585866,0.5858506000000001,4.565194900585379e-05,2.0166102095271056e-05,0.7106840419900885,0.5861,0.0009072150944364117,58.35224323217287,0.5844334,0.5878612,DOWN,0.5861,59.05775694601745,0.00017543111817520907,NORMAL,9.0,BUY,ACTIVE
649,2026-03-18 04:57:49.046561,USDCHF,0.78529,0.00024377518598411987,52.63884248296121,0.785289,0.7849692,7.323805385117677e-05,9.374390101073741e-05,0.5011139491803398,0.78529,0.0008015484350169856,42.37611401459345,0.787321,0.78271835,UP,0.78529,49.630996620153844,0.0001033745647070507,NORMAL,9.0,,
650,2026-03-18 05:02:00.326661,EURUSD,1.15415,0.0003870724477956998,62.015826454946215,1.1535665,1.1537054,0.00010047061707285643,2.1387561841440075e-05,1.018714070923673,1.15415,0.001103952890457185,63.8098192279925,1.1502754,1.15463665,DOWN,1.15415,68.3798699050274,0.00021504260952128854,NORMAL,2.0,SELL,ACTIVE
651,2026-03-18 05:02:00.680688,GBPUSD,1.3364,0.00042214332864055676,64.38134248059103,1.3355755,1.3355906000000002,0.00020312014726631133,0.00010182608378499539,1.0158987345112167,1.3364,0.0012302282207634215,65.69428870598146,1.3316366,1.3355271,DOWN,1.3364,69.36595265182012,0.00021578134067049215,NORMAL,6.0,SELL,ACTIVE
652,2026-03-18 05:02:01.039978,USDJPY,158.785,0.06820792689232565,33.50006166702933,158.94945,158.96352,-0.03795930350042909,-0.019217995598649267,-0.023002523003945095,158.785,0.15924504786997914,38.23789524040179,159.12504,158.64906,UP,158.785,30.435403006566347,0.038503927842170986,NORMAL,300.0,BUY,ACTIVE
653,2026-03-18 05:02:01.394085,XAUUSD,4986.2,6.349301567795783,36.5355302807003,4997.082,5000.034799999999,-4.287234662975607,-3.016808925515239,0.13799926181407568,4986.2,15.48545133522297,38.58011173546572,5006.0874,5099.19305,DOWN,4986.2,38.15722520770343,3.3760783393287466,NORMAL,17000.0,SELL,ACTIVE
654,2026-03-18 05:02:01.685315,AUDUSD,0.71148,0.0004942093490094472,58.124797361932906,0.7109845,0.7107038,0.00019659190199428078,0.00014271155778237672,0.7922970660266232,0.71148,0.0012100732534542499,62.308744914741474,0.7075254000000001,0.7072634499999999,UP,0.71148,61.18841070431867,0.0002628598125286464,NORMAL,2.0,,
655,2026-03-18 05:02:01.982072,USDCAD,1.37002,0.0003530741413037941,58.559051534396474,1.369585,1.3694436,0.0001899316588807043,0.00012568253695283507,0.7971115366323889,1.37002,0.0009329402841134651,55.28472402554592,1.3692260000000003,1.3631781,UP,1.37002,58.65056987782528,0.00016119891496173955,NORMAL,4.0,,
656,2026-03-18 05:02:02.320657,NZDUSD,0.58627,0.0003625757355291704,57.78644164637039,0.5858770000000001,0.585857,8.04642305414216e-05,3.337444573321024e-05,0.8384839720602272,0.58627,0.0008495568054991376,59.604346960251505,0.5845412,0.58784325,DOWN,0.58627,64.13841877659661,0.00017468884748625207,NORMAL,7.0,,
657,2026-03-18 05:02:02.612147,USDCHF,0.78524,0.00022993410127096804,50.85788888386194,0.785316,0.7849742,5.9457994053269125e-05,8.612090765341995e-05,0.3859245652560637,0.78524,0.0007478663289864541,42.000074893501115,0.7872408,0.7827392000000001,UP,0.78524,46.44791059556232,0.00010155050256247794,NORMAL,4.0,,
658,2026-03-18 05:04:20.941428,EURUSD,1.1540300000000001,0.00039135816208141043,58.812131229070765,1.1535605,1.153703,9.089796750028079e-05,1.9473031926924945e-05,0.9361105969456894,1.1540300000000001,0.0011082386063099596,62.69574137331502,1.150273,1.15463605,DOWN,1.1540300000000001,62.00700301799172,0.00021933091689687668,NORMAL,5.0,,
659,2026-03-18 05:04:21.501380,GBPUSD,1.3363800000000001,0.0004242861857834121,64.12214654982452,1.3355745,1.3355902,0.00020152470567080805,0.00010150699546589473,1.0067408320635938,1.3363800000000001,0.0012323710786898087,65.60527435855902,1.3316362000000002,1.335527,DOWN,1.3363800000000001,68.93419196979522,0.00021792549435828624,NORMAL,6.0,SELL,ACTIVE
660,2026-03-18 05:04:21.921391,USDJPY,158.772,0.07006506974946924,32.607463954665036,158.94879999999998,158.96326,-0.038996340537494234,-0.019425403006062297,-0.05194832739411706,158.772,0.16110219140618376,37.776452419074275,159.12478000000002,158.64899499999999,UP,158.772,29.111601470028504,0.04036219437159484,NORMAL,300.0,BUY,ACTIVE
661,2026-03-18 05:04:22.556355,XAUUSD,4985.0,6.405015853510051,35.48078990926,4997.022,5000.0108,-4.382961158701619,-3.035954224660441,0.10510130377111963,4985.0,15.54116564130907,38.016681461827595,5006.0634,5099.18705,DOWN,4985.0,36.224584039717975,3.4318263352114218,NORMAL,18000.0,SELL,ACTIVE
662,2026-03-18 05:04:22.878902,AUDUSD,0.71158,0.000502066491866594,59.19885584822024,0.7109894999999999,0.7107058,0.00020456910997146416,0.0001443069993778134,0.8429239675552234,0.71158,0.001217930399184347,62.76473970099835,0.7075274,0.70726395,UP,0.71158,63.28512995049741,0.00027072170938390196,NORMAL,4.0,,
663,2026-03-18 05:04:23.201436,USDCAD,1.37004,0.0003530741413037941,58.88807285954592,1.3695860000000002,1.369444,0.00019152710047620758,0.00012600162527193572,0.8090114967313702,1.37004,0.0009329402841134651,55.43730563430805,1.3692264,1.3631782000000001,UP,1.37004,59.41526625074083,0.00016119891496173955,NORMAL,1.0,,
664,2026-03-18 05:04:23.746477,NZDUSD,0.58631,0.0003661471641005986,58.360031604445545,0.585879,0.5858578,8.365511373231715e-05,3.4012622371389355e-05,0.867449187698112,0.58631,0.0008531282353764523,59.89916493083804,0.584542,0.58784345,DOWN,0.58631,65.169318189265,0.0001782624369659115,NORMAL,7.0,,
665,2026-03-18 05:04:24.182099,USDCHF,0.7853,0.00023350552984239623,53.16921408552186,0.785319,0.7849754,6.424431883966797e-05,8.707817261069972e-05,0.47132567350216326,0.7853,0.0007514377588637689,42.724156730715,0.787242,0.7827395,UP,0.7853,50.59456323049028,0.00010512409204213737,NORMAL,4.0,,
666,2026-03-18 05:05:00.179324,EURUSD,1.15404,0.0011082390022221957,62.78708407054316,1.1531825,1.1502732,0.0,0.0011307846457230368,0.7120279245887744,1.15404,0.0031588562028346243,54.59005853002626,1.1547342,1.1736786000000001,DOWN,1.15404,59.08224083925267,0.0003912905931755052,NORMAL,4.0,,
667,2026-03-18 05:05:00.382364,GBPUSD,1.33636,0.001232371567437645,65.51578555774496,1.3349544999999998,1.3316358,0.0,0.001315920625709163,0.7825965724235757,1.33636,0.003525172001363506,56.09380260475363,1.3356547999999997,1.3504326,DOWN,1.33636,63.879248021652565,0.0004242017810750365,NORMAL,6.0,,
668,2026-03-18 05:05:00.570352,USDJPY,158.77,0.16110222775084113,37.706457786638104,158.97175,159.12474,0.0,-0.06779469894094714,-0.055600406510230814,158.77,0.3827208360986399,45.86167216075043,158.65618,156.203485,UP,158.77,32.45836286609496,0.07006146289347094,NORMAL,300.0,,
669,2026-03-18 05:05:00.736616,XAUUSD,4985.01,15.549740948708994,38.021307360570646,5001.1585,5006.0635999999995,0.0,-5.113828797154108,-0.009454277820339172,4985.01,41.29226647196321,37.20818870091261,5101.3338,5061.06305,UP,4985.01,35.459803341331465,6.412239117578799,NORMAL,17000.0,,
670,2026-03-18 05:17:03.966253,EURUSD,1.15438,0.0003880468647898897,65.74752249653088,1.153602,1.1537392,0.0001482159550258988,4.802959375473445e-05,1.0684316467262074,1.15438,0.0011268100416720092,65.00180145473976,1.15028,1.1546378,DOWN,1.15438,71.42139839091745,0.00021506814821310705,NORMAL,4.0,SELL,ACTIVE
671,2026-03-18 05:17:04.679341,GBPUSD,1.33683,0.0004309698255743962,69.21442390948528,1.3356569999999999,1.3356403999999997,0.00028697356507345617,0.0001435780871651819,1.0594189101577283,1.33683,0.0012645139475856494,67.50252917719035,1.3316452,1.3355292499999998,DOWN,1.33683,77.23032747134818,0.00022045636775298042,NORMAL,6.0,SELL,ACTIVE
672,2026-03-18 05:17:05.267402,USDJPY,158.698,0.0702185851755271,28.28223657637318,158.9338,158.95704,-0.055400556401764334,-0.02746282684759107,-0.06388326331160533,158.698,0.16553076445405335,35.34827452177866,159.1233,158.64862499999998,UP,158.698,22.73417486635043,0.03970991881730305,NORMAL,300.0,BUY,ACTIVE
673,2026-03-18 05:17:05.762263,XAUUSD,4989.86,6.373790231320573,41.58719915588122,4996.636,4999.955199999999,-3.8773132467194955,-3.137728023374312,0.2685131355194364,4989.86,15.87330861989935,41.05242773104338,5006.1606,5099.2113500000005,DOWN,4989.86,47.71406869060038,3.442546849224371,NORMAL,17000.0,,
674,2026-03-18 05:17:06.272558,AUDUSD,0.71146,0.0004860005179577568,57.838776997713836,0.711018,0.7107268000000001,0.00020393056468392956,0.00015380664121397822,0.7591614301015989,0.71146,0.0012307875467426784,62.216202445310124,0.707525,0.7072633500000001,UP,0.71146,58.2263120598777,0.0002612370615333261,NORMAL,2.0,,
675,2026-03-18 05:17:06.751781,USDCAD,1.36981,0.00034749741692494444,53.9569494406634,1.3696015000000001,1.3694358,0.00016586277391605897,0.00013180405443096471,0.6461253973157827,1.36981,0.0009479402895981918,53.37728103844072,1.3692218000000003,1.36317705,UP,1.36981,48.09577961706126,0.00015911681657886364,NORMAL,4.0,,
676,2026-03-18 05:17:07.277702,NZDUSD,0.58647,0.00036019787686892863,60.50655012966305,0.5859194999999999,0.5858728,0.00012946938224911442,5.514613958908976e-05,0.9129548275319487,0.58647,0.0008702710987875662,61.03662428510615,0.5845452,0.58784425,DOWN,0.58647,69.12539210565711,0.0001720283457733001,NORMAL,7.0,,
677,2026-03-18 05:17:07.772371,USDCHF,0.78515,0.00022376533893529323,47.16999546151205,0.78533,0.7849763999999999,4.209093294482713e-05,7.68043714011581e-05,0.1544375489128735,0.78515,0.0007571520466674788,41.181981145623745,0.787239,0.78273875,UP,0.78515,41.13810356553829,9.931843381271192e-05,NORMAL,2.0,,
678,2026-03-18 05:32:00.537020,EURUSD,1.1543,0.00038313535403960264,63.16441604674367,1.153631,1.1537633999999999,0.0001552889783376088,6.616295215280458e-05,0.9768053364643504,1.1543,0.0011275243276474768,64.59620798018238,1.1502784000000001,1.1546374,DOWN,1.1543,64.49052174615741,0.0002184378502198476,NORMAL,2.0,,
679,2026-03-18 05:32:00.984407,GBPUSD,1.33671,0.00042416585844153644,66.28970648684516,1.3357165,1.3356746000000002,0.0003037688854721221,0.0001729359049461777,0.953864744185906,1.33671,0.0012645139475856494,67.01736594179272,1.3316428,1.3355286499999999,DOWN,1.33671,68.1313535428915,0.00022719667436541882,NORMAL,6.0,,
680,2026-03-18 05:32:01.432240,USDJPY,158.719,0.07129480868339974,31.018993266220562,158.9195,158.95288,-0.06003521484706198,-0.03360716199734746,0.041243852464187075,158.719,0.16838790835590692,36.005039825340496,159.12372000000002,158.64873,UP,158.719,32.44079978811186,0.04257499620883524,NORMAL,300.0,,
681,2026-03-18 05:32:01.864508,XAUUSD,4989.46,6.544284806634338,41.34682204545221,4995.9505,4999.8748000000005,-3.7322893223808933,-3.243749115084473,0.2752099963756287,4989.46,15.91973720830442,40.766580943681994,5006.1526,5099.20935,DOWN,4989.46,47.821016198311064,3.8414533350009075,NORMAL,17000.0,,
682,2026-03-18 05:32:02.239401,AUDUSD,0.71136,0.000484653542185256,56.22777159017787,0.7110425,0.7107397999999999,0.00019206999458543095,0.00015877897000792982,0.6907672613740059,0.71136,0.0012386446924727756,61.5739659188187,0.707523,0.70726285,UP,0.71136,53.518428037794834,0.00025925454563234887,NORMAL,4.0,,
683,2026-03-18 05:32:02.593544,USDCAD,1.36997,0.0003397169891854286,57.05571663147875,1.3696264999999999,1.3694452000000001,0.00017649222939297715,0.00014265621933788234,0.7310067765637723,1.36997,0.0009486545755736594,54.83191046945694,1.3692250000000001,1.3631778499999998,UP,1.36997,55.56911829202904,0.00015912299245708284,NORMAL,4.0,,
684,2026-03-18 05:32:03.275432,NZDUSD,0.58633,0.00036242864076604,57.434984730573696,0.5859460000000001,0.5858753999999999,0.00012978632168891835,6.739383412871655e-05,0.7982059832671092,0.58633,0.0008702710987875662,60.04496603987383,0.5845424,0.58784355,DOWN,0.58633,60.35490259462213,0.00017447941178867746,NORMAL,7.0,,
685,2026-03-18 05:32:04.061534,USDCHF,0.78526,0.0002187514881950205,51.57190933302669,0.785339,0.7849822000000001,4.790215815098087e-05,7.281082333799751e-05,0.33805289473526456,0.78526,0.0007571520466674788,42.24346115879785,0.7872412,0.7827392999999999,UP,0.78526,49.10135105536922,0.00010276224591602939,NORMAL,2.0,,
686,2026-03-18 05:47:00.744158,EURUSD,1.15444,0.0003838807879347348,65.28979028635743,1.1536975,1.153789,0.00019510146240486748,9.37375487901098e-05,0.9698495455709462,1.15444,0.0011375243313039613,65.29994989631777,1.1502812,1.1546381,DOWN,1.15444,67.97691066449866,0.00022171787622569955,NORMAL,2.0,,
687,2026-03-18 05:47:01.191616,GBPUSD,1.33684,0.00041840911345080866,67.32945501689139,1.3358095,1.3357156000000001,0.0003468155879040591,0.0002097540067799272,0.9309373020617748,1.33684,0.0012666568055120365,67.54231596057866,1.3316454,1.3355293000000001,DOWN,1.33684,69.88290660742464,0.00022611345696270813,NORMAL,6.0,SELL,ACTIVE
688,2026-03-18 05:47:01.529936,USDJPY,158.733,0.06946762847132039,32.37626942024788,158.90335,158.94808,-0.06306196759078375,-0.03937048778839489,0.11378266707683339,158.733,0.16838790835590692,36.456611848233656,159.12400000000002,158.6488,UP,158.733,35.04857190241164,0.04094184704629398,NORMAL,300.0,BUY,ACTIVE
689,2026-03-18 05:47:01.826579,XAUUSD,4999.87,6.835203238813524,54.0244658316915,4996.226000000001,4999.9876,-2.1984695603214277,-2.9082065944451743,0.6320575668391096,4999.87,16.5311660033008,47.404157543053685,5006.3608,5099.2614,DOWN,4999.87,62.96911516600138,4.172308094223068,NORMAL,17000.0,,
690,2026-03-18 05:47:02.118719,AUDUSD,0.71184,0.0004941170646822222,61.58763903788342,0.7111225,0.7107724000000001,0.00025602444462113905,0.00018320584270836428,0.8896271823367071,0.71184,0.0012557875558838816,63.900264556477296,0.7075326,0.70726525,UP,0.71184,63.80247824110943,0.00027549975222558647,NORMAL,4.0,,
691,2026-03-18 05:47:02.566207,USDCAD,1.36991,0.0003331555715905458,55.67053830756831,1.369656,1.3694484,0.00016556807374357163,0.00014660041358083666,0.6740274402498848,1.36991,0.0009522260054509821,54.27722748219036,1.3692238,1.36317755,UP,1.36991,51.48558788802225,0.0001612354360515955,NORMAL,4.0,,
692,2026-03-18 05:47:02.873103,NZDUSD,0.58661,0.0003677143500990788,61.13485634481504,0.5860005,0.5858922,0.00018126198003376448,9.374125248349364e-05,0.9101253603217125,0.58661,0.0008766996725667359,61.98025002649565,0.584548,0.58784495,DOWN,0.58661,68.26881565488426,0.00018480540678623153,NORMAL,5.0,,
693,2026-03-18 05:47:03.185684,USDCHF,0.7853,0.00021547332067088342,53.23347971352491,0.785347,0.7849874,4.9429693503855177e-05,6.877277400935261e-05,0.3986188263877889,0.7853,0.0007628663344711809,42.724156730715,0.787242,0.7827395,UP,0.7853,51.57665577196602,0.00010731621933499026,NORMAL,4.0,,
694,2026-03-18 06:02:01.302651,EURUSD,1.1546,0.0003789607316536779,67.66342368951534,1.153758,1.153812,0.00023362694167361475,0.00012286414531555541,0.9706105787016567,1.1546,0.001074129733076688,66.09607437794836,1.1504924,1.1546077,DOWN,1.1546,67.64694226851182,0.0002258811042269833,NORMAL,5.0,,
695,2026-03-18 06:02:01.656839,GBPUSD,1.33705,0.000422604380857395,68.14817336897843,1.3359064999999999,1.3357605999999997,0.00040428227946343043,0.00025299926245621915,0.9193875594311073,1.33705,0.0012062832544808598,67.72498334185603,1.3318914000000002,1.3355382,DOWN,1.33705,70.3843459716249,0.00022701957236759282,NORMAL,6.0,SELL,ACTIVE
696,2026-03-18 06:02:02.010516,USDJPY,158.709,0.06826585909071643,31.273042340567997,158.88585,158.94228,-0.06928670851084462,-0.045774928514081284,0.12201912994886456,158.709,0.15793162720268172,35.94995878438195,159.10628,158.65443,UP,158.709,33.03856165409594,0.04031397811142729,NORMAL,300.0,BUY,ACTIVE
697,2026-03-18 06:02:02.307494,XAUUSD,4999.0,7.050800966653429,52.951484073605975,4995.492,4999.8798,-1.7984393349552192,-2.7148434559374883,0.6489874144796409,4999.0,15.697356242551274,46.96766947043198,5006.224,5098.65485,DOWN,4999.0,58.86440965413591,4.438551666769183,NORMAL,17000.0,,
698,2026-03-18 06:02:02.692991,AUDUSD,0.71184,0.0004712719682253413,61.61163053152947,0.7111535,0.710791,0.00027699103555334226,0.00020157997529445686,0.853605772715495,0.71184,0.0011732312898780268,63.910033178099695,0.707761,0.7073212999999999,UP,0.71184,63.04855965747671,0.0002560155558104542,NORMAL,2.0,,
699,2026-03-18 06:02:02.999934,USDCAD,1.36987,0.00032364445933408124,54.65238704868289,1.369699,1.3694531999999997,0.00015382472994263097,0.000147790006197915,0.6290449887953626,1.36987,0.0008892098313855613,53.89974534328878,1.3691878,1.3631897000000002,UP,1.36987,49.91757433467156,0.0001595499221751427,NORMAL,2.0,,
700,2026-03-18 06:02:03.312463,NZDUSD,0.58672,0.0003531327128471038,62.32355429226989,0.5860334999999999,0.585905,0.00021880807220675536,0.00012041387568741611,0.9144557268454603,0.58672,0.0008250986610326622,62.58838073139241,0.5846750000000001,0.58783185,DOWN,0.58672,70.15065603250673,0.00017320357400454664,NORMAL,5.0,,
701,2026-03-18 06:02:03.603957,USDCHF,0.78517,0.00021426604266378235,47.657748930785964,0.7853365,0.7849885999999999,2.7945176821586593e-05,5.8820359984889014e-05,0.17181759423495527,0.78517,0.0007126105622866258,41.398978657967405,0.7871356,0.78276085,UP,0.78517,42.30055176983201,0.00010705986911616115,NORMAL,4.0,,
702,2026-03-18 06:05:02.383305,EURUSD,1.15455,0.0010819872367573598,65.8409006580913,1.1534039999999999,1.1504914,0.0,0.0011210959053687291,0.8248967182540174,1.15455,0.0029781724559776596,55.53566073684082,1.1546052,1.1734954,DOWN,1.15455,66.9453126398447,0.0003867675992248821,NORMAL,2.0,,
703,2026-03-18 06:05:02.523935,GBPUSD,1.33684,0.001225569516702305,65.99901370035369,1.335219,1.3318872,0.0,0.0013251642856469447,0.8348590987485199,1.33684,0.00335327184209916,56.648013344210966,1.3356786,1.3502406500000002,DOWN,1.33684,63.816899366431606,0.00044181705093194936,NORMAL,6.0,,
704,2026-03-18 06:05:02.664490,USDJPY,158.676,0.15943166046251644,34.63096935971447,158.94605,159.10562,0.0,-0.07503744195391003,-0.09820338490120119,158.676,0.36495504153694097,44.28619189730914,158.67868,156.227745,UP,158.676,28.412976922616295,0.06976423686062162,NORMAL,300.0,,
705,2026-03-18 06:05:02.789462,XAUUSD,4999.09,15.697361493188938,47.023388625766266,5001.218,5006.2258,0.0,-4.951317507408892,0.4209881793307746,4999.09,38.60424335056543,39.399532300210275,5098.8728,5059.61425,UP,4999.09,53.04202540739552,7.050248835690868,NORMAL,17000.0,,
706,2026-03-18 06:17:02.709286,EURUSD,1.15468,0.0003791370059233251,68.82729152655189,1.153822,1.1538282000000002,0.00026375283075164013,0.00015142478838567537,0.9401047274811385,1.15468,0.0010927011684387373,66.49649862181144,1.150494,1.1546081,DOWN,1.15468,66.97895555032403,0.00022694175452390032,NORMAL,5.0,,
707,2026-03-18 06:17:03.016400,GBPUSD,1.33707,0.0004215510067145147,67.8349073512863,1.335989,1.3357834,0.0004219649288121907,0.00028615421908922994,0.8792842617944179,1.33707,0.0012284261197202159,67.89408023474331,1.3318918,1.3355383,DOWN,1.33707,63.011291680288174,0.0002488304284750981,NORMAL,6.0,,
708,2026-03-18 06:17:03.370345,USDJPY,158.596,0.07089993038015407,24.25336505512702,158.8588,158.9333,-0.08500668301235237,-0.05459130790376371,0.002468962162337513,158.596,0.1652887727499495,32.26539081680356,159.10402,158.653865,UP,158.596,20.538123754939264,0.040739742066874335,NORMAL,300.0,,
709,2026-03-18 06:17:03.667294,XAUUSD,5009.29,7.344213142504693,62.116048628836914,4996.068,5000.2306,0.12885676109908673,-2.0150219310486492,0.9907018323322448,5009.29,16.39235649667677,52.66139918516189,5006.429800000001,5098.7063,DOWN,5009.29,69.84008484150205,4.630591483193127,NORMAL,17000.0,,
710,2026-03-18 06:17:03.974336,AUDUSD,0.71201,0.0004833239704949534,63.43958628316334,0.711177,0.7108106000000001,0.0003149360585306127,0.00022616572185622097,0.9004254355225206,0.71201,0.0012132313045039487,64.66851788230821,0.7077644,0.70732215,UP,0.71201,62.126995808849415,0.0002836537881630275,NORMAL,2.0,,
711,2026-03-18 06:17:04.286787,USDCAD,1.3704,0.0003653739367285754,62.379306093805624,1.369801,1.3694922000000003,0.00022766588235834107,0.00017231674838156036,0.9048947660943572,1.3704,0.000941352707594355,57.97343710731627,1.3691984,1.3631923499999998,UP,1.3704,65.32044873734063,0.0002107158254094274,NORMAL,4.0,,
712,2026-03-18 06:17:04.593842,NZDUSD,0.58702,0.00036637833539883847,66.08428003143416,0.5860844999999999,0.5859212,0.0002763193749852899,0.0001546582234102506,0.9793071891326444,0.58702,0.0008565272439530351,64.62130021140929,0.584681,0.58783335,DOWN,0.58702,72.30611841892674,0.00019295095513197213,NORMAL,5.0,,
713,2026-03-18 06:17:04.901090,USDCHF,0.78511,0.00021258377431024547,45.0854908276602,0.7853264999999999,0.7849936000000001,1.414181482772836e-05,4.9757015625816625e-05,0.10517272183571881,0.78511,0.0007218962799676426,40.810438135256256,0.7871344,0.78276055,UP,0.78511,40.573371736988314,0.000110631262436729,NORMAL,4.0,,
714,2026-03-18 06:32:00.782034,EURUSD,1.15461,0.00038322926060229085,63.75778482525048,1.153884,1.1538342,0.0002885931524119201,0.0001812835324160005,0.8420115904043136,1.15461,0.0011034154580706894,66.14665006963091,1.1504926,1.15460775,DOWN,1.15461,59.03943126944729,0.00023296709795652673,NORMAL,2.0,,
715,2026-03-18 06:32:01.136232,GBPUSD,1.33718,0.00043189940419408106,65.88247787516674,1.3360905,1.3358084,0.00046569849402944286,0.0003267855811997669,0.8489588828313859,1.33718,0.0012419975532540072,68.83941710025708,1.3318940000000001,1.33553885,DOWN,1.33718,60.86910070159698,0.0002600987070711385,NORMAL,6.0,SELL,ACTIVE
716,2026-03-18 06:32:01.458635,USDJPY,158.588,0.07089687412850935,23.829939156409935,158.83905,158.92658,-0.09168806673332597,-0.06189578787479985,0.05292942461533529,158.588,0.1670030590910608,32.046487958072035,159.10386,158.65382499999998,UP,158.588,26.34655078937915,0.043315751124889654,NORMAL,300.0,,
717,2026-03-18 06:32:01.786857,XAUUSD,5011.05,7.086514244570755,63.261245220705774,4996.5075,5000.3730000000005,1.09956885579777,-1.3996342580098569,0.9923214077607716,5011.05,16.485927959462455,53.51502208309983,5006.465,5098.7151,DOWN,5011.05,70.30518511998795,4.2518621655965765,NORMAL,17000.0,,
718,2026-03-18 06:32:02.078411,AUDUSD,0.71207,0.0004802294011738941,62.91305461292122,0.7112175,0.7108292,0.0003481896288481945,0.0002529955744796919,0.8736410637756284,0.71207,0.0012175170203567313,64.92866259341096,0.7077655999999999,0.70732245,UP,0.71207,60.713331080743565,0.0002888214464332712,NORMAL,2.0,,
719,2026-03-18 06:32:02.385136,USDCAD,1.37063,0.0003591227371663187,65.75552315425773,1.3698730000000001,1.3695174,0.0002606288805331314,0.0001902344454671551,0.9879894695118403,1.37063,0.0009442098514962099,59.5160460761907,1.369203,1.3631935000000002,UP,1.37063,69.13568146596074,0.00021237481023054068,NORMAL,4.0,,
720,2026-03-18 06:32:02.728982,NZDUSD,0.58709,0.00036316763797239455,65.44418388460647,0.5861445,0.5859316,0.00032051549432043913,0.0001902547488173645,0.9258346931061603,0.58709,0.000862241531756745,65.0454644499026,0.5846824,0.5878337,DOWN,0.58709,68.90874625597331,0.00019984443765070031,NORMAL,7.0,SELL,ACTIVE
721,2026-03-18 06:32:03.020598,USDCHF,0.78526,0.00021826656594115158,52.02709071596985,0.7853215,0.7850086000000001,1.4525053401492904e-05,4.245535252567135e-05,0.38980137454000585,0.78526,0.0007283248537468123,42.55487081519879,0.7871374,0.7827613,UP,0.78526,53.15070394945326,0.00011952953645050658,NORMAL,4.0,,
722,2026-03-18 06:47:01.084508,EURUSD,1.15415,0.0004131516603551899,53.44986534819082,1.1539075,1.153825,0.00023710304488266942,0.000188490739752646,0.6207127531225428,1.15415,0.0011348440409910624,62.170981680010925,1.1504834,1.15460545,DOWN,1.15415,45.92318676045897,0.00026333881400886314,NORMAL,2.0,,
723,2026-03-18 06:47:01.360448,GBPUSD,1.33657,0.0004714065896087996,55.51445988136131,1.336136,1.3358169999999998,0.0004013131537885517,0.00033722385925031006,0.6458506969104467,1.33657,0.0012669975623952182,63.90509685495583,1.3318818,1.3355358000000002,DOWN,1.33657,47.46330677288984,0.0003060537155398669,NORMAL,6.0,,
724,2026-03-18 06:47:01.688490,USDJPY,158.721,0.07516444434382052,39.45606522738194,158.83075,158.92364,-0.07819348891311506,-0.06357265001978077,0.2853919754041422,158.721,0.168145916651801,36.65628435218394,159.10652,158.65449,UP,158.721,49.3629986416399,0.045521204903743784,NORMAL,300.0,,
725,2026-03-18 06:47:01.996101,XAUUSD,5012.22,7.039977512815729,64.181440483207,4997.196,5000.5666,1.9907095954604301,-0.7188851454354674,0.9584992466276806,5012.22,16.860928096580544,54.06565398615637,5006.4884,5098.72095,DOWN,5012.22,68.66041591404074,4.114943289569261,NORMAL,17000.0,,
726,2026-03-18 06:47:02.269910,AUDUSD,0.71161,0.000491131382722702,55.29725670391828,0.7112195,0.7108439999999999,0.0003013801275941752,0.0002584605192906375,0.6754664062253141,0.71161,0.0012253741660868205,62.19598874275146,0.7077564,0.70732015,UP,0.71161,48.90188319559344,0.00029058098058493007,NORMAL,2.0,,
727,2026-03-18 06:47:02.624323,USDCAD,1.3707099999999999,0.0003578078477768818,66.78398165989447,1.369947,1.3695356,0.00029107985455567587,0.0002109140685954203,0.9686814835242774,1.3707099999999999,0.0009634955728337111,60.026395282367744,1.3692046,1.3631939,UP,1.3707099999999999,66.94717835186239,0.00021038453895058832,NORMAL,4.0,,
728,2026-03-18 06:47:02.916010,NZDUSD,0.58669,0.0003771760719947808,57.69430920846269,0.58616,0.585935,0.00028984453113667374,0.00020647128077980084,0.7423405878635128,0.58669,0.0008650986756585999,62.249366453441695,0.5846744,0.5878317,DOWN,0.58669,52.89435449117104,0.0002144489354035009,NORMAL,7.0,,
729,2026-03-18 06:47:03.297573,USDCHF,0.78561,0.00023986997449637897,62.892356985002976,0.785336,0.7850322,5.8611699844002274e-05,4.874986985257951e-05,0.9606821330325496,0.78561,0.0007576105787407979,46.647412865488555,0.7871444000000001,0.7827630499999999,UP,0.78561,64.29118790438646,0.00014496875599621166,NORMAL,4.0,BUY,ACTIVE
730,2026-03-18 07:02:00.780273,EURUSD,1.15425,0.0004145081744114558,55.414004104891376,1.1539565,1.1538304,0.00022572314289903694,0.00019683066767538828,0.6494739253413206,1.15425,0.0010727123118938464,62.9711830894167,1.1507007999999999,1.15457385,DOWN,1.15425,48.93155161359874,0.00026474702361924937,NORMAL,2.0,,
731,2026-03-18 07:02:01.150155,GBPUSD,1.33654,0.0004823265270857253,54.90102846966145,1.3362035,1.3358298000000002,0.00035777033648454193,0.0003396738954378863,0.6200300439536071,1.33654,0.0012111405757620544,63.39977343504935,1.3321094,1.33554015,DOWN,1.33654,47.68750278668852,0.00030629704520081745,NORMAL,6.0,,
732,2026-03-18 07:02:01.441571,USDJPY,158.731,0.07590269831926179,40.9073071805556,158.81779999999998,158.91842,-0.07220376656891858,-0.06499254854328364,0.32088900631282885,158.731,0.1622426339527132,37.51464602395418,159.09473999999997,158.660765,UP,158.731,50.09394974078723,0.04618982517455304,NORMAL,300.0,,
733,2026-03-18 07:02:01.753995,XAUUSD,5010.87,6.980897486390114,62.17976415516648,4997.6135,5000.7735999999995,2.3710925763134583,-0.1370103988063328,0.8895359877575687,5010.87,15.796575118102329,53.483493745140215,5006.2664,5098.25,DOWN,5010.87,63.307764096889834,4.097918613007795,NORMAL,17000.0,,
734,2026-03-18 07:02:02.045264,AUDUSD,0.71197,0.0004896219982425012,60.11985966775554,0.7112955000000001,0.710877,0.0003247800609740281,0.0002746600401629352,0.7935221800208268,0.71197,0.0011528474263565445,64.53699227020704,0.7079717999999999,0.7073781499999999,UP,0.71197,57.072315631008166,0.0002822600932417744,NORMAL,2.0,,
735,2026-03-18 07:02:02.353016,USDCAD,1.37053,0.0003548011647724066,62.63806636748886,1.3699955000000001,1.369552,0.0002886023109618385,0.00022517536379233684,0.8329529540170306,1.37053,0.0009039601619764695,58.578428118502465,1.3691794,1.36321,UP,1.37053,58.73600928740671,0.00020371942188873786,NORMAL,1.0,,
736,2026-03-18 07:02:02.649823,NZDUSD,0.58675,0.0003744185974645462,58.32517722402134,0.586209,0.5859462,0.00028234315985709024,0.00022100747995709293,0.7461601974538038,0.58675,0.0008235099741858255,62.48758638326637,0.584794,0.58781855,DOWN,0.58675,54.54823390928821,0.0002100098068002109,NORMAL,5.0,,
737,2026-03-18 07:02:02.956783,USDCHF,0.7855,0.0002457466089711309,58.61156237449578,0.785332,0.7850468,6.686206080919188e-05,5.198940206099896e-05,0.7949275307377451,0.7855,0.0007218628678121545,45.51650170953137,0.7870482,0.78278655,UP,0.7855,57.44892495069595,0.00015036473887441396,NORMAL,2.0,,
738,2026-03-18 07:05:00.051461,EURUSD,1.15452,0.001091998352499192,64.4548893317635,1.1535815,1.1507062000000001,0.0,0.0010960158725389754,0.8837432295519888,1.15452,0.003036029619990179,55.472300718338346,1.1546045999999999,1.17349525,DOWN,1.15452,59.82436377553655,0.0004336954998795051,NORMAL,2.0,,
739,2026-03-18 07:05:00.217976,GBPUSD,1.33669,0.0012218553675500889,64.06336997859341,1.335449,1.3321124,0.0,0.0013070676801194593,0.8452522851726905,1.33669,0.0034097004341607285,56.321949200870606,1.3356755999999999,1.3502399,DOWN,1.33669,56.694195458939284,0.0004929078717711861,NORMAL,6.0,,
740,2026-03-18 07:05:00.410731,USDJPY,158.709,0.16445695002131563,36.74240811336939,158.92995,159.0943,0.0,-0.07950161253119525,0.005218340510150365,158.709,0.37716933171735817,44.89350486478349,158.67934000000002,156.22790999999998,UP,158.709,39.317562058087844,0.07811796092414089,NORMAL,300.0,SELL,ACTIVE
741,2026-03-18 07:05:00.587478,XAUUSD,5012.69,15.892294855920287,54.39981534951267,5002.3550000000005,5006.3028,0.0,-4.419208097982016,0.8511859003622295,5012.69,39.7678152045947,42.63901125495433,5099.1448,5059.68225,UP,5012.72,63.670759998895676,7.078323332853992,NORMAL,17000.0,,
742,2026-03-18 07:17:00.709472,EURUSD,1.15404,0.00042893105991267683,50.8238396663814,1.1539804999999999,1.1538328,0.0001918760123433838,0.0001955844659537424,0.5309489760076072,1.15404,0.001105569466765139,61.090700866312545,1.1506966,1.1545728,DOWN,1.15404,43.692773121833156,0.00028871795693597287,NORMAL,2.0,SELL,ACTIVE
743,2026-03-18 07:17:01.078641,GBPUSD,1.3364,0.0004940991220897873,52.5912166952462,1.3362559999999999,1.335847,0.00032023070618381055,0.0003365510695528773,0.5531068193531936,1.3364,0.0012339977269768623,62.631327219690434,1.3321066,1.33553945,DOWN,1.3364,45.05950757832196,0.0003193036570518455,NORMAL,6.0,SELL,ACTIVE
744,2026-03-18 07:17:01.448246,USDJPY,158.782,0.07687903619441622,45.738850613383526,158.81115,158.91418000000002,-0.060917039695482345,-0.06351374307002443,0.4365578744750876,158.782,0.16809977895150957,40.16687731502145,159.09575999999998,158.66102,UP,158.782,56.8209652554687,0.04905306799199811,NORMAL,300.0,BUY,ACTIVE
745,2026-03-18 07:17:01.744909,XAUUSD,5008.57,6.831700727158208,59.5105498743109,4997.8695,5000.8726,2.5652771466475315,0.38889668293410806,0.8069590963443432,5008.57,16.11943237901165,52.23000379461164,5006.2204,5098.2384999999995,DOWN,5008.57,56.9892180616099,3.8379259547524187,NORMAL,17000.0,,
746,2026-03-18 07:17:02.130360,AUDUSD,0.71144,0.0004941387942863983,52.15363754582879,0.7112955000000001,0.710888,0.00025627418329332574,0.00026549454970067735,0.5653000806567158,0.71144,0.001187847439154232,60.61283237096774,0.7079611999999998,0.7073754999999999,UP,0.71144,44.21076047157787,0.00028430570509971066,NORMAL,4.0,SELL,ACTIVE
747,2026-03-18 07:17:02.421733,USDCAD,1.37085,0.0003622643468805178,68.00906025170832,1.3700945,1.3695804,0.00032931510923517315,0.00024893892541654134,0.9682535214793477,1.37085,0.0009275315991667611,61.00021952848345,1.3691858,1.3632115999999999,UP,1.37085,66.64656242432821,0.00021070927126647167,NORMAL,4.0,,
748,2026-03-18 07:17:02.780999,NZDUSD,0.58623,0.0003823682894823855,49.89510845547541,0.5861935,0.5859416000000001,0.00020963985664346207,0.0002135009068613114,0.5170382571643917,0.58623,0.0008549385571061984,57.17516175810222,0.5847836,0.58781595,DOWN,0.58623,39.41462166337843,0.00021561908003133321,NORMAL,5.0,SELL,ACTIVE
749,2026-03-18 07:17:03.135169,USDCHF,0.78578,0.0002437545042487031,67.26190635628564,0.7853595,0.785069,0.00010601378651597937,6.470880886652793e-05,1.0721187370003513,0.78578,0.0007340057293950262,48.58746996605845,0.7870537999999999,0.78278795,UP,0.78578,66.50601968408245,0.00016004402874984512,NORMAL,4.0,SELL,ACTIVE
750,2026-03-18 07:32:00.778004,EURUSD,1.15355,0.00044048700461279624,42.20312555174586,1.153968,1.1538182,0.00010747143609646237,0.0001742604354809142,0.2828346947473721,1.15355,0.0011348551917591244,56.879530844157436,1.1506868,1.15457035,DOWN,1.15355,34.38775963732111,0.0002897603212057005,NORMAL,2.0,,
751,2026-03-18 07:32:01.163033,GBPUSD,1.33581,0.0005098267358180803,45.007591610831994,1.3362555,1.3358383999999999,0.00022218867140888499,0.00031074297738844164,0.3332182197320252,1.33581,0.0012654263098972353,58.36086534938214,1.3320948,1.3355365000000001,DOWN,1.33581,36.24073497949129,0.0003449090790568531,NORMAL,6.0,,
752,2026-03-18 07:32:01.469957,USDJPY,158.817,0.07926012544583477,49.03275334786078,158.80845000000002,158.91078,-0.04881997201587751,-0.05994957575378213,0.5190868656790713,158.817,0.17324263797484354,42.06251261198297,159.09645999999998,158.66119500000002,UP,158.817,58.37150553411954,0.052206761639798545,NORMAL,300.0,,
753,2026-03-18 07:32:01.823939,XAUUSD,5008.66,6.57229353236117,59.5738012692524,4998.275500000001,5000.9336,2.808492514520367,0.8814950515303777,0.7865124771462442,5008.66,16.27943243751535,52.28233864779357,5006.2222,5098.23895,DOWN,5008.66,56.12592672157424,3.602920700287498,NORMAL,17000.0,,
754,2026-03-18 07:32:02.152060,AUDUSD,0.71132,0.00047644520693940597,50.36285309027441,0.7113195,0.710905,0.0002120558831457675,0.0002537857337685911,0.5002323196401606,0.71132,0.0012014188726880233,59.68900281892564,0.7079588,0.7073748999999999,UP,0.71132,41.65748625157217,0.0002551780825142025,NORMAL,2.0,,
755,2026-03-18 07:32:02.443539,USDCAD,1.37097,0.00035572505679720397,69.58688804779484,1.3701729999999999,1.3696099999999998,0.0003538892964569662,0.0002701842702798713,0.9773607436923939,1.37097,0.0009368173168477779,61.75996409880518,1.3691882000000002,1.3632122000000002,UP,1.37097,66.69349775547585,0.0002107069742910463,NORMAL,1.0,,
756,2026-03-18 07:32:02.755871,NZDUSD,0.58595,0.0003800052483969155,45.90842931905723,0.586179,0.5859344,0.0001357169120130841,0.0001942426833902582,0.3936737872130657,0.58595,0.0008770814223455545,54.45224717567952,0.5847779999999999,0.58781455,DOWN,0.58595,33.32270159185833,0.00020862747338030747,NORMAL,7.0,,
757,2026-03-18 07:32:03.141282,USDCHF,0.78606,0.0002499659172105232,72.83409082572196,0.7853975,0.785098,0.0001539844764256726,8.371266032706595e-05,1.1628699146847534,0.78606,0.0007497200208552127,51.45852221795789,0.7870594,0.78278935,UP,0.78606,73.22656767626718,0.00016351542267729647,NORMAL,4.0,SELL,ACTIVE
758,2026-03-18 07:47:01.849706,EURUSD,1.15227,0.0005001971165282171,28.641632611547834,1.1538745000000001,1.1537702,-9.868112450406308e-05,0.0001083125793243794,-0.11326963109459615,1.15227,0.0012255695106429363,48.200129634880746,1.1506612,1.15456395,DOWN,1.15227,20.57731387186614,0.0003416632810658159,NORMAL,9.0,BUY,ACTIVE
759,2026-03-18 07:47:02.146493,GBPUSD,1.33477,0.0005466758465249609,35.44523663054416,1.3362005,1.3358058,3.668481753371644e-05,0.0002481455904317425,0.019925924727481628,1.33477,0.001339712051345385,52.09912582920304,1.3320739999999998,1.3355313000000002,DOWN,1.33477,26.937685896591063,0.00039526642082537706,NORMAL,6.0,,
760,2026-03-18 07:47:02.547199,USDJPY,158.816,0.07767521852623437,49.09907983399105,158.8028,158.90671999999998,-0.042913553249121605,-0.05674658777706649,0.530207314191406,158.816,0.17324263797484354,42.01002001830098,159.09643999999997,158.66119,UP,158.816,57.42445795468547,0.05017026497342034,NORMAL,300.0,,
761,2026-03-18 07:47:02.854451,XAUUSD,4998.7,6.874782769845494,47.206630292680714,4998.284,5000.6956,1.7179708458143068,0.9634021761992368,0.5120107826940348,4998.7,16.855146933738514,47.0635201919125,5006.023,5098.18915,DOWN,4998.7,39.40602773222775,3.8146575035702757,NORMAL,17000.0,,
762,2026-03-18 07:47:03.151240,AUDUSD,0.71102,0.0004855256513416869,45.964904804113395,0.711362,0.7109184000000001,0.0001523682354671596,0.00023273642214249876,0.31582494409481154,0.71102,0.0012199903080500646,57.498111369383444,0.7079527999999999,0.7073734,UP,0.71102,36.954822635825224,0.0002670392889393041,NORMAL,2.0,,
763,2026-03-18 07:47:03.520885,USDCAD,1.37127,0.00035745898131168144,73.1367957817506,1.3702515,1.3696403999999998,0.0003961026133081358,0.0002962613861789528,1.0324884485847243,1.37127,0.0009553887522098113,63.535836299116134,1.3691942,1.3632137,UP,1.37127,70.45352244191349,0.00021866217236374337,NORMAL,1.0,SELL,ACTIVE
764,2026-03-18 07:47:03.921412,NZDUSD,0.58559,0.0003907191592257032,41.05471932730536,0.5861835,0.5859262,5.8885402732355985e-05,0.00016576723865470593,0.21893258676024352,0.58559,0.0008977957156339753,51.31045842717483,0.5847707999999999,0.58781275,DOWN,0.58559,27.632389926072094,0.00021884036038932592,NORMAL,5.0,,
765,2026-03-18 07:47:04.265233,USDCHF,0.78652,0.0002691520251648693,78.95712477680013,0.785468,0.7851400000000001,0.00024305629109155902,0.0001201762582748364,1.167667090721612,0.78652,0.000782577175726513,55.53762439281911,0.7870685999999999,0.7827916500000001,UP,0.78652,78.6327870996351,0.0001870095163784908,NORMAL,2.0,SELL,ACTIVE
766,2026-03-18 08:02:00.935171,EURUSD,1.15269,0.0005012034449394504,32.917083916838564,1.15386,1.1537578000000002,-0.00014777072290961257,6.169079067245284e-05,0.05519213721280675,1.15269,0.0011508859553636644,50.75779821231933,1.1508589999999999,1.15452375,DOWN,1.15269,30.006258931852486,0.00035518850916530696,NORMAL,2.0,BUY,ACTIVE
767,2026-03-18 08:02:01.247756,GBPUSD,1.33547,0.0005505357350384729,42.68258837350899,1.3362465000000001,1.3358160000000001,2.8623316578935132e-05,0.00021330324392330227,0.21184732556362834,1.33547,0.001269681539131176,56.149612354208365,1.3322972000000002,1.3355354499999998,DOWN,1.33547,39.00910482556206,0.0004094933986653493,NORMAL,6.0,,
768,2026-03-18 08:02:01.586717,USDJPY,158.791,0.0797545396519111,47.34213634098462,158.79295,158.90086,-0.04236352767932772,-0.05461026065780342,0.4953696366584643,158.791,0.16365387571465634,40.805373698410996,159.08534,158.66701,UP,158.791,53.743265216180205,0.051625389029501596,NORMAL,300.0,,
769,2026-03-18 08:02:02.002976,XAUUSD,4993.84,7.0727064495503935,42.59358315726151,4998.0830000000005,5000.4295999999995,0.6446925839536561,0.8520522805421669,0.37802953370518905,4993.84,16.340186156015264,44.84040676450263,5005.569,5097.6269,DOWN,4993.84,37.098501423579215,4.136139513532109,NORMAL,17000.0,SELL,ACTIVE
770,2026-03-18 08:02:02.356918,AUDUSD,0.71118,0.00047191667624585425,48.17546006202975,0.7114079999999999,0.7109408,0.00013393141113304807,0.00021578339714858785,0.36122782002776777,0.71118,0.0011399909833556768,58.61241089987817,0.7081452,0.7074257,UP,0.71118,42.11067174094215,0.0002659679623032548,NORMAL,2.0,,
771,2026-03-18 08:02:02.684986,USDCAD,1.37104,0.000343813952034332,69.49060019622316,1.3703085,1.3696616,0.000384077973410335,0.00031012327912378597,0.8994137282659515,1.37104,0.0008957181050929915,62.21762615602788,1.3691718,1.36323145,UP,1.37104,61.67798389027749,0.00021279056347040307,NORMAL,4.0,,
772,2026-03-18 08:02:02.991976,NZDUSD,0.58562,0.0003775045254034545,41.320674266171444,0.5861995,0.5859272,1.590948095575584e-05,0.0001375825817017908,0.21494896775536476,0.58562,0.0008443817213199036,51.488192959865934,0.5848728,0.5877939,DOWN,0.58562,30.817267413608704,0.00021976643140747762,NORMAL,5.0,,
773,2026-03-18 08:02:03.361640,USDCHF,0.78653,0.0002749779009183978,79.11554125441167,0.7855234999999999,0.7851728,0.0002852904115769883,0.00015256091229708324,1.0552440266369179,0.78653,0.0007371379768142645,55.65602144152428,0.7869798,0.7828199499999999,UP,0.78653,74.81768109029025,0.0001989160139310697,NORMAL,2.0,SELL,ACTIVE
774,2026-03-18 08:05:00.039825,EURUSD,1.15294,0.001176600510994149,52.343211024899716,1.1535164999999998,1.1508639999999999,0.0,0.001003982208018513,0.2421847272494132,1.15294,0.0031524582339906536,51.877376560780924,1.154573,1.17348735,DOWN,1.15294,37.70457090060929,0.0005268512333623886,NORMAL,2.0,,
775,2026-03-18 08:05:00.243159,GBPUSD,1.33597,0.0013025391678271215,58.646177464584284,1.3355275,1.3323071999999998,0.0,0.0012502154671970385,0.6621020503414701,1.33597,0.003512557614627412,54.807687036298404,1.3356611999999999,1.3502363,DOWN,1.33597,48.73504393135674,0.0005832885414683934,NORMAL,6.0,,
776,2026-03-18 08:05:00.372755,USDJPY,158.796,0.1656539025708114,41.09870336673655,158.92055,159.08544,0.0,-0.08231510417293461,0.2126573463161788,158.796,0.38388361988671016,46.69399150415517,158.68108,156.22834500000002,UP,158.796,47.80888865527207,0.08175997210566162,NORMAL,300.0,,
777,2026-03-18 08:05:00.513382,XAUUSD,4994.78,16.469477876415823,45.27806130977685,5001.0435,5005.5878,0.0,-4.6389686942710515,0.28397265017068796,4994.78,40.1913867880443,38.57061959130336,5098.7866,5059.5927,UP,4994.78,43.46486886266627,7.200952355951064,NORMAL,17000.0,,
778,2026-03-18 08:17:01.162623,EURUSD,1.15263,0.0005251991172397036,33.47238254793426,1.153836,1.1537418,-0.0002038266266046751,1.0246566476297392e-05,0.0630381646956328,1.15263,0.0011837431102349727,50.36147687402435,1.1508578,1.15452345,DOWN,1.15263,34.74596337897832,0.0003966493142740621,NORMAL,2.0,,
779,2026-03-18 08:17:01.469590,GBPUSD,1.33567,0.0005741709376377827,45.318069990194026,1.336281,1.3358274,8.958512590862e-06,0.00017562518084769644,0.2580473688222405,1.33567,0.0013082529818061943,57.19200569174213,1.3323012,1.33553645,DOWN,1.33567,43.688935129097935,0.0004471203308226865,NORMAL,6.0,,
780,2026-03-18 08:17:01.781997,USDJPY,158.893,0.08172615416657045,55.533473067895045,158.79265,158.89948,-0.024822455683278122,-0.04764438057457957,0.7493672442997453,158.893,0.17051102107910165,46.264394303246966,159.08738,158.66752,UP,158.893,65.14965509807713,0.05318495683635832,NORMAL,300.0,,
781,2026-03-18 08:17:02.104783,XAUUSD,4991.66,7.3432274174396746,40.616892441891565,4997.814,5000.1720000000005,-0.19236241246562713,0.6332137863851102,0.3257260596264831,4991.66,16.83018633518294,43.85724383832552,5005.5253999999995,5097.616,DOWN,4991.66,35.37348289045646,4.399874061702705,NORMAL,17000.0,,
782,2026-03-18 08:17:02.411663,AUDUSD,0.71093,0.0004885654850854443,44.375346715094544,0.71142,0.7109478,7.44129480517719e-05,0.00018546714208705152,0.17852087281989626,0.71093,0.001164990992496888,56.708213407025745,0.7081402,0.70742445,UP,0.71093,36.994856561125765,0.0002938954130009464,NORMAL,2.0,,
783,2026-03-18 08:17:02.844054,USDCAD,1.37021,0.00039226601668492417,50.78871285576584,1.3702865000000002,1.3696542000000003,0.0002710739893456715,0.00029171968897446533,0.45353627269213836,1.37021,0.0009692895605656735,54.49754456581817,1.3691551999999998,1.3632273000000001,UP,1.37021,39.696465759229085,0.000260171097600637,NORMAL,2.0,SELL,ACTIVE
784,2026-03-18 08:17:03.156306,NZDUSD,0.58554,0.00038712154909913577,40.22815712395839,0.586205,0.5859242,-3.492182528952448e-05,0.00010269879432062471,0.1671037929455683,0.58554,0.0008636674426574127,50.78452694781502,0.5848711999999999,0.5877935,DOWN,0.58554,31.182942255772375,0.00023850176872663547,NORMAL,7.0,,
785,2026-03-18 08:17:03.557109,USDCHF,0.7867,0.0002812039692201484,80.91526089433435,0.785592,0.7852080000000001,0.00034228524718715736,0.00019267557984491146,1.0119236130180513,0.7867,0.0007549951262008381,57.087399002670935,0.7869832000000001,0.7828208,UP,0.7867,76.51252293340147,0.000215911446102249,NORMAL,4.0,SELL,ACTIVE
786,2026-03-18 08:32:03.450659,EURUSD,1.15218,0.0005631950986613581,31.07917503129137,1.153748,1.1536988000000001,-0.0003257829704688131,-6.448982524319825e-05,0.029130045447959763,1.15218,0.0012344574144928467,47.494559853720816,1.1508488,1.1545212,DOWN,1.15218,32.080131871362596,0.0004140029861711406,NORMAL,8.0,BUY,ACTIVE
787,2026-03-18 08:32:03.747462,GBPUSD,1.3346,0.0006601995441330551,37.08642656271955,1.336181,1.335787,-0.00018390358233233428,8.789264758490164e-05,0.010804835139772748,1.3346,0.0013889672970335218,50.852131835494426,1.3322798,1.3355311,DOWN,1.3346,34.32251716181847,0.0004937671312087978,HIGH,6.0,,
788,2026-03-18 08:32:04.054705,USDJPY,158.963,0.08179163295059214,60.15056087544432,158.7945,158.89912,-0.007255238678567366,-0.03896666615549127,0.9102034243921525,158.963,0.175582451504889,49.46285502658689,159.08877999999999,158.66787,UP,158.963,71.32147441151872,0.04934643867370006,NORMAL,300.0,,
789,2026-03-18 08:32:04.361903,XAUUSD,4990.93,7.505547908030709,40.8490782501351,4997.491,4999.9074,-1.009442604204196,0.2727736763582993,0.31866262536930107,4990.93,17.11018643756445,43.53758504754985,5005.5108,5097.612349999999,DOWN,4990.93,39.47738638972082,4.581102732109835,NORMAL,17000.0,,
790,2026-03-18 08:32:04.721015,AUDUSD,0.71031,0.000533872032069142,37.936387244319974,0.7113595,0.7109300000000001,-5.9333818841267316e-05,0.0001268066650011008,-0.02176552374182691,0.71031,0.0012221338705339316,52.47990078461415,0.7081278000000001,0.7074213500000001,UP,0.71031,29.97397604533826,0.0003187495550849615,NORMAL,2.0,BUY,ACTIVE
791,2026-03-18 08:32:05.028135,USDCAD,1.3704,0.00040414497467682276,53.58707828196073,1.370328,1.3696815999999998,0.0002643414348781903,0.0002899454626566181,0.5448870386177681,1.3704,0.0009692895605656735,56.13871926152907,1.369159,1.36322825,UP,1.3704,45.183271474533214,0.0002656098943326651,NORMAL,4.0,,
792,2026-03-18 08:32:05.335442,NZDUSD,0.5855,0.000392582254775723,40.40586255976094,0.5861965,0.5859188,-8.36716048580044e-05,6.376545522564654e-05,0.15995030596523432,0.5855,0.0008700960164365744,50.43985750672837,0.5848704,0.5877933,DOWN,0.5855,32.87247027308271,0.0002370528125907999,NORMAL,5.0,,
793,2026-03-18 08:32:06.033192,USDCHF,0.78719,0.0003256077673370816,82.77472951737258,0.785704,0.7852642,0.00044599266855716024,0.00025048657593493176,1.0277892210365895,0.78719,0.0008114237182624221,60.74011364797278,0.786993,0.78282325,UP,0.78719,79.90115834905548,0.00023713149276861684,NORMAL,2.0,SELL,ACTIVE
794,2026-03-18 08:47:01.321500,EURUSD,1.15257,0.0005589362650835005,37.64418314116079,1.153717,1.1536858,-0.0003243823065208762,-0.00011123527306567847,0.15851146755489148,1.15257,0.0012344574144928467,49.95938336567054,1.1508566,1.15452315,DOWN,1.15257,40.250084566348995,0.00039530279315960347,NORMAL,4.0,,
795,2026-03-18 08:47:01.706600,GBPUSD,1.3342100000000001,0.0006502873317970155,34.059755313724324,1.336097,1.335767,-0.0002896018565579084,1.1755570118156093e-05,-0.011032972634358382,1.3342100000000001,0.0013889672970335218,48.78871331105634,1.3322720000000001,1.3355291500000002,DOWN,1.3342100000000001,31.901454919207126,0.0004689744178587902,NORMAL,6.0,BUY,ACTIVE
796,2026-03-18 08:47:02.001358,USDJPY,158.974,0.07825549590310231,60.822014621065286,158.7972,158.89796,0.005208442431836602,-0.02999124557762688,0.9129795188412229,158.974,0.1772967378460003,49.93117311737971,159.089,158.667925,UP,158.974,72.19009854272993,0.04480953667871788,NORMAL,300.0,,
797,2026-03-18 08:47:02.355467,XAUUSD,4984.26,7.9385189758244845,34.65879309827132,4996.862999999999,4999.4854,-2.3563752434783964,-0.3240213497742971,0.17509298317187683,4984.26,17.568758033811722,40.81918939672034,5005.3774,5097.579000000001,DOWN,4984.26,33.1098479461114,4.979707139332364,NORMAL,17000.0,,
798,2026-03-18 08:47:02.683367,AUDUSD,0.7103,0.0005165036216152215,37.99748524372179,0.7113195,0.7109298,-0.0001148953970160349,7.884915858057668e-05,0.03790737463897367,0.7103,0.0012221338705339316,52.416863069711034,0.7081276,0.7074213,UP,0.7103,31.601527447923203,0.00030900787866132846,NORMAL,4.0,,
799,2026-03-18 08:47:03.009283,USDCAD,1.37008,0.0004157366601590859,48.272659905141815,1.3703215,1.3696888,0.00019392516232730195,0.0002669123427616891,0.3477561876113475,1.37008,0.0009721467044675127,53.42883965376587,1.3691525999999998,1.36322665,UP,1.37008,40.15433782079574,0.00026891246525664056,NORMAL,2.0,,
800,2026-03-18 08:47:03.321838,NZDUSD,0.58569,0.0003858161753529696,44.12419508587648,0.5861985,0.5859258,-8.346493072097783e-05,3.7254990571923376e-05,0.24891886561566082,0.58569,0.0008700960164365744,52.120093022401655,0.5848742,0.58779425,DOWN,0.58569,41.56065312390504,0.00023503178171470183,NORMAL,7.0,,
801,2026-03-18 08:47:03.667688,USDCHF,0.78682,0.0003402582329354615,70.9667812877687,0.7857594999999999,0.7852918,0.0004336267392310855,0.0002821368308163877,0.8760753788637011,0.78682,0.0008114237182624221,58.043386690452984,0.7869856,0.7828214,UP,0.78682,64.21523520164556,0.00024699210642853815,NORMAL,4.0,,
802,2026-03-18 09:02:02.353100,EURUSD,1.15313,0.000580848980842844,45.562471241569455,1.1537175,1.1536838,-0.0002592751089662837,-0.00013229167329423938,0.3199841492985191,1.15313,0.0011835777821541688,53.33258198278851,1.1510814,1.1544847,DOWN,1.15313,50.108163592113925,0.0003976296395018784,NORMAL,2.0,,
803,2026-03-18 09:02:02.894599,GBPUSD,1.33474,0.0006641443591176253,39.772807364184814,1.3360774999999998,1.335767,-0.00027566889264551975,-3.577376687902935e-05,0.1316275141368326,1.33474,0.001307612465813056,51.5269605398869,1.3324954,1.3355291,DOWN,1.33474,40.04061174559771,0.0004589627979318149,NORMAL,6.0,,
804,2026-03-18 09:02:03.560796,USDJPY,158.998,0.07921683803247047,61.62152984805081,158.8004,158.89734,0.014601354551132317,-0.021391813870963266,0.9422729367804161,158.998,0.16813268153846608,51.07569973987595,159.08272,158.675475,UP,158.998,70.64328307190722,0.045091422803846745,NORMAL,300.0,,
805,2026-03-18 09:02:04.117590,XAUUSD,4989.18,7.8983696612247645,40.67927709850808,4996.9574999999995,4999.2973999999995,-2.4403550988699863,-0.7049131708184825,0.2964585922315698,4989.18,16.54027408644339,43.07610143236707,5004.8772,5097.1528499999995,DOWN,4989.18,41.72756602896355,4.806245594303632,NORMAL,17000.0,,
806,2026-03-18 09:02:04.737412,AUDUSD,0.71061,0.0005264472404794458,43.4947107873752,0.7113295,0.7109422000000001,-0.00010223582603763326,4.926919869397969e-05,0.16070839369408413,0.71061,0.001149838559330643,54.33466571537571,0.7083248000000001,0.7074666500000001,UP,0.71061,41.589185484032214,0.00031632643887249197,NORMAL,2.0,,
807,2026-03-18 09:02:05.189653,USDCAD,1.36971,0.00043599016402530184,43.35473122432488,1.3702845,1.3696957999999997,9.868014292147009e-05,0.0002276499483777224,0.1720287055890228,1.36971,0.0009433709006311313,50.62981510654061,1.3691244,1.3632408,UP,1.36971,34.91305820997647,0.00029146789280704445,NORMAL,2.0,,
808,2026-03-18 09:02:05.496658,NZDUSD,0.58593,0.0004045333873175547,48.22437612410061,0.5862295000000001,0.5859392,-5.048164337917438e-05,2.5323618197644474e-05,0.3456050832318026,0.58593,0.0008509054656216572,53.71441501447491,0.5849894,0.5877727500000001,DOWN,0.58593,49.64697919303293,0.0002495559748924776,NORMAL,7.0,,
809,2026-03-18 09:02:05.809082,USDCHF,0.7863,0.00037115815507271965,58.402500221758146,0.7857815,0.7853094,0.0003630880806967385,0.00029028605515142326,0.6937366064595708,0.7863,0.0007834648749754216,53.26574627358406,0.7868704000000001,0.7828463499999999,UP,0.7863,48.98912204306731,0.0002666320390118632,HIGH,2.0,,
810,2026-03-18 09:05:00.125424,EURUSD,1.15321,0.001197149454086399,53.90003862301659,1.1535405,1.151083,0.0,0.0009474246108656607,0.34681223004482986,1.1532,0.0031924582486165757,52.436572633105776,1.1545782,1.1734886500000001,DOWN,1.1532,46.303107359760325,0.0005943441751419213,NORMAL,2.0,,
811,2026-03-18 09:05:00.355274,GBPUSD,1.3348,0.001328327186451724,51.895425279938266,1.335486,1.3324966,0.0,0.0011644488219705919,0.24606968922784253,1.3348,0.0035604147749834308,52.51340431993079,1.3356377999999998,1.35023045,DOWN,1.3348,40.22838634738661,0.0006847530125837693,NORMAL,6.0,,
812,2026-03-18 09:05:00.620842,USDJPY,158.985,0.1692041340198353,50.50529773427689,158.93365,159.08246,0.0,-0.07793679247644261,0.6229477262074314,158.985,0.39374076634810035,50.22683897661413,158.68486000000001,156.22929,UP,158.985,60.83405719692326,0.08028774751875818,NORMAL,300.0,BUY,ACTIVE
813,2026-03-18 09:05:00.824045,XAUUSD,4990.4,16.62028047708002,43.77805159124327,4999.62,5004.9016,0.0,-4.833073154626887,0.19708350471060726,4990.4,41.13781570553281,37.8854987828122,5098.6990000000005,5059.5708,UP,4990.46,42.29688445048739,7.977994635613542,NORMAL,17000.0,,
814,2026-03-18 09:17:00.795692,EURUSD,1.15302,0.0006175230332316149,45.81747595393434,1.1536465,1.1536532,-0.0002929143286400926,-0.00017207432402150608,0.31808139716832223,1.15302,0.0012300063705592682,52.57156032956484,1.1510792,1.15448415,DOWN,1.15302,48.944114289836726,0.0004415976245362235,NORMAL,2.0,,
815,2026-03-18 09:17:01.227935,GBPUSD,1.33477,0.0006855830273439246,42.018859483615785,1.3359865,1.3357496,-0.0003369151612071519,-0.00010200090614351532,0.1932405307790708,1.33477,0.0013433267645862191,51.71053561128591,1.3324960000000001,1.3355292499999998,DOWN,1.33476,43.494863686907365,0.0004999782699671766,NORMAL,6.0,,
816,2026-03-18 09:17:01.628914,USDJPY,159.017,0.07964012511178369,61.42906188590789,158.80855000000003,158.8998,0.02795175382161119,-0.01088492369427193,0.9188216772706034,159.017,0.17198982580596658,51.88610738952905,159.0831,158.67557,UP,159.017,68.26393730971658,0.04598695724052614,NORMAL,300.0,,
817,2026-03-18 09:17:02.092116,XAUUSD,4985.16,7.580016726239334,36.439981584542174,4996.538500000001,4998.9392,-3.181439805834998,-1.2364669308700986,0.21422531259586106,4985.16,16.740988445548528,41.09379359283719,5004.7968,5097.132750000001,DOWN,4985.14,37.12610615547795,4.405754817388123,NORMAL,17000.0,,
818,2026-03-18 09:17:02.555378,AUDUSD,0.71052,0.0005334357028941667,43.66689097249973,0.7112615,0.7109456000000001,-0.00015300404879192708,4.2196774019442724e-06,0.18341117060787338,0.71052,0.001175552854447306,53.68676582197236,0.708323,0.7074662,UP,0.71052,42.04897780756991,0.00032752110934433583,NORMAL,2.0,,
819,2026-03-18 09:17:02.971667,USDCAD,1.36964,0.0004425010706765396,43.179944535131675,1.370287,1.3697202000000002,6.08626542739632e-05,0.0001976110080754753,0.13040263303000288,1.36964,0.0009576566201403745,50.10334229210592,1.3691229999999999,1.3632404500000002,UP,1.36963,36.69460924505574,0.00029815246377430795,NORMAL,4.0,,
820,2026-03-18 09:17:03.356929,NZDUSD,0.58582,0.00041267896169283044,47.283411863726656,0.5861985,0.5859374,-8.066428769215594e-05,-8.592879226665501e-08,0.31384491776618434,0.58582,0.0008723340448855457,52.71980174734327,0.5849872,0.5877722,DOWN,0.58579,46.265663778165205,0.000262808933687834,NORMAL,7.0,,
821,2026-03-18 09:17:03.794419,USDCHF,0.7868,0.00042689175624099776,61.568478248249384,0.7859025,0.7853808000000001,0.0004352975621106925,0.0003301373593922732,0.801110258104291,0.7868,0.0008420363249633929,57.478444095803084,0.7868804,0.78284885,UP,0.7868,57.320076057908345,0.0003214021029470169,HIGH,4.0,,
822,2026-03-18 09:32:00.818709,EURUSD,1.15343,0.000620710163510999,49.84854640096602,1.1536455,1.1536622,-0.00021739395105879744,-0.00017526702435772542,0.4365459477323612,1.15343,0.0012457206620194628,55.25128572117096,1.1510874000000002,1.1544862,DOWN,1.15343,54.273711726355366,0.0004377645339064616,NORMAL,2.0,,
823,2026-03-18 09:32:01.125831,GBPUSD,1.33539,0.000692990362125473,47.78949214994748,1.3359795,1.3357592,-0.0002702001766421436,-0.0001290037232062315,0.3487171951904082,1.33539,0.0013704696316538016,55.2791436465382,1.3325084,1.33553235,DOWN,1.33539,51.9624265320259,0.00048265561287521777,NORMAL,6.0,,
824,2026-03-18 09:32:01.448433,USDJPY,158.943,0.07989542229767621,55.24429528600058,158.81085000000002,158.89782000000002,0.025061444710615888,-0.004525279642923746,0.7680138037174955,158.943,0.1725612545863377,48.58383733139183,159.08162000000002,158.67520000000002,UP,158.943,54.97653195611746,0.04367046567828625,NORMAL,300.0,,
825,2026-03-18 09:32:01.760687,XAUUSD,4993.98,7.723280837630397,47.223472284479534,4997.378,4998.8888,-2.4000349459120116,-1.3770278273258933,0.4078805952287289,4993.98,17.012417116224427,45.741472300431646,5004.9732,5097.17685,DOWN,4993.98,51.529499363747625,4.488473361286969,NORMAL,17000.0,,
826,2026-03-18 09:32:02.052563,AUDUSD,0.71092,0.0005449760098303028,48.59310701537964,0.7112645,0.7109818,-0.00010829584850835516,-1.241220270889444e-05,0.34870233842978365,0.71092,0.0012005528635885092,56.50907780467914,0.708331,0.7074682,UP,0.71092,50.10609168116641,0.00033222020280552486,NORMAL,4.0,,
827,2026-03-18 09:32:02.375092,USDCAD,1.36938,0.0004575775248118944,41.0345944664168,1.3702295,1.3697210000000002,-3.0470892192990817e-05,0.00014701685024400723,0.08726984698913554,1.36938,0.0009940852048889895,48.19444108437707,1.3691178,1.36323915,UP,1.36938,35.16886667463932,0.000309986652362807,NORMAL,4.0,,
828,2026-03-18 09:32:02.671879,NZDUSD,0.58609,0.00041559985218415365,50.96210324680578,0.5862185,0.5859504000000001,-4.459970284609316e-05,-5.5425297568692e-06,0.4355778987345538,0.58609,0.0008780483326892477,55.230009064208915,0.5849926,0.58777355,DOWN,0.58609,53.99253531785558,0.00025997629113675374,NORMAL,7.0,,
829,2026-03-18 09:32:02.978763,USDCHF,0.7866,0.0004341035695707304,58.57531212274428,0.7859615,0.785424,0.00040551421957513156,0.00034266002487612845,0.7180519583240104,0.7866,0.0008420363249633929,55.88791137190393,0.7868764,0.78284785,UP,0.7866,53.2266120713262,0.0003154029480334417,HIGH,4.0,,
830,2026-03-18 09:47:00.408085,EURUSD,1.15372,0.0006253022946887735,52.39321539620906,1.1536435,1.1536708,-0.00013734374405305338,-0.00016270459051901618,0.5227466116803081,1.15372,0.0012735778150625128,56.87977228205413,1.1510932,1.1544876499999999,DOWN,1.15372,57.73971807116133,0.0004216808194339781,NORMAL,2.0,BUY,ACTIVE
831,2026-03-18 09:47:00.767350,GBPUSD,1.3359,0.0006912971729940759,51.92276526920629,1.3359845,1.3357786000000003,-0.00017279264802483318,-0.00013074156515000384,0.47802194559854155,1.3359,0.0014140410761570462,57.78256641954142,1.3325186,1.3355349,DOWN,1.3359,58.301462269067194,0.00045349896132768894,NORMAL,6.0,,
832,2026-03-18 09:47:01.168149,USDJPY,158.951,0.08088758601110801,55.36786067810791,158.8158,158.89674000000002,0.024686793893579306,0.0007938302210721785,0.7695721467016079,158.951,0.17577554147592245,48.948614840797866,159.08178,158.67524,UP,158.951,55.8681347909835,0.04420631174999908,NORMAL,300.0,,
833,2026-03-18 09:47:01.475423,XAUUSD,4992.19,7.345342410452652,45.21914444890284,4997.5895,4998.638000000001,-2.40932615971451,-1.594847037963112,0.3501778876862861,4992.19,17.080274283893402,44.777214607318825,5004.9374,5097.1678999999995,DOWN,4992.19,48.405301162259704,3.983181497516346,NORMAL,17000.0,,
834,2026-03-18 09:47:01.860718,AUDUSD,0.71118,0.0005460491519852798,51.4099098628609,0.7112695,0.7110076,-5.910220232285823e-05,-1.7410601492060364e-05,0.4602512254043982,0.71118,0.0012119814391959212,57.99542953058985,0.7083362000000001,0.7074695,UP,0.71118,54.86484019028139,0.0003253003453570394,NORMAL,4.0,,
835,2026-03-18 09:47:02.173146,USDCAD,1.36925,0.0004459648444681909,39.321849127032614,1.3701824999999999,1.3697236000000002,-9.876310930279075e-05,9.556342243719394e-05,0.09307584817090467,1.36925,0.0009940852048889895,47.29351664587628,1.3691152,1.3632385,UP,1.36925,34.572702645347874,0.00028830036282718227,NORMAL,1.0,,
836,2026-03-18 09:47:02.526966,NZDUSD,0.58629,0.00041244476070161193,53.48944728189769,0.5862345,0.585975,-3.2062723135384275e-06,-2.267301060223838e-06,0.5278507527752988,0.58629,0.0008894769082966517,56.84856699771175,0.5849966,0.58777455,DOWN,0.58629,58.78120408988462,0.00024363838113967767,NORMAL,7.0,,
837,2026-03-18 09:47:02.833885,USDCHF,0.78642,0.0004393206615401629,55.77645966714138,0.786008,0.7854616,0.000359685865076953,0.00034274667439777086,0.6452858283437903,0.78642,0.0008420363249633929,54.35115228344285,0.7868728,0.78284695,UP,0.78642,49.43172979542884,0.00030037845452057153,HIGH,2.0,,
838,2026-03-18 10:02:00.393684,EURUSD,1.1539,0.000607525600170195,54.176489268343474,1.153633,1.1536802,-7.44543450392765e-05,-0.00014326764683614008,0.5801797197031402,1.1539,0.0011968936739233872,57.84817330994222,1.1512848,1.15444975,DOWN,1.1539,59.575159124247484,0.00040883612204434326,NORMAL,2.0,,
839,2026-03-18 10:02:00.799657,GBPUSD,1.3358400000000001,0.0006801841096169404,51.30989999475192,1.3359415000000001,1.3357890000000001,-0.00012935677836800608,-0.00012957116050017574,0.4731054601885325,1.3358400000000001,0.0013287524074882756,57.23170506844816,1.3327330000000002,1.3355346,DOWN,1.3358400000000001,55.989235977665835,0.0004460652892856326,NORMAL,6.0,BUY,ACTIVE
840,2026-03-18 10:02:01.138274,USDJPY,158.951,0.0788394931327634,55.55602990600377,158.82604999999998,158.89566000000002,0.024210795900529547,0.004966682046422494,0.7512869318987417,158.951,0.16622014199973148,49.152894330397906,159.07304,158.68239,UP,158.951,55.11388862204488,0.044243606548151286,NORMAL,300.0,,
841,2026-03-18 10:02:01.476531,XAUUSD,4990.4,7.130011830114244,43.28265182706778,4997.595499999999,4998.370800000001,-2.4806276952876942,-1.7728966167215208,0.30021345606461636,4990.4,15.984539549288554,43.93036018660962,5004.5008,5096.8048,DOWN,4990.38,45.00474013508078,3.7257269981895322,NORMAL,17000.0,,
842,2026-03-18 10:02:01.830925,AUDUSD,0.71105,0.0005381680901087768,49.75548842621118,0.7112550000000001,0.7110284,-4.842731989418425e-05,-2.297576853431935e-05,0.40912876990618574,0.71105,0.0011432684431907938,56.831068852277355,0.7085146,0.70750945,UP,0.71105,51.44682746523177,0.00032063278594053976,NORMAL,2.0,,
843,2026-03-18 10:02:02.174776,USDCAD,1.36914,0.00042854898823065514,37.7810519191969,1.370142,1.3697212,-0.0001535951549109793,4.471062434650824e-05,0.09718807318827738,1.36914,0.0009302219550741614,46.54188973945685,1.3690995999999998,1.363255,UP,1.36914,33.83925213276113,0.0002686565697681814,NORMAL,4.0,,
844,2026-03-18 10:02:02.747536,NZDUSD,0.58624,0.0003967599308555769,52.69255756234276,0.586223,0.5859932,1.1522524437146409e-05,4.906640392502113e-07,0.5085838813111485,0.58624,0.0008330856786222819,56.324807855280625,0.5850875999999999,0.5877512,DOWN,0.58624,55.93285865121821,0.00023232053873988349,NORMAL,5.0,BUY,ACTIVE
845,2026-03-18 10:02:03.169366,USDCHF,0.78609,0.0004291140836750441,51.44985263545948,0.7860354999999999,0.7854886000000001,0.0002886658175733636,0.00032759090189329816,0.520107731377881,0.78609,0.0007984214700530419,51.19031434795173,0.786798,0.7828731999999999,UP,0.78609,42.50071004980606,0.0002809352002121143,HIGH,4.0,,
846,2026-03-18 10:05:00.033921,EURUSD,1.15387,0.001201179595121047,57.68045118394284,1.1536005,1.1512842,0.0,0.0009113059442154949,0.625131595838802,1.15387,0.0029829968466801113,53.932883662692596,1.1544562,1.1732989999999999,DOWN,1.15387,53.872368613584,0.0006116528333747158,NORMAL,2.0,,
847,2026-03-18 10:05:00.174523,GBPUSD,1.33578,0.0013337527955827075,56.837674746695534,1.335594,1.3327318000000004,0.0,0.0011296976393605222,0.5725785129557714,1.33578,0.003326813632394242,54.39209904924886,1.3356656,1.35003715,DOWN,1.33578,50.758868276425666,0.0006850016459194095,NORMAL,6.0,,
848,2026-03-18 10:05:00.356547,USDJPY,158.97,0.1677201652633185,50.0341745244587,158.93185,159.07342,0.0,-0.07608108029743538,0.5915352827117915,158.97,0.3727031505910481,50.04357371953688,158.70588,156.25417,UP,158.97,56.77928926608125,0.08033696215917742,NORMAL,300.0,BUY,ACTIVE
849,2026-03-18 10:05:00.481515,XAUUSD,4989.07,16.093117585860004,43.32496870292905,4998.3285000000005,5004.4742,0.0,-4.892334719183598,0.15602633368053814,4989.07,38.43225229356944,37.64663515252863,5096.1668,5058.59985,UP,4989.07,41.93744722428788,7.237659142174995,NORMAL,17000.0,,
850,2026-03-18 10:17:00.254698,EURUSD,1.1542,0.0006110186695457832,56.80785454015896,1.1536529999999998,1.1536988,1.0557084577644815e-05,-0.00010841837006903681,0.6621253049129098,1.1542,0.0012304651147701474,59.455054021862516,1.1512908,1.1544512500000002,DOWN,1.1542,62.28067175331723,0.00040377451907405097,NORMAL,2.0,,
851,2026-03-18 10:17:00.796248,GBPUSD,1.33588,0.0006660893262769553,51.597675425161796,1.3359115000000001,1.3357991999999999,-8.641309905144112e-05,-0.00011915265362350065,0.4915315249753494,1.33588,0.001355895274555874,57.49744095052099,1.3327338,1.3355348,DOWN,1.33588,55.00345283988334,0.00042928801869754064,NORMAL,6.0,,
852,2026-03-18 10:17:01.103490,USDJPY,159.0,0.07875912117430153,58.74933845266415,158.8399,158.89534,0.03021712974748425,0.010067825717688963,0.8127265569888328,159.0,0.1697201432795008,51.365126106500554,159.07402,158.682635,UP,159.0,60.53323334850069,0.04383451058888735,NORMAL,300.0,,
853,2026-03-18 10:17:01.395494,XAUUSD,4986.9,7.028072209595838,39.8037099039027,4997.3150000000005,4997.9586,-2.8840570459979062,-2.0160608963089492,0.21925118007707528,4986.9,16.266682509596436,42.37228300753646,5004.4308,5096.7873,DOWN,4986.9,39.45811712869707,3.742842449051923,NORMAL,17000.0,,
854,2026-03-18 10:17:01.692279,AUDUSD,0.71103,0.0005135540428561152,49.489505660971695,0.7112445000000001,0.7110498,-4.3616441869009925e-05,-2.6976267873617203e-05,0.4052649848341084,0.71103,0.0011496970169699635,56.67559459227401,0.7085142000000001,0.70750935,UP,0.71103,50.61152612707036,0.0002975348364987034,NORMAL,4.0,,
855,2026-03-18 10:17:02.014886,USDCAD,1.3691900000000001,0.00043360161152030817,39.8200939865736,1.3700965,1.3697234,-0.0001944384565470969,-4.906086419105423e-06,0.16077300556583796,1.3691900000000001,0.0009509362483625821,46.91818457018416,1.3691006,1.36325525,UP,1.3691900000000001,39.52915673669562,0.0002711370786920392,NORMAL,4.0,,
856,2026-03-18 10:17:02.353420,NZDUSD,0.58617,0.00038556279293732723,51.51189900859171,0.5862195000000001,0.5860114,1.8578631790777678e-05,4.363528244853994e-06,0.47501185930331247,0.58617,0.0008430856822787663,55.60755187159233,0.5850861999999999,0.5877508499999999,DOWN,0.58617,52.30995864070517,0.00022021833399360585,NORMAL,5.0,,
857,2026-03-18 10:17:02.665786,USDCHF,0.78587,0.00043014675116764096,48.73606532818193,0.7860495000000001,0.7855084000000001,0.00021495653848335738,0.000301234969382262,0.43189348795382476,0.78587,0.0008248500511451725,48.89511960105437,0.7867936,0.7828721000000001,UP,0.78587,39.786095465610714,0.0002759365201150266,HIGH,2.0,,
858,2026-03-18 10:32:00.453264,EURUSD,1.15357,0.0006120683564149693,50.11420468946216,1.153582,1.1536734000000002,-2.708980061782995e-05,-9.917259919874346e-05,0.49630213841948706,1.15357,0.001242607976353019,55.487184869719165,1.1512782,1.1544481,DOWN,1.15357,50.08194020881772,0.00037980757185429717,NORMAL,2.0,,
859,2026-03-18 10:32:00.786618,GBPUSD,1.33507,0.0006798380478694162,44.66641994878212,1.3357855,1.335765,-0.00016949340978689165,-0.00013841054844592252,0.3078529255755584,1.33507,0.001403752434911909,52.55592472749036,1.3327176,1.33553075,DOWN,1.33507,43.82811551899168,0.0004121162743725928,NORMAL,6.0,,
860,2026-03-18 10:32:01.209497,USDJPY,159.011,0.07570489823328083,59.43056107570617,158.85430000000002,158.8974,0.03557562947079873,0.015245967664896637,0.7990635958795106,159.011,0.17172014401079666,51.83554809875303,159.07424,158.68269,UP,159.011,60.4868443859615,0.04131888849687859,NORMAL,300.0,,
861,2026-03-18 10:32:01.600758,XAUUSD,4983.63,7.426577255849267,37.704958692184384,4996.305,4997.4894,-3.600316183380528,-2.3898373098485495,0.1839298956801808,4983.63,16.66596836988028,41.013255781233376,5004.365400000001,5096.77095,DOWN,4983.63,36.00557254725665,4.178446445019466,NORMAL,19000.0,,
862,2026-03-18 10:32:03.655882,AUDUSD,0.71064,0.0005124838561214969,44.96395290506619,0.7111695,0.7110382,-9.510654758460024e-05,-4.558010159360643e-05,0.27200068240532765,0.71064,0.001176125598062094,53.805263168536065,0.7085064,0.7075074000000001,UP,0.71064,42.97313436033179,0.00029080630671793345,NORMAL,2.0,,
863,2026-03-18 10:32:04.457383,USDCAD,1.36937,0.00042365047600353853,42.97573381061428,1.3700800000000002,1.3697306,-0.00018756357807547808,-3.8629607542365224e-05,0.2364843511536847,1.36937,0.0009645076818963734,48.33752077356541,1.3691041999999998,1.36325615,UP,1.36937,45.11949670150299,0.0002536714671394751,NORMAL,4.0,,
864,2026-03-18 10:32:04.855453,NZDUSD,0.58583,0.00038700218527853357,46.547379431262875,0.5861635,0.5860024,-2.541803736555437e-05,-5.932386016818988e-06,0.3331736814544826,0.58583,0.0008680856914199694,52.36844683214025,0.5850794,0.58774915,DOWN,0.58583,42.35562305095137,0.00021255627011589488,NORMAL,7.0,,
865,2026-03-18 10:32:05.268426,USDCHF,0.78636,0.00043681994241077173,54.64979630106277,0.7861195,0.785549,0.00023415226624368124,0.0002922856652217952,0.5944644643818121,0.78636,0.0008362786267525766,53.843899220237944,0.7868034,0.78287455,UP,0.78636,52.5871831241521,0.00026741001738837957,NORMAL,2.0,,
866,2026-03-18 10:47:02.230519,EURUSD,1.154,0.0006199308207526668,54.20447268476647,1.153575,1.1536766,3.642046704688262e-05,-6.707620817184339e-05,0.6341254357657004,1.154,0.0012618936976905202,58.39776770074128,1.1512868,1.15445025,DOWN,1.154,57.503480605972634,0.00037463921552714546,NORMAL,5.0,,
867,2026-03-18 10:47:02.537993,GBPUSD,1.33547,0.0006840843097562906,48.36335228239266,1.3357135,1.3357572000000002,-0.00013911539537492246,-0.00013510536398559527,0.42959301985350606,1.33547,0.0014166095824702483,54.88531828008076,1.3327256,1.3355327499999998,DOWN,1.33547,50.40167083635627,0.0004013191717769076,NORMAL,6.0,,
868,2026-03-18 10:47:02.845268,USDJPY,158.986,0.07483311978804479,57.272286121576705,158.86724999999998,158.8976,0.03533622396287228,0.018919403539881034,0.7329936777740332,158.986,0.17172014401079666,50.75294972817112,159.07374,158.68256499999998,UP,158.986,55.60501078555376,0.04018592635023412,NORMAL,300.0,,
869,2026-03-18 10:47:03.221411,XAUUSD,4979.43,8.585444186553888,34.81752284848828,4995.1085,4996.9252,-4.529666670102415,-2.8909382246345525,0.1469684975449614,4979.43,18.111683184217426,39.3905496693953,5004.2814,5096.74995,DOWN,4979.43,33.105433365565546,5.448966478196775,NORMAL,17000.0,BUY,ACTIVE
870,2026-03-18 10:47:03.559807,AUDUSD,0.71057,0.0004960309276230238,44.185220876630225,0.7111090000000001,0.7110339999999999,-0.00011372549435761936,-5.882627416350601e-05,0.26505121181516905,0.71057,0.001179697027939409,53.320573010223136,0.7085049999999999,0.7075070499999999,UP,0.71057,41.64522450993874,0.0002711550950673179,NORMAL,2.0,,
871,2026-03-18 10:47:04.108613,USDCAD,1.36987,0.00043180809506450704,50.33969431915024,1.3701025,1.3697538,-0.0001249561568039681,-4.989605699582436e-05,0.4113709178544768,1.36987,0.000999507694694069,51.909403382649806,1.3691141999999998,1.36325865,UP,1.36987,57.46134203356604,0.0002531176392278636,NORMAL,4.0,,
872,2026-03-18 10:47:04.446902,NZDUSD,0.58589,0.0003788489679627235,47.512755505697044,0.5861244999999999,0.5860022,-2.9251217013914754e-05,-9.702704922791827e-06,0.37839532061417874,0.58589,0.0008730856932482117,52.912348799784645,0.5850806,0.58774945,DOWN,0.58589,44.662832939951734,0.00020755414573417317,NORMAL,7.0,,
873,2026-03-18 10:47:04.743705,USDCHF,0.78614,0.00043005729346306843,51.702471818097685,0.786166,0.7855762,0.00020401905174272095,0.0002739941658878146,0.4890639221026654,0.78614,0.0008441357724826737,51.70449627788468,0.7867989999999999,0.78287345,UP,0.78614,46.84533391125615,0.0002580157985982468,NORMAL,4.0,,
874,2026-03-18 11:02:00.934752,EURUSD,1.15418,0.000626007190698913,55.957503813463525,1.1535515,1.1536798,7.451653972956329e-05,-3.9012929246842585e-05,0.7051231837127939,1.15418,0.0011989012886232104,59.43126334589967,1.1514704,1.15441105,DOWN,1.15418,58.38127286546472,0.0003877890518732388,NORMAL,2.0,,
875,2026-03-18 11:02:01.350952,GBPUSD,1.33576,0.0006719048182430954,51.12591176643705,1.3356540000000001,1.3357532,-0.000104391035538276,-0.00012832432165794786,0.5327263157868142,1.33576,0.0013368517180637647,56.44539918268217,1.3329472000000002,1.33552945,DOWN,1.33576,54.79486552294484,0.0004019823262569568,NORMAL,6.0,BUY,ACTIVE
876,2026-03-18 11:02:01.726042,USDJPY,158.986,0.07360014184399866,56.532715696417206,158.88619999999997,158.89842000000002,0.03803480047525909,0.023074334778808398,0.710326156924073,158.986,0.16224013213112867,50.63234091972732,159.06758,158.690115,UP,158.986,54.18720894762999,0.04023630950391393,NORMAL,300.0,,
877,2026-03-18 11:02:02.111404,XAUUSD,4966.07,9.529290009963347,25.647988397402898,4992.370000000001,4996.0886,-6.626404064489179,-3.7857054666794987,0.003463279720253063,4966.07,17.347684695238694,34.94694849908369,5003.4636,5096.17495,DOWN,4966.07,19.075245688460953,6.040933386925612,NORMAL,17000.0,,
878,2026-03-18 11:02:02.527671,AUDUSD,0.71032,0.0004928450450376961,41.437669559238095,0.7110144999999999,0.7110236000000001,-0.0001623848659794147,-8.234596973466694e-05,0.19613208703525623,0.71032,0.0011243615158884007,51.64373998815313,0.7086584,0.70753985,UP,0.71032,36.45463006020058,0.00027055645530276834,NORMAL,4.0,SELL,ACTIVE
879,2026-03-18 11:02:02.897188,USDCAD,1.36971,0.00043035241480480753,48.07224252411175,1.370056,1.36976,-0.0001227780918338084,-6.574881723975275e-05,0.3679098005741754,1.36971,0.0009495428439493193,50.775065565747234,1.3691074,1.36327595,UP,1.36971,51.90409792503423,0.0002512880729880051,NORMAL,2.0,,
880,2026-03-18 11:02:03.209770,NZDUSD,0.58573,0.00037775771514905526,45.15044695675996,0.586057,0.5859988,-5.645041959245756e-05,-2.058387178835484e-05,0.31846351166491527,0.58573,0.0008300591531878501,51.45970312705249,0.5851484,0.58772335,DOWN,0.58573,40.23419966881201,0.00021020586134444446,NORMAL,5.0,,
881,2026-03-18 11:02:03.563667,USDCHF,0.78585,0.0004245940173993788,48.01525795369215,0.7861905,0.7855934000000001,0.00014575839413144553,0.00024579430498382435,0.34643547255046114,0.78585,0.0007938403518048107,48.62773549367186,0.7867256,0.78289945,UP,0.78585,41.161888620298846,0.00025708250250108165,NORMAL,4.0,,
882,2026-03-18 11:05:00.119775,EURUSD,1.15449,0.0012231871750613852,61.0831621145818,1.1537065,1.1514766,0.0,0.0008806384110867198,0.8860755478024742,1.15449,0.003055854016177342,55.207113867970314,1.1544686,1.1733021000000001,DOWN,1.15449,58.661953827388785,0.0006501004744368382,NORMAL,2.0,,
883,2026-03-18 11:05:00.291644,GBPUSD,1.33613,0.0013632806571227324,58.24723444202563,1.335674,1.3329545999999999,0.0,0.0010743438314785839,0.6999485060826787,1.33613,0.0034096708055479726,55.09660707191059,1.3356726,1.3500389000000002,DOWN,1.33613,54.27914671499016,0.0006981633452633928,NORMAL,6.0,,
884,2026-03-18 11:05:00.442362,USDJPY,158.984,0.1634544391730812,50.53900483803776,158.93165,159.06754,0.0,-0.07032485837362336,0.6262027936310085,158.984,0.3767031520536398,50.3072607173649,158.70616,156.25423999999998,UP,158.984,56.36122658995198,0.07480842966200461,NORMAL,300.0,,
885,2026-03-18 11:05:00.582915,XAUUSD,4958.84,17.838405105237356,32.811758363689506,4994.8255,5003.319,0.0,-5.999507397357445,-0.22454970674252417,4958.84,40.6972531217627,33.2804547984919,5095.562199999999,5058.4487,UP,4958.84,22.517347879463657,10.02069317144653,NORMAL,17000.0,,
886,2026-03-18 11:17:01.168058,EURUSD,1.15495,0.0006498127995265543,62.14973285387972,1.1535905000000002,1.1537128,0.00020930247648287548,1.9584624833599704e-05,0.9156268966063258,1.15495,0.0012560441666602622,63.30058898900742,1.1514858000000001,1.1544149,DOWN,1.15495,67.48891271605609,0.0003984287600451964,NORMAL,6.0,,
887,2026-03-18 11:17:01.506157,GBPUSD,1.3367200000000001,0.0007151871271440963,58.642762941388746,1.3356575000000002,1.3357852,4.611694611078576e-05,-8.33528772209934e-05,0.8460308247291252,1.3367200000000001,0.0014089946015855273,60.831117832161105,1.3329663999999999,1.33553425,DOWN,1.3367200000000001,65.6101642218907,0.0004221392955682489,NORMAL,6.0,,
888,2026-03-18 11:17:01.829004,USDJPY,158.928,0.07358788681432742,51.688697166362296,158.89925,158.89634,0.02964525199749346,0.02359717919120662,0.5742366090866358,158.928,0.16681156237409359,48.05842946635487,159.06642,158.689825,UP,158.928,44.785929907013816,0.03973074618024156,NORMAL,300.0,,
889,2026-03-18 11:17:02.172858,XAUUSD,4971.16,10.085514192925128,31.155862937690387,4990.6995,4995.5964,-6.810105054632913,-4.337871993956889,0.1270019344444311,4971.16,18.507685119390636,37.40870996189973,5003.5653999999995,5096.2004,DOWN,4971.16,39.29983303288864,7.023611980189805,NORMAL,17000.0,BUY,ACTIVE
890,2026-03-18 11:17:02.542696,AUDUSD,0.71087,0.0005000908071268448,49.029286390486526,0.7109675,0.711035,-0.00011701297365684926,-8.430159274132856e-05,0.4492603148042872,0.71087,0.0011586472427106286,55.005814327898015,0.7086694,0.7075426,UP,0.71087,53.122675945507034,0.00027372849383754577,NORMAL,4.0,SELL,ACTIVE
891,2026-03-18 11:17:02.849937,USDCAD,1.36927,0.00044981703823713,42.43177668147546,1.369983,1.3697536,-0.0001676152428131683,-9.007879751112414e-05,0.2386343525115067,1.36927,0.000986685714673402,47.638342911646006,1.3690986,1.3632737499999998,UP,1.36927,41.13405959798141,0.000272870140003607,NORMAL,2.0,,
892,2026-03-18 11:17:03.224875,NZDUSD,0.5861,0.0003813362456996372,51.17449038836301,0.5860175,0.5860128,-2.0392486943965338e-05,-1.646126433513063e-05,0.5581849193697628,0.5861,0.0008550591623290611,54.573280895035836,0.5851558,0.5877252,DOWN,0.5861,55.0021561225796,0.0002084584335947851,NORMAL,5.0,,
893,2026-03-18 11:17:03.531989,USDCHF,0.78573,0.00042446995493206844,46.5518074611394,0.7862175,0.7856102,9.521972349346708e-05,0.0002144030354094036,0.2600777930208017,0.78573,0.0008109832152159167,47.383954687459735,0.7867232000000002,0.78289885,UP,0.78573,40.69509322462775,0.00027055411898621156,NORMAL,2.0,,
894,2026-03-18 11:32:01.992469,EURUSD,1.15402,0.0008247241301726156,52.48040349011283,1.1534895,1.1536814000000002,8.741378944399081e-05,1.09419107471248e-05,0.6785847840806254,1.15402,0.0013581870611514778,58.52257013706174,1.1514672,1.15441025,DOWN,1.15402,50.15261880752,0.0005913866338789896,HIGH,2.0,,
895,2026-03-18 11:32:02.346218,GBPUSD,1.3354300000000001,0.0008590002915317584,48.61880404578329,1.335491,1.3357398,-0.00010763931612478572,-0.00011284378323538118,0.4777707433368273,1.3354300000000001,0.001493994632665629,54.601427078315695,1.3329406,1.3355278000000002,DOWN,1.3354300000000001,47.52389588297965,0.0005721998857136572,NORMAL,6.0,SELL,ACTIVE
896,2026-03-18 11:32:02.658825,USDJPY,159.036,0.08653569081738342,57.47756892951672,158.9232,158.90072,0.04477127288510019,0.02981034550832777,0.7871802968899557,159.036,0.17459727950663917,52.946315019445834,159.06858,158.690365,UP,159.036,57.996344035225675,0.052832155585547304,NORMAL,300.0,,
897,2026-03-18 11:32:03.075053,XAUUSD,4957.55,11.803385628124362,30.338085681265966,4986.875,4994.3096000000005,-9.623272728409574,-5.685705417200779,0.050380536948872616,4957.55,18.919113841257353,32.45792719568678,5003.2932,5096.13235,DOWN,4957.55,35.57692733219166,8.367776482871964,HIGH,17000.0,BUY,ACTIVE
898,2026-03-18 11:32:03.428724,AUDUSD,0.70992,0.0006237577902912468,41.676571387209755,0.7107979999999999,0.7109924000000001,-0.0002769869339211972,-0.000142877407416042,0.1404643585072484,0.70992,0.0012443615597661902,49.012181638727625,0.7086504000000001,0.7075378499999999,UP,0.70992,40.03577549912214,0.0004024918796758956,NORMAL,2.0,,
899,2026-03-18 11:32:03.772567,USDCAD,1.36918,0.0005054423518324297,42.11695598543684,1.3699284999999999,1.3697588000000003,-0.00016400240036396063,-9.975810497629407e-05,0.22089141519761216,1.36918,0.001000971434182661,47.04388834036043,1.3690968000000001,1.3632733,UP,1.36918,43.44635250609694,0.0003370628274366791,NORMAL,2.0,,
900,2026-03-18 11:32:04.095442,NZDUSD,0.58527,0.00047644488121088147,41.80622589710636,0.585884,0.5859856,-0.00014833330722496818,-5.7386100263519705e-05,0.11929843517219123,0.58527,0.0009279163318262834,47.498455958270014,0.5851392,0.58772105,DOWN,0.58527,37.60900091599531,0.00030703140278999177,NORMAL,5.0,,
901,2026-03-18 11:32:04.464988,USDCHF,0.78583,0.0004990996520287596,47.984396285700186,0.786266,0.7856438,0.00010818379298060954,0.0002013278478923019,0.2702529622228506,0.78583,0.0008616975194737987,48.41592400113572,0.7867252,0.78289935,UP,0.78583,46.269289609655885,0.00035459349886326986,NORMAL,4.0,,
902,2026-03-18 11:47:01.154835,EURUSD,1.15397,0.000831631590262316,51.726961070629784,1.153494,1.15369,0.00011662203875340005,3.6417537487971164e-05,0.658930244727094,1.15397,0.0013581870611514778,58.20705591481532,1.1514662,1.15441,DOWN,1.15397,49.70929761470452,0.0006510440330911126,HIGH,5.0,,
903,2026-03-18 11:47:01.602549,GBPUSD,1.3351600000000001,0.0008837655768305082,46.933132429189655,1.3354445,1.3357364,-0.00010623476269144838,-0.00010705474265938082,0.39165266046836855,1.3351600000000001,0.001493994632665629,52.90568500809136,1.3329352,1.3355264500000001,DOWN,1.3351600000000001,46.136596272367605,0.0006533531802954324,NORMAL,6.0,,
904,2026-03-18 11:47:02.096975,USDJPY,159.068,0.08591579453450796,58.98304682976385,158.93855000000002,158.90318,0.04799176865259369,0.03324241361296904,0.8479606328851569,159.068,0.17459727950663917,54.29923554548718,159.06921999999997,158.690525,UP,159.068,58.85978216810106,0.05617766156161835,NORMAL,300.0,,
905,2026-03-18 11:47:02.731923,XAUUSD,4937.04,12.68166420570735,17.564760801168802,4982.3375,4992.6798,-13.063304991139375,-7.396074334837431,-0.0507116033380856,4937.04,19.73625699718709,27.707405741049286,5002.883,5096.0298,DOWN,4937.04,25.91404789535133,9.138833697595517,HIGH,17000.0,BUY,ACTIVE
906,2026-03-18 11:47:03.164173,AUDUSD,0.70966,0.0006227240705765672,39.39108018908651,0.710685,0.7109716,-0.000326709881456555,-0.0001806649848452312,0.08322385124793628,0.70966,0.0012443615597661902,47.44087352927171,0.7086452000000001,0.7075365499999999,UP,0.70966,39.0464911843006,0.00044442720438559553,NORMAL,4.0,,
907,2026-03-18 11:47:03.645658,USDCAD,1.36933,0.0005065332042525612,44.40396897627203,1.3698644999999998,1.369759,-0.00017233683768536068,-0.0001142738515181074,0.2984574236327249,1.36933,0.001006685721986371,48.0430631207704,1.3690997999999999,1.36327405,UP,1.36933,47.619555423036076,0.00038746836189765683,NORMAL,4.0,,
908,2026-03-18 11:47:04.109245,NZDUSD,0.58503,0.0004708314713284731,39.18944194401765,0.5858015,0.5859726,-0.00019724092740891486,-8.586760700314203e-05,0.027150455603224637,0.58503,0.0009279163318262834,45.66446800819602,0.5851343999999999,0.58771985,DOWN,0.58503,37.43726815830951,0.00034157213419263487,NORMAL,7.0,,
909,2026-03-18 11:47:04.525574,USDCHF,0.7861,0.0005029904932103835,51.1396723057309,0.7862885,0.7856690000000001,9.4335421310765e-05,0.0001790359152825482,0.3958441210739556,0.7861,0.0008616975194737987,51.34146457958386,0.7867306000000001,0.7829007,UP,0.7861,50.59830648338031,0.00038356906571207006,NORMAL,4.0,,
910,2026-03-18 12:02:03.027526,EURUSD,1.15455,0.0008440660685088892,55.64480723914646,1.1535445000000002,1.1537158,0.00020569232975908847,7.907933354903527e-05,0.81233025089637,1.15455,0.0012826022577491843,61.004686537356946,1.1516206,1.1543795000000001,DOWN,1.15455,53.91784882738045,0.0006508771745389182,NORMAL,2.0,,
911,2026-03-18 12:02:03.350952,GBPUSD,1.33596,0.0009002313009344597,52.07176858881201,1.3354515,1.3357546000000002,-1.3940315998661745e-05,-7.84763017716873e-05,0.7053462390128882,1.33596,0.001415137861697719,57.44569679338107,1.3331255999999998,1.3355274,DOWN,1.33596,52.13265330798343,0.0006641476980783594,NORMAL,6.0,,
912,2026-03-18 12:02:03.861254,USDJPY,158.997,0.0874830337004123,54.47101678794719,158.9446,158.90314,0.039576300521389385,0.03332218244764492,0.6599711129429461,158.997,0.16505461650191194,51.18053099812677,159.06284,158.69759,UP,158.997,51.68645009434069,0.05599427799212706,NORMAL,300.0,,
913,2026-03-18 12:02:04.267428,XAUUSD,4923.11,13.092055537952705,14.617805410447787,4977.665,4990.96,-15.991514291002204,-9.202337254845297,-0.06630930953609503,4923.11,19.622850690789836,25.113167119905555,5001.3862,5095.28065,DOWN,4923.11,20.992555737732005,9.457815855448382,HIGH,17000.0,BUY,NEWS_FILTERED
914,2026-03-18 12:02:04.590148,AUDUSD,0.70981,0.0006177335757394597,40.96293716369254,0.7106144999999999,0.7109588000000001,-0.0003252687148854738,-0.00020550140036895118,0.15781936439453118,0.70981,0.0011697642945277282,48.25559611731312,0.7087476000000001,0.70756775,UP,0.70981,41.2087748331926,0.0004305198188519911,NORMAL,2.0,,
915,2026-03-18 12:02:04.897381,USDCAD,1.369,0.0005241787917039137,40.85217161330227,1.369754,1.3697458,-0.0002309431853799726,-0.00014335130803406137,0.22202229204923354,1.369,0.000960085716585883,46.09257263768106,1.3690854,1.3632879500000001,UP,1.369,43.415651087334716,0.0004017439715012684,NORMAL,1.0,,
916,2026-03-18 12:02:05.194037,NZDUSD,0.58527,0.00047730269276420053,42.20115726972729,0.5857655,0.5859692,-0.0001901091815315059,-0.00010224868544156547,0.17201635652044744,0.58527,0.0008752080111794977,47.43129659341484,0.5851682,0.58769275,DOWN,0.58527,41.73967193214236,0.0003385547838766755,NORMAL,7.0,,
917,2026-03-18 12:02:05.501110,USDCHF,0.78585,0.000504205457981069,48.59416685806086,0.786276,0.7856808,3.9126770350450535e-05,0.00014531049655253,0.2691285445234139,0.78585,0.0008187191236586017,48.89628290071119,0.7866758,0.78292635,UP,0.78585,47.547625016809576,0.0003848949098114269,NORMAL,2.0,,
918,2026-03-18 12:05:00.250475,EURUSD,1.15421,0.0013068880911284388,58.30299558787871,1.153786,1.1516138,0.0,0.0008554216491420603,0.7184637243493369,1.15421,0.003150854050913944,54.640494360007736,1.154463,1.1733007,DOWN,1.15421,52.97720627830082,0.000868310770104135,NORMAL,2.0,,
919,2026-03-18 12:05:00.433576,GBPUSD,1.33569,0.0014394238754915094,55.63003757488372,1.3357135000000002,1.3331202,0.0,0.0010155748967830987,0.4886367708566782,1.33565,0.003484670832971574,54.11136070555688,1.335663,1.3500364999999999,DOWN,1.33565,49.85568557577005,0.0009244861569907357,NORMAL,6.0,,
920,2026-03-18 12:05:00.677911,USDJPY,159.029,0.16762606086479828,52.64082778413751,158.9355,159.06348,0.0,-0.0639880700660064,0.7210189636220998,159.029,0.3833460116254452,51.13628699303141,158.70706,156.254465,UP,159.029,56.34108823983173,0.09005668029761016,NORMAL,300.0,,
921,2026-03-18 12:05:00.860016,XAUUSD,4930.0,19.64857004669996,26.37914516166653,4990.0015,5001.524,0.0,-8.107938079050829,-0.16952732533659418,4930.0,43.24153976636199,29.96497397897832,5094.9854,5058.3045,UP,4930.0,15.983141806895162,13.120302757348753,NORMAL,17000.0,,
922,2026-03-18 12:17:01.796693,EURUSD,1.15306,0.0009238776758603112,45.42309060659925,1.153456,1.153678,4.462998293019993e-05,5.8404848040652694e-05,0.37184189798511086,1.15306,0.0013911737260195777,50.70740299104743,1.1515908,1.15437205,DOWN,1.15304,42.39355560725581,0.0007043993192405104,HIGH,2.0,SELL,NEWS_FILTERED
923,2026-03-18 12:17:02.181865,GBPUSD,1.33404,0.0010054698814799502,40.54715533742505,1.335288,1.3356978000000002,-0.00021359605198556508,-0.00012005067916491995,0.029741293875543487,1.33404,0.001553709340937534,46.477162902210004,1.3330872,1.3355178,DOWN,1.33404,38.15810577759682,0.0007390282664129684,HIGH,6.0,,
924,2026-03-18 12:17:02.952560,USDJPY,159.159,0.09485159251772927,62.71844888977219,158.96634999999998,158.91028,0.05785767658736063,0.039594979281290216,1.0037501990777642,159.159,0.17648319210932012,57.77225593981158,159.06607999999997,158.6984,UP,159.159,64.30631570335869,0.061955461406089714,NORMAL,300.0,SELL,NEWS_FILTERED
925,2026-03-18 12:17:03.327434,XAUUSD,4903.61,14.089153611772467,11.712936860522063,4971.6485,4988.6802,-20.136903018405064,-11.5767467038537,-0.07543649648267843,4903.61,21.137851244746916,22.11006665743757,5000.9962,5095.18315,DOWN,4903.61,15.823142359360332,10.475634817766156,HIGH,17000.0,BUY,NEWS_FILTERED
926,2026-03-18 12:17:03.697063,AUDUSD,0.70798,0.0007458546468601174,29.669482585395414,0.7103870000000001,0.7108788,-0.0005584763521695457,-0.00029102972406241245,-0.17354798612082048,0.70798,0.0013061929158411719,38.69174039687274,0.7087110000000001,0.7075586,UP,0.70798,27.353027833350794,0.0005403146522442404,HIGH,2.0,BUY,ACTIVE
927,2026-03-18 12:17:04.050883,USDCAD,1.36986,0.0005898496943373058,51.99503641102154,1.3697344999999999,1.3697758,-0.00013931319438142964,-0.00013463029499015844,0.5518967546507147,1.36986,0.00103651431596042,51.91980900615477,1.3691026,1.36329225,UP,1.36986,55.92396295640133,0.00045345366587884423,NORMAL,2.0,SELL,ACTIVE
928,2026-03-18 12:17:04.420357,NZDUSD,0.58389,0.0005693320922606332,30.73395814332106,0.585618,0.5859148,-0.00036974680572554597,-0.00016723548898554117,-0.18924121736633145,0.58389,0.000981636621523488,37.995331144024085,0.5851406,0.5876858500000001,DOWN,0.58389,26.91735481850131,0.00041404101652595126,HIGH,7.0,BUY,ACTIVE
929,2026-03-18 12:17:04.748253,USDCHF,0.78663,0.0005494662926150807,56.68075943347553,0.7863415,0.7857272000000001,0.00011964795914332083,0.00014719793209061845,0.6623122057256412,0.78663,0.0008808620035238876,56.26322979574758,0.7866914,0.78293025,UP,0.78663,58.270374635400046,0.0004150645224300025,NORMAL,4.0,,
930,2026-03-18 12:32:01.274641,EURUSD,1.15208,0.0009590088622784543,40.11869567794441,1.153402,1.1536244,-0.00012353945987997328,1.563422007476304e-05,0.10326279708551675,1.15208,0.0014783166150260669,45.640425619496,1.1515712,1.1543671500000001,DOWN,1.15208,36.26250874039661,0.0007171735692777041,HIGH,2.0,,
931,2026-03-18 12:32:01.816281,GBPUSD,1.33284,0.0010699771348436401,35.192059761453066,1.3351510000000002,1.335625,-0.0004154687726547479,-0.00018398444031303792,-0.1488107863761365,1.33284,0.0016594236653060725,41.510104965318426,1.3330632,1.3355118,DOWN,1.33284,31.247206887349833,0.0007643627630145709,HIGH,6.0,BUY,NEWS_FILTERED
932,2026-03-18 12:32:02.185918,USDJPY,159.26,0.09990300937870829,66.94392156484159,158.9892,158.9192,0.07276769880181178,0.04620399611987201,1.1272181870805427,159.26,0.1854831954001546,61.05100821507047,159.0681,158.698905,UP,159.26,69.14210252051382,0.06733073935185808,NORMAL,300.0,SELL,NEWS_FILTERED
933,2026-03-18 12:32:02.539579,XAUUSD,4893.89,14.27120386399284,10.543865291416722,4966.132,4986.314600000001,-23.151079811408636,-13.920331274082802,-0.037754510447519346,4893.89,21.930708677510903,20.866282257390864,5000.8018,5095.13455,DOWN,4893.89,15.624465984955464,10.647862725289698,HIGH,17000.0,BUY,NEWS_FILTERED
934,2026-03-18 12:32:02.924830,AUDUSD,0.7072,0.0007754874782068454,26.260517692224056,0.7101725,0.7107958,-0.000738088095502798,-0.0003833770108861091,-0.15044870133388835,0.7072,0.0013747643694856197,35.67784958854443,0.7086954,0.7075547,UP,0.7072,23.547512154577333,0.0005621104131331211,HIGH,2.0,BUY,ACTIVE
935,2026-03-18 12:32:03.299795,USDCAD,1.37019,0.0006117481855581085,55.788685808894506,1.3696815,1.3697971999999998,-9.129458571721649e-05,-0.00012864349501592678,0.7388369001302981,1.37019,0.0010472286055923721,53.83470475183524,1.3691092,1.3632939,UP,1.37019,59.858525957046766,0.0004740064530716444,NORMAL,4.0,BUY,ACTIVE
936,2026-03-18 12:32:03.653677,NZDUSD,0.58325,0.0005939206162828289,26.99441569570824,0.5854765000000001,0.5858522,-0.0005158611810965885,-0.0002400238752709926,-0.16013116825361062,0.58325,0.0010330652117568218,34.7859174942468,0.5851278,0.58768265,DOWN,0.58325,22.21116725913305,0.0004276071693144188,HIGH,7.0,BUY,ACTIVE
937,2026-03-18 12:32:04.023349,USDCHF,0.78674,0.0005718003329384849,57.85131501016447,0.7863494999999999,0.785766,0.00014591659343698993,0.00014489949911773736,0.7172610376734041,0.78674,0.0009058620126650908,57.13467336384869,0.7866936,0.7829308,UP,0.78674,58.99012988559858,0.000425970213246483,NORMAL,4.0,BUY,ACTIVE
938,2026-03-18 12:47:01.207196,EURUSD,1.15147,0.0009767327190544713,37.25182272061539,1.1533215,1.1535694,-0.0002990151951871578,-5.3039252721202036e-05,0.018857634041671435,1.15147,0.0015097451979464238,42.9678791025744,1.1515589999999998,1.1543641,DOWN,1.15147,33.77422314396932,0.0007599655809629323,HIGH,2.0,,
939,2026-03-18 12:47:01.847093,GBPUSD,1.33221,0.0010498257068445925,32.84225700589455,1.3349595,1.3355466,-0.0006298937059405763,-0.0002803138717861161,-0.09015398099346479,1.33221,0.0016915665342018972,39.30481992983258,1.3330506,1.33550865,DOWN,1.33221,29.767550184457434,0.0007924819133076933,HIGH,6.0,BUY,NEWS_FILTERED
940,2026-03-18 12:47:02.372856,USDJPY,159.363,0.10130279442308657,70.22627099450229,159.02474999999998,158.92994000000002,0.098490185186904,0.05801416840621248,1.122158746372812,159.363,0.1923403407645999,63.90878362201634,159.07016,158.69942,UP,159.363,71.88355529789138,0.06959021421790075,NORMAL,300.0,SELL,NEWS_FILTERED
941,2026-03-18 12:47:02.718472,XAUUSD,4873.57,14.822393383911708,8.670855670886965,4959.2855,4983.419599999999,-27.685628223265667,-16.871608327736862,-0.03296992162644366,4873.57,23.189994852252227,18.67059423473694,5000.395399999999,5095.03295,DOWN,4873.57,11.905264167074833,11.046036234973633,HIGH,19000.0,BUY,NEWS_FILTERED
942,2026-03-18 12:47:03.072663,AUDUSD,0.7064,0.0008214730664981878,23.364118573028023,0.7099059999999999,0.7107000000000001,-0.0009500203674741581,-0.0005029598132578431,-0.10693857530712712,0.7064,0.0014240501017925662,33.038342210011976,0.7086794000000001,0.7075507000000001,UP,0.7064,24.172406863482507,0.0006451284611270589,HIGH,4.0,BUY,ACTIVE
943,2026-03-18 12:47:03.395310,USDCAD,1.37059,0.0006214702539366109,59.57130676903595,1.3696765,1.3698282,1.0262169501062957e-05,-9.716093761112108e-05,0.9496745367978372,1.37059,0.0010793714744882128,55.960714566878295,1.3691172,1.3632959,UP,1.37059,63.478035333290194,0.0005056949778305422,NORMAL,1.0,,
944,2026-03-18 12:47:03.768598,NZDUSD,0.58291,0.0006070589396095641,25.27041886301477,0.5853244999999999,0.5857896,-0.0006501320148107892,-0.00032485348038693114,-0.07974473845157393,0.58291,0.0010516366471188632,33.29197472453576,0.585121,0.58768095,DOWN,0.58291,23.340195119710202,0.000468958509408579,HIGH,6.0,BUY,ACTIVE
945,2026-03-18 12:47:04.060241,USDCHF,0.78707,0.0005576921458918613,60.84092316550713,0.7863875,0.785814,0.00021101373573295668,0.00016016451168295438,0.8520681196676629,0.78707,0.0009108620144933331,59.55239672701197,0.7867002,0.78293245,UP,0.78707,62.9402820684562,0.0004416554732549908,NORMAL,4.0,,
946,2026-03-18 13:02:02.421184,EURUSD,1.15043,0.0009999763003465008,32.92633682740555,1.1531645,1.1534938,-0.0005341196019412742,-0.00015882797213786316,-0.05777939205303443,1.15043,0.0014922634021413707,38.99167963208033,1.1515942000000001,1.1543093500000001,DOWN,1.15043,28.32228143154869,0.0007657548794820121,HIGH,2.0,BUY,ACTIVE
947,2026-03-18 13:02:02.811706,GBPUSD,1.33107,0.0010792769318658845,29.006551685676882,1.3346885,1.3354464,-0.0008940772427812327,-0.00041289446621306665,-0.09660227852088957,1.33107,0.0016652301585828447,35.77934957321084,1.3330974,1.3354743999999998,DOWN,1.33107,24.780571887837382,0.0008412177455989742,HIGH,6.0,BUY,ACTIVE
948,2026-03-18 13:02:03.181284,USDJPY,159.491,0.1045158601275594,74.05129660177508,159.05990000000003,158.94072,0.12615702862419198,0.07268935013641775,1.1158292029798225,159.491,0.18852011087631343,67.00085719197683,159.07914,158.708945,UP,159.491,77.49322034617559,0.06928551286579981,NORMAL,300.0,SELL,ACTIVE
949,2026-03-18 13:02:03.629018,XAUUSD,4858.74,16.77120201975479,9.560737742619878,4952.9664999999995,4980.6696,-30.64620633082268,-19.525185478211625,-0.029630136434128294,4858.74,23.745862508961924,17.19417944239892,4998.2218,5093.9828,DOWN,4858.74,18.600015389056338,12.860202105850295,HIGH,7000.0,BUY,ACTIVE
950,2026-03-18 13:02:04.004564,AUDUSD,0.7054,0.0008407045821564856,20.347062013029785,0.7095935000000001,0.7105821999999999,-0.0011931870134925804,-0.0006490462789458251,-0.08248139242884131,0.7054,0.001400240395700409,30.16899490706372,0.7086746,0.7075605,UP,0.7054,20.361003543109817,0.0006781342646216464,HIGH,2.0,BUY,ACTIVE
951,2026-03-18 13:02:04.377839,USDCAD,1.37127,0.0006402938072268661,65.18889965459408,1.3697405,1.3698656,0.00013938253144218926,-4.7044266592479814e-05,1.107646078817863,1.37127,0.0010475796317127302,59.31188656705736,1.3691814,1.36332305,UP,1.37127,69.30410628241175,0.0005280931017144832,NORMAL,1.0,SELL,ACTIVE
952,2026-03-18 13:02:04.737112,NZDUSD,0.58198,0.0006418608520864388,21.317567936142822,0.5851050000000001,0.5857018,-0.0008563997145492053,-0.00044111828277495346,-0.0745981565793867,0.58198,0.0010546830149171936,29.753415833684414,0.5850643999999999,0.5876351,DOWN,0.58198,17.977865273676784,0.0005026012967445742,HIGH,5.0,BUY,ACTIVE
953,2026-03-18 13:02:05.123513,USDCHF,0.78835,0.0006097957681240773,69.6068503744049,0.786524,0.7858981999999999,0.00041823704053689514,0.00022556363283835805,1.1145373408395847,0.78835,0.0009370759722882966,66.88433326221235,0.7867356000000001,0.78297705,UP,0.78835,74.82715621889585,0.000489636954956033,NORMAL,4.0,SELL,ACTIVE
954,2026-03-18 13:05:00.643741,EURUSD,1.15046,0.0015029777172723276,39.10173055691561,1.1534395,1.1515948,0.0,0.0006807596041809184,-0.1869136390194454,1.15046,0.0033472826941662627,46.633540676530096,1.154388,1.17328195,DOWN,1.15046,33.03033140093427,0.001010707060625417,NORMAL,2.0,,
955,2026-03-18 13:05:00.825652,GBPUSD,1.3314,0.0016780874762217107,36.782818099421185,1.335277,1.333104,0.0,0.0007844626058184534,-0.1843822225088529,1.3314,0.0037375280682854927,46.29898744058691,1.3355780000000002,1.3500152499999998,DOWN,1.3314,30.060781450970225,0.0010920885877533607,NORMAL,6.0,,
956,2026-03-18 13:05:01.028776,USDJPY,159.52,0.19073440345608764,67.6587189467357,158.98385000000002,159.07972,0.0,-0.03847010958747369,1.1714562712020982,159.52,0.41284602241206897,58.661210529384746,158.71688,156.25691999999998,UP,159.52,74.81105078800908,0.10673720598791457,NORMAL,300.0,,
957,2026-03-18 13:05:01.184955,XAUUSD,4861.07,23.74586606377252,17.402430613856154,4980.529500000001,4998.2684,0.0,-12.237549105907778,-0.2233008775790924,4861.21,48.13939870011201,24.211726240908547,5093.6096,5057.96055,UP,4861.21,9.749507605624913,16.77570377394099,NORMAL,17000.0,,
958,2026-03-18 13:17:03.127938,EURUSD,1.14912,0.0010398249319543897,28.43809485443083,1.152973,1.153393,-0.0008259054554720091,-0.0003038582836195122,-0.10162556164268076,1.14912,0.0015779777191969244,34.724282512310126,1.1515680000000001,1.1543028,DOWN,1.14912,22.43731589894722,0.0007704544109991482,HIGH,2.0,BUY,ACTIVE
959,2026-03-18 13:17:03.513045,GBPUSD,1.33048,0.0010987163346918001,27.22140129765951,1.334474,1.3353464,-0.0011107513886459142,-0.0005568054518392274,-0.048413447663418,1.33048,0.0017316587543009132,34.115385453238446,1.3330856,1.33547145,DOWN,1.33048,22.10662826467113,0.0008245662409691156,NORMAL,6.0,BUY,ACTIVE
960,2026-03-18 13:17:03.897857,USDJPY,159.573,0.10565758440416294,76.07179643535608,159.09515000000002,158.9523,0.15224650512675453,0.08951975549345464,1.0572408477515858,159.573,0.19502011325302757,68.79563102597298,159.08078,158.709355,UP,159.573,80.38303816726642,0.06728548663040795,NORMAL,300.0,SELL,ACTIVE
961,2026-03-18 13:17:04.272922,XAUUSD,4844.97,17.127238610180406,8.522710352018947,4945.75,4977.4808,-34.21983323436598,-22.465901924029335,-0.006978789100618092,4844.97,24.671577133161943,16.058517033179868,4997.9464,5093.91395,DOWN,4844.97,16.32827158073664,13.421015414047641,HIGH,19000.0,BUY,ACTIVE
962,2026-03-18 13:17:04.626611,AUDUSD,0.70459,0.0008516236426146895,18.249561663106817,0.7093,0.7104556,-0.0014132065420676687,-0.0008055797560716194,-0.050129334744428475,0.70459,0.0014602404176392997,28.09914157743286,0.7086584,0.70755645,UP,0.70459,17.18329561241042,0.0006530492991478422,HIGH,2.0,BUY,ACTIVE
963,2026-03-18 13:17:05.011631,USDCAD,1.3719299999999999,0.0006702218005882039,69.59657496478317,1.3698235,1.3699234000000002,0.00029202228162428234,2.370465558647433e-05,1.1529480245955184,1.3719299999999999,0.0010947225060932817,62.17185114752284,1.3691946000000002,1.3633263500000001,UP,1.3719299999999999,73.11998711409505,0.0005340975906675924,NORMAL,4.0,SELL,NEWS_FILTERED
964,2026-03-18 13:17:05.397217,NZDUSD,0.58129,0.0006559116075496478,18.903293110336534,0.58488,0.5856039999999999,-0.0010379434075227234,-0.0005653334501746598,-0.04731072168807067,0.58129,0.0011025401752732128,27.45072099892441,0.5850506,0.5876316500000001,DOWN,0.58129,14.650015619332876,0.000495605641625191,HIGH,5.0,BUY,ACTIVE
965,2026-03-18 13:17:05.772147,USDCHF,0.78927,0.000658534845911135,74.08155401900288,0.7866655,0.7859961999999999,0.000632220244336068,0.0003173610520039753,1.1230678066300699,0.78927,0.0010063617119082122,70.91656473018993,0.7867540000000001,0.78298165,UP,0.78927,80.4154265084536,0.0005150337615620736,HIGH,4.0,SELL,ACTIVE
966,2026-03-18 13:32:01.195460,EURUSD,1.15053,0.0010694292735494862,37.39049889687903,1.1529485000000002,1.1533654,-0.0007790504644615837,-0.0003788579733491335,0.10660533193294994,1.15053,0.0015829777210251666,39.36093248699108,1.1515962,1.15430985,DOWN,1.15053,37.33389411007128,0.0007423395065630082,HIGH,2.0,,
967,2026-03-18 13:32:01.517883,GBPUSD,1.3317999999999999,0.0011279916985403586,36.2231638232915,1.3344135000000001,1.3353042000000002,-0.001046453996416341,-0.0006350793202988313,0.1327103579194134,1.3317999999999999,0.0017530873335648016,38.787491732486416,1.3331119999999999,1.33547805,DOWN,1.3317999999999999,37.69621206010938,0.0007866513474753311,NORMAL,6.0,,
968,2026-03-18 13:32:01.825188,USDJPY,159.499,0.10626367531406959,70.60418174122991,159.11695,158.95998,0.1550673314691835,0.10149331627264635,0.9305550274290083,159.499,0.19502011325302757,67.1849949853071,159.0793,158.70898499999998,UP,159.499,70.475879460304,0.06558824799448015,NORMAL,300.0,,
969,2026-03-18 13:32:02.200258,XAUUSD,4856.48,17.38233381149407,11.221809748057709,4940.1269999999995,4974.7102,-34.69085677316525,-24.701188050551877,0.09092137231197488,4856.48,25.089434428807838,16.996897215719486,4998.1766,5093.971500000001,DOWN,4856.62,25.266221981776255,13.071043860006098,HIGH,4000.0,,
970,2026-03-18 13:32:02.507199,AUDUSD,0.70554,0.000871201545693232,25.09854863819497,0.7091149999999999,0.7103646,-0.0014078238179878744,-0.0009119886824149744,0.08995322304571532,0.70554,0.0014602404176392997,30.558053692120197,0.7086774,0.7075612,UP,0.70554,28.047741684006624,0.0006400993552582104,HIGH,2.0,,
971,2026-03-18 13:32:02.876777,USDCAD,1.37183,0.0006686753454441554,68.93112059200229,1.3698869999999999,1.3699710000000003,0.0003576002607230677,8.461255154258959e-05,1.056000727571589,1.37183,0.0010975796499951523,61.76464503183253,1.3691926,1.3633258499999998,UP,1.37183,71.22223666322654,0.0005078720868389998,NORMAL,2.0,SELL,NEWS_FILTERED
972,2026-03-18 13:32:03.189216,NZDUSD,0.58215,0.000665744451908346,27.25680798448444,0.5847445,0.5855406,-0.0010224126279032575,-0.0006456450122161029,0.10779591370938353,0.58215,0.0011032544612486724,30.47824901807867,0.5850678,0.58763595,DOWN,0.58215,29.36626156291996,0.00047524115446788293,HIGH,7.0,,
973,2026-03-18 13:32:03.683656,USDCHF,0.78821,0.0006919558263052471,62.793331753645035,0.7866785000000001,0.7860326,0.0005860291543585694,0.0003564166097968323,0.8885835531535793,0.78821,0.0010063617119082122,66.17060282334495,0.7867328,0.78297635,UP,0.78821,61.723620133777644,0.0005013405782883871,HIGH,4.0,,
974,2026-03-18 13:47:00.905871,EURUSD,1.151,0.0010825312642143239,40.580028972595365,1.152837,1.153317,-0.0007934780676512876,-0.00046165435688187077,0.21194959137885638,1.151,0.0016122634460191522,41.65749590406022,1.1516056000000001,1.1543122,DOWN,1.15099,44.37334392851031,0.0007703888048446481,NORMAL,2.0,,
975,2026-03-18 13:47:01.249386,GBPUSD,1.33225,0.0011556351486446082,39.551893749447444,1.3342705000000001,1.3352394,-0.0010518957769545256,-0.0007199742355616178,0.22628387459053606,1.33225,0.001769515911000448,40.98473290591949,1.3331209999999998,1.3354803000000002,DOWN,1.33225,45.23310192291236,0.000857729910384335,NORMAL,5.0,,
976,2026-03-18 13:47:01.634897,USDJPY,159.485,0.10471422911816593,68.99407421043429,159.14440000000002,158.96872,0.16075655257390054,0.11351188945882763,0.8644264863040483,159.485,0.19502011325302757,66.86139194983357,159.07902,158.708915,UP,159.485,65.17037583848064,0.0649841557365758,NORMAL,300.0,SELL,ACTIVE
977,2026-03-18 13:47:01.941677,XAUUSD,4872.41,18.551350784142414,20.311138964401437,4935.2045,4972.332,-33.390860703108956,-26.225716313257017,0.190813007150894,4872.41,25.373720247042094,18.49247454193636,4998.4952,5094.05115,DOWN,4872.41,37.69985746879607,13.635469212533033,HIGH,17000.0,,
978,2026-03-18 13:47:02.342706,AUDUSD,0.70634,0.0008882585781437125,32.498767853226965,0.708896,0.7102596,-0.001386335744983258,-0.0010055817416522819,0.2117843763405845,0.70634,0.001499526146289762,34.721135559257846,0.7086934,0.7075651999999999,UP,0.70634,42.44450647960153,0.0006825572234573091,HIGH,4.0,BUY,ACTIVE
979,2026-03-18 13:47:02.733058,USDCAD,1.37216,0.0006974944534226361,71.15105503894094,1.3700085,1.3700318000000002,0.0004544352187709766,0.0001574283670395579,1.0382908486643867,1.37216,0.0011290082329155093,63.07629634736123,1.3691992,1.3633275,UP,1.37216,70.1036159760167,0.0005726785528761491,NORMAL,4.0,SELL,NEWS_FILTERED
980,2026-03-18 13:47:03.040439,NZDUSD,0.58281,0.0006844667869761221,35.1325947340856,0.5845895000000001,0.5854764,-0.0009867683081954404,-0.000711061694204009,0.23163960111500523,0.58281,0.0011425401898991427,35.718834185439405,0.585081,0.5876392500000001,DOWN,0.58281,44.32228649855189,0.0005017330147382181,HIGH,2.0,,
981,2026-03-18 13:47:03.378928,USDCHF,0.78806,0.0006993161244262932,60.8860671911482,0.7867765,0.7860895999999999,0.0006086129004907459,0.00040800458588434197,0.8111407340570052,0.78806,0.0010242188612947858,64.94696502641051,0.7867298000000001,0.7829756,UP,0.78806,56.88265255851783,0.0005186720140685007,HIGH,4.0,,
982,2026-03-18 14:02:01.448722,EURUSD,1.1517,0.0010752076024847304,44.898169140802544,1.1528199999999997,1.1532896,-0.0007103444988569851,-0.0005051382542227517,0.3237067647231094,1.1517,0.0015478670690869222,45.333639797507,1.1517022,1.1542674,DOWN,1.1517,51.278020079921035,0.0007541514400914191,NORMAL,2.0,,
983,2026-03-18 14:02:01.776869,GBPUSD,1.33269,0.0011344163114965272,42.23402836677837,1.3342065,1.3351888,-0.0009830950869893496,-0.0007687693460181339,0.29658400422548314,1.33269,0.0016905198672321267,43.033074075943546,1.3332256,1.3354641,DOWN,1.33269,49.4723205192058,0.0008183255640256225,NORMAL,6.0,,
984,2026-03-18 14:02:02.177935,USDJPY,159.459,0.1023366821403363,66.98347495705713,159.16555,158.97830000000002,0.16123445346204335,0.12320956465263767,0.8013106232215763,159.459,0.18473295755295488,65.2733737157976,159.0858,158.71704499999998,UP,159.459,60.71035119108451,0.06187330577052582,NORMAL,300.0,SELL,ACTIVE
985,2026-03-18 14:02:02.484758,XAUUSD,4875.71,18.529468585275115,23.347318534592716,4929.9625,4969.9286,-32.41695782010265,-27.390063759925376,0.23199941606240865,4875.71,24.154168680944426,18.81553539146067,4996.148999999999,5093.0509,DOWN,4875.71,41.332127897733464,13.276578140233656,HIGH,19000.0,,
986,2026-03-18 14:02:02.839036,AUDUSD,0.70674,0.0008666992919497769,36.03606810015888,0.7087345,0.710171,-0.0013107974649957388,-0.0010630510971471703,0.2762231660886623,0.70674,0.0014343048772680396,37.02301752931014,0.7087334,0.7075863,UP,0.70674,48.049422071877416,0.0006557744344692691,NORMAL,2.0,,
987,2026-03-18 14:02:03.182672,USDCAD,1.37121,0.0007227244414434444,60.51165130270242,1.370019,1.3700512,0.0003915276715793503,0.00019110178920108447,0.8144138557256706,1.37121,0.0010776504920682205,59.05935891927558,1.369219,1.3633464000000002,UP,1.37121,54.01691732189501,0.0005814251364993029,NORMAL,1.0,,
988,2026-03-18 14:02:03.536586,NZDUSD,0.5831,0.0006741987511717056,38.226756508914896,0.5844755,0.5854212,-0.0009246627192429635,-0.0007509739220038208,0.2929675392377172,0.5831,0.0010988893529939145,37.81669356422813,0.5850656,0.5876053,DOWN,0.5831,49.62364279143885,0.0004934291359506685,NORMAL,7.0,,
989,2026-03-18 14:02:03.890324,USDCHF,0.78789,0.0007060996665591087,59.14494399787162,0.7868145,0.786141,0.0006014165594147025,0.0004469422512456768,0.7537609087506657,0.78789,0.0009746317901101648,63.16014004591787,0.7867324000000001,0.7830101,UP,0.78789,53.14768194448813,0.000510371939660099,NORMAL,2.0,,
990,2026-03-18 14:05:00.152409,EURUSD,1.15223,0.0015857242068549055,47.94762193320147,1.1534075,1.1517127999999999,0.0,0.0005983674604365544,0.20163456987276165,1.15224,0.0032531910089047553,50.28446721130139,1.154305,1.17309415,DOWN,1.15224,47.95923732650225,0.0011131270215079567,NORMAL,2.0,,
991,2026-03-18 14:05:00.324353,GBPUSD,1.33308,0.0017169485748589467,44.817644320562756,1.3352085,1.3332334000000001,0.0,0.0006586545295041147,0.10873526390976804,1.33308,0.003574235132984257,49.206160571107795,1.335615,1.34981955,DOWN,1.33308,44.5164274005752,0.0011608377392893154,NORMAL,6.0,,
992,2026-03-18 14:05:00.474986,USDJPY,159.462,0.18473296647452964,65.4168908780944,159.0035,159.08586,0.0,-0.018381052073579388,1.012608061982951,159.462,0.3909794575602376,57.67406432594859,158.74846,156.282725,UP,159.462,67.21931553689257,0.1023418376486519,NORMAL,300.0,,
993,2026-03-18 14:05:00.631208,XAUUSD,4884.52,24.59917154901318,22.127737233178067,4975.488,4996.3252,0.0,-15.169275682223084,-0.016608343746711968,4884.52,46.98632336173088,26.875288694532074,5089.9238,5057.39975,UP,4884.52,28.09940524530309,18.980502744360304,HIGH,17000.0,,
994,2026-03-18 14:17:01.616728,EURUSD,1.1510799999999999,0.0011313152227154341,41.869430869290994,1.152665,1.1532298,-0.0007603129942075348,-0.0005651076751541361,0.2607050872073266,1.1510799999999999,0.0016671528269892677,42.5377564831984,1.1516898,1.1542643,DOWN,1.1510799999999999,46.158753295390866,0.000793836978991121,NORMAL,2.0,,
995,2026-03-18 14:17:02.762362,GBPUSD,1.33066,0.0012612437178181992,34.34029522578105,1.3338805,1.3350579999999999,-0.00121508109277646,-0.0008821547722928675,0.11840927252596967,1.33066,0.0018905199403617837,36.56597378782371,1.333185,1.3354539499999998,DOWN,1.33066,36.26745163255225,0.0009089297963317728,HIGH,6.0,,
996,2026-03-18 14:17:04.141428,USDJPY,159.488,0.09943508239561785,69.1180111392414,159.19414999999998,158.98856,0.16355209869678333,0.1317375586409584,0.7934444558207241,159.488,0.18701867267443734,66.68768525428852,159.08638000000002,158.71719,UP,159.488,62.787792399949396,0.058396889624401004,NORMAL,300.0,SELL,ACTIVE
997,2026-03-18 14:17:04.927222,XAUUSD,4875.28,18.74491470673502,24.487102584861688,4924.376,4967.5684,-31.349938034860315,-28.113498443972258,0.2521063620044981,4875.28,25.16845476610191,18.766694234582786,4996.1404,5093.04875,DOWN,4875.27,42.56470716055716,13.12613351843302,HIGH,17000.0,,
998,2026-03-18 14:17:05.749028,AUDUSD,0.70659,0.0008869860772186658,34.86257269174901,0.7085070000000001,0.7100748,-0.001275997324439726,-0.0011076825078478367,0.28398364854515207,0.70659,0.0014935906132314707,36.21189782457408,0.7087304,0.70758555,UP,0.70659,46.30503007182387,0.0006635135480835458,NORMAL,2.0,BUY,ACTIVE
999,2026-03-18 14:17:06.424034,USDCAD,1.37111,0.0007250298384832186,59.55526747695268,1.370107,1.370086,0.00038801750653538747,0.00022920857939157796,0.7631222000522202,1.37111,0.001112650504865916,58.50203465363249,1.369217,1.3633458999999999,UP,1.37111,52.82722784762981,0.0005725967206120799,NORMAL,4.0,BUY,ACTIVE
1000,2026-03-18 14:17:07.244245,NZDUSD,0.58315,0.000687470268945156,38.95673435687445,0.5843339999999999,0.5853646,-0.0008684533667909777,-0.0007730658223572804,0.31911297227552227,0.58315,0.0011388893676198444,38.184447774298924,0.5850666,0.5876055499999999,DOWN,0.58315,49.667526167430196,0.0004914287608726761,NORMAL,7.0,,
1001,2026-03-18 14:17:08.006156,USDCHF,0.78861,0.0007482660169069337,64.38893888388327,0.786945,0.786214,0.0006820648035703591,0.0005016248813687271,0.857080014264526,0.78861,0.0010482032455828628,67.95780073026643,0.7867468,0.7830137,UP,0.78861,60.335716126172514,0.0005468827413450259,HIGH,4.0,,
1002,2026-03-18 14:32:00.676510,EURUSD,1.15099,0.001136221278235743,41.79171209647742,1.1525085000000002,1.1531768,-0.0007727045297458712,-0.0006104561059015489,0.2750698483661958,1.15099,0.0016900099782040758,42.18471115951796,1.151688,1.15426385,DOWN,1.15099,46.177280394089834,0.000758182294680831,NORMAL,2.0,,
1003,2026-03-18 14:32:00.999214,GBPUSD,1.3308900000000001,0.0012349303910352992,35.55033883730475,1.333633,1.3349766,-0.0012403587719700404,-0.000952519218951935,0.1803142659821626,1.3308900000000001,0.0018969485141409614,37.185299248336555,1.3331896,1.3354551000000001,DOWN,1.3308900000000001,38.22467318600796,0.000852840940849416,NORMAL,6.0,,
1004,2026-03-18 14:32:01.399921,USDJPY,159.499,0.0963682907959307,69.69056299493161,159.2247,158.99854,0.16299385290099622,0.1381675069516599,0.7742279365962375,159.499,0.18773295864989972,67.18851828417598,159.0866,158.717245,UP,159.499,63.04750353618224,0.05467881902752993,NORMAL,300.0,SELL,ACTIVE
1005,2026-03-18 14:32:01.712266,XAUUSD,4856.9,18.978900390947736,20.887426396703106,4916.843999999999,4964.4236,-32.848504136017254,-29.24493263081439,0.19838170645931918,4856.9,26.264883738437618,16.89239999764945,4995.7728,5092.95685,DOWN,4856.9,34.34892746800743,12.291181731003258,HIGH,17000.0,,
1006,2026-03-18 14:32:02.144413,AUDUSD,0.70617,0.000900517683947942,33.451253864145016,0.708225,0.7099736,-0.0012915700567172061,-0.0011514799606416586,0.2668108678342118,0.70617,0.001532162055906473,34.84250424416638,0.7087220000000001,0.70758345,UP,0.70617,42.53571819702226,0.0006477918201629325,NORMAL,2.0,BUY,ACTIVE
1007,2026-03-18 14:32:02.451465,USDCAD,1.37082,0.0007418644418568592,55.48090068474796,1.3701875,1.3701130000000001,0.00036334566734530505,0.0002559083616546654,0.668203182489722,1.37082,0.0011205076505960132,56.45456669239808,1.3692112,1.3633444499999998,UP,1.37082,48.82598655060278,0.0005829883020873454,NORMAL,2.0,,
1008,2026-03-18 14:32:02.763935,NZDUSD,0.58305,0.0006835183109592771,38.793850103405134,0.5841605,0.5853069999999999,-0.000842303933974553,-0.000789593786561074,0.32634239006167337,0.58305,0.001151032229202716,37.44453746626576,0.5850646,0.5876050500000001,DOWN,0.58305,48.13810374449325,0.0004663215403108418,NORMAL,7.0,,
1009,2026-03-18 14:32:03.164856,USDCHF,0.78896,0.0007391041585564334,66.4026477855003,0.7870915,0.7862884,0.0007469914907151098,0.000554654898394692,0.8704428489065129,0.78896,0.0010732032547240658,69.5781919821935,0.7867538000000001,0.7830154500000001,UP,0.78896,63.520100428161015,0.0005064710815238378,NORMAL,2.0,,
1010,2026-03-18 14:44:49.506469,EURUSD,1.15134,0.001690009921140637,43.59168520701889,1.153363,1.151695,0.00013206954072964017,0.0005841680302371302,0.02282393455069819,1.15134,0.0033574767613223744,48.29906410047552,1.1542869999999998,1.17308965,DOWN,1.15134,44.07252292535839,0.0011584518559646776,NORMAL,2.0,,
1011,2026-03-18 14:44:50.110144,GBPUSD,1.33157,0.0018969485748589524,39.14552445871513,1.3351330000000001,1.3332032,-3.842392959918506e-05,0.0006345633614129697,-0.08709319149214763,1.33157,0.003754235198800945,46.44827880785619,1.3355848000000001,1.349812,DOWN,1.33157,39.76582831952587,0.0012628523866244127,NORMAL,6.0,BUY,ACTIVE
1012,2026-03-18 14:44:51.234783,USDJPY,159.506,0.18773296647452975,67.36012147277467,159.0057,159.08674,0.06695295575980253,-0.01767905777157961,1.0473208172436945,159.506,0.3939794586571824,58.48794492777148,158.74934,156.282945,UP,159.506,70.13704769902913,0.09879582897137429,NORMAL,300.0,SELL,ACTIVE
1013,2026-03-18 14:44:52.407844,XAUUSD,4861.26,26.268457263298888,17.30232287797891,4974.325,4995.86,-29.8448771441781,-15.54037539732271,-0.10433115311873263,4861.26,48.65560968638797,24.12734152787148,5089.4586,5057.28345,UP,4861.26,21.89196700232681,19.061337685735488,HIGH,17000.0,BUY,ACTIVE
1014,2026-03-18 14:44:53.084370,AUDUSD,0.70683,0.0015321621110481389,37.54462755052086,0.710145,0.7087352000000001,-0.0003024272200642386,0.0004022475885822888,0.017279370654901084,0.70683,0.003311210111170634,47.30971715556251,0.7077788000000002,0.7059204,UP,0.70683,39.31153231933038,0.0009455795885570349,NORMAL,2.0,,
1015,2026-03-18 14:44:54.024053,USDCAD,1.37005,0.0011605078166164733,51.65450072607349,1.3697395,1.3691958,0.00024237923333614297,0.00019575705565377853,0.608849085197861,1.37005,0.002456607841179233,58.454566365069084,1.3633598,1.3646598,DOWN,1.37005,46.93598669860055,0.0007933033282978619,NORMAL,4.0,,
1016,2026-03-18 14:44:54.695200,NZDUSD,0.58331,0.0011510322770245487,39.33257795810533,0.5854225,0.5850698,-0.00031239503025359827,0.0001205713110740758,0.060022654289523567,0.58331,0.0024414072961547887,44.28337621298734,0.587496,0.5962191,DOWN,0.58331,41.58587708231991,0.0007071448487063323,NORMAL,5.0,,
1017,2026-03-18 14:44:55.626745,USDCHF,0.78873,0.0010810604283156531,68.53245180827908,0.785811,0.7867492,0.0003339134754616335,-0.00010933720419484815,1.0968509535790394,0.78873,0.002275327845578445,59.06852446004771,0.7831201999999999,0.77624145,UP,0.78873,64.06519001662527,0.0007613239836858433,NORMAL,4.0,SELL,ACTIVE
1018,2026-03-18 15:05:02.029281,EURUSD,1.15216,0.001628580641059155,47.80272117575057,1.1533085,1.1517442,0.0,0.0004900283390719989,0.2303000498328942,1.15216,0.0033574767613223744,50.11228814177018,1.1543034,1.17309375,DOWN,1.15216,49.3663847548282,0.0011125183460719795,NORMAL,2.0,,
1020,2026-03-18 15:05:02.586380,GBPUSD,1.33297,0.001817166533797583,44.46075346708285,1.3350645,1.3332671999999999,0.0,0.0005067619258199265,0.14822253479123593,1.33297,0.003754235198800945,48.99679211915397,1.3356127999999998,1.3498189999999999,DOWN,1.33297,47.582285788451046,0.0012268307880133823,NORMAL,6.0,,
1019,2026-03-18 15:05:02.648990,EURUSD,1.15215,0.001628580641059155,47.75181513369592,1.153308,1.1517439999999999,9.288837783039128e-05,0.0004898687949124708,0.22821469606330466,1.15215,0.0033574767613223744,50.09068186633865,1.1543032,1.1730937,DOWN,1.15215,49.30651464350387,0.0011125183460719795,NORMAL,2.0,,
1022,2026-03-18 15:05:02.955953,USDJPY,159.415,0.18001224437940944,63.21438947944255,159.0202,159.09464,0.0,0.0005086225087310575,0.9144996535989355,159.415,0.39812231731486747,56.77685998630476,158.74751999999998,156.28249,UP,159.415,62.107300195294364,0.09650883736063215,NORMAL,300.0,,
1021,2026-03-18 15:05:03.049801,GBPUSD,1.33298,0.001817166533797583,44.509065122577525,1.335065,1.3332674,-6.810193621054061e-05,0.0005069214699794546,0.14964412632458007,1.33298,0.003754235198800945,49.0158969104905,1.335613,1.34981905,DOWN,1.33298,47.63328142988283,0.0012268307880133823,NORMAL,6.0,,
1024,2026-03-18 15:05:03.299622,XAUUSD,4870.23,25.08071031592042,18.463380033223615,4968.066,4993.491599999999,0.0,-18.850352805993897,0.018038768869932623,4870.23,48.65560968638797,24.793492119032308,5089.638,5057.3283,UP,4870.23,28.00955801844752,17.912296298412695,HIGH,17000.0,,
1023,2026-03-18 15:05:03.388275,USDJPY,159.415,0.18001224437940944,63.21438947944255,159.0202,159.09464,0.07862002739065588,0.0005086225087310575,0.9144996535989355,159.415,0.39812231731486747,56.77685998630476,158.74751999999998,156.28249,UP,159.415,62.107300195294364,0.09650883736063215,NORMAL,300.0,,
1025,2026-03-18 15:05:03.914037,XAUUSD,4870.26,25.08071031592042,18.478693452707503,4968.067499999999,4993.4922,-32.620746771161976,-18.84987417351516,0.0181502675654418,4870.26,48.65560968638797,24.795781771471226,5089.6386,5057.32845,UP,4870.26,28.02972052979102,17.912296298412695,HIGH,17000.0,BUY,ACTIVE
1026,2026-03-18 15:05:04.210833,AUDUSD,0.70824,0.0014884872663814342,44.91466382520866,0.710078,0.7087729999999999,-0.00029387306185846285,0.0002737448260154943,0.22894640138177225,0.70824,0.0033669244172567503,50.18797178808403,0.7078070000000001,0.7059274499999999,UP,0.70824,49.842931806753874,0.0009361244751886359,NORMAL,4.0,,
1027,2026-03-18 15:05:04.674004,USDCAD,1.3697300000000001,0.0011548082786948957,49.90451487505969,1.369721,1.3692608000000002,0.000178972749273143,0.00018793295791043763,0.5031717837620765,1.3697300000000001,0.0025001792856824776,57.266305452035795,1.3633534,1.3646582,DOWN,1.3697300000000001,43.99827212713687,0.0008129479726585277,NORMAL,1.0,SELL,ACTIVE
1028,2026-03-18 15:05:04.984611,NZDUSD,0.5846,0.0011380503796860682,47.42606840869984,0.5854105,0.5850662,-0.00024726102817418383,5.747094009051687e-05,0.324061110719249,0.5846,0.0025099787497992443,47.72941308873952,0.5875218,0.59622555,DOWN,0.5846,53.3354906550014,0.0007068197997943318,NORMAL,7.0,,
1029,2026-03-18 15:05:05.307355,USDCHF,0.78822,0.0010366989691502427,64.16051316855035,0.7859575,0.7867704000000001,0.00041472493578720293,-6.82221209587386e-06,0.9340324826040723,0.78822,0.002275327845578445,57.7530058360027,0.78311,0.7762389000000001,UP,0.78822,58.400428209814585,0.0007257646984456963,NORMAL,2.0,,
1030,2026-03-18 16:05:00.093458,EURUSD,1.15138,0.0016218963095549215,44.02155847623093,1.153136,1.1517772,0.0,0.0003661406281016588,0.13202657409088137,1.15138,0.0033724767668070854,48.38477879884185,1.1542877999999999,1.17308985,DOWN,1.15138,44.86780377727641,0.0010687434679094178,NORMAL,2.0,,
1031,2026-03-18 16:05:00.265291,GBPUSD,1.33249,0.0018800236766547253,42.166663132673875,1.3350405,1.3332576,0.0,0.0004991038061617772,0.082548023135144,1.33249,0.0037620923445310264,48.071446722558164,1.3356032,1.3498166,DOWN,1.33249,45.46303594204269,0.0011881484818891121,NORMAL,6.0,,
1032,2026-03-18 16:05:00.447413,USDJPY,159.492,0.1741797371278215,65.42392481161858,159.0511,159.10307999999998,0.0,0.021814080684514438,0.9158036836014295,159.492,0.39905088908296976,58.26172513934027,158.74906,156.282875,UP,159.492,64.99551087657758,0.08975947965291825,NORMAL,300.0,,
1033,2026-03-18 16:05:00.619250,XAUUSD,4873.66,25.409281744491807,20.1777242188694,4968.2375,4993.5602,0.0,-18.79562915927021,0.030916786414814636,4873.66,48.65560968638797,25.058044576630294,5089.7065999999995,5057.34545,UP,4873.66,31.43408105927506,16.736740773718584,HIGH,17000.0,,
1034,2026-03-18 16:05:01.285625,EURUSD,1.15139,0.0016218963095549215,44.0804178915608,1.1531365,1.1517774,-7.245295082247694e-05,0.00036630017226118694,0.133780082446482,1.15139,0.0033724767668070854,48.40625503045309,1.154288,1.1730899,DOWN,1.15139,44.93965058699553,0.0010687434679094178,NORMAL,2.0,,
1035,2026-03-18 16:05:01.624219,GBPUSD,1.33232,0.001797368924240624,41.73888107474745,1.3348840000000002,1.3333041999999997,-0.0002537765205865572,0.00034495395163836056,0.11522025372090393,1.33232,0.0037620923445310264,47.76302374117134,1.3355998,1.3498157499999999,DOWN,1.33232,44.82347168072455,0.0011384208790652928,NORMAL,6.0,,
1036,2026-03-18 16:05:02.071714,USDJPY,159.491,0.1741797371278215,65.39681578953036,159.05105,159.10306,0.10248890484064077,0.021798126268560026,0.9150446890777771,159.491,0.39905088908296976,58.24194356835159,158.74903999999998,156.28287,UP,159.491,64.94383227020919,0.08975947965291825,NORMAL,300.0,,
1037,2026-03-18 16:05:02.503649,XAUUSD,4865.77,24.543057538252594,19.07985486023057,4960.957,4990.2542,-35.781200073310174,-22.33505673239156,0.0726809386004036,4865.77,48.65560968638797,24.45773777076532,5089.5488,5057.306,UP,4865.77,30.06506445287279,15.892731643084026,NORMAL,17000.0,BUY,ACTIVE
1038,2026-03-18 16:05:02.904165,AUDUSD,0.70797,0.001535630123524291,43.58317206697592,0.7100645,0.7087675999999999,-0.0003154115233969801,0.00026943713370779085,0.19407988268418302,0.70797,0.003401924430054438,49.66141607623649,0.7078016000000001,0.7059260999999999,UP,0.70797,48.152613287363195,0.000930822701228368,NORMAL,2.0,,
1039,2026-03-18 16:05:03.294867,USDCAD,1.37066,0.0011955225644091785,54.71032317102765,1.3697675,1.3692794000000001,0.0002531607834610483,0.00020277056474801868,0.8015902090198668,1.37066,0.0025001792856824776,60.86190995673348,1.363372,1.36466285,DOWN,1.37066,53.58313770884942,0.0007851371121344783,NORMAL,1.0,,
1040,2026-03-18 16:05:03.649058,NZDUSD,0.5844,0.001175193236828915,46.26171480518002,0.5854005,0.5850622,-0.0002632154441286616,5.4280056899621315e-05,0.2843610615964784,0.5844,0.0025356930449159077,47.22333520849386,0.5875178,0.5962245500000001,DOWN,0.5844,51.66444354230755,0.0006998874963273984,NORMAL,7.0,,
1041,2026-03-18 16:05:04.018485,USDCHF,0.78847,0.0010624132548645382,66.77890127387322,0.7859700000000001,0.7867754000000001,0.0004346679557302169,-2.833608107271059e-06,0.9709833250254825,0.78847,0.002275327845578445,58.40827000065418,0.783115,0.77624015,UP,0.78847,60.35756598847734,0.0007110901443956263,NORMAL,4.0,,
1042,2026-03-18 17:05:00.096107,EURUSD,1.15099,0.0015979853486683471,42.1031082686874,1.15299,1.1518172,0.0,0.0002490227097045192,0.11617154754581378,1.15099,0.0033724767668070854,47.56181706909389,1.15428,1.1730879,DOWN,1.15099,42.82175484883835,0.0009961126809893079,NORMAL,6.0,,
1043,2026-03-18 17:05:00.267979,GBPUSD,1.3332899999999999,0.001788832368427517,46.77092638809112,1.3347909999999998,1.333373,0.0,0.00023082204373077193,0.27529702647472504,1.3332899999999999,0.0037620923445310264,49.60112790330626,1.3356191999999998,1.3498206,DOWN,1.3332899999999999,50.70833178033341,0.0011203703568123304,NORMAL,6.0,,
1044,2026-03-18 17:05:00.434581,USDJPY,159.479,0.16961077631257,64.71689865282718,159.0729,159.10638,0.0,0.039824585119249814,0.8627785907682979,159.479,0.39905088908296976,58.005608227266784,158.7488,156.28281,UP,159.479,62.009834227796624,0.08414784032032831,NORMAL,300.0,,
1046,2026-03-18 17:05:00.606416,XAUUSD,4888.9,24.532941183479437,29.49663704094091,4956.1665,4987.8584,0.0,-24.441333713635867,0.19578331684888506,4888.9,48.65560968638797,27.852919007059214,5090.011399999999,5057.42165,UP,4888.9,44.437437862422534,14.493628271431518,NORMAL,17000.0,,
1045,2026-03-18 17:05:00.637830,EURUSD,1.15094,0.0015979853486683471,41.870580539240336,1.1529874999999998,1.1518162,-0.0002030159154511324,0.0002482249889067898,0.10828306115322492,1.15094,0.0033724767668070854,47.458329371896966,1.1542789999999998,1.17308765,DOWN,1.15094,42.512544353051,0.0009961126809893079,NORMAL,2.0,,
1047,2026-03-18 17:05:01.132233,GBPUSD,1.33323,0.001778832368427515,46.374661786522864,1.33483,1.3333886000000001,-0.0002017303279586713,0.0002509333350351463,0.25416083482264873,1.33323,0.0037620923445310264,49.48890826986028,1.335618,1.3498203000000002,DOWN,1.33323,50.1877325181888,0.0011382085817661341,NORMAL,6.0,,
1048,2026-03-18 17:05:01.439360,USDJPY,159.48,0.16961077631257,64.74618828203481,159.07295000000002,159.1064,0.11341418120576918,0.03984053953520422,0.8635279356448721,159.48,0.39905088908296976,58.02522955681373,158.74882,156.282815,UP,159.48,62.07185748569587,0.08414784032032831,NORMAL,300.0,,
1049,2026-03-18 17:05:01.824510,XAUUSD,4889.05,24.532941183479437,29.559553358812266,4956.174,4987.8614,-34.204857593028464,-24.43894055124256,0.19637506576745298,4889.05,48.65560968638797,27.8859367672802,5090.014399999999,5057.4223999999995,UP,4889.05,44.52847306833183,14.493628271431518,NORMAL,17000.0,BUY,ACTIVE
1050,2026-03-18 17:05:02.215197,AUDUSD,0.70771,0.0015009422575582698,42.291383469620094,0.7099345,0.7087904,-0.00041493922285029683,0.0001284775319118448,0.19290052529440258,0.70771,0.003401924430054438,49.14373276208559,0.7077964,0.7059247999999999,UP,0.70771,46.50805709855775,0.0008871370740598718,NORMAL,2.0,,
1051,2026-03-18 17:05:02.585000,USDCAD,1.36989,0.0011558332315568924,50.90682128483111,1.369825,1.3693534,0.00014174118416043768,0.00017350730074761346,0.5255465320060471,1.36989,0.002541607872259319,57.854335176786115,1.3633566,1.364659,DOWN,1.36989,47.886512283046244,0.0007795179156933434,NORMAL,4.0,,
1052,2026-03-18 17:05:02.923158,NZDUSD,0.58388,0.0011555365770554264,43.42618294130169,0.585288,0.585029,-0.00034829061369479053,-3.325402023919131e-05,0.21504585198233256,0.58388,0.0025356930449159077,45.86048640711802,0.5875074,0.59622195,DOWN,0.58388,46.88008778228135,0.0006916472021760476,NORMAL,7.0,,
1053,2026-03-18 17:05:03.298071,USDCHF,0.78897,0.0010885674101293174,68.33639687825459,0.7862505000000001,0.7868052,0.000604134213293861,0.0001277496997627168,0.9604089047719526,0.78897,0.0022896135650877043,59.65965293771737,0.783125,0.7762426499999999,UP,0.78897,60.80424802018775,0.00072543885801441,NORMAL,4.0,,
1054,2026-03-18 18:05:02.282769,EURUSD,1.1520299999999999,0.0016594047625389746,48.22433311917576,1.1529245,1.1518842,0.0,0.00017730416444386137,0.3215968687797412,1.1520299999999999,0.003238167102639661,49.89370776717509,1.1542236,1.1728951,DOWN,1.1520299999999999,52.146263303410436,0.0010046478793922517,NORMAL,2.0,,
1056,2026-03-18 18:05:02.464672,GBPUSD,1.3336999999999999,0.0018502609398560943,48.42210465454807,1.3348535,1.3333979999999999,0.0,0.00025843191053372307,0.3204403913218702,1.3336999999999999,0.0037642352024574296,50.35481628230636,1.3356274,1.3498226500000001,DOWN,1.3336999999999999,52.96930131267196,0.0011488541222354047,NORMAL,6.0,,
1055,2026-03-18 18:05:02.558557,EURUSD,1.15212,0.0016594047625389746,48.72468248418441,1.1529289999999999,1.151886,-0.00014451018753902645,0.0001787400618797477,0.33823345326181786,1.15212,0.003238167102639661,50.10398394836569,1.1542254,1.17289555,DOWN,1.15212,52.74780593278282,0.0010046478793922517,NORMAL,2.0,,
1058,2026-03-18 18:05:02.834119,USDJPY,159.334,0.17722531269840505,57.64526000820085,159.0873,159.1063,0.0,0.05202308061554613,0.7205692282742585,159.334,0.3817870387410728,55.199969884360996,158.7765,156.307265,UP,159.334,47.779422745968795,0.08791492999860928,NORMAL,300.0,,
1057,2026-03-18 18:05:02.928007,GBPUSD,1.33459,0.001853201484968418,52.31965912805595,1.334811,1.333493,-6.726885342600575e-05,0.0001992906181406388,0.46489384922636995,1.33459,0.003630463204687501,51.970555574488515,1.3356516000000003,1.349626,DOWN,1.33459,57.45584337627542,0.0011729069385607376,NORMAL,6.0,,
1059,2026-03-18 18:05:03.255902,XAUUSD,4894.88,25.174369754908042,31.920820236944508,4956.4655,4987.978,0.0,-24.345926306228467,0.2196091228550599,4894.88,48.907038349750984,29.146222870087016,5090.130999999999,5057.45155,UP,4894.88,48.33913885714361,13.954259983188384,NORMAL,17000.0,,
1060,2026-03-18 18:05:03.391256,USDJPY,159.334,0.17722531269840505,57.64526000820085,159.0873,159.1063,0.10566720505084959,0.05202308061554613,0.7205692282742585,159.334,0.3817870387410728,55.199969884360996,158.7765,156.307265,UP,159.334,47.779422745968795,0.08791492999860928,NORMAL,300.0,,
1061,2026-03-18 18:05:03.917198,XAUUSD,4888.0,24.576251507108466,29.677148310067523,4950.6485,4985.7308,-33.900671766860796,-26.313545483824893,0.22124095618721834,4888.0,46.61372592115415,27.967209563098137,5086.0984,5056.77165,UP,4888.0,44.330016703821094,13.880080154238676,NORMAL,17000.0,,
1062,2026-03-18 18:05:04.380454,AUDUSD,0.7079,0.0014530178105898216,43.48956543355469,0.709848,0.7088456000000001,-0.00043209084110695795,2.0703458447693323e-05,0.23649570642887668,0.7079,0.003401924430054438,49.52307943378657,0.7078002000000001,0.70592575,UP,0.7079,48.45622387399116,0.0008314055990419167,NORMAL,2.0,,
1063,2026-03-18 18:05:04.843787,USDCAD,1.37011,0.0012101189458425974,52.26858938263596,1.3698359999999998,1.3693578,0.00015929104171030772,0.00017701727225758748,0.6071698739014261,1.37011,0.002541607872259319,58.682876564021136,1.3633609999999998,1.3646601,DOWN,1.37011,49.975239789135784,0.0008000016029082053,NORMAL,4.0,,
1064,2026-03-18 18:05:05.296785,NZDUSD,0.58368,0.0011414676378779921,42.50638658808396,0.5852139999999999,0.5850146,-0.000385164670892002,-0.00010210452643812359,0.20046605322875674,0.58368,0.0025356930449159077,45.31738407299567,0.5875033999999999,0.59622095,DOWN,0.58368,45.82369790925107,0.000648503104630881,NORMAL,7.0,,
1065,2026-03-18 18:05:05.822656,USDCHF,0.79,0.0011059656563445677,74.29621501492059,0.7865439999999999,0.7868400000000001,0.0007949034933797394,0.0002669240482297022,1.0142824536121533,0.79,0.0023596135906830793,62.01401809141561,0.7831456,0.7762478,UP,0.79,65.96241313067443,0.0006911536516910427,NORMAL,2.0,SELL,ACTIVE
1066,2026-03-18 19:05:00.826668,EURUSD,1.14814,0.001823732993786179,34.2876366720016,1.1524205,1.151776,0.0,-6.0148928126267065e-05,-0.04417905669748305,1.14814,0.0034995957696591284,41.96395466887012,1.1541458,1.17287565,DOWN,1.14814,32.82770133208275,0.0011050588195526429,NORMAL,2.0,,
1067,2026-03-18 19:05:01.430511,GBPUSD,1.33269,0.001976058627825557,44.45592877596163,1.334716,1.3334549999999998,0.0,0.00016897722782723094,0.19184184591096856,1.33269,0.0037533203924671374,48.423888477523064,1.3356136,1.3496165,DOWN,1.33269,46.64157553856485,0.0011964365925952244,NORMAL,6.0,,
1068,2026-03-18 19:05:01.617966,USDJPY,159.704,0.19047452505668197,68.2520582426387,159.14690000000002,159.12294,0.0,0.07812018201133078,0.9172921703602097,159.704,0.40728704806510274,60.74707430370255,158.78390000000002,156.309115,UP,159.704,68.63811543176699,0.09765413567126846,NORMAL,300.0,,
1069,2026-03-18 19:05:01.805460,XAUUSD,4878.44,25.333394364251347,28.002065255331857,4950.1705,4985.5396,0.0,-26.46606970034911,0.18419408953034472,4856.52,48.511583757959386,25.374448230379457,5085.4688,5056.61425,UP,4856.52,29.89303451778858,14.618129310097792,NORMAL,17000.0,,
1070,2026-03-18 19:05:01.862579,EURUSD,1.14818,0.0018244472795004695,34.49964810769063,1.1524225,1.1517768,-0.0007291635776089933,-5.951075148811015e-05,-0.040603770814136776,1.14818,0.0034995957696591284,42.032618811624204,1.1541466,1.17287585,DOWN,1.14814,32.82770133208275,0.0011057735374485796,NORMAL,2.0,BUY,ACTIVE
1071,2026-03-18 19:05:02.647947,GBPUSD,1.32941,0.0021152177054298603,36.19026927429528,1.3342105,1.3333634,-0.0007829573681341628,-6.965584521121986e-05,-0.01562628702574916,1.32941,0.004006177627781056,43.24260840308426,1.335548,1.3496001000000002,DOWN,1.32941,35.047413404298055,0.0013106689272747967,HIGH,6.0,BUY,ACTIVE
1072,2026-03-18 19:05:02.970287,USDJPY,159.704,0.19047452505668197,68.2520582426387,159.14690000000002,159.12294,0.15717297505884176,0.07812018201133078,0.9172921703602097,159.704,0.40728704806510274,60.74707430370255,158.78390000000002,156.309115,UP,159.704,68.63811543176699,0.09765413567126846,NORMAL,300.0,,
1073,2026-03-18 19:05:03.668130,XAUUSD,4855.28,25.85927435864152,25.27863782747191,4941.5185,4982.3962,-38.126850450219536,-29.122547217844676,0.14551147993241778,4855.28,49.451584101668786,25.28212437553273,5085.4439999999995,5056.60805,UP,4855.27,30.543740380695937,14.869280770996626,NORMAL,17000.0,BUY,ACTIVE
1074,2026-03-18 19:05:04.006414,AUDUSD,0.70703,0.0015297920486089152,39.75556358336385,0.7096745,0.708883,-0.0005195539656864812,-8.492295515408316e-05,0.15757298184652874,0.70703,0.0033282154570496015,47.77174445176794,0.7079774000000001,0.7059663,UP,0.70703,41.06245053248219,0.0008786920224309917,NORMAL,2.0,,
1075,2026-03-18 19:05:04.360549,USDCAD,1.3704100000000001,0.0012767941231803513,54.22303220534188,1.3698739999999998,1.3694013999999999,0.0001615794703755391,0.00016920720475868347,0.7106581669942645,1.3704100000000001,0.0024979214833631054,59.17512479380846,1.3634642,1.3647371000000001,DOWN,1.3704100000000001,53.28097586558744,0.0008754975627630292,NORMAL,2.0,,
1076,2026-03-18 19:05:04.719673,NZDUSD,0.58341,0.0011891179086418152,40.95311163780125,0.585113,0.5850004,-0.000420842442768965,-0.00016215068520284857,0.17760047588724728,0.58341,0.002482429190176665,44.76665169652853,0.5874578,0.5961126999999999,DOWN,0.58341,43.469540668118725,0.0007051461567455363,NORMAL,7.0,,
1077,2026-03-18 19:05:05.120634,USDCHF,0.79076,0.0011513558645648556,77.15753366027053,0.7868405,0.7868963999999999,0.0009653462678342883,0.0004060979508400762,1.024589056400934,0.79076,0.0023154574685539868,63.70363164929235,0.7833247999999999,0.7763569499999999,UP,0.79076,70.11107688697933,0.0007197254905238264,NORMAL,4.0,SELL,ACTIVE
1078,2026-03-18 20:05:01.747597,EURUSD,1.14693,0.0017639255350463446,30.184713183491098,1.1520395,1.1516518,0.0,-0.00028144459398028965,-0.02414002719356617,1.14693,0.003551738645867922,39.98790618249485,1.1541216,1.1728696,DOWN,1.14693,27.798599809284255,0.000995575838855548,NORMAL,3.0,,
1079,2026-03-18 20:05:01.945603,GBPUSD,1.3291,0.00213736056257272,34.88958950310898,1.334195,1.3333572,0.0,-7.46017141570802e-05,-0.03928165217188885,1.3291,0.004028320493020412,42.80968872366621,1.3355418000000001,1.34959855,DOWN,1.3291,35.0909336857312,0.0012367277212279222,HIGH,9.0,,
1080,2026-03-18 20:05:02.101781,USDJPY,159.835,0.18485389571589828,71.70564473267507,159.1915,159.14282,0.0,0.10185582368515367,0.92708931534954,159.835,0.4129299072712612,62.329955028124395,158.78652,156.30977000000001,UP,159.835,73.45801422648245,0.08835311498838498,NORMAL,600.0,,
1081,2026-03-18 20:05:02.257994,XAUUSD,4846.04,25.372897618738588,24.349217948185455,4932.996000000001,4979.2604,0.0,-31.51552547274708,0.156868781303454,4846.04,49.808012803424816,24.6147597096995,5085.2591999999995,5056.56185,UP,4846.04,30.39915848645056,14.708958522341474,NORMAL,25000.0,,
1082,2026-03-18 20:05:02.718034,EURUSD,1.14693,0.0017639255350463446,30.184713183491098,1.1520395,1.1516518,-0.0010836642944334063,-0.00028144459398028965,-0.02414002719356617,1.14693,0.003551738645867922,39.98790618249485,1.1541216,1.1728696,DOWN,1.14693,27.798599809284255,0.000995575838855548,NORMAL,3.0,BUY,ACTIVE
1083,2026-03-18 20:05:03.134301,GBPUSD,1.32779,0.0020739266448379133,31.982945873250287,1.3337565,1.3332203999999999,-0.0012155444553925143,-0.0003209144789283739,-0.016006491759155115,1.32779,0.004089034800934754,41.072080936053595,1.3355156000000001,1.3495920000000001,DOWN,1.32779,29.183886523917124,0.001175801475889757,NORMAL,9.0,BUY,ACTIVE
1084,2026-03-18 20:05:03.425627,USDJPY,159.834,0.18485389571589828,71.68525222382645,159.19145,159.1428,0.18886904565110285,0.10183986926919926,0.9265605604091384,159.834,0.4129299072712612,62.318355649924996,158.7865,156.309765,UP,159.834,73.42027153730416,0.08835311498838498,NORMAL,700.0,,
1085,2026-03-18 20:05:03.784924,XAUUSD,4846.05,25.372897618738588,24.35341614326974,4932.9965,4979.2606,-40.30678891970547,-31.51536592858732,0.1569023567497338,4846.05,49.808012803424816,24.615462920741777,5085.2594,5056.5619,UP,4846.05,30.407045233994864,14.708958522341474,NORMAL,25000.0,BUY,ACTIVE
1086,2026-03-18 20:05:04.185902,AUDUSD,0.70496,0.0016262354737082785,32.988024484314835,0.709288,0.708835,-0.000874951440806182,-0.0002669240938799487,0.03358949290223717,0.70496,0.003504644092988967,44.1036647024632,0.707936,0.70595595,UP,0.70496,33.11605205007598,0.0009066816366147649,NORMAL,10.0,,
1087,2026-03-18 20:05:04.571714,USDCAD,1.37174,0.0013077374000960383,60.88269627508458,1.3700775,1.369503,0.0003714361517375142,0.00022637322207466682,1.0091128022804217,1.37174,0.0025907786601733047,62.44442377929263,1.3634908000000001,1.3647437500000001,DOWN,1.37174,60.922913267152175,0.000867115945253274,NORMAL,9.0,SELL,ACTIVE
1088,2026-03-18 20:05:05.019258,NZDUSD,0.58137,0.0012985686702694376,32.58245107864818,0.5847965,0.5848916,-0.0007474239976327235,-0.0003046047778882412,-0.001111070340329075,0.58137,0.0026431435346558445,40.49565105273815,0.587417,0.5961025,DOWN,0.58137,33.200421080360925,0.0007643914637416912,NORMAL,23.0,BUY,ACTIVE
1089,2026-03-18 20:05:05.544881,USDCHF,0.79211,0.0012017692211775662,80.10766100585724,0.7872755,0.787,0.0012873813377136667,0.0006008617507219398,1.0272993171391287,0.79211,0.0024226003648734366,66.35220409086077,0.7833517999999999,0.7763637,UP,0.79211,73.42186872989885,0.0007014366482288322,NORMAL,12.0,SELL,ACTIVE
1090,2026-03-18 21:05:01.179424,EURUSD,1.14527,0.001783951262134856,26.609087861333578,1.151546,1.1515064,0.0,-0.0005490961135907609,-0.01958667957214063,1.14527,0.003683881551328575,37.561377568832995,1.1540884,1.1728613,DOWN,1.14527,24.120164727225458,0.0009416460783162512,NORMAL,19.0,,
1091,2026-03-18 21:05:01.549465,GBPUSD,1.32535,0.002223212359123638,27.274948753068955,1.3336345,1.3331716,0.0,-0.00035984325385714417,-0.1489293426271628,1.32535,0.004233320567978295,38.18523453386289,1.3354668,1.3495797999999999,DOWN,1.32535,22.38079667298716,0.0011763939054987096,HIGH,139.0,,
1093,2026-03-18 21:05:02.617115,USDJPY,159.811,0.1846092296953755,70.44546873996788,159.2298,159.1553,0.0,0.12104972216527163,0.8671909604413386,159.811,0.41678705153875967,62.04958431803896,158.78604,156.30965,UP,159.811,66.67524651861247,0.08803590052727603,NORMAL,6300.0,,
1092,2026-03-18 21:05:03.174259,EURUSD,1.14523,0.001783951262134856,26.376344313674437,1.151544,1.1515056,-0.0015099358102663718,-0.0005497342902289622,-0.021974614325707853,1.14523,0.003683881551328575,37.506535276042065,1.1540876,1.1728611,DOWN,1.14523,23.69631353295918,0.0009416460783162512,NORMAL,23.0,BUY,ACTIVE
1094,2026-03-18 21:05:04.735921,XAUUSD,4812.25,27.869326190167147,19.659060839897876,4931.306500000001,4978.5846,0.0,-32.054625187846554,0.050276120618225846,4812.25,52.07444220356897,22.447850901161544,5084.5833999999995,5056.3929,UP,4812.25,20.921239953478647,15.650826545250435,HIGH,137000.0,,
1095,2026-03-18 21:05:05.844744,GBPUSD,1.3253300000000001,0.0020893094355127605,27.33128216993734,1.3331330000000001,1.3330250000000001,-0.0017820889167381448,-0.0006449305630715635,-0.03196631962082218,1.3253300000000001,0.0042447491435857,38.163247711591296,1.3354664,1.3495796999999998,DOWN,1.3253300000000001,22.488000065805053,0.0010822459000165603,NORMAL,132.0,BUY,ACTIVE
1096,2026-03-18 21:05:06.464521,USDJPY,159.815,0.1846092296953755,70.53502627720619,159.23000000000002,159.15538,0.20031420497466002,0.12111353982909495,0.8693023168655506,159.815,0.41678705153875967,62.09660223618233,158.78612,156.30967,UP,159.815,66.8779416408986,0.08803590052727603,NORMAL,7800.0,,
1097,2026-03-18 21:05:07.083891,XAUUSD,4817.91,27.869326190167147,20.208928365613588,4931.5895,4978.6978,-42.5515752444926,-31.964323193544747,0.06714789112621905,4817.91,52.07444220356897,22.783820377128535,5084.696599999999,5056.4212,UP,4817.91,26.294819272487572,15.725484051847051,HIGH,137000.0,,
1098,2026-03-18 21:05:07.854522,AUDUSD,0.70191,0.0017050247766066638,25.780255300366278,0.7087835,0.7086958,-0.001353610457072496,-0.0005017474064044992,-0.08572616773398495,0.70191,0.0036803584429528726,39.62112666358025,0.7078749999999999,0.7059407,UP,0.70191,18.93790891949473,0.0008816843869586083,NORMAL,118.0,BUY,ACTIVE
1099,2026-03-18 21:05:08.583952,USDCAD,1.37343,0.0013216235041708083,67.596013268549,1.3703239999999999,1.3696380000000001,0.0006319859834065245,0.0003173236945689656,1.1744075953091648,1.37343,0.0026872072668608104,65.91301722162638,1.3635246,1.3647522,DOWN,1.37343,70.56548279440082,0.0008027910492992635,NORMAL,124.0,SELL,ACTIVE
1100,2026-03-18 21:05:09.354846,NZDUSD,0.57901,0.001352854581576713,25.71939649102916,0.5844155000000001,0.5847289999999999,-0.0011097832422051201,-0.00047623420294535027,-0.11589604932223864,0.57901,0.002790286445601224,36.47036315490867,0.5873698,0.5960907,DOWN,0.57901,21.497935239442356,0.0007357333493493909,NORMAL,26.0,BUY,ACTIVE
1101,2026-03-18 21:05:09.974430,USDCHF,0.79349,0.0012086326441546776,83.92325340721902,0.787726,0.7871434,0.001588207400180064,0.0008073929888756681,1.0358514913989738,0.79349,0.0024940289624197395,68.68784942856601,0.7833794000000001,0.7763706,UP,0.79349,81.86151950208219,0.0006297469333668258,NORMAL,27.0,SELL,ACTIVE
1102,2026-03-18 22:05:00.100238,EURUSD,1.14587,0.0018390771923905347,31.98352695196357,1.1512475,1.1514436,0.0,-0.000736423839271987,0.06925212477319206,1.14587,0.0034786041762147955,38.31446607476228,1.1538424,1.17266155,DOWN,1.14587,33.71065395933179,0.0009879672240175352,NORMAL,6.0,,
1103,2026-03-18 22:05:00.303316,GBPUSD,1.32586,0.0021650237212270346,29.62654788500116,1.3331595,1.3330356,0.0,-0.0006364747226157291,-0.005623587626095941,1.32586,0.0042447491435857,38.754585971412375,1.3354770000000002,1.34958235,DOWN,1.32586,28.333835187021293,0.0010710430607706622,NORMAL,9.0,,
1104,2026-03-18 22:05:00.578993,USDJPY,159.74,0.17716775410488905,66.72429020093753,159.26680000000002,159.16832,0.0,0.13522400582616118,0.797018101859263,159.74,0.3913022481440302,61.210305186857425,158.82306,156.3357,UP,159.74,58.61191861767671,0.08262034771175311,NORMAL,700.0,,
1105,2026-03-18 22:05:00.750828,XAUUSD,4817.91,27.869326190167147,20.208928365613588,4931.5895,4978.6978,0.0,-31.964323193544747,0.06714789112621905,4817.91,52.07444220356897,22.783820377128535,5084.696599999999,5056.4212,UP,4817.91,26.294819272487572,15.725484051847051,HIGH,26000.0,,
1106,2026-03-18 22:05:00.870799,EURUSD,1.14587,0.0018390771923905347,31.98352695196357,1.1512475,1.1514436,-0.001575717647979813,-0.000736423839271987,0.06925212477319206,1.14587,0.0034786041762147955,38.31446607476228,1.1538424,1.17266155,DOWN,1.14587,33.71065395933179,0.0009879672240175352,NORMAL,6.0,,
1107,2026-03-18 22:05:01.906783,GBPUSD,1.32607,0.0020939505982822525,31.570442545025813,1.3327369999999998,1.3329402,-0.0019127791813648987,-0.0008822906001205743,0.06544692768497674,1.32607,0.003997266929745287,38.947282671642505,1.3352396,1.34936175,DOWN,1.32607,31.909818506921667,0.0010814894850556063,NORMAL,9.0,,
1108,2026-03-18 22:05:02.541611,USDJPY,159.74,0.17716775410488905,66.72429020093753,159.26680000000002,159.16832,0.19747327722183172,0.13522400582616118,0.797018101859263,159.74,0.3913022481440302,61.210305186857425,158.82306,156.3357,UP,159.74,58.61191861767671,0.08262034771175311,NORMAL,700.0,,
1109,2026-03-18 22:05:03.005677,XAUUSD,4825.64,27.251517176583796,23.361674892843354,4922.9385,4975.3848,-44.15293975552686,-34.40204650594117,0.1408113956041751,4825.64,49.72768866737607,24.446941446032397,5078.394200000001,5056.2994,UP,4825.64,31.640127582465112,15.975697388162748,NORMAL,26000.0,BUY,ACTIVE
1110,2026-03-18 22:05:03.797099,AUDUSD,0.70308,0.0017010944354204764,32.055628421216696,0.7083765,0.7086117999999999,-0.0015330129981507845,-0.0007077452540984758,0.07729504444339896,0.70253,0.0034746184220148073,40.39883241573343,0.7079291999999999,0.7059730500000001,UP,0.70253,31.48206838139815,0.0008373242586768311,NORMAL,12.0,SELL,ACTIVE
1111,2026-03-18 22:05:04.504990,USDCAD,1.37191,0.0013186503967300485,58.90531984675349,1.3704255,1.3697039999999998,0.0006219700272138695,0.00037046720611215683,0.8375398624518667,1.37191,0.0026872072668608104,62.82494482020464,1.3634942,1.3647445999999999,DOWN,1.37191,53.91364622911253,0.0007406790961862685,NORMAL,9.0,,
1112,2026-03-18 22:05:04.921335,NZDUSD,0.58064,0.0013862221114640937,34.773124610298,0.584165,0.5846294,-0.001172032983768001,-0.0006097780046939221,0.11018746082255125,0.58064,0.002790286445601224,39.15875812136897,0.5874024,0.59609885,DOWN,0.58064,40.28418177659706,0.0007626017515729627,NORMAL,26.0,,
1113,2026-03-18 22:05:05.910719,USDCHF,0.79215,0.0012237303124293419,73.71906611636358,0.7880360000000001,0.7872278,0.0016305086192429652,0.0009670383371713706,0.8710055928289376,0.79215,0.0024940289624197395,66.42479689179035,0.7833526,0.7763639000000001,UP,0.79215,61.88639557903317,0.0006340670993445131,NORMAL,12.0,SELL,ACTIVE
1114,2026-03-18 23:05:00.096223,EURUSD,1.14596,0.001795163515383044,33.04298274771551,1.150855,1.1513474,0.0,-0.0009329550116393242,0.128996375809118,1.14596,0.0035343184823009117,38.45343967775039,1.1538442,1.1726619999999999,DOWN,1.14596,37.78285286598548,0.0008920415164129616,NORMAL,3.0,,
1116,2026-03-18 23:05:00.403322,GBPUSD,1.32527,0.002163950598282251,30.13530137997148,1.332697,1.3329242,0.0,-0.0008950541328841565,0.025388187724845,1.32527,0.004067266955340662,37.98574962312284,1.3352236,1.34935775,DOWN,1.32527,30.516196891535927,0.0010484534131186844,NORMAL,9.0,,
1115,2026-03-18 23:05:00.450357,EURUSD,1.14597,0.001795163515383044,33.09301396091368,1.1508555,1.1513476,-0.0017048802709092037,-0.0009327954674797517,0.1296287764682143,1.14597,0.0035343184823009117,38.46894344672549,1.1538444,1.17266205,DOWN,1.14597,37.87443385039219,0.0008920415164129616,NORMAL,3.0,,
1118,2026-03-18 23:05:00.747025,USDJPY,159.762,0.17163536350555916,67.06989584320513,159.30980000000002,159.18404,0.0,0.14899447368381724,0.7781827690384694,159.762,0.3955879639968085,61.499439412871915,158.8235,156.33581,UP,159.762,57.345860354769236,0.0785187539405131,NORMAL,700.0,,
1117,2026-03-18 23:05:00.809644,GBPUSD,1.32614,0.00204652555554781,32.332632671029316,1.3322425,1.3328246000000001,-0.002078866273372837,-0.001124030805996103,0.12296397712122199,1.32614,0.004067266955340662,39.033737989160755,1.3352410000000001,1.3493620999999998,DOWN,1.32614,36.82193570266833,0.0009810458619033426,NORMAL,9.0,,
1120,2026-03-18 23:05:01.116707,XAUUSD,4817.75,28.157231462298103,20.19173514717683,4922.544,4975.227,0.0,-34.52792684782146,0.11663260610463469,4817.75,50.63340328426321,22.773440240215265,5078.2364,5056.25995,UP,4817.75,27.545964235767343,15.922099142783242,NORMAL,25000.0,,
1119,2026-03-18 23:05:01.163743,USDJPY,159.762,0.17163536350555916,67.06989584320513,159.30980000000002,159.18404,0.20222563286372974,0.14899447368381724,0.7781827690384694,159.762,0.3955879639968085,61.499439412871915,158.8235,156.33581,UP,159.762,57.345860354769236,0.0785187539405131,NORMAL,700.0,,
1121,2026-03-18 23:05:01.705117,XAUUSD,4833.19,26.813347582338068,26.54291027379209,4915.459,4971.9748,-43.744114356468344,-36.15482246920891,0.1971751890239197,4833.19,50.770546191552114,26.003604301412054,5078.5452000000005,5056.33715,UP,4833.19,38.65774972014686,15.772124238329603,NORMAL,25000.0,,
1122,2026-03-18 23:05:02.059184,AUDUSD,0.7021,0.0016716795267679946,29.96440885199354,0.70798,0.7085212,-0.0017305997062794232,-0.0009112950619135788,0.06686068342691465,0.7021,0.003508904148837035,39.76484988781914,0.7079222000000001,0.7059713,UP,0.7021,29.78099605374065,0.0007681968435751524,NORMAL,11.0,,
1123,2026-03-18 23:05:02.678540,USDCAD,1.37369,0.00136803251124932,65.99781471577057,1.3706215,1.3698138,0.0007871537831112274,0.000453804521511971,1.087195185797355,1.37369,0.002638835170095639,66.63672918882696,1.3637708000000002,1.36482165,DOWN,1.37369,66.23858815081388,0.0007285859221985929,NORMAL,9.0,SELL,ACTIVE
1124,2026-03-18 23:05:03.016852,NZDUSD,0.5785,0.001392257266767678,24.922787203122553,0.5837684999999999,0.5844623999999999,-0.0014697137006058902,-0.000795039217950388,0.0021092534070928162,0.5785,0.0026781230327285604,35.57929778639209,0.5871658,0.59596985,DOWN,0.57883,32.39345348418284,0.0007463416272976741,NORMAL,17.0,,
1125,2026-03-18 23:05:03.370907,USDCHF,0.79306,0.0012148924329701024,76.52433052544677,0.788416,0.7873474,0.0017426526040206225,0.0011222888258688435,0.8977681654764742,0.79306,0.0023944553812661256,68.10913072720939,0.7836638,0.7764702,UP,0.79306,68.09760975247113,0.000575815077804045,NORMAL,12.0,,
1126,2026-03-19 00:05:00.109796,EURUSD,1.14684,0.0017526008153046716,37.35617329813969,1.150507,1.1512938,0.0,-0.0010785327490688075,0.2217577099062386,1.14684,0.0035464613438837833,40.00106198175407,1.1538618,1.1726664,DOWN,1.14684,46.99588789215878,0.0008435820557345778,NORMAL,2.0,,
1128,2026-03-19 00:05:00.619789,GBPUSD,1.3263099999999999,0.0020650969841192334,33.0425010374159,1.3322509999999999,1.3328280000000001,0.0,-0.001121318555283814,0.13172819883340106,1.3263099999999999,0.004067266955340662,39.24530754076412,1.3352443999999999,1.34936295,DOWN,1.3263099999999999,38.37885452888455,0.0009018984775671715,NORMAL,6.0,,
1127,2026-03-19 00:05:00.791771,EURUSD,1.14684,0.0017526008153046716,37.35617329813969,1.150507,1.1512938,-0.001683179881122987,-0.0010785327490688075,0.2217577099062386,1.14684,0.0035464613438837833,40.00106198175407,1.1538618,1.1726664,DOWN,1.14684,46.99588789215878,0.0008435820557345778,NORMAL,2.0,,
1130,2026-03-19 00:05:01.515563,USDJPY,159.763,0.16630936815312275,65.85418507056116,159.35985,159.1979,0.0,0.16080691998200253,0.7498785715281131,159.763,0.3955879639968085,61.51247949701318,158.82352,156.335815,UP,159.763,54.77205456370153,0.07840869859488438,NORMAL,500.0,,
1129,2026-03-19 00:05:01.750019,GBPUSD,1.32709,0.0019946818934168465,36.31925395203525,1.331792,1.3327446,-0.0020822447224784213,-0.0013124827061016845,0.21071206312120788,1.32709,0.004087266962653631,40.54902440843009,1.33526,1.34936685,DOWN,1.32709,45.775317147063284,0.0009145471882095927,NORMAL,6.0,,
1132,2026-03-19 00:05:02.369218,XAUUSD,4835.94,27.172633296623765,27.22852218071104,4915.5965,4972.0298,0.0,-36.11094782533436,0.20604386269161942,4835.94,50.896974809209034,26.554782178432788,5078.6002,5056.3509,UP,4835.94,40.406239884154274,14.875037373471557,NORMAL,21000.0,,
1131,2026-03-19 00:05:02.666058,USDJPY,159.763,0.16630936815312275,65.85418507056116,159.35985,159.1979,0.20492963964770183,0.16080691998200253,0.7498785715281131,159.763,0.3955879639968085,61.51247949701318,158.82352,156.335815,UP,159.763,54.77205456370153,0.07840869859488438,NORMAL,500.0,,
1133,2026-03-19 00:05:03.957059,XAUUSD,4845.45,26.12866969380372,30.901712043721147,4908.3525,4968.6994,-42.28688813102781,-37.33426580100291,0.2651606390642455,4845.45,51.302689243272056,28.399148659165206,5078.790400000001,5056.39845,UP,4845.45,47.48473400347413,14.332156414877296,NORMAL,21000.0,,
1134,2026-03-19 00:05:04.685918,AUDUSD,0.70267,0.001592273846284567,32.23488269841744,0.7075695000000001,0.7084454000000001,-0.0018098144449139042,-0.0010878080553227618,0.14861301561627246,0.70371,0.0035360470159046253,42.52694279956533,0.7079544,0.7059793500000001,UP,0.70371,47.71066862642218,0.0006930960563113135,NORMAL,8.0,,
1135,2026-03-19 00:05:05.378039,USDCAD,1.37308,0.0013088873318743675,62.56434708281166,1.3707705000000001,1.3699126,0.0008472376957946448,0.0005300660851434651,0.9171874611750442,1.37308,0.002638835170095639,65.42168907182594,1.3637586,1.3648186000000002,DOWN,1.37308,59.11742487899923,0.0006138890436350666,NORMAL,5.0,,
1136,2026-03-19 00:05:06.294470,NZDUSD,0.5791,0.0013328103191414156,28.241341501392768,0.583442,0.5843400000000001,-0.001557930136812935,-0.0009444265185320152,0.10787146545907904,0.5791,0.0026781230327285604,36.54970416696587,0.5871778000000001,0.59597285,DOWN,0.5791,35.52662962021627,0.0006672760580146387,NORMAL,9.0,BUY,ACTIVE
1137,2026-03-19 00:05:07.096347,USDCHF,0.79257,0.0011588286877579554,73.57093257027938,0.788766,0.7874484000000002,0.0017555444951141697,0.0012457490765270087,0.8228806218675172,0.79257,0.0023944553812661256,67.22304861305525,0.7836540000000001,0.77646775,UP,0.79257,60.54487832676956,0.0004964882045208428,NORMAL,9.0,SELL,ACTIVE
1138,2026-03-19 01:05:00.219044,EURUSD,1.14749,0.0016923130019665831,40.30714122130816,1.1501835,1.1512585999999998,0.0,-0.0011718085968930151,0.28884542481815506,1.14749,0.0036071756517981417,41.56713329354081,1.1538748,1.17266965,DOWN,1.14749,53.04016603996324,0.0007781668863959181,NORMAL,2.0,,
1140,2026-03-19 01:05:00.463450,GBPUSD,1.32703,0.0020175390362739804,36.07684274600198,1.3317890000000001,1.3327434,0.0,-0.001313439971058942,0.20746971177275242,1.32703,0.00411012411386844,40.4357999886087,1.3352588,1.34936655,DOWN,1.32703,45.46798168776467,0.0008854551027488965,NORMAL,6.0,,
1139,2026-03-19 01:05:00.526058,EURUSD,1.14749,0.0016923130019665831,40.30714122130816,1.1501835,1.1512585999999998,-0.0015812880565659881,-0.0011718085968930151,0.28884542481815506,1.14749,0.0036071756517981417,41.56713329354081,1.1538748,1.17266965,DOWN,1.14749,53.04016603996324,0.0007781668863959181,NORMAL,2.0,,
1142,2026-03-19 01:05:00.791502,USDJPY,159.789,0.16433318879524564,66.93522865056104,159.41495,159.21124,0.0,0.16971647335623202,0.7440407494717538,159.789,0.3985879650937533,61.848448256143676,158.82404,156.33594499999998,UP,159.788,56.94030132421996,0.08340143427720281,NORMAL,500.0,,
1141,2026-03-19 01:05:00.864409,GBPUSD,1.32834,0.0019892964520503314,41.14386385542907,1.331422,1.3327151999999998,-0.0018883819552080183,-0.0014092830687434284,0.30014288245995496,1.32834,0.004217267010187898,42.813697753982325,1.3352849999999998,1.3493731,DOWN,1.32834,54.63496060874592,0.0009132207474699768,NORMAL,6.0,,
1144,2026-03-19 01:05:01.129794,XAUUSD,4845.44,26.248669693803738,30.898018558091508,4908.352000000001,4968.6992,0.0,-37.3344253451623,0.2651269061120733,4845.44,51.422689287149865,28.397257914712085,5078.7902,5056.3984,UP,4845.44,47.82686176924831,13.478355064478711,NORMAL,21000.0,,
1143,2026-03-19 01:05:01.176813,USDJPY,159.788,0.16433318879524564,66.90635050840581,159.41490000000002,159.21122,0.2044452851437768,0.1697005189402833,0.7434535455183571,159.788,0.3985879650937533,61.83563487761184,158.82402,156.33594,UP,159.788,56.94030132421996,0.08340143427720281,NORMAL,500.0,,
1145,2026-03-19 01:05:01.718415,XAUUSD,4841.99,25.34299940955243,29.62127800138478,4900.889,4965.3408,-41.42735815686592,-38.20636347445463,0.2769944325581092,4841.99,51.79554656634152,27.738936331266757,5078.7212,5056.38115,UP,4842.01,45.626231002301274,13.280900904858848,NORMAL,21000.0,BUY,ACTIVE
1146,2026-03-19 01:05:02.150543,AUDUSD,0.70298,0.001609305306243826,33.859404770169135,0.707158,0.7083792,-0.0018292141508093884,-0.0012334089325397482,0.2008998162782209,0.70298,0.0035724756006532406,41.066446697147846,0.7079398,0.7059757000000001,UP,0.70298,42.35405517579776,0.00077405948323839,NORMAL,8.0,,
1147,2026-03-19 01:05:02.566604,USDCAD,1.37242,0.0013143239510261724,58.36733841976973,1.370888,1.3699856,0.0008401867623353265,0.0005913244086160315,0.7708756499580323,1.37242,0.002638835170095639,64.00328840880499,1.3637454,1.3648152999999998,DOWN,1.37242,50.83428230020405,0.0006194058430248575,NORMAL,5.0,,
1148,2026-03-19 01:05:02.905186,NZDUSD,0.58113,0.0014231708065496837,41.36041285025727,0.5832050000000001,0.5842670000000001,-0.0014432700089956896,-0.0010401108861404038,0.3086166383487149,0.58113,0.0028131230820910764,41.55885890821841,0.5872184,0.595983,DOWN,0.58113,55.73312568338771,0.0007360099857119529,NORMAL,9.0,,
1149,2026-03-19 01:05:03.618756,USDCHF,0.7923,0.0011369735774078955,70.95812475141432,0.7891235,0.7875354,0.0017446524188865498,0.0013465508276200037,0.7712324087644227,0.7923,0.0024008839550452954,66.71343111860406,0.7836486,0.7764664,UP,0.7923,54.939479893867755,0.0005028387375574776,NORMAL,9.0,SELL,ACTIVE
1150,2026-03-19 02:05:00.085090,EURUSD,1.14733,0.0016452090120302077,39.92064486113113,1.1498445,1.1512225999999999,0.0,-0.0012410531291848195,0.2969989885664997,1.14733,0.0034232956936050187,41.34349235902923,1.1535898,1.1724817,DOWN,1.14733,50.12526177858368,0.000726062991541477,NORMAL,2.0,,
1152,2026-03-19 02:05:00.360794,GBPUSD,1.32886,0.002000725023478898,42.809009551986435,1.3314480000000002,1.3327256,0.0,-0.0014009867724471667,0.33129407724574655,1.32886,0.004221552726040672,43.70577762052307,1.3352954,1.3493757,DOWN,1.32886,57.982574970628114,0.0008619269283802153,NORMAL,6.0,,
1151,2026-03-19 02:05:00.454693,EURUSD,1.14733,0.0016452090120302077,39.92064486113113,1.1498445,1.1512225999999999,-0.0015250512013718076,-0.0012410531291848195,0.2969989885664997,1.14733,0.0034232956936050187,41.34349235902923,1.1535898,1.1724817,DOWN,1.14733,50.12526177858368,0.000726062991541477,NORMAL,2.0,,
1153,2026-03-19 02:05:00.737372,USDJPY,159.651,0.16927877735068816,59.90581867864372,159.45385,159.21540000000002,0.0,0.1705739852955903,0.6420622690248129,159.651,0.3810969774100767,59.490970787116396,158.85848,156.359705,UP,159.651,44.46214371695134,0.08406847107739233,NORMAL,500.0,,
1154,2026-03-19 02:05:00.857154,GBPUSD,1.32793,0.001904346705475315,40.05715580696092,1.3309954999999998,1.3326684,-0.0018389127798292826,-0.0014954642816158799,0.29513765012466703,1.32793,0.003966543768829953,42.237876674034,1.3350136000000001,1.3491718,DOWN,1.32793,50.15493859990684,0.0008302651255505543,NORMAL,6.0,,
1155,2026-03-19 02:05:01.028986,XAUUSD,4848.46,25.887285123838137,32.193339349420114,4901.2125,4965.4702,0.0,-38.103138403229536,0.2993898931063868,4848.46,51.79554656634152,28.963760057988935,5078.8506,5056.4135,UP,4848.46,51.169813465669,13.229211524192168,NORMAL,21000.0,,
1156,2026-03-19 02:05:01.632995,USDJPY,159.651,0.16927877735068816,59.90581867864372,159.45385,159.21540000000002,0.18217269402165925,0.1705739852955903,0.6420622690248129,159.651,0.3810969774100767,59.490970787116396,158.85848,156.359705,UP,159.651,44.46214371695134,0.08406847107739233,NORMAL,500.0,,
1157,2026-03-19 02:05:02.002443,XAUUSD,4845.63,25.39191781907419,31.9235746678696,4893.686,4962.3666,-39.24055949769809,-38.31186022896078,0.308294279044638,4845.63,49.449582436255206,28.887178412370986,5072.3542,5056.176649999999,UP,4845.63,48.53384079238899,13.998368522277689,NORMAL,21000.0,,
1158,2026-03-19 02:05:02.372176,AUDUSD,0.70448,0.0015748141108998812,41.06867175014033,0.706863,0.7083636,-0.0016289600939741744,-0.0012942673129747865,0.3188918743541142,0.70448,0.0036039041835736136,44.10605764748142,0.7079698000000001,0.7059832,UP,0.70448,54.798261095386486,0.0007632777841774515,NORMAL,8.0,,
1159,2026-03-19 02:05:02.715841,USDCAD,1.37154,0.0012704436688100117,53.377046713607456,1.3709485,1.3700337999999999,0.0007315385081290149,0.0006137512741026698,0.6071518659969378,1.37154,0.002661692321310463,61.36753615396112,1.3637278000000002,1.3648109,DOWN,1.37154,41.85724380712521,0.0005574958751325096,NORMAL,5.0,,
1160,2026-03-19 02:05:03.069795,NZDUSD,0.58199,0.0013869239122042973,45.750609684713055,0.582992,0.5842114,-0.0012582056026175792,-0.0010774756983817147,0.4026758112474303,0.58199,0.0028538373826924664,43.66276571435226,0.5872356,0.5959873,DOWN,0.58199,62.186454029058154,0.0006732837787298922,NORMAL,9.0,,
1161,2026-03-19 02:05:03.783175,USDCHF,0.79155,0.0011011183218787662,64.47402876111438,0.7894255,0.7875966,0.0016298509996286459,0.0013987436255545008,0.6895818346465789,0.79155,0.002433741109916596,64.17045551399428,0.7836336,0.77646265,UP,0.79155,44.58192348686112,0.0004695154105855585,NORMAL,9.0,,
1162,2026-03-19 03:05:00.091072,EURUSD,1.14819,0.0016576940825994784,43.567259465272095,1.1496659999999999,1.1512182,0.0,-0.0012513979870305012,0.3776845813237348,1.14819,0.003533295733826316,43.26531132408731,1.153607,1.172486,DOWN,1.14819,54.59547369205989,0.0007550006749256883,NORMAL,2.0,,
1163,2026-03-19 03:05:00.366966,GBPUSD,1.32966,0.002015775276903887,45.90075954990729,1.3310819999999999,1.3327030000000002,0.0,-0.0014678631420147609,0.4035516334781532,1.32966,0.0040779723810021856,45.19064473334026,1.3350482,1.34918045,DOWN,1.32966,61.588718156903376,0.0008608799412602168,NORMAL,6.0,,
1164,2026-03-19 03:05:00.429478,EURUSD,1.14819,0.0016576940825994784,43.567259465272095,1.1496659999999999,1.1512182,-0.0013482987859343432,-0.0012513979870305012,0.3776845813237348,1.14819,0.003533295733826316,43.26531132408731,1.153607,1.172486,DOWN,1.14819,54.59547369205989,0.0007550006749256883,NORMAL,2.0,,
1165,2026-03-19 03:05:00.585695,USDJPY,159.647,0.16773335447870028,59.65064721220485,159.49875,159.221,0.0,0.17073791544759975,0.6202990332205773,159.647,0.38845412295734644,59.405306702803315,158.8584,156.35968499999998,UP,159.647,46.88545781764097,0.08683715799586092,NORMAL,500.0,,
1167,2026-03-19 03:05:00.820052,XAUUSD,4857.3,26.12406067621705,35.614484016888795,4894.2695,4962.6,0.0,-38.12567219477284,0.3515302904871078,4857.3,50.181725561104805,30.672283000421942,5072.5876,5056.235,UP,4857.3,54.931992681330655,13.280667982729991,NORMAL,21000.0,,
1166,2026-03-19 03:05:00.924118,GBPUSD,1.32885,0.001904087246920965,43.135402558739635,1.3307025,1.3326478,-0.001657133689591861,-0.0015179702429831488,0.3709087228845025,1.32885,0.004085829526732283,43.75769125730849,1.335032,1.3491764000000002,DOWN,1.32885,54.53997550905021,0.000838936715214335,NORMAL,6.0,,
1168,2026-03-19 03:05:01.512357,USDJPY,159.647,0.16773335447870028,59.65064721220485,159.49875,159.221,0.17081927708127864,0.17073791544759975,0.6202990332205773,159.647,0.38845412295734644,59.405306702803315,158.8584,156.35968499999998,UP,159.647,46.88545781764097,0.08683715799586092,NORMAL,500.0,,
1169,2026-03-19 03:05:01.944282,XAUUSD,4859.68,24.99234205648729,36.51347725498628,4886.8565,4959.5652,-35.6474519246176,-37.6115210182345,0.37946662129129183,4859.68,50.46172566348632,31.123643764848396,5072.635200000001,5056.2469,UP,4859.68,55.79112272087102,12.706419293769233,NORMAL,21000.0,BUY,ACTIVE
1170,2026-03-19 03:05:02.407356,AUDUSD,0.70539,0.0016206947356315299,45.47503608724688,0.7065265000000001,0.7083419999999999,-0.0014875292386403727,-0.0013364934872816712,0.4082334358971128,0.70539,0.0035048497385288635,46.03465338022211,0.7080126,0.7060295999999999,UP,0.70539,60.91199923893224,0.0007983157304924219,NORMAL,8.0,,
1171,2026-03-19 03:05:02.735575,USDCAD,1.37173,0.001263932386344003,54.13311664816531,1.3710334999999998,1.3701070000000002,0.0007164575201279444,0.0006416953723105758,0.623843297621713,1.37173,0.002555142765839725,61.67873336189032,1.3640390000000002,1.3648651,DOWN,1.37173,45.61736927844123,0.0005567673160057309,NORMAL,5.0,,
1172,2026-03-19 03:05:03.073739,NZDUSD,0.58252,0.0014294905715366466,48.71663606208114,0.5827525,0.5841578,-0.001128484719737366,-0.001096229069604405,0.4762111024103164,0.58252,0.0027889714149572833,45.093111461014146,0.587072,0.59588845,DOWN,0.58252,62.82885245397593,0.0006946875540626362,NORMAL,9.0,,
1173,2026-03-19 03:05:03.630978,USDCHF,0.79111,0.0011213955846017087,60.69603450750229,0.789715,0.7876565999999999,0.0015241216808945524,0.0014271377551410159,0.6300323468239877,0.79111,0.0023588310015155655,62.441519438761034,0.7839394,0.77655575,UP,0.79111,40.85589374331489,0.0004827781688289554,NORMAL,9.0,,
1174,2026-03-19 04:05:00.091657,EURUSD,1.14739,0.001595817974658696,40.7868128636346,1.149337,1.1511614000000001,0.0,-0.0012819568768611506,0.3352497645238712,1.14739,0.003533295733826316,41.44933837497993,1.153591,1.172482,DOWN,1.14739,46.838550430927434,0.0006650613871747503,NORMAL,2.0,,
1176,2026-03-19 04:05:00.263487,GBPUSD,1.32858,0.001926944389778099,42.18851446151949,1.330689,1.3326424000000001,0.0,-0.001522277935290808,0.35335490039567463,1.32858,0.004085829526732283,43.263243229611085,1.3350266,1.3491750500000002,DOWN,1.32858,51.85991890705814,0.0007884824307502587,NORMAL,6.0,,
1175,2026-03-19 04:05:00.326214,EURUSD,1.14739,0.001595817974658696,40.7868128636346,1.149337,1.1511614000000001,-0.001357605541596918,-0.0012819568768611506,0.3352497645238712,1.14739,0.003533295733826316,41.44933837497993,1.153591,1.172482,DOWN,1.14739,46.838550430927434,0.0006650613871747503,NORMAL,2.0,,
1178,2026-03-19 04:05:00.601930,USDJPY,159.623,0.15999219650573296,58.337324014712195,159.5316,159.22584,0.0,0.16766403812426545,0.5815877888646731,159.623,0.3888826945426243,58.89645860745907,158.85792,156.359565,UP,159.623,44.74089265009886,0.07639236265145358,NORMAL,500.0,,
1177,2026-03-19 04:05:00.695758,GBPUSD,1.32793,0.0018262442803041515,40.33234382812438,1.330314,1.3325807999999997,-0.0016610735733153525,-0.0015556530173116753,0.33015653617349217,1.32793,0.004085829526732283,42.237876674034,1.3350136000000001,1.3491718,DOWN,1.32793,46.53359869699952,0.0007459932673467873,NORMAL,6.0,,
1180,2026-03-19 04:05:00.987053,XAUUSD,4855.89,25.344484913630165,35.522544783455245,4886.6669999999995,4959.4894,0.0,-37.671988254701915,0.3637453125656669,4855.89,50.73601147806413,30.402078819774104,5072.5594,5056.2279499999995,UP,4855.89,52.346593202672324,12.200871316929184,NORMAL,21000.0,,
1179,2026-03-19 04:05:01.034064,USDJPY,159.623,0.15999219650573296,58.337324014712195,159.5316,159.22584,0.15645342911582816,0.16766403812426545,0.5815877888646731,159.623,0.3888826945426243,58.89645860745907,158.85792,156.359565,UP,159.623,44.74089265009886,0.07639236265145358,NORMAL,500.0,,
1181,2026-03-19 04:05:01.559875,XAUUSD,4849.88,23.964776807554525,34.258788454557845,4879.161,4956.3274,-34.57108752016211,-37.11600867759455,0.356466260448887,4849.88,50.73601147806413,29.232173934918706,5072.4392,5056.1979,UP,4849.88,48.37738211149088,11.261447834796618,NORMAL,21000.0,,
1182,2026-03-19 04:05:01.944886,AUDUSD,0.70494,0.0015656451116578503,43.70402018079994,0.706167,0.7082612,-0.0014329827303966036,-0.001367150880064197,0.3951644898775998,0.70494,0.0035048497385288635,45.11836289769619,0.7080036,0.7060273499999999,UP,0.70494,55.53476095812501,0.000738013687747271,NORMAL,7.0,,
1183,2026-03-19 04:05:02.345962,USDCAD,1.3722400000000001,0.0012065086444622976,56.87162454283785,1.371127,1.3701988,0.0007384813776856181,0.0006688383283713384,0.6916263857506625,1.3722400000000001,0.002555142765839725,63.617135877310176,1.3640492,1.3648676499999999,DOWN,1.3722400000000001,51.71387784102664,0.0005163934719447352,NORMAL,5.0,,
1184,2026-03-19 04:05:02.736350,NZDUSD,0.58205,0.0013666698164268819,46.614085867062364,0.5825305000000001,0.5840806000000001,-0.001056418253016167,-0.0010979671911870443,0.4489016257225747,0.58205,0.0027889714149572833,43.93536840379672,0.5870626,0.5958861,DOWN,0.58205,56.69363328285894,0.0006147303356535933,NORMAL,9.0,BUY,ACTIVE
1185,2026-03-19 04:05:03.121763,USDCHF,0.79189,0.0010741530428444448,66.26795307934657,0.7900115,0.7877302,0.0015012998748151762,0.001448479580785235,0.6789899693632636,0.79189,0.0023588310015155655,65.2898952606557,0.783955,0.7765596499999999,UP,0.79189,52.232303232364195,0.0004608452110294473,NORMAL,9.0,,
1186,2026-03-19 05:05:00.094012,EURUSD,1.14687,0.0015484636295300118,39.05134344118628,1.148962,1.1511049999999998,0.0,-0.0013074136695075066,0.31442580708435997,1.14687,0.003569724318574931,40.549620713233764,1.1535806,1.1724794,DOWN,1.14687,42.04407377109077,0.0006206641299566445,NORMAL,2.0,,
1187,2026-03-19 05:05:00.313150,GBPUSD,1.32732,0.0018848157088755832,38.65519534003364,1.3302835,1.3325685999999999,0.0,-0.001565385211043868,0.2903277703444878,1.32732,0.004130115257210995,41.41868515752245,1.3350014,1.34916875,DOWN,1.32732,42.05636218789908,0.0007267487374389326,NORMAL,6.0,,
1189,2026-03-19 05:05:00.588919,USDJPY,159.664,0.15568663144919834,60.084723778669016,159.57080000000002,159.23274,0.0,0.16445842789416748,0.5968981430166924,159.664,0.3888826945426243,59.749904604517305,158.85874,156.35977,UP,159.664,49.74786930308769,0.07106470001022996,NORMAL,300.0,,
1188,2026-03-19 05:05:00.620305,EURUSD,1.14687,0.0015484636295300118,39.05134344118628,1.148962,1.1511049999999998,-0.0013766938315458166,-0.0013074136695075066,0.31442580708435997,1.14687,0.003569724318574931,40.549620713233764,1.1535806,1.1724794,DOWN,1.14687,42.04407377109077,0.0006206641299566445,NORMAL,2.0,,
1190,2026-03-19 05:05:00.911850,XAUUSD,4851.61,24.226205378983085,34.781344040637634,4879.2474999999995,4956.362,0.0,-37.08840753799334,0.3643874281991125,4851.61,50.73601147806413,29.568829966122536,5072.4738,5056.20655,UP,4851.61,49.639045973134564,10.330548186509386,NORMAL,17000.0,,
1191,2026-03-19 05:05:01.224452,GBPUSD,1.32715,0.0017908492806905836,38.19652129957639,1.329838,1.3325056000000002,-0.0017061916322556048,-0.0015946952132349244,0.29848074425619114,1.32715,0.004150829550499416,41.19601722038321,1.334998,1.3491678999999999,DOWN,1.32715,41.13024364341327,0.0007122235495713438,NORMAL,6.0,SELL,ACTIVE
1192,2026-03-19 05:05:01.546980,USDJPY,159.669,0.15568663144919834,60.285953958591314,159.57105,159.23284,0.1500564997942888,0.16453819997393954,0.601792352255308,159.669,0.3888826945426243,59.822509132573096,158.85884,156.359795,UP,159.669,50.29605844430376,0.07106470001022996,NORMAL,300.0,,
1193,2026-03-19 05:05:01.869720,XAUUSD,4851.61,24.226205378983085,34.781344040637634,4879.2474999999995,4956.362,-34.433081822156055,-37.08840753799334,0.3643874281991125,4851.61,50.73601147806413,29.568829966122536,5072.4738,5056.20655,UP,4851.61,49.639045973134564,10.330548186509386,NORMAL,17000.0,,
1194,2026-03-19 05:05:02.213397,AUDUSD,0.70406,0.0015077418893965741,40.04727987033191,0.7058125000000001,0.7081848000000001,-0.001408816291311732,-0.0013796959281256727,0.3407794536720199,0.70406,0.0035048497385288635,43.30663982722742,0.7079860000000001,0.7060229499999999,UP,0.70406,46.93093614501554,0.0006524556313611735,NORMAL,2.0,,
1195,2026-03-19 05:05:02.583271,USDCAD,1.37265,0.0011689519045517355,59.00829591337468,1.3712985,1.3702872,0.0007677706285560415,0.0006939854721689571,0.7308767404278493,1.37265,0.002585142776809178,64.59903948715512,1.3640574,1.3648697,DOWN,1.37265,55.518497064814596,0.0004781557964405114,NORMAL,2.0,,
1196,2026-03-19 05:05:02.937136,NZDUSD,0.58184,0.0012961934009678223,45.528872827329856,0.5823095,0.5840226,-0.0009651762425819665,-0.0010730682607252814,0.44656908452473043,0.58184,0.0027889714149572833,43.40214802727795,0.5870584,0.59588505,DOWN,0.58184,54.18175782715876,0.0005392900355433527,NORMAL,7.0,,
1197,2026-03-19 05:05:03.280828,USDCHF,0.79224,0.0010303359887637172,67.92709160563999,0.7903214999999999,0.7878034,0.0014715947599537316,0.0014550171465334675,0.6909885498860386,0.79224,0.002380259580779454,66.0151752763569,0.783962,0.7765614,UP,0.79224,56.75643614770307,0.000413523806077536,NORMAL,4.0,,
1198,2026-03-19 06:05:01.565545,EURUSD,1.14655,0.0014849509212982968,37.97438731962687,1.148576,1.1510365999999999,0.0,-0.0013271271138643925,0.30626501655280775,1.14655,0.00335453985108955,40.01130439730692,1.1534876,1.1722755,DOWN,1.14655,39.59801988863203,0.0005795186267743361,NORMAL,2.0,,
1199,2026-03-19 06:05:01.888171,GBPUSD,1.32717,0.0017994207092620208,38.25201877122986,1.329839,1.332506,0.0,-0.0015943761249157793,0.2998544202910271,1.32717,0.004150829550499416,41.22208910645546,1.3349984000000001,1.349168,DOWN,1.32717,41.95158701515387,0.0006604346194730087,NORMAL,6.0,SELL,ACTIVE
1201,2026-03-19 06:05:02.091243,USDJPY,159.742,0.15274472920282925,63.088693431631114,159.6097,159.2439,0.0,0.1621531679168956,0.6615285745240139,159.742,0.3665645268926451,60.88520202325129,158.88062,156.38353999999998,UP,159.742,56.8480681897732,0.07036866159540721,NORMAL,300.0,,
1200,2026-03-19 06:05:02.122486,EURUSD,1.14655,0.0014849509212982968,37.97438731962687,1.148576,1.1510365999999999,-0.001387473768784897,-0.0013271271138643925,0.30626501655280775,1.14655,0.00335453985108955,40.01130439730692,1.1534876,1.1722755,DOWN,1.14655,39.59801988863203,0.0005795186267743361,NORMAL,2.0,,
1203,2026-03-19 06:05:02.492538,XAUUSD,4840.08,23.640915198851665,32.124999266005034,4871.7835,4952.5698,0.0,-36.40692710758207,0.3230196949139473,4840.08,50.90529725424886,28.448729225138663,5072.2432,5056.1489,UP,4840.08,40.61719737422933,9.447894380774759,NORMAL,17000.0,,
1202,2026-03-19 06:05:02.539500,GBPUSD,1.32645,0.0017417580055392185,36.54814577143797,1.329345,1.3323962,-0.0017828439937424,-0.001642408160219592,0.2714210465002255,1.32645,0.003917249797335647,40.37022969755435,1.33494,1.3489497499999998,DOWN,1.32645,36.394858777799236,0.000694410705146493,NORMAL,6.0,,
1204,2026-03-19 06:05:02.986920,USDJPY,159.741,0.15274472920282925,63.05140433386624,159.60965,159.24388000000002,0.1497891080647662,0.16213721350094118,0.6603952386181742,159.741,0.3665645268926451,60.870401564823695,158.88060000000002,156.383535,UP,159.741,56.75666896160479,0.07036866159540721,NORMAL,300.0,,
1205,2026-03-19 06:05:03.356297,XAUUSD,4837.63,23.861360031586788,33.981395489572776,4863.431,4948.617200000001,-33.364410442974986,-35.95873374617065,0.3198243445736229,4837.59,49.178279086005354,29.524722906542024,5067.3418,5056.5887,UP,4837.59,42.55198103658152,10.541255072579439,NORMAL,17000.0,,
1206,2026-03-19 06:05:03.772877,AUDUSD,0.70384,0.001470556244235591,39.50466520739503,0.705427,0.7081230000000001,-0.0013904615408983911,-0.001385933381164545,0.33988268574601366,0.70384,0.0035048497385288635,42.941923793316114,0.7079816,0.7060218500000001,UP,0.70384,45.53242002569119,0.0006032568775181016,NORMAL,2.0,,
1207,2026-03-19 06:05:04.116548,USDCAD,1.37265,0.001113312482798048,58.76095545877316,1.3714775,1.3703686,0.0007618777784796915,0.0007088402867074356,0.7082950042254146,1.37265,0.002585142776809178,64.59903948715512,1.3640574,1.3648697,DOWN,1.37265,54.764091771809724,0.0004285360941595027,NORMAL,4.0,,
1208,2026-03-19 06:05:04.548696,NZDUSD,0.58176,0.001237077545796649,45.18755415162958,0.5820775,0.5839688000000001,-0.0008877229548509558,-0.0010374031881544058,0.4600982336899001,0.58176,0.0027889714149572833,43.19633882705121,0.5870568,0.59588465,DOWN,0.58176,52.79356936122109,0.0004746198438284428,NORMAL,5.0,,
1209,2026-03-19 06:05:04.996252,USDCHF,0.7925,0.0010043426018112123,68.55906429704036,0.7906599999999999,0.7878886,0.0014644736712045026,0.0014613756879348883,0.6949791999410941,0.7925,0.00240883101979798,66.53463355900217,0.7839672,0.7765627,UP,0.7925,58.72523199646278,0.00038364552513187955,NORMAL,4.0,,
1210,2026-03-19 07:05:00.645904,EURUSD,1.14585,0.0015783217738586115,35.5196449314801,1.148133,1.150994,0.0,-0.0013465204767485535,0.24682626423052506,1.14584,0.0035088256217895596,38.78967251524853,1.1534734,1.1722719499999998,DOWN,1.14584,35.12719596533492,0.0007163271446423135,NORMAL,2.0,,
1211,2026-03-19 07:05:00.812402,GBPUSD,1.3265799999999999,0.0018274722912535108,37.14787721928441,1.3293515,1.3323988,0.0,-0.0016403340861455044,0.2807478094209947,1.3265799999999999,0.004002964114391217,40.625925770092046,1.3349426,1.3489503999999999,DOWN,1.3265799999999999,40.059775715379914,0.000743778539547674,NORMAL,6.0,,
1212,2026-03-19 07:05:01.322548,USDJPY,159.637,0.15675786079038218,57.2732570447694,159.63965,159.24654,0.0,0.15553247874674891,0.49521282083909346,159.637,0.3776359595123221,58.7504902674099,158.87852,156.383015,UP,159.637,44.675559824145175,0.07954701712463398,NORMAL,300.0,,
1213,2026-03-19 07:05:01.369549,EURUSD,1.1458599999999999,0.0015783217738586115,35.552644668476105,1.1481335,1.1509942000000002,-0.0014201053242968165,-0.0013463609325890253,0.24782026344094132,1.1458599999999999,0.0035088256217895596,38.823062720519744,1.1534738,1.17227205,DOWN,1.1458599999999999,35.28308701781907,0.0007163271446423135,NORMAL,2.0,,
1214,2026-03-19 07:05:01.525620,XAUUSD,4805.94,25.36493146015823,26.168695545693808,4861.8465,4947.9834,0.0,-36.464329187765976,0.12882487381866164,4805.94,50.681851064355044,25.911840138214416,5066.7088,5056.43045,UP,4805.94,27.012031755503003,11.438670378713065,NORMAL,17000.0,,
1215,2026-03-19 07:05:02.264930,GBPUSD,1.32544,0.0018269385561639694,34.37114984284655,1.3288335,1.3323365999999999,-0.001837147743105394,-0.0016779099229505543,0.20346406728486513,1.32544,0.00407510699791298,38.99976661411304,1.3349197999999998,1.3489447,DOWN,1.3254299999999999,31.86373058253193,0.0008355447149552235,NORMAL,6.0,,
1216,2026-03-19 07:05:02.577356,USDJPY,159.639,0.15675786079038218,57.392219693277504,159.63975,159.24658000000002,0.1332297790462178,0.15556438757865773,0.49864512531392685,159.639,0.3776359595123221,58.794222792280834,158.87856,156.383025,UP,159.639,44.88523863766407,0.07954701712463398,NORMAL,300.0,,
1217,2026-03-19 07:05:03.024907,XAUUSD,4767.88,28.14473227422853,22.783544817183795,4849.729,4941.943,-42.16563868680987,-38.14538197076568,-0.03182392645067281,4767.88,54.83970972752532,23.51141191636046,5065.9476,5056.2401500000005,UP,4767.88,20.839106057800706,14.895750828194434,NORMAL,17000.0,BUY,ACTIVE
1218,2026-03-19 07:05:03.472773,AUDUSD,0.70338,0.0014878634512799898,37.893403271204285,0.7050514999999999,0.7080346,-0.0014101894628544276,-0.0013976769051948115,0.31389948955223074,0.70363,0.0033596052744190386,42.83418190506184,0.70811,0.7060556,UP,0.70363,46.28599040700676,0.0006523176062968059,NORMAL,2.0,,
1219,2026-03-19 07:05:03.811019,USDCAD,1.3728500000000001,0.0011163922034145117,59.55778130827867,1.3716495,1.3704640000000001,0.0007804555192887364,0.0007277582050185677,0.7151345834757394,1.3728500000000001,0.002474469181414245,64.70164435979797,1.3643404000000001,1.364923,DOWN,1.3728500000000001,55.17778573707173,0.0004597094006842063,NORMAL,4.0,,
1220,2026-03-19 07:05:04.170161,NZDUSD,0.58143,0.0012516740476274989,43.93379935780503,0.5818325,0.5839038,-0.0008708641499156622,-0.0010112429588542454,0.44404237168074867,0.58143,0.002666187664107142,42.46177877954971,0.5869584,0.59577525,DOWN,0.58143,48.63124979740967,0.0005210806207882093,NORMAL,5.0,,
1221,2026-03-19 07:05:04.586898,USDCHF,0.79264,0.001005052824130821,68.69398741648553,0.79101,0.787984,0.0014499757034456273,0.0014629247508661017,0.6913835035560995,0.79264,0.00230723077848214,66.45313286496504,0.7841770000000001,0.77666675,UP,0.79264,57.781368150732206,0.0004143345943917898,NORMAL,2.0,SELL,ACTIVE
1222,2026-03-19 08:05:00.094735,EURUSD,1.14501,0.0015658396063380892,32.90042710842535,1.147817,1.1509188000000001,0.0,-0.001391473170027449,0.1953051548452074,1.14501,0.003528111343127061,37.45288414309918,1.1534568,1.1722678,DOWN,1.14501,29.63615088942865,0.0008233999336230677,NORMAL,2.0,,
1224,2026-03-19 08:05:00.386315,GBPUSD,1.3268499999999999,0.001849081413306829,38.40186908119667,1.328904,1.3323647999999997,0.0,-0.001655414196454824,0.31591059592308374,1.3268499999999999,0.00407510699791298,41.15004185843586,1.334948,1.34895175,DOWN,1.3268499999999999,44.09556294834701,0.0008434652948409141,NORMAL,6.0,,
1223,2026-03-19 08:05:00.448976,EURUSD,1.14501,0.0015658396063380892,32.90042710842535,1.147817,1.1509188000000001,-0.001532355168214261,-0.001391473170027449,0.1953051548452074,1.14501,0.003528111343127061,37.45288414309918,1.1534568,1.1722678,DOWN,1.14501,29.63615088942865,0.0008233999336230677,NORMAL,2.0,,
1225,2026-03-19 08:05:00.714404,USDJPY,159.206,0.185489442162498,39.52821634095729,159.60755,159.2356,0.0,0.13190771929007652,-0.03944577903724727,159.206,0.4097788284081575,50.63414274579796,158.8699,156.38085999999998,UP,159.206,22.986627676826117,0.13330885735494583,NORMAL,300.0,,
1226,2026-03-19 08:05:00.771484,GBPUSD,1.32554,0.0017963409041930768,34.472119852028555,1.3285814999999999,1.332284,-0.0018146871622330973,-0.0016942887326304268,0.23222340304380718,1.32554,0.00407510699791298,39.12591113189723,1.3349217999999998,1.3489452,DOWN,1.32554,32.06077693169493,0.0008868637977026585,NORMAL,6.0,,
1227,2026-03-19 08:05:00.912077,XAUUSD,4765.23,29.368303702800034,21.797361459212652,4849.5965,4941.89,0.0,-38.187661173044816,-0.043939183044574004,4765.23,54.83970972752532,23.360732470517206,5065.8946000000005,5056.2269,UP,4765.23,24.481948758763565,16.186426194228805,NORMAL,17000.0,,
1228,2026-03-19 08:05:01.422433,USDJPY,159.203,0.185489442162498,39.43707957188783,159.6074,159.23554000000001,0.06288788374260434,0.13185985604221329,-0.0422790736132435,159.203,0.4097788284081575,50.58549987819868,158.86984,156.38084500000002,UP,159.203,22.89357831531734,0.13330885735494583,NORMAL,300.0,BUY,ACTIVE
1229,2026-03-19 08:05:02.198403,XAUUSD,4737.46,30.19781262198777,21.404026354744545,4838.09,4935.1332,-48.84408609811089,-40.796047012758876,-0.05036190537653342,4737.46,56.30828169307727,21.89057936469449,5065.339199999999,5056.08805,UP,4737.46,23.916754813951286,18.112161028598244,NORMAL,17000.0,BUY,ACTIVE
1230,2026-03-19 08:05:02.630545,AUDUSD,0.70343,0.0014664344292497885,38.86400269122019,0.704745,0.7079776000000001,-0.0013459689748793746,-0.0013819746353710641,0.329970928504583,0.70343,0.0033710338500264423,42.37480575753838,0.7081060000000001,0.7060546,UP,0.70343,43.868188738169295,0.000710300166997805,NORMAL,4.0,,
1231,2026-03-19 08:05:02.984432,USDCAD,1.37393,0.0010938862803493979,63.60216587297479,1.372004,1.3706156,0.0008360965192426573,0.0007511472807712677,0.8635095517702026,1.37393,0.002543040635058701,67.48965515221593,1.364362,1.3649284,DOWN,1.37393,65.84511861396126,0.0005281141579430938,NORMAL,4.0,,
1232,2026-03-19 08:05:03.338265,NZDUSD,0.58123,0.001221554472796963,43.20012242556693,0.5816385000000001,0.5838804000000001,-0.000812056596300903,-0.0009679595324974142,0.43596117386549016,0.58123,0.002666187664107142,41.89100680168781,0.5869544,0.59577425,DOWN,0.58123,45.38849925942129,0.00054284915945143,NORMAL,5.0,,
1233,2026-03-19 08:05:03.681947,USDCHF,0.7916,0.0010481102754684155,59.09289532651226,0.791277,0.788019,0.0012828099967906459,0.0014191160450652389,0.5475844722048524,0.7916,0.002361516512617329,62.452178806586105,0.7841562000000001,0.77666155,UP,0.7916,42.21045045885328,0.0005050579323954419,NORMAL,4.0,,
1234,2026-03-19 09:05:01.297923,EURUSD,1.14615,0.0016048102467017043,39.57961490606272,1.147554,1.1508538,0.0,-0.0014058015287039382,0.33713091130166867,1.14615,0.003578825647384935,39.31376218539,1.1534796,1.1722735,DOWN,1.14615,48.00426302836612,0.0009478289285023944,NORMAL,6.0,,
1236,2026-03-19 09:05:01.579109,GBPUSD,1.32571,0.0018484837613359265,34.924297626999845,1.32859,1.3322874000000002,0.0,-0.0016915764819182264,0.24560485482425443,1.32571,0.00407510699791298,39.34223994974369,1.3349251999999998,1.3489460500000001,DOWN,1.32571,33.658087566865746,0.0009229503200189624,NORMAL,6.0,,
1235,2026-03-19 09:05:01.626146,EURUSD,1.14615,0.0016048102467017043,39.57961490606272,1.147554,1.1508538,-0.0014682203765155055,-0.0014058015287039382,0.33713091130166867,1.14615,0.003578825647384935,39.31376218539,1.1534796,1.1722735,DOWN,1.14615,48.00426302836612,0.0009478289285023944,NORMAL,6.0,,
1237,2026-03-19 09:05:01.901904,USDJPY,159.099,0.19139325751823877,36.35307602359805,159.58644999999999,159.23244,0.0,0.10977637881031467,-0.055209465062384215,159.099,0.41827883151616746,48.955130516720494,158.86776,156.380325,UP,159.099,30.886103499106852,0.14364797697765866,NORMAL,300.0,,
1238,2026-03-19 09:05:02.058132,XAUUSD,4702.66,32.35852690770206,16.215476902026822,4836.35,4934.4372,0.0,-41.351260687972655,-0.1659697995276424,4702.66,58.46756819690203,20.290395160116404,5064.6432,5055.914049999999,UP,4713.75,23.438177797902114,19.89956360771117,NORMAL,17000.0,,
1239,2026-03-19 09:05:02.474655,GBPUSD,1.32649,0.0018560920640976614,39.639002093665404,1.3282665,1.3321987999999998,-0.001769157431593893,-0.0017123257202863798,0.3371760219619836,1.32649,0.00411439272656345,40.44913966885039,1.3349408,1.34894995,DOWN,1.32649,47.63506446917788,0.0010101790938084397,NORMAL,6.0,,
1240,2026-03-19 09:05:02.906585,USDJPY,159.093,0.1918218289468102,36.18742459583289,159.58615,159.23232,0.022304008344264048,0.10968065231459388,-0.059905210851901376,159.093,0.41827883151616746,48.86427123557359,158.86764000000002,156.38029500000002,UP,159.093,30.71208173628962,0.14407680771521786,NORMAL,300.0,BUY,ACTIVE
1241,2026-03-19 09:05:03.369761,XAUUSD,4714.37,31.56801988368247,18.488637673517744,4828.3255,4928.4424,-54.593712801581205,-43.9148736178168,-0.01709211635940523,4714.37,59.186139888217795,20.802073461209247,5064.8774,5055.9726,UP,4714.37,28.211804675680824,21.382174359063164,NORMAL,17000.0,BUY,ACTIVE
1242,2026-03-19 09:05:03.801999,AUDUSD,0.70369,0.0015443931945074505,42.004729482178014,0.7046,0.7078926,-0.0013363282816826194,-0.0013833114614994861,0.3843319670119013,0.70369,0.003426748156112559,42.97056995657248,0.7081112,0.7060559000000001,UP,0.70369,49.668668685177536,0.0007644636139050481,NORMAL,2.0,BUY,ACTIVE
1243,2026-03-19 09:05:04.145672,USDCAD,1.37364,0.0011605699538187748,62.242632133328996,1.3720015,1.3706146000000001,0.0008277443143089869,0.000752540087647758,0.8106738231870574,1.37364,0.002562326356396202,66.86408459520027,1.3643562,1.36492695,DOWN,1.37364,59.327542388983844,0.0005642694226762312,NORMAL,4.0,,
1244,2026-03-19 09:05:04.499756,NZDUSD,0.58121,0.0012599638471890223,43.97606257402171,0.5815675,0.5838464000000001,-0.0008059936051414418,-0.000941948113408002,0.4442437971624254,0.58121,0.0027190448262914037,41.83330616690865,0.586954,0.59577415,DOWN,0.58121,47.584644834437974,0.000580755734944246,NORMAL,7.0,,
1245,2026-03-19 09:05:04.853588,USDCHF,0.79274,0.001117530970077816,66.68790025504069,0.791528,0.7881044,0.0012927695338856848,0.0013993350619176462,0.6941432031787158,0.79274,0.00242080224858076,66.86502322768636,0.7841790000000001,0.77666725,UP,0.79274,57.38929115872881,0.0006910621754050406,NORMAL,4.0,,
1246,2026-03-19 10:05:00.620901,EURUSD,1.14763,0.001714670739284239,46.82234303481976,1.1474465,1.1508232,0.0,-0.0013353741527767104,0.5239881386232044,1.14763,0.003448195201689573,42.915169701893355,1.1533347999999999,1.17209575,DOWN,1.14763,57.994417687205214,0.0011292688173069952,NORMAL,2.0,,
1248,2026-03-19 10:05:00.865355,GBPUSD,1.32696,0.0019732349212405248,41.654598420841864,1.32829,1.3322082,0.0,-0.001704827144787803,0.3774652462231134,1.32696,0.004158678457042162,41.36092732686699,1.3349501999999998,1.3489522999999999,DOWN,1.32696,52.14418003287785,0.0011363765280316628,NORMAL,6.0,,
1247,2026-03-19 10:05:00.912178,EURUSD,1.14763,0.001714670739284239,46.82234303481976,1.1474465,1.1508232,-0.0011730036804067367,-0.0013353741527767104,0.5239881386232044,1.14763,0.003448195201689573,42.915169701893355,1.1533347999999999,1.17209575,DOWN,1.14763,57.994417687205214,0.0011292688173069952,NORMAL,2.0,,
1250,2026-03-19 10:05:01.193361,USDJPY,159.158,0.1905182289199945,38.224841032392376,159.57585,159.23452,0.0,0.08854946001203949,0.04950291991426739,159.158,0.3929731921530854,49.875981629738156,158.88448,156.401925,UP,159.158,37.100919977929664,0.14493061059185472,NORMAL,300.0,,
1249,2026-03-19 10:05:01.266257,GBPUSD,1.32822,0.0019309120187029287,46.51062236086547,1.328149,1.3321459999999998,-0.0014365223532757376,-0.0016315103460295712,0.5070812830396058,1.32822,0.003960252377700534,43.752946495323634,1.3348786,1.34876495,DOWN,1.32822,59.92996212203174,0.0011759066163166943,NORMAL,6.0,,
1252,2026-03-19 10:05:01.578566,XAUUSD,4719.48,33.431591312253914,20.25610222879017,4828.581,4928.5446,0.0,-43.83334655228961,-2.9880855327408643e-05,4719.48,59.186139888217795,21.033537119198982,5064.979600000001,5055.99815,UP,4719.48,34.07460723621878,22.93390558659059,NORMAL,14000.0,,
1251,2026-03-19 10:05:01.609925,USDJPY,159.158,0.1905182289199945,38.224841032392376,159.57585,159.23452,0.0003232663003984726,0.08854946001203949,0.04950291991426739,159.158,0.3929731921530854,49.875981629738156,158.88448,156.401925,UP,159.158,37.100919977929664,0.14493061059185472,NORMAL,300.0,,
1253,2026-03-19 10:05:02.395874,XAUUSD,4710.96,32.00004907566431,20.28268195393842,4819.1955,4922.1526,-57.93494627191831,-46.914936011884905,0.057443989194819564,4710.95,55.914980212667935,22.220821476679575,5056.3022,5056.7027,DOWN,4710.95,33.38704387960891,22.43468749137894,NORMAL,17000.0,BUY,ACTIVE
1254,2026-03-19 10:05:02.734232,AUDUSD,0.70452,0.001591732456124273,46.15695343674425,0.7044945,0.7078490000000001,-0.0011967017135680047,-0.0013461171472408302,0.503339908892254,0.70452,0.0035153196170699752,44.79263454039815,0.7081278000000001,0.7060600499999999,UP,0.70452,56.98976533889933,0.0008809004137651922,NORMAL,2.0,,
1255,2026-03-19 10:05:03.078064,USDCAD,1.3734600000000001,0.0012362435285459847,58.635351499195664,1.37216,1.3707218,0.0008830960569989887,0.0007893726490393956,0.7317877296374693,1.3734600000000001,0.002602326371022124,66.46354413215258,1.3643526,1.36492605,DOWN,1.3734600000000001,52.8484816084061,0.0006734064311511515,NORMAL,4.0,,
1256,2026-03-19 10:05:03.494419,NZDUSD,0.58158,0.0012740480621857258,46.27645094052053,0.5814954999999999,0.583829,-0.0007306769661263868,-0.0008995662486240388,0.513493268379015,0.58158,0.002736901975677977,42.88255321066631,0.5869614,0.5957760000000001,DOWN,0.58158,52.92961673861221,0.0006731793972053119,NORMAL,7.0,,
1257,2026-03-19 10:05:03.848292,USDCHF,0.79352,0.0011912787579293998,70.35635829578452,0.7917885,0.7882156,0.0013070218199267014,0.0013779368009838556,0.8123250543473578,0.79352,0.0024286593943108493,68.52452016816625,0.7841946,0.77667115,UP,0.79352,63.51799402125963,0.0007917706203921064,NORMAL,4.0,,
1258,2026-03-19 10:38:37.250842,EURUSD,1.14678,0.0017646707392842496,43.80827489861285,1.1474039999999999,1.1508062,-0.001240809948213073,-0.0013489354063379777,0.4186461413746936,1.14678,0.003498195219971995,41.3618051067607,1.1533178,1.1720914999999998,DOWN,1.14678,51.343714181893944,0.0010740761605689578,NORMAL,2.0,,
1259,2026-03-19 10:38:37.684869,GBPUSD,1.32752,0.002005197732988638,44.40738975256522,1.3281139999999998,1.332132,-0.0014923628091161323,-0.00164267843719765,0.44084722268262316,1.32752,0.004034538119148684,42.762231813070635,1.3348646,1.34876145,DOWN,1.32752,53.8621675773517,0.0011472668312921877,NORMAL,6.0,,
1260,2026-03-19 10:38:38.023300,USDJPY,159.206,0.19466108606285115,40.6477483895195,159.57825,159.23548,0.004152326129457151,0.08931527197785123,0.09100247819159689,159.206,0.39711605081077045,50.67715467892915,158.88544,156.402165,UP,159.206,40.45925074724776,0.13928153453816056,NORMAL,300.0,,
1261,2026-03-19 10:38:38.361573,XAUUSD,4698.09,34.53147764709291,15.865135236172435,4818.552,4921.8952,-58.96161293858404,-47.120269345218055,0.017350585230835203,4698.09,58.44640970970894,20.094498312145248,5056.045,5056.6384,DOWN,4698.09,33.054216183021936,24.029360601868262,NORMAL,17000.0,,
1262,2026-03-19 10:38:38.674022,AUDUSD,0.70522,0.0015884964643602926,49.12786957779876,0.7044349999999999,0.7078126,-0.0009396006860347139,-0.0012487318037175377,0.6093071735536101,0.70522,0.0033746844393841642,46.32084732953287,0.7082316,0.70612985,UP,0.70522,59.18509724740526,0.0008947911979202735,NORMAL,2.0,,
1263,2026-03-19 10:38:39.199885,USDCAD,1.37393,0.0012136547050784006,60.64941757798443,1.372369,1.370821,0.0008983128174080424,0.000810522506074977,0.7941867274241522,1.37393,0.0024821600901406746,67.57409760651467,1.3647258,1.3649644,DOWN,1.37393,57.013017496420474,0.0006434048389126822,NORMAL,4.0,,
1264,2026-03-19 10:38:39.538407,NZDUSD,0.58181,0.0012574834046826678,47.6600608073993,0.581411,0.5838024,-0.0006068168591355505,-0.0008329753450853066,0.5686710916985619,0.58166,0.002615847689515352,43.369548301657325,0.5868252,0.59568565,DOWN,0.58166,52.29870276799969,0.0006816121958909124,NORMAL,7.0,,
1265,2026-03-19 10:38:39.939114,USDCHF,0.79466,0.0013321568058324016,74.63519805277625,0.7920990000000001,0.7883713999999999,0.0014147674005219324,0.0013865792741678204,0.9881608043817366,0.79466,0.002481153135687692,70.65623515106451,0.7845147999999998,0.77678015,UP,0.79466,65.60365097860551,0.0009139554768515546,NORMAL,2.0,BUY,ACTIVE
1266,2026-03-19 10:42:10.877468,EURUSD,1.14724,0.0017646707392842496,45.38950199184819,1.147427,1.1508154,-0.0012041147915178296,-0.001341596374998929,0.4755545620444309,1.14724,0.003498195219971995,42.18820940449404,1.153327,1.1720937999999999,DOWN,1.14724,54.63628841193895,0.0010890852363835324,NORMAL,2.0,,
1267,2026-03-19 10:42:11.374527,GBPUSD,1.32744,0.0020109120187029295,44.17906990228114,1.32811,1.3321303999999998,-0.0014987445754979234,-0.0016439547904740083,0.43330700782066806,1.32744,0.004040252406952394,42.651856694755786,1.334863,1.34876105,DOWN,1.32744,53.31668256645778,0.001152984574459649,NORMAL,6.0,,
1268,2026-03-19 10:42:11.893795,USDJPY,159.199,0.19473251463428007,40.30631330813773,159.5779,159.23534,0.0035939215710811823,0.08920359106617604,0.08480417913567767,159.199,0.3971874794083171,50.561915836744745,158.8853,156.40213,UP,159.199,40.16557817275049,0.14085391390921026,NORMAL,300.0,,
1269,2026-03-19 10:42:12.560196,XAUUSD,4688.08,34.53147764709291,15.174293814823187,4818.0515,4921.695,-59.76013145710294,-47.27997304892183,-0.012144989703110632,4688.08,58.44640970970894,19.653755958874882,5055.8448,5056.58835,DOWN,4688.08,28.820796913013638,24.029360601868262,NORMAL,17000.0,,
1270,2026-03-19 10:42:13.054908,AUDUSD,0.70529,0.0015884964643602926,49.40444495908569,0.7044385,0.7078139999999999,-0.0009340166404507855,-0.0012476149946007522,0.618456223708692,0.70529,0.0033746844393841642,46.44660763546382,0.708233,0.7061302,UP,0.70529,59.66989226658489,0.000900508941087727,NORMAL,4.0,,
1271,2026-03-19 10:42:13.596409,USDCAD,1.3739,0.0012136547050784006,60.5224532720071,1.3723675,1.3708204000000002,0.0008959196550148985,0.0008100438735963481,0.789217279522214,1.3739,0.0024821600901406746,67.50593284033529,1.3647252,1.3649642499999999,DOWN,1.3739,56.62993091823209,0.0006455489926004763,NORMAL,1.0,,
1272,2026-03-19 10:42:14.012903,NZDUSD,0.58177,0.0012574834046826678,47.45673782595542,0.5814090000000001,0.5838016,-0.0006100077423264461,-0.0008336135217234857,0.5621545581526145,0.58177,0.002615847689515352,43.6072318972088,0.5868274,0.5956862,DOWN,0.58177,53.66906084026257,0.0006816121958909124,NORMAL,5.0,,
1273,2026-03-19 10:42:14.752170,USDCHF,0.79532,0.0013664425201181185,76.60275778706357,0.7921320000000001,0.7883846,0.0014674169731715425,0.0013971091886977424,1.0752031810579692,0.79532,0.0025154388625099194,71.77010662530438,0.784528,0.7767834499999999,UP,0.79532,68.96329099638251,0.0009482619358562916,NORMAL,4.0,SELL,ACTIVE
1274,2026-03-19 11:05:00.216664,EURUSD,1.14792,0.0016871942579068041,48.291116745486676,1.147265,1.1507433999999999,0.0,-0.0012794875847688101,0.5968346222700796,1.14792,0.003498195219971995,43.47218154000062,1.1533406,1.1720972,DOWN,1.14792,59.192456094025054,0.0010400428569776867,NORMAL,2.0,,
1276,2026-03-19 11:05:00.554880,GBPUSD,1.3284,0.0019201325887955748,47.40656448131854,1.327942,1.3320374,0.0,-0.0015676462507479868,0.5493801770959901,1.3284,0.004040252406952394,44.015166031733195,1.3348821999999998,1.3487658500000002,DOWN,1.3284,59.72685050136156,0.0011127019923477485,NORMAL,6.0,,
1275,2026-03-19 11:05:00.783991,EURUSD,1.14792,0.0016871942579068041,48.291116745486676,1.147265,1.1507433999999999,-0.0010387105435065713,-0.0012794875847688101,0.5968346222700796,1.14792,0.003498195219971995,43.47218154000062,1.1533406,1.1720972,DOWN,1.14792,59.192456094025054,0.0010400428569776867,NORMAL,2.0,,
1277,2026-03-19 11:05:01.294182,GBPUSD,1.3284,0.0019201325887955748,47.40656448131854,1.327942,1.3320374,-0.0012911300405618054,-0.0015676462507479868,0.5493801770959901,1.3284,0.004040252406952394,44.015166031733195,1.3348821999999998,1.3487658500000002,DOWN,1.3284,59.72685050136156,0.0011127019923477485,NORMAL,6.0,,
1278,2026-03-19 11:05:01.294182,USDJPY,159.111,0.18489447787469007,36.57199921887159,159.55545,159.23346,0.0,0.06513158210011392,0.06692513386670715,159.111,0.3985446227616993,49.09088196945936,158.88353999999998,156.40169,UP,159.111,36.63408989273983,0.13368183362290753,NORMAL,300.0,,
1280,2026-03-19 11:05:01.851386,XAUUSD,4688.18,33.84795373352503,17.984918507896865,4808.527,4914.8518,0.0,-50.48299762860043,0.06599799878405938,4688.18,58.76426696878997,19.658063349625024,5055.8468,5056.58885,DOWN,4688.06,30.496527206694964,23.6852073009999,NORMAL,17000.0,,
1279,2026-03-19 11:05:01.882749,USDJPY,159.111,0.18489447787469007,36.57199921887159,159.55545,159.23346,-0.026370128977788454,0.06513158210011392,0.06692513386670715,159.111,0.3985446227616993,49.09088196945936,158.88353999999998,156.40169,UP,159.111,36.63408989273983,0.13368183362290753,NORMAL,300.0,,
1281,2026-03-19 11:05:02.408737,XAUUSD,4688.3,33.84795373352503,18.027495725024465,4808.533,4914.8542,-62.70733526355434,-50.48108309868604,0.06634055150185715,4688.3,58.76426696878997,19.66323471140386,5055.8492,5056.58945,DOWN,4688.3,30.61071765899223,23.6852073009999,NORMAL,17000.0,BUY,ACTIVE
1282,2026-03-19 11:05:02.762664,AUDUSD,0.70505,0.001504318145477416,48.46302295591541,0.7042974999999999,0.7077324,-0.0008290097326673074,-0.0011667019194220424,0.6151685777021072,0.70505,0.0033746844393841642,46.01824621003911,0.7082282000000001,0.706129,UP,0.70505,57.73399212633862,0.0008435621282563095,NORMAL,4.0,,
1283,2026-03-19 11:05:03.075124,USDCAD,1.3734,0.0011564038587972964,58.091130933330334,1.37253,1.3708886,0.0008331276858168923,0.0008092999522797791,0.6866051180411679,1.3734,0.002490017235870772,66.30245282031962,1.3647152,1.36496175,DOWN,1.3734,50.41235402144683,0.0006371549597533365,NORMAL,4.0,,
1284,2026-03-19 11:05:03.397808,NZDUSD,0.58161,0.0012004182635318706,46.72746609863751,0.581286,0.5837438,-0.0005742027756662216,-0.0007845393497200121,0.5607947405930662,0.58161,0.002627276265122764,43.26236472065804,0.5868242,0.5956854,DOWN,0.58161,51.62358652591317,0.0006496732876019889,NORMAL,7.0,,
1285,2026-03-19 11:05:03.845369,USDCHF,0.79502,0.001329298666640304,72.8702061549139,0.7924315,0.7885538,0.001556032883242242,0.001430936092848798,0.973994683809033,0.79502,0.002539010299700203,71.27446857562418,0.7845219999999999,0.77678195,UP,0.79502,64.85891943928317,0.0009172488819634106,NORMAL,4.0,SELL,ACTIVE
1286,2026-03-19 11:39:25.496274,EURUSD,1.14706,0.0017536228293353825,44.67758311323364,1.147222,1.1507262,-0.0011073145321105482,-0.0012932083824896054,0.4759560655054452,1.14706,0.0035124809394812538,41.86093153071094,1.1533233999999999,1.1720929,DOWN,1.14706,51.931838652493326,0.001037468537644093,NORMAL,2.0,,
1287,2026-03-19 11:39:26.544892,GBPUSD,1.32773,0.0019722754459384245,44.98185565234258,1.3279085,1.3320239999999999,-0.001344577334009056,-0.001578335709437437,0.48073700491911003,1.32773,0.004040252406952394,43.05470303975316,1.3348687999999997,1.3487625,DOWN,1.32773,54.242215972092474,0.0010771797663412996,NORMAL,6.0,,
1288,2026-03-19 11:39:27.040793,USDJPY,159.11,0.18803733501754596,36.53947360908598,159.55540000000002,159.23344,-0.02644990105756051,0.06511562768415952,0.06615375715511389,159.11,0.4008303378831797,49.074458328584456,158.88351999999998,156.401685,UP,159.11,37.31418175658343,0.1274197107807276,NORMAL,300.0,,
1289,2026-03-19 11:39:27.841462,XAUUSD,4682.66,34.34509659066789,15.977383618038502,4808.251,4914.7414,-63.15724979346851,-50.57106600466887,0.05041660258068567,4682.66,58.76426696878997,19.423085988313915,5055.7364,5056.56125,DOWN,4682.66,28.82106682176483,23.151266842647335,NORMAL,17000.0,BUY,ACTIVE
1290,2026-03-19 11:39:28.470918,AUDUSD,0.70358,0.00161217528833456,43.08238490193151,0.704224,0.7077030000000001,-0.0009462746899323582,-0.0011901549108750526,0.40128171452661304,0.70358,0.003468970188145283,43.55772218892672,0.7081988000000001,0.70612165,UP,0.70358,43.92234153658822,0.0008631921095383276,NORMAL,4.0,,
1291,2026-03-19 11:39:29.131102,USDCAD,1.3736,0.001216403858797293,59.24805245935028,1.37254,1.3708926000000003,0.0008490821017712591,0.0008124908354706524,0.7256768169876343,1.3736,0.002499302953551789,66.80818437880677,1.3647192,1.36496275,DOWN,1.3736,52.80162576984694,0.0006497126760490463,NORMAL,4.0,,
1292,2026-03-19 11:39:29.571021,NZDUSD,0.58088,0.0012625611206747225,43.126115657382854,0.5812495,0.5837292000000001,-0.0006324363938997601,-0.0007961860733667198,0.43070183998447636,0.58088,0.002685847715110727,41.755715506178106,0.5868096,0.59568175,DOWN,0.58088,42.40439858678261,0.0006395687635107339,NORMAL,7.0,,
1293,2026-03-19 11:39:30.354484,USDCHF,0.79542,0.001396441523783149,76.46464294699888,0.7924515000000001,0.7885618,0.0015879417151510866,0.001437317859230567,1.0272829613868246,0.79542,0.002547581731405752,71.93154021158604,0.7845299999999998,0.77678395,UP,0.79542,65.03318487697557,0.0009314898127864871,NORMAL,2.0,SELL,ACTIVE
1294,2026-03-19 12:05:00.831375,EURUSD,1.14772,0.001679792627239986,47.462313059809595,1.1470995,1.1506862,0.0,-0.0012069851230957765,0.6074114110318154,1.14772,0.0035124809394812538,43.086501801580184,1.1533366,1.1720962,DOWN,1.14772,55.85581716970448,0.001033355632512112,NORMAL,2.0,,
1295,2026-03-19 12:05:01.497939,GBPUSD,1.32922,0.002060735363065274,50.21669830235987,1.3277674999999998,1.3319906000000001,0.0,-0.0014490942955319832,0.6846707458123078,1.32922,0.004189538175824161,45.47371750282832,1.3348985999999998,1.3487699499999999,DOWN,1.32922,63.613465687150665,0.001250201399093793,NORMAL,6.0,,
1297,2026-03-19 12:05:01.654114,USDJPY,159.051,0.1820295661897617,34.70196886200999,159.5319,159.23102,0.0,0.040847023006199794,0.07723243774464246,159.051,0.4029017672120222,48.12453798194663,158.88234,156.40139,UP,159.051,34.00939605032177,0.11834084398678898,NORMAL,300.0,,
1296,2026-03-19 12:05:01.883461,EURUSD,1.14773,0.001679792627239986,47.50304208924751,1.1471,1.1506864,-0.0009180920855205166,-0.0012068255789362485,0.6090387026435231,1.14773,0.0035124809394812538,43.1056231855152,1.1533368,1.17209625,DOWN,1.14773,55.9348401893755,0.001033355632512112,NORMAL,2.0,,
1299,2026-03-19 12:05:02.268688,XAUUSD,4627.81,35.265242752558954,11.782615736031062,4794.9580000000005,4906.1782,0.0,-55.02006034996085,-0.010015532677647262,4627.81,61.64641087978331,17.36103899266422,5054.6394,5056.287,DOWN,4627.81,19.661163426282215,23.9315864063046,NORMAL,17000.0,,
1298,2026-03-19 12:05:02.503146,GBPUSD,1.32917,0.002060735363065274,50.04134477668713,1.3277649999999999,1.3319896,-0.0010305673863488796,-0.0014498920163297127,0.6788055590132306,1.32917,0.004189538175824161,45.38463423474537,1.3348976,1.3487697,DOWN,1.32917,63.18304605144819,0.001250201399093793,NORMAL,6.0,,
1300,2026-03-19 12:05:03.273557,USDJPY,159.048,0.18210099476119063,34.60753122054919,159.53175000000002,159.23095999999998,-0.05314819342643773,0.04079915975833656,0.07512687585295043,159.048,0.4029017672120222,48.077218470520855,158.88227999999998,156.401375,UP,159.048,33.870136439301845,0.11841231577638252,NORMAL,300.0,,
1301,2026-03-19 12:05:03.648468,XAUUSD,4628.93,35.265242752558954,11.834540259481727,4795.014000000001,4906.2006,-70.73813459722533,-55.00219140409191,-0.007512039964587699,4628.93,61.64641087978331,17.398756233973828,5054.6618,5056.2926,DOWN,4628.93,19.798281157848578,23.9315864063046,NORMAL,4000.0,,
1302,2026-03-19 12:05:04.158750,AUDUSD,0.70339,0.0015878872575351489,42.25988527047686,0.7040255,0.7076147999999999,-0.0009040042421399885,-0.0011241179395211991,0.38359559588374953,0.70339,0.0034953987692374136,43.25876573327421,0.708195,0.7061207,UP,0.70339,43.406038617708376,0.0008931390464928133,NORMAL,2.0,,
1303,2026-03-19 12:05:04.559738,USDCAD,1.37408,0.0012002831750056579,61.63338507318882,1.3727515000000001,1.3709702,0.0008647866325970366,0.0008224394535854037,0.8225958854679736,1.37408,0.0025078743852573536,67.91067616488823,1.3647288,1.36496515,DOWN,1.37408,58.70885090797056,0.0006794221557551007,NORMAL,4.0,,
1304,2026-03-19 12:05:04.897908,NZDUSD,0.58101,0.0012238067549122462,43.556257155563735,0.5811295000000001,0.5836865999999999,-0.0005823428467375269,-0.0007458869437103899,0.4744009647868204,0.58101,0.002685847715110727,42.0162949425885,0.5868122,0.5956824000000001,DOWN,0.58101,45.18512531894213,0.0006460265877572216,NORMAL,7.0,,
1305,2026-03-19 12:05:05.194693,USDCHF,0.79483,0.0013595528435129236,70.26740884879206,0.792681,0.7887058,0.0015567041485039512,0.0014507290202191508,0.9359531556534583,0.79483,0.002547581731405752,70.95146150087008,0.7845181999999999,0.776781,UP,0.79483,58.89118747161216,0.000931071557403519,NORMAL,2.0,,
1306,2026-03-19 12:58:23.343565,EURUSD,1.14872,0.0018240783415257097,51.671896759137475,1.1471495,1.1507062000000001,-0.0008391177265458793,-0.001191030707141321,0.7646434831174355,1.14872,0.0035931952547085654,45.38633415269894,1.1533566,1.1721012,DOWN,1.14872,59.70817515500737,0.0011810233947534624,NORMAL,2.0,,
1307,2026-03-19 12:58:24.017868,GBPUSD,1.32871,0.002102878220208122,48.48115503299179,1.327742,1.3319804,-0.001067262543044123,-0.0014572310476687613,0.6241186968464206,1.32871,0.004192395319726016,44.55120215291675,1.3348883999999999,1.3487674,DOWN,1.32871,57.25883845106874,0.0012960802148169759,NORMAL,6.0,,
1308,2026-03-19 12:58:24.569312,USDJPY,158.917,0.20795813761833312,30.931781059682066,159.52519999999998,159.22834,-0.06359833587657704,0.0387091312683087,-0.01096385522325014,158.917,0.4198303448304955,46.09794726550416,158.87966,156.40072,UP,158.917,33.273599266542305,0.14610918311853455,NORMAL,300.0,BUY,NEWS_FILTERED
1309,2026-03-19 12:58:25.039617,XAUUSD,4605.34,37.16595703827321,10.829360924591654,4793.8345,4905.7288,-72.61995795904932,-55.378556076456704,-0.05793678745541215,4605.34,63.5471258604904,16.637447480021862,5054.19,5056.17465,DOWN,4605.34,17.15232930720545,24.801553387419666,NORMAL,17000.0,,
1310,2026-03-19 12:58:25.490255,AUDUSD,0.70153,0.0017328872575351473,36.79894401504214,0.7039325,0.7075776,-0.0010523803105161322,-0.001153793153196428,0.09134823213433212,0.70153,0.003640398822256406,40.53522011288756,0.7081578000000001,0.7061114000000001,UP,0.70153,32.89103123022271,0.00101758388005386,NORMAL,2.0,,
1311,2026-03-19 12:58:26.102994,USDCAD,1.3742,0.0012417117464342312,62.18348884531604,1.3727575,1.3709726,0.0008743592821696122,0.0008243539834999189,0.8474217492172889,1.3742,0.002539302968177742,68.17494957109449,1.3647312,1.36496575,DOWN,1.3742,57.51190294358858,0.0007307913745958532,NORMAL,4.0,,
1312,2026-03-19 12:58:26.671722,NZDUSD,0.58089,0.0012945210406265274,42.970861850945816,0.5811235,0.5836842,-0.0005919154963103246,-0.0007478014736249495,0.4500210175083286,0.58089,0.0027429905931477708,41.775645272283725,0.5868097999999999,0.5956817999999999,DOWN,0.58089,46.750661059417304,0.0007197435062309874,NORMAL,7.0,,
1313,2026-03-19 12:58:27.273105,USDCHF,0.79379,0.001440981414941497,63.26244694466839,0.792629,0.788685,0.0014737411855411109,0.0014341364276265827,0.7509696653366879,0.79379,0.002547581731405752,69.04627908858305,0.7844973999999999,0.7767758,UP,0.79379,50.28665936057028,0.0009600690085131863,NORMAL,2.0,,
1314,2026-03-19 13:05:00.632866,EURUSD,1.1494,0.0017895013171310245,54.410570645767095,1.1470365,1.1506812,0.0,-0.0010772371745117265,1.0018024208760692,1.1494,0.003628909553481729,46.95840613786063,1.1533702,1.1721046,DOWN,1.1494,62.82384823018111,0.0011923581218377746,NORMAL,2.0,,
1316,2026-03-19 13:05:01.160962,GBPUSD,1.33038,0.002048386918764693,54.07529635522453,1.327611,1.3319775999999999,0.0,-0.001295861441015163,0.970332893396343,1.33038,0.004192395319726016,47.46184440424522,1.3349217999999998,1.3487757500000002,DOWN,1.33038,65.36970179278984,0.0013624444492216883,NORMAL,6.0,,
1315,2026-03-19 13:05:01.233694,EURUSD,1.14941,0.0017895013171310245,54.44849153115872,1.147037,1.1506813999999999,-0.0006206271465574176,-0.0010770776303521985,1.003367085132591,1.14941,0.003628909553481729,46.980849863392734,1.1533704,1.17210465,DOWN,1.14941,62.86597732931872,0.0011923581218377746,NORMAL,2.0,SELL,NEWS_FILTERED
1318,2026-03-19 13:05:01.452399,USDJPY,158.82,0.20196112778845182,28.534603744475945,159.4955,159.22252,0.0,0.01139813011237185,-0.0007777528737666329,158.82,0.4224732029397092,44.73428472929002,158.87771999999998,156.40023499999998,UP,158.82,30.15096733142485,0.14452727622671788,NORMAL,300.0,,
1317,2026-03-19 13:05:01.530658,GBPUSD,1.33038,0.002048386918764693,54.07529635522453,1.327611,1.3319775999999999,-0.0007250496810675688,-0.001295861441015163,0.970332893396343,1.33038,0.004192395319726016,47.46184440424522,1.3349217999999998,1.3487757500000002,DOWN,1.33038,65.36970179278984,0.0013624444492216883,NORMAL,6.0,,
1320,2026-03-19 13:05:01.853110,XAUUSD,4552.11,44.18109276002923,9.04065862226797,4775.550499999999,4895.9434,0.0,-61.377856767271375,-0.056842554772591064,4552.11,70.47784268040819,15.142365928721318,5053.1254,5055.9085,DOWN,4552.11,16.416231687963318,32.58232201425856,HIGH,17000.0,,
1319,2026-03-19 13:05:01.900090,USDJPY,158.819,0.20196112778845182,28.51163814204763,159.49545,159.2225,-0.09722365228913077,0.011382175696417439,-0.0013252143651806742,158.819,0.4224732029397092,44.72064638466208,158.8777,156.40023,UP,158.819,30.12160792294047,0.14452727622671788,NORMAL,300.0,BUY,ACTIVE
1321,2026-03-19 13:05:02.421170,XAUUSD,4552.49,44.18109276002923,9.051792959047177,4775.5695,4895.951,-83.37533303480359,-61.37179408920868,-0.05618973947082581,4552.49,70.47784268040819,15.152086185714651,5053.133,5055.9104,DOWN,4552.49,16.44648124213475,32.58232201425856,HIGH,17000.0,,
1322,2026-03-19 13:05:02.861955,AUDUSD,0.70113,0.0016905381677112103,35.6648722624774,0.7036020000000001,0.7074484,-0.001176995395384406,-0.0011539663651667742,-0.010268750990194616,0.70113,0.0036532559698147457,39.993718981767366,0.7081498,0.7061094,UP,0.70113,32.39301241603074,0.0010397363455523234,NORMAL,4.0,BUY,ACTIVE
1323,2026-03-19 13:05:03.278654,USDCAD,1.37247,0.0012499058053624078,51.681696646769836,1.3728155000000002,1.3709782000000001,0.0006519964718498805,0.0007698437347311893,0.37665413385268043,1.37247,0.0025843029846319065,62.11378202041821,1.3646966,1.3649571,DOWN,1.37247,41.17745083245414,0.0008071393113123027,NORMAL,4.0,,
1324,2026-03-19 13:05:03.700277,NZDUSD,0.58056,0.001254912394867487,41.39799492737765,0.5809425,0.5836128,-0.0006295563515253955,-0.0007268327910853777,0.40070590479439905,0.58056,0.0027429905931477708,41.12785228407324,0.5868032,0.5956801500000001,DOWN,0.58056,43.21754655664429,0.0007211571206562954,NORMAL,7.0,,
1325,2026-03-19 13:05:04.338920,USDCHF,0.79335,0.0014087684567313933,60.09319061316164,0.7928025,0.7888038,0.0013885501664331334,0.0014260402580089618,0.6390911177600168,0.79335,0.002547581731405752,67.548213918345,0.7844886,0.7767736,UP,0.79335,46.720981730646734,0.000962200885933486,NORMAL,4.0,SELL,ACTIVE
1326,2026-03-19 14:05:02.301459,EURUSD,1.15141,0.002052547141417566,60.297689028596196,1.1473415,1.1507098,0.0,-0.0008589101417747461,1.0722887862955988,1.15141,0.003680314025590308,51.033456205574524,1.1533378,1.1719423500000001,DOWN,1.15141,67.86798324576787,0.001594408375012632,NORMAL,8.0,,
1327,2026-03-19 14:05:02.967973,GBPUSD,1.3293,0.0022412440616218308,50.312581957759264,1.327557,1.331956,0.0,-0.0013130922102459767,0.8153131874327092,1.33559,0.004417173266932091,55.43733390138542,1.3349336,1.3485939,DOWN,1.33559,76.31220697541787,0.0018519771075276466,NORMAL,6.0,,
1329,2026-03-19 14:05:03.139804,USDJPY,158.173,0.24521390437499294,18.719726982155635,159.3878,159.1934,0.0,-0.0404789362629751,-0.10532182103328397,158.173,0.4499751246810002,37.3249003173548,158.86054000000001,156.41424999999998,UP,158.173,16.950301608864677,0.18132620004799868,NORMAL,300.0,,
1328,2026-03-19 14:05:03.202441,EURUSD,1.15144,0.002052547141417566,60.42987302432015,1.147343,1.1507104,-0.00013445671168144102,-0.0008584315092961173,1.0751251662980283,1.15144,0.003680314025590308,51.09603172699812,1.1533384,1.1719424999999999,DOWN,1.15144,68.06448721169853,0.001594408375012632,NORMAL,5.0,SELL,NEWS_FILTERED
1330,2026-03-19 14:05:03.478303,XAUUSD,4580.54,44.79037847431499,11.615549441720788,4776.972,4896.512,0.0,-60.924272721687274,-0.005569876246971711,4625.67,68.66727506315712,22.57836614058472,5044.1014000000005,5055.581099999999,DOWN,4625.67,42.16298013238654,34.52718534156006,HIGH,16000.0,,
1331,2026-03-19 14:05:03.957486,GBPUSD,1.33559,0.0025522776490569964,66.38077746741124,1.328176,1.332118,0.00017836430302708983,-0.0009420487708392202,1.1740131813561205,1.33559,0.004439010009610513,54.91024237564643,1.3350476,1.3486223999999998,DOWN,1.33559,79.8841303532767,0.0019471899494050606,NORMAL,6.0,SELL,ACTIVE
1332,2026-03-19 14:05:04.353445,USDJPY,158.171,0.24521390437499294,18.698445419390566,159.3877,159.19335999999998,-0.2101114182885908,-0.040510845094883924,-0.10596057985512274,158.171,0.4499751246810002,37.304455314011065,158.8605,156.41423999999998,UP,158.171,16.925328324912428,0.18132620004799868,NORMAL,300.0,BUY,ACTIVE
1333,2026-03-19 14:05:04.785326,XAUUSD,4629.1,45.7550453179864,24.3234010288932,4765.9580000000005,4889.9102,-78.55517614976452,-63.926382752032104,0.13975280887004785,4629.1,67.04084589702784,18.415131710751922,5044.9912,5055.80355,DOWN,4629.1,44.10914806039312,36.878197596808846,HIGH,4000.0,BUY,ACTIVE
1334,2026-03-19 14:05:05.097753,AUDUSD,0.70473,0.0019199385026706117,49.08392586254984,0.703721,0.7074044,-0.0008234574332884881,-0.0010521266870532288,0.7430870039749895,0.70473,0.0035952172034152264,45.83852270487171,0.7082695999999999,0.7061651999999999,UP,0.70473,57.095772217725134,0.001400448774231594,NORMAL,4.0,,
1335,2026-03-19 14:05:05.451984,USDCAD,1.37339,0.0013306200910766831,56.79384585511281,1.3728615,1.3709966,0.0007253867852401452,0.0007845217974092422,0.6869961722471506,1.37339,0.0026178744254786667,66.25441092816135,1.364715,1.3649617,DOWN,1.37339,49.628358691046344,0.0008771111883477629,NORMAL,4.0,,
1336,2026-03-19 14:05:05.946397,NZDUSD,0.5838,0.001456704366662663,57.68940821667714,0.5812039999999999,0.583645,-0.00020475352064008856,-0.000586040868620266,1.015341848900435,0.5838,0.002724409609503738,48.80892852659696,0.5867186,0.59560195,DOWN,0.5838,67.22671290605885,0.0009989394153317695,NORMAL,7.0,SELL,ACTIVE
1337,2026-03-19 14:05:06.269307,USDCHF,0.79189,0.0014908972404342555,51.53400010157862,0.792725,0.7888856,0.0011087577333110943,0.00134688460777024,0.29084726845693454,0.79189,0.002531785070498962,61.82310390630754,0.7847148,0.7768529,UP,0.79189,36.05190455578411,0.0010773726651169021,NORMAL,4.0,,
1338,2026-03-19 15:05:00.080736,EURUSD,1.15238,0.0020829264272346952,63.46722641890553,1.1476295,1.1507012,0.0,-0.0006468866460391952,1.060404950743588,1.15238,0.00378245692008154,52.98288927962573,1.1533571999999999,1.1719472,DOWN,1.15238,68.36607700017208,0.0015481599586974096,NORMAL,4.0,,
1339,2026-03-19 15:05:00.231594,GBPUSD,1.33739,0.0025080333271855796,69.51594506849031,1.328704,1.3321897999999999,0.0,-0.000584524298721795,1.1160317544289826,1.33739,0.004476152880334596,57.150933128157455,1.3350836000000001,1.3486314,DOWN,1.33738,77.77105079912619,0.001988100773296343,NORMAL,6.0,,
1340,2026-03-19 15:05:00.387820,USDJPY,158.282,0.24955066630738898,24.292048992133402,159.3202,159.18538,0.0,-0.0775417448438459,0.008084909908856752,158.282,0.46404655839762,38.83976582666796,158.86272,156.414795,UP,158.282,28.500758958700786,0.1771996815919283,NORMAL,300.0,,
1341,2026-03-19 15:05:00.559651,XAUUSD,4607.75,49.02218817512918,21.52921793223277,4764.8904999999995,4889.4832,0.0,-64.26700953265902,0.09373647076604726,4607.75,70.30798994879564,16.67904676069594,5044.5642,5055.6968,DOWN,4607.75,42.35022854653401,37.697300631071975,HIGH,17000.0,,
1342,2026-03-19 15:05:01.008088,EURUSD,1.15234,0.0020829264272346952,63.35686400458748,1.1476275,1.1507004,0.00018397656767188408,-0.0006475248226774409,1.0571593043813197,1.15234,0.00378245692008154,52.90676822628372,1.1533564,1.171947,DOWN,1.15234,68.24264722248199,0.0015481599586974096,NORMAL,5.0,SELL,ACTIVE
1343,2026-03-19 15:05:01.393130,GBPUSD,1.33741,0.0025080333271855796,69.54859929767207,1.328705,1.3321901999999997,0.0007929240170982954,-0.0005842052104027388,1.1169249929115794,1.33741,0.004476152880334596,57.17457942560424,1.335084,1.3486315,DOWN,1.33741,77.82467383525407,0.001988100773296343,NORMAL,6.0,SELL,ACTIVE
1344,2026-03-19 15:05:01.809377,USDJPY,158.28,0.24955066630738898,24.265091167994143,159.3201,159.18534,-0.23826933244367865,-0.07757365367575474,0.0073781786863716566,158.28,0.46404655839762,38.80629233757194,158.86268,156.414785,UP,158.28,28.459472387373182,0.1771996815919283,NORMAL,300.0,,
1345,2026-03-19 15:05:02.397575,XAUUSD,4615.97,47.15488901976282,24.665727753976626,4752.729,4881.613399999999,-80.94519968331952,-67.68139855994204,0.15907877930986453,4615.97,70.30798994879564,16.95819528806817,5044.7285999999995,5055.7379,DOWN,4615.97,44.565152682088026,36.93386363471876,HIGH,17000.0,BUY,ACTIVE
1346,2026-03-19 15:05:02.767111,AUDUSD,0.70511,0.0018768816708471994,50.51528360023126,0.7037845,0.7072796,-0.0006971676626886802,-0.0009843257653711836,0.8090165947382663,0.70511,0.003648074365599488,46.61859025183988,0.7082771999999999,0.7061670999999999,UP,0.70511,57.93360851476093,0.001368502835584781,NORMAL,2.0,,
1347,2026-03-19 15:05:03.141869,USDCAD,1.37259,0.0014433663030201946,51.91613451569137,1.372859,1.3710951999999998,0.0005172643627837648,0.0006833843261862155,0.40145886173524076,1.37259,0.002711240516136167,61.648770962787665,1.3650369999999998,1.36500145,UP,1.37259,45.77298924717384,0.0010641064098899841,NORMAL,1.0,,
1348,2026-03-19 15:05:03.511343,NZDUSD,0.58432,0.0014427560955745113,59.77972428480809,0.5813919999999999,0.5836128,-7.471297328698334e-06,-0.00047058222501721524,1.0136173533430897,0.58432,0.0027629810521787404,50.1232393001246,0.5867290000000001,0.59560455,DOWN,0.58432,66.54380686438857,0.0010078893390379478,NORMAL,7.0,SELL,ACTIVE
1349,2026-03-19 15:05:03.865064,USDCHF,0.79158,0.001565182954719965,49.92739657768271,0.7927095,0.7888794,0.0010840283885817925,0.0013419387388243797,0.2215248874119997,0.79158,0.002606070811947112,60.66153364672737,0.7847086,0.77685135,UP,0.79158,34.996946821554104,0.0011058055618107636,NORMAL,4.0,,
1350,2026-03-19 16:05:00.603649,EURUSD,1.15219,0.0022206765803914085,62.68179308624635,1.1479325,1.1506592,0.0,-0.0004598409565058538,0.9892646741898962,1.15219,0.0038753140968917233,52.61910564467134,1.1533534,1.17194625,DOWN,1.15216,61.62821059362986,0.0016668206941373228,NORMAL,2.0,,
1351,2026-03-19 16:05:00.786010,GBPUSD,1.33662,0.0026445003344274247,67.21166614289369,1.329194,1.332196,0.0,-0.00027614265727722765,1.0035476703074941,1.33662,0.004585438634580441,56.22026384335564,1.3350682,1.34862755,DOWN,1.33662,66.48224870744312,0.002041739939628307,NORMAL,6.0,,
1352,2026-03-19 16:05:01.280696,USDJPY,158.124,0.2613531697344146,22.273417319177042,159.2318,159.1674,0.0,-0.1207405669978299,0.027593693357237947,158.124,0.47368941906637224,36.830363564381486,158.85956,156.414005,UP,158.124,30.306627397979298,0.19547354449094373,HIGH,300.0,,
1353,2026-03-19 16:05:01.452498,XAUUSD,4576.06,50.15774616261996,19.501695278401,4750.7335,4880.8152,0.0,-68.31813930068265,0.07806909802015384,4576.06,70.80441870174249,15.683742563259571,5043.9304,5055.53835,DOWN,4576.06,39.191736040730824,37.49925116576436,HIGH,17000.0,,
1354,2026-03-19 16:05:01.546231,EURUSD,1.15219,0.0022206765803914085,62.68179308624635,1.1479325,1.1506592,0.00035024493553081903,-0.0004598409565058538,0.9892646741898962,1.15219,0.0038753140968917233,52.61910564467134,1.1533534,1.17194625,DOWN,1.15219,61.72199275497096,0.0016668206941373228,NORMAL,2.0,,
1355,2026-03-19 16:05:02.040946,GBPUSD,1.33661,0.0026445003344274247,67.19314768426338,1.3291935000000001,1.3321957999999998,0.0010535890367062706,-0.0002763022014367558,1.0030480601307614,1.33661,0.004585438634580441,56.20791122716696,1.335068,1.3486275,DOWN,1.33661,66.45851975418192,0.002041739939628307,NORMAL,6.0,SELL,ACTIVE
1356,2026-03-19 16:05:02.441646,USDJPY,158.127,0.2613531697344146,22.31012894659723,159.23194999999998,159.16746,-0.2874891319670212,-0.12069270374996666,0.028569359982526004,158.127,0.47368941906637224,36.860264414597566,158.85962,156.41402,UP,158.127,30.364327490865946,0.19547354449094373,HIGH,300.0,,
1357,2026-03-19 16:05:02.826876,XAUUSD,4613.1,48.93770306937156,25.079601553420602,4740.2585,4873.253,-81.60216611395572,-70.71380278299551,0.19396566375271257,4613.1,71.36727605040737,16.859675514305792,5044.6712,5055.72355,DOWN,4613.1,46.48333956381863,37.42389981150186,HIGH,17000.0,BUY,ACTIVE
1358,2026-03-19 16:05:03.154929,AUDUSD,0.70312,0.0020433102422757667,43.83227819703296,0.7036875,0.7072408,-0.0008528345809767357,-0.001014820972390629,0.36313805037613156,0.70312,0.003676645804618006,42.745643852927195,0.7082374,0.7061571499999999,UP,0.70312,47.76351698332017,0.0014810021047718892,NORMAL,2.0,,
1359,2026-03-19 16:05:03.493362,USDCAD,1.37302,0.0015255091601630506,54.62118245078751,1.3728695,1.3710993999999999,0.000538016467068303,0.0006847267698351084,0.5554518988598771,1.37302,0.002711240516136167,62.72394287604648,1.3650456,1.3650036,UP,1.37302,49.605057544479386,0.0011361546083745462,NORMAL,1.0,,
1360,2026-03-19 16:05:03.831548,NZDUSD,0.58373,0.0015481204560946961,56.68623925887314,0.5815444999999999,0.5835496,2.560794964645563e-05,-0.0003870433353836117,0.9076511688469496,0.58373,0.002815123928387542,48.62669342061113,0.5867172,0.5956016000000001,DOWN,0.58373,58.51213777448529,0.00109939388343824,NORMAL,7.0,,
1361,2026-03-19 16:05:04.206611,USDCHF,0.79155,0.0015798127436685424,49.68907551804166,0.7926559999999999,0.7889836,0.0009198886456845967,0.0012600814267491219,0.2331503450739024,0.79155,0.0026524994003522115,60.55143583550021,0.7847080000000001,0.7768512,UP,0.79155,40.07207473180802,0.0010811871649050178,NORMAL,4.0,,
1362,2026-03-19 17:05:00.083318,EURUSD,1.15397,0.0022288935593430532,67.36439656032255,1.148366,1.1507166,0.0,-0.0001979322150136752,1.0261779214409839,1.15397,0.003928885545051452,55.821429710230106,1.153389,1.17195515,DOWN,1.15397,67.13830692408865,0.0016030803351837898,NORMAL,2.0,,
1363,2026-03-19 17:05:00.234130,GBPUSD,1.33773,0.0026065768411519816,69.24796106963198,1.3297649999999999,1.332271,0.0,7.276292374988795e-05,0.9834973128646858,1.33773,0.004585438634580441,57.54940185931031,1.3350904,1.3486331,DOWN,1.33773,68.89453119994197,0.001911841569311306,NORMAL,4.0,,
1364,2026-03-19 17:05:00.405973,USDJPY,158.046,0.24913406577379246,21.359582575327337,159.144,159.14616,0.0,-0.16332067521201216,0.06932930201007939,158.046,0.4780465635166972,36.0696170509795,158.858,156.413615,UP,158.046,28.69584184605486,0.1699340023357263,NORMAL,300.0,,
1365,2026-03-19 17:05:00.593430,XAUUSD,4591.73,46.65490795217163,20.485252865700218,4728.1375,4864.4304,0.0,-73.31357932739229,0.1848702814336479,4591.73,71.36727605040737,16.160600325359212,5044.2438,5055.6167,DOWN,4591.73,42.86483244468418,33.17032383579595,HIGH,17000.0,,
1366,2026-03-19 17:05:00.869322,EURUSD,1.15394,0.0022288935593430532,67.29116901619258,1.1483645,1.1507159999999999,0.0007592412124934889,-0.00019841084749230397,1.0241549120570073,1.15394,0.003928885545051452,55.771048346032245,1.1533884,1.1719549999999999,DOWN,1.15394,67.04528753611609,0.0016030803351837898,NORMAL,5.0,SELL,ACTIVE
1367,2026-03-19 17:05:01.181573,GBPUSD,1.33773,0.0026065768411519816,69.24796106963198,1.3297649999999999,1.332271,0.001449878125351134,7.276292374988795e-05,0.9834973128646858,1.33773,0.004585438634580441,57.54940185931031,1.3350904,1.3486331,DOWN,1.33773,68.89453119994197,0.001911841569311306,NORMAL,4.0,,
1368,2026-03-19 17:05:01.796005,USDJPY,158.052,0.24913406577379246,21.625958142386125,159.1443,159.14628000000002,-0.3281846978123326,-0.16322494871628568,0.07119983568649765,158.052,0.4780465635166972,36.12701848386803,158.85811999999999,156.413645,UP,158.052,29.039335182443722,0.1699340023357263,NORMAL,300.0,BUY,ACTIVE
1369,2026-03-19 17:05:02.243210,XAUUSD,4591.71,47.957918156253264,21.899209283630867,4727.535000000001,4864.1894,-83.41881470847511,-73.61563023931672,0.18851834300050904,4591.71,71.36727605040737,16.15997321960309,5044.2434,5055.616599999999,DOWN,4591.69,43.3779116756644,33.423671389254885,HIGH,17000.0,BUY,ACTIVE
1370,2026-03-19 17:05:02.585731,AUDUSD,0.70491,0.0020588391025213766,50.150835758573685,0.703857,0.7071428000000001,-0.0006855879630832673,-0.0009437413220961012,0.770830889201365,0.70491,0.0036973600979064345,46.21085075446886,0.7082732,0.7061660999999999,UP,0.70491,55.30380788344084,0.0014384552624708414,NORMAL,4.0,,
1371,2026-03-19 17:05:02.970926,USDCAD,1.37145,0.001517105444641213,45.801201557394414,1.3727645000000002,1.3711122,0.00034080668860747565,0.0006066253746722157,0.06517690560060271,1.37145,0.002711240516136167,57.96422858747342,1.3650142,1.3649957499999998,UP,1.37145,40.04200008528677,0.0010989221526329297,NORMAL,4.0,,
1372,2026-03-19 17:05:03.324585,NZDUSD,0.58393,0.0014910098112716013,57.52319367367719,0.5817654999999999,0.5835158,0.00014960483890025245,-0.0002785649825781121,0.8960672539699716,0.58393,0.002815123928387542,49.14395752400603,0.5867212,0.5956026,DOWN,0.58393,58.57938375792674,0.0010257705250184528,NORMAL,5.0,,
1373,2026-03-19 17:05:03.668260,USDCHF,0.79157,0.0016163567313656894,49.52743356054394,0.7926205000000001,0.7891094,0.000820405749103359,0.0011826123880860446,0.24538776489505865,0.79157,0.002655356544254066,60.62478991756606,0.7847084000000001,0.7768513,UP,0.79157,42.2648699261858,0.0010660254248853888,NORMAL,2.0,,
1374,2026-03-19 18:05:00.695564,EURUSD,1.1557,0.0022632072846961067,70.13037599773554,1.1489705000000001,1.1508158,0.0,0.00011847650636653305,1.0172066484915374,1.1557,0.003841771202717045,58.30407642778674,1.1533921999999999,1.1718335,DOWN,1.1557,70.41077461026879,0.0014767113126023911,NORMAL,2.0,,
1375,2026-03-19 18:05:00.924702,GBPUSD,1.33999,0.002751576841151996,72.75810751932372,1.329878,1.3323162,0.0,0.0001088199038068856,1.0782659720173093,1.33999,0.004679010097366107,60.02065950495822,1.3351356,1.3486444,DOWN,1.33999,73.4038023567784,0.0017293825445405147,NORMAL,6.0,,
1377,2026-03-19 18:05:01.221580,USDJPY,157.851,0.25203265291240035,20.529126956456395,159.03640000000001,159.11964,0.0,-0.21005963061962954,0.07725656570774665,157.851,0.4622064941937179,34.64936326925424,158.84386,156.42558,UP,157.851,26.331247301963046,0.14999208239050488,NORMAL,300.0,,
1376,2026-03-19 18:05:01.263174,EURUSD,1.1557,0.0022632072846961067,70.13037599773554,1.1489705000000001,1.1508158,0.001253285181061159,0.00011847650636653305,1.0172066484915374,1.1557,0.003841771202717045,58.30407642778674,1.1533921999999999,1.1718335,DOWN,1.1557,70.41077461026879,0.0014767113126023911,NORMAL,2.0,SELL,ACTIVE
1378,2026-03-19 18:05:01.528894,XAUUSD,4605.49,50.21791815625328,25.486834815647725,4728.224,4864.465,0.0,-73.39577838746486,0.21629215300025093,4605.49,71.36727605040737,16.603901347842424,5044.519,5055.6855,DOWN,4610.54,48.098780783095215,31.12172025322226,HIGH,17000.0,,
1379,2026-03-19 18:05:01.937887,GBPUSD,1.33989,0.0026549335973962375,71.58215394019946,1.3305945,1.3324261999999998,0.0020562993020738496,0.0005024001139445892,0.9808973018559548,1.33989,0.004444692912700833,59.65811877014542,1.3351936,1.3485196,DOWN,1.33989,72.07574160669967,0.0017090744757336852,NORMAL,6.0,SELL,ACTIVE
1380,2026-03-19 18:05:02.323193,USDJPY,157.85,0.25203265291240035,20.48717947874316,159.03635,159.11962000000003,-0.3821618909965423,-0.21007558503558393,0.07697149618958761,157.85,0.4622064941937179,34.631991109467265,158.84384,156.425575,UP,157.85,26.26725200036634,0.14999208239050488,NORMAL,300.0,BUY,ACTIVE
1381,2026-03-19 18:05:02.755111,XAUUSD,4610.69,48.40378114509233,27.503888189309095,4717.5495,4856.7354,-79.11389145083194,-74.40512863546593,0.2517139055027195,4610.69,67.29960979904642,16.764007173925563,5035.4604,5055.2608,DOWN,4610.69,48.14028363103452,31.447178365755757,HIGH,17000.0,,
1382,2026-03-19 18:05:03.051915,AUDUSD,0.70537,0.0020884118196882163,51.8069371348257,0.7039565,0.707047,-0.0005492208451838287,-0.0008676452039216261,0.8520650220965347,0.70537,0.0036973600979064345,47.13950028762911,0.7082824,0.7061683999999999,UP,0.70537,56.30772688653821,0.0014328451988870551,NORMAL,3.0,,
1383,2026-03-19 18:05:03.405720,USDCAD,1.37299,0.0016350673006362314,54.25091566132047,1.372887,1.3711849999999999,0.0004352662590918488,0.0005898395914421656,0.5393208285688285,1.37299,0.002711240516136167,62.65089095014075,1.365045,1.3650034500000001,UP,1.37299,51.88818828805688,0.0012430195306682508,NORMAL,1.0,,
1384,2026-03-19 18:05:03.775477,NZDUSD,0.58471,0.001503641763527718,59.998963651383626,0.5821155,0.5835132000000001,0.0003656997938229489,-0.00013643795322380994,0.9575857144768801,0.58471,0.0026648599226432547,50.99115113947094,0.586614,0.59552955,DOWN,0.58471,61.098535785378225,0.0009678596527738508,NORMAL,7.0,,
1385,2026-03-19 18:05:04.134794,USDCHF,0.79047,0.0016456985974926332,44.0684575515809,0.792551,0.7892118,0.0006125922064841305,0.0010724374115947098,0.03701137001310393,0.79047,0.002678927981444342,56.83775388302367,0.7846864000000001,0.7768457999999999,UP,0.79047,37.57606089969597,0.0010610766187571401,NORMAL,2.0,,
1386,2026-03-19 19:05:00.949742,EURUSD,1.15958,0.0023745088051769863,77.43829518682836,1.149768,1.150983,0.0,0.0005231181199943838,1.0824075238457016,1.15958,0.004115342731319384,63.889003093811816,1.1534698,1.1718529,DOWN,1.15958,78.12045513229191,0.0015181296252253923,NORMAL,2.0,,
1387,2026-03-19 19:05:01.137192,GBPUSD,1.34392,0.002732336299623039,77.68746718710854,1.331572,1.3326274,0.0,0.0009862279103745213,1.037763851785359,1.34392,0.0047168358693522525,63.930100359576436,1.3352742,1.3485397499999998,DOWN,1.34392,78.2662620900574,0.001706311257589458,NORMAL,6.0,,
1388,2026-03-19 19:05:03.803394,USDJPY,157.581,0.2530099123982484,16.704409912993228,158.91694999999999,159.08870000000002,0.0,-0.25733444406731687,0.06049684468670531,157.581,0.481349358336125,31.98104358800701,158.83846,156.42423,UP,157.581,24.28101316572007,0.14927798342538254,NORMAL,300.0,,
1389,2026-03-19 19:05:03.999910,XAUUSD,4603.2,48.65878114509231,26.81979545387975,4717.175,4856.5856,0.0,-74.52462721096454,0.2361712543896921,4603.2,67.5546098922867,16.496188645993342,5035.3106,5055.22335,DOWN,4603.2,46.2701301052886,28.892583464860504,HIGH,17000.0,,
1390,2026-03-19 19:05:04.338563,EURUSD,1.15968,0.002383794519462698,77.57248482543315,1.149773,1.150985,0.001978630443451701,0.0005247135615898427,1.0863337460501559,1.15968,0.004124628449000401,64.00929734841546,1.1534718,1.1718534,DOWN,1.15968,78.30308106070692,0.0015274209578725053,NORMAL,2.0,SELL,ACTIVE
1391,2026-03-19 19:05:04.739332,GBPUSD,1.34403,0.002746622013908752,77.80460025068645,1.3315775,1.3326296000000002,0.0028014023439573155,0.0009879828961295084,1.0411372527430407,1.34403,0.004731121588861512,64.02912958828492,1.3352764000000001,1.3485403,DOWN,1.34403,78.443022434737,0.0017206056155080957,NORMAL,6.0,SELL,ACTIVE
1392,2026-03-19 19:05:05.067389,USDJPY,157.581,0.2530099123982484,16.704409912993228,158.91694999999999,159.08870000000002,-0.4362866893110606,-0.25733444406731687,0.06049684468670531,157.581,0.481349358336125,31.98104358800701,158.83846,156.42423,UP,157.581,24.28101316572007,0.14927798342538254,NORMAL,300.0,,
1393,2026-03-19 19:05:05.468205,XAUUSD,4636.0,47.577592695953065,32.89850080402587,4708.115500000001,4849.7422,-73.58842476597783,-74.08620039718096,0.3277475125716911,4636.0,69.99103935459112,20.446823776310623,5035.966600000001,5055.38735,DOWN,4636.0,54.78069519923051,28.267113824270933,NORMAL,17000.0,BUY,ACTIVE
1394,2026-03-19 19:05:05.806471,AUDUSD,0.70562,0.0020091375060370155,52.64640938765579,0.7041299999999999,0.7069589999999999,-0.00039011059346605315,-0.0007695855752778128,0.8692932962002926,0.70562,0.003501834321257811,47.63836501478723,0.7083458,0.70622375,UP,0.70562,56.75636582556532,0.0012568352162670917,NORMAL,2.0,,
1395,2026-03-19 19:05:06.134546,USDCAD,1.37339,0.0016025624934479263,56.410809833852866,1.3728675,1.3712461999999999,0.0004333519581791734,0.0005549682756157819,0.7008230551921503,1.37339,0.0026018661159853467,63.72277444053127,1.3653616,1.3650375,UP,1.37339,54.63099257678555,0.0011114116517887546,NORMAL,1.0,,
1396,2026-03-19 19:05:06.535481,NZDUSD,0.58808,0.0016156265355206324,70.78513305151688,0.5826215,0.583575,0.0008245918727295409,7.440276980161034e-05,1.2055669720877902,0.58808,0.0028862885750367924,58.347834833919876,0.5866814,0.5955464,DOWN,0.58808,74.50483145553596,0.0010367926056075983,NORMAL,7.0,SELL,ACTIVE
1397,2026-03-19 19:05:06.904748,USDCHF,0.79052,0.0015767201262431602,44.282729217353626,0.7924395000000001,0.7893234,0.00043172840132643664,0.0009450614215068612,0.1015107789743825,0.79052,0.0025361472953784494,56.997100643484934,0.7849186,0.77690525,UP,0.79052,38.65644200395511,0.0009164283737962089,NORMAL,4.0,,
1398,2026-03-19 20:05:00.080203,EURUSD,1.15865,0.0024011255231745545,76.13331787455851,1.1502729999999999,1.1510552,0.0,0.0008436113498738716,0.9657171430018328,1.15865,0.004258914212387457,62.73051685755743,1.1534512,1.17184825,DOWN,1.15865,67.51516382789137,0.0015715858692550138,NORMAL,9.0,,
1400,2026-03-19 20:05:00.324992,GBPUSD,1.34383,0.0029301934424801938,77.59070748986696,1.3315675,1.3326256,0.0,0.0009847920129386351,1.0349874154615073,1.34383,0.004914693084555523,63.84866996223498,1.3352724,1.3485392999999999,DOWN,1.34383,70.62512323976813,0.0019118621637878167,HIGH,9.0,,
1399,2026-03-19 20:05:00.371995,EURUSD,1.15865,0.0024011255231745545,76.13331787455851,1.1502729999999999,1.1510552,0.0021983364061437527,0.0008436113498738716,0.9657171430018328,1.15865,0.004258914212387457,62.73051685755743,1.1534512,1.17184825,DOWN,1.15865,67.51516382789137,0.0015715858692550138,NORMAL,9.0,,
1402,2026-03-19 20:05:00.653046,USDJPY,157.623,0.2434275717167425,17.05490994216919,158.8127,159.06160000000003,0.0,-0.29626098202040235,0.11793190127776636,157.623,0.486492217359459,32.32432791657776,158.8393,156.42444,UP,157.623,27.62015329329745,0.13940962502812998,NORMAL,700.0,,
1401,2026-03-19 20:05:00.715674,GBPUSD,1.34338,0.0027573224823030378,77.1243752732562,1.33227,1.3327652,0.003113556484158231,0.0014003340809717242,0.9495303064810441,1.34338,0.004914693084555523,63.435939962013904,1.3352634,1.34853705,DOWN,1.3433899999999999,67.7984739907566,0.0017932778656248578,NORMAL,9.0,,
1403,2026-03-19 20:05:00.991489,XAUUSD,4646.36,48.64044983881022,35.234509475303526,4708.633500000001,4849.9494,0.0,-73.92091264789303,0.3507557718733317,4646.36,71.05389688608012,22.14134490514199,5036.1738000000005,5055.43915,DOWN,4646.36,56.13146836189009,28.071498121339122,HIGH,25000.0,,
1404,2026-03-19 20:05:01.069765,USDJPY,157.623,0.2434275717167425,17.05490994216919,158.8127,159.06160000000003,-0.456306734972344,-0.29626098202040235,0.11793190127776636,157.623,0.486492217359459,32.32432791657776,158.8393,156.42444,UP,157.623,27.62015329329745,0.13940962502812998,NORMAL,700.0,,
1405,2026-03-19 20:05:01.762259,XAUUSD,4651.02,46.01827485032379,36.351296892400256,4698.989500000001,4842.8766000000005,-67.50895511778344,-72.6722168683669,0.38037649259254447,4651.02,71.05389688608012,22.880237491766167,5036.267,5055.46245,DOWN,4651.02,57.07680059190464,26.496160257797925,NORMAL,25000.0,,
1406,2026-03-19 20:05:02.319442,AUDUSD,0.70894,0.0022052705413200843,62.22548640621161,0.7045264999999999,0.7069516,0.00010651161187547054,-0.0005704983315793507,1.202807971491269,0.70894,0.0038489773053328397,53.78187242345653,0.7084121999999999,0.7062403500000001,UP,0.70894,64.92167886165697,0.00150904794450848,NORMAL,11.0,SELL,ACTIVE
1407,2026-03-19 20:05:02.647460,USDCAD,1.37252,0.0016770733357526694,51.358642695521155,1.3728,1.3712971999999999,0.0003226599666783514,0.000497657610979282,0.3912989402214636,1.37252,0.002754009028758969,61.12278409157307,1.3653442,1.36503315,UP,1.37252,48.92251408380873,0.0012004412244053574,NORMAL,9.0,,
1408,2026-03-19 20:05:03.032777,NZDUSD,0.58764,0.0016977693926634885,69.72441160953156,0.5825994999999999,0.5835662,0.0007894921576299119,6.738282678168454e-05,1.1738018023747447,0.58764,0.002968431462215039,57.51782361239872,0.5866726,0.5955442,DOWN,0.58764,67.76841605531962,0.001138894402228788,NORMAL,23.0,SELL,ACTIVE
1409,2026-03-19 20:05:03.433462,USDCHF,0.78789,0.001788280933552321,34.36586539294322,0.7921239999999999,0.7893532000000001,-2.3909665477273023e-05,0.0007314837283265753,-0.12458787774471945,0.78789,0.0028632902721405177,49.08076600683966,0.784866,0.7768921,UP,0.78789,34.642222776695306,0.0011931801304013575,HIGH,12.0,BUY,ACTIVE
1410,2026-03-19 21:05:00.076921,EURUSD,1.15876,0.002288953291927392,76.19271490681959,1.1508379999999998,1.151162,0.0,0.001164739054019444,0.9092005034384782,1.15876,0.004258914212387457,62.871403451651105,1.1534533999999999,1.1718488,DOWN,1.15876,66.46799536177826,0.0013118790936707478,NORMAL,18.0,,
1411,2026-03-19 21:05:00.274921,GBPUSD,1.3427799999999999,0.0027808939108744783,75.67124701029856,1.33224,1.3327532000000002,0.0,0.0013907614313990596,0.9303379119788754,1.3427799999999999,0.004914693084555523,62.870747051672296,1.3352514000000002,1.34853405,DOWN,1.3427799999999999,64.95406536781258,0.0016417556776307685,NORMAL,52.0,,
1413,2026-03-19 21:05:00.431179,USDJPY,157.635,0.23731029618595334,18.624686474522562,158.7148,159.03484,0.0,-0.3293201517690057,0.1579248810455122,157.635,0.486492217359459,32.42376692176616,158.83954,156.4245,UP,157.635,29.790240818623758,0.12267679707258665,NORMAL,15000.0,,
1412,2026-03-19 21:05:00.540659,EURUSD,1.15876,0.002288953291927392,76.19271490681959,1.1508379999999998,1.151162,0.002440315397667092,0.001164739054019444,0.9092005034384782,1.15876,0.004258914212387457,62.871403451651105,1.1534533999999999,1.1718488,DOWN,1.15876,66.46799536177826,0.0013118790936707478,NORMAL,18.0,SELL,ACTIVE
1415,2026-03-19 21:05:00.863052,XAUUSD,4656.02,46.46541770746666,37.463330236147186,4699.239500000001,4842.9766,0.0,-72.5924447885947,0.39209285974186675,4656.02,71.05389688608012,23.657601270789314,5036.367,5055.48745,DOWN,4656.02,58.10151221970759,24.124007677076552,NORMAL,46000.0,,
1414,2026-03-19 21:05:00.910050,GBPUSD,1.3428499999999999,0.002605166794791603,75.58550895967717,1.332963,1.3329018000000001,0.0033015942848184654,0.0017720345547895123,0.8814867943346805,1.3428499999999999,0.004914693084555523,62.93758495179669,1.3352528000000001,1.3485344000000001,DOWN,1.3428499999999999,64.98046581420184,0.0014945856792236215,NORMAL,53.0,,
1416,2026-03-19 21:05:01.435784,USDJPY,157.635,0.23731029618595334,18.624686474522562,158.7148,159.03484,-0.465896431903019,-0.3293201517690057,0.1579248810455122,157.635,0.486492217359459,32.42376692176616,158.83954,156.4245,UP,157.635,29.790240818623758,0.12267679707258665,NORMAL,15000.0,,
1417,2026-03-19 21:05:01.931876,XAUUSD,4648.73,46.53184627889526,35.828672639281905,4698.875,4842.8308,-67.6916331804614,-72.70875248090249,0.3750248618794912,4648.73,71.05389688608012,22.518894374676833,5036.2212,5055.451,DOWN,4648.73,55.521790998228894,23.434275305478295,NORMAL,46000.0,,
1418,2026-03-19 21:05:02.383028,AUDUSD,0.70846,0.002087036931225796,61.040186849268956,0.7047045,0.7069018,0.0003090453256239245,-0.00040084373119281984,1.0393682127198822,0.70846,0.0038489773053328397,52.98433900994818,0.7084026,0.70623795,UP,0.70846,62.423936088445316,0.0012423558168659253,NORMAL,83.0,SELL,ACTIVE
1419,2026-03-19 21:05:02.755293,USDCAD,1.37429,0.0016912619750356305,60.917245360825554,1.3729799999999999,1.3714156,0.0005060312130735767,0.0005157972886630777,0.9578693457570887,1.37429,0.002801866189114988,65.82450150358406,1.3653796,1.3650419999999999,UP,1.37429,58.47841369319336,0.0010754248824199428,NORMAL,147.0,,
1420,2026-03-19 21:05:03.142736,NZDUSD,0.58714,0.001605785864616098,67.89212043174425,0.582858,0.583581,0.0009598342078335209,0.0002414058665248025,1.0172939494453914,0.58714,0.002968431462215039,56.533545270304366,0.5866626,0.5955417,DOWN,0.58714,63.723394152823396,0.0009493255405608571,NORMAL,45.0,SELL,ACTIVE
1421,2026-03-19 21:05:03.574909,USDCHF,0.78807,0.0016969751525842986,34.86653038003567,0.791951,0.7894265999999999,-0.00024351742213413186,0.0005418441819951296,-0.016700251263239662,0.78807,0.0028632902721405177,49.551794877208934,0.7848696,0.7768930000000001,UP,0.78807,36.840978876567675,0.0010155573783224815,NORMAL,41.0,BUY,ACTIVE
1422,2026-03-19 22:05:00.064311,EURUSD,1.15915,0.002268364791483606,74.84565294650952,1.151355,1.1512538,0.0,0.0014413817378485629,0.8827378161777136,1.15915,0.004051848843335363,63.45776398306199,1.1534668000000001,1.1717415,DOWN,1.15915,65.54564385990551,0.0011602330876143822,NORMAL,3.0,,
1423,2026-03-19 22:05:00.230855,GBPUSD,1.3432,0.002696595366220171,76.06044165541756,1.3329805000000001,1.3329088000000002,0.0,0.001777618600373574,0.8925881644997469,1.3432,0.004914693084555523,63.268197121078266,1.3352598,1.34853615,DOWN,1.3432,64.52505805083328,0.0015127022538889215,NORMAL,9.0,,
1424,2026-03-19 22:05:00.387079,USDJPY,157.733,0.23315547911144696,22.58993031385205,158.6255,159.01344,0.0,-0.35282614732850953,0.21268859357674225,157.733,0.45817133238947516,33.23043792549878,158.83018,156.43633499999999,UP,157.733,38.521593521614165,0.1177478066002635,NORMAL,700.0,,
1426,2026-03-19 22:05:00.652640,XAUUSD,4648.73,46.53184627889526,35.828672639281905,4698.875,4842.8308,0.0,-72.70875248090249,0.3750248618794912,4648.73,71.05389688608012,22.518894374676833,5036.2212,5055.451,DOWN,4648.73,55.521790998228894,23.434275305478295,NORMAL,26000.0,,
1425,2026-03-19 22:05:00.699677,EURUSD,1.15916,0.002268364791483606,74.86315171263195,1.1513554999999998,1.151254,0.002587678968891449,0.001441541282008091,0.8831436043012452,1.15916,0.004051848843335363,63.471069503208206,1.153467,1.17174155,DOWN,1.15916,65.58296803423549,0.0011602330876143822,NORMAL,3.0,,
1427,2026-03-19 22:05:01.194476,GBPUSD,1.34367,0.0026104099829187296,76.71547920290985,1.333729,1.3330788,0.0035401367506495696,0.002130122230428773,0.863242058303432,1.34367,0.004670072046779374,63.73601289273128,1.335363,1.3484247999999999,DOWN,1.34367,66.04333552615046,0.001511116535402065,NORMAL,9.0,,
1428,2026-03-19 22:05:01.564783,USDJPY,157.735,0.23315547911144696,22.61714617051429,158.6256,159.01348,-0.4556888760052402,-0.352794238496595,0.2132556137711425,157.735,0.45817133238947516,33.24925340135255,158.83022,156.436345,UP,157.735,38.61745817923852,0.1177478066002635,NORMAL,600.0,,
1429,2026-03-19 22:05:01.893313,XAUUSD,4659.24,44.197428687545624,38.331413654870836,4689.3405,4835.966,-61.94431667509707,-70.5558653197414,0.4200004560868581,4659.24,66.96789944099639,24.272609675365672,5027.4854,5055.3773,DOWN,4659.24,58.43465113738403,22.749507449936548,NORMAL,26000.0,,
1430,2026-03-19 22:05:02.231290,AUDUSD,0.70822,0.002008166946342324,60.00305405160396,0.7048989999999999,0.7068552000000001,0.00046767640071576633,-0.00022879896407035501,0.9389996519975844,0.70822,0.0038489773053328397,52.57516088212242,0.7083977999999999,0.7062367500000001,UP,0.70822,58.96645900968745,0.0010639051050870517,NORMAL,12.0,,
1431,2026-03-19 22:05:02.559516,USDCAD,1.3732,0.001631171833961658,54.35439860260371,1.3729915,1.3714676,0.0004240036462128671,0.0004865895573240574,0.5828416694961485,1.3732,0.002801866189114988,63.245594751929225,1.3653578000000002,1.3650365500000001,UP,1.3732,50.42787231335373,0.0009510296086465859,NORMAL,9.0,,
1432,2026-03-19 22:05:02.895130,NZDUSD,0.587,0.001555372588572092,66.95301464130927,0.5831449999999999,0.583609,0.001096756953331779,0.00041324189585202164,0.9309374668887048,0.587,0.002968431462215039,56.24972067141784,0.5866598,0.595541,DOWN,0.587,61.388888711336854,0.0007954596821237508,NORMAL,22.0,,
1433,2026-03-19 22:05:03.223416,USDCHF,0.78809,0.0016019871314813295,34.92654662337952,0.7917675,0.7894872,-0.00043437447890037895,0.0003472386264541936,0.05424064904421166,0.78809,0.0028632902721405177,49.60469009698251,0.78487,0.7768931000000001,UP,0.78809,38.1502944372744,0.0008268144660134232,NORMAL,12.0,,
1434,2026-03-19 23:05:00.475388,EURUSD,1.15798,0.0021624101635204936,71.56315799570157,1.1518145,1.151315,0.0,0.0016431514971879447,0.8010431879275944,1.15798,0.004086848856133058,61.680040298936866,1.1534434,1.17173565,DOWN,1.15797,57.90269568916409,0.0009808682094580466,NORMAL,6.0,,
1435,2026-03-19 23:05:00.923009,EURUSD,1.15797,0.0021624101635204936,71.54105690983886,1.1518140000000001,1.1513148,0.0025343103066253203,0.0016429919530284165,0.8006165153260288,1.15797,0.004086848856133058,61.65688188571554,1.1534432000000001,1.1717355999999999,DOWN,1.15797,57.90269568916409,0.0009808682094580466,NORMAL,6.0,,
1436,2026-03-19 23:05:01.261118,GBPUSD,1.3428499999999999,0.0024907414855965438,74.82612637061267,1.3343685,1.3331871999999998,0.0,0.0023724138124560958,0.8084853825411349,1.3428499999999999,0.004694357769945117,62.969815605907485,1.3353308000000002,1.3484167500000002,DOWN,1.3428499999999999,59.94599167544728,0.001253286420308432,NORMAL,9.0,,
1437,2026-03-19 23:05:01.698516,GBPUSD,1.3428499999999999,0.0024907414855965438,74.82612637061267,1.3343685,1.3331871999999998,0.0034929520028070815,0.0023724138124560958,0.8084853825411349,1.3428499999999999,0.004694357769945117,62.969815605907485,1.3353308000000002,1.3484167500000002,DOWN,1.3428499999999999,59.94599167544728,0.001253286420308432,NORMAL,9.0,,
1438,2026-03-19 23:05:02.365035,USDJPY,157.857,0.22854233264430387,27.282884233794363,158.54389999999998,158.99300000000002,0.0,-0.3670647868213152,0.270905044967549,157.857,0.46559990653429156,35.1444283755353,158.83266,156.436955,UP,157.857,47.617269145922464,0.10608066261461149,NORMAL,700.0,,
1439,2026-03-19 23:05:02.734633,USDJPY,157.857,0.22854233264430387,27.282884233794363,158.54389999999998,158.99300000000002,-0.4330176353908257,-0.3670647868213152,0.270905044967549,157.857,0.46559990653429156,35.1444283755353,158.83266,156.436955,UP,157.857,47.617269145922464,0.10608066261461149,NORMAL,700.0,,
1440,2026-03-19 23:05:03.078309,XAUUSD,4650.88,45.24385725897417,36.35704247398595,4688.922500000001,4835.7988000000005,0.0,-70.68924423712042,0.39906349397165886,4644.58,68.91075729425575,22.314840635811308,5027.1921999999995,5055.304,DOWN,4644.58,52.055269989749355,21.358219591716644,NORMAL,25000.0,,
1441,2026-03-19 23:05:03.619981,XAUUSD,4644.58,43.6642960261902,36.260438414655354,4677.494000000001,4828.3272,-59.30677163656674,-68.59654458880465,0.40431164719238244,4644.58,68.91075729425575,22.314840635811308,5027.1921999999995,5055.304,DOWN,4644.58,52.055269989749355,21.358219591716644,NORMAL,25000.0,,
1442,2026-03-19 23:05:04.177011,AUDUSD,0.70843,0.0019204407358893011,60.64058326126825,0.70511,0.7068298,0.0006293686504267315,-5.346401666951218e-05,0.9010304713520902,0.70843,0.003629764586602504,52.90513368259795,0.7085038,0.70630435,UP,0.70853,58.07879510073294,0.0008598842212182702,NORMAL,10.0,,
1443,2026-03-19 23:05:04.687177,USDCAD,1.37356,0.001610373845821548,56.15091970877996,1.3730385,1.3715596000000003,0.0004195022865605136,0.0004695983139975989,0.7097822814251115,1.37356,0.0026974470640840713,64.25819834651912,1.3656538,1.36506035,UP,1.37356,52.72205952027771,0.0008679378831759844,NORMAL,9.0,,
1444,2026-03-19 23:05:05.197526,NZDUSD,0.58676,0.0015176929138781656,65.3388611605388,0.5833945,0.5836323999999999,0.001168022781098843,0.0005640704375737456,0.8581531174647556,0.58676,0.0028278291765209003,55.586833342390534,0.5865682,0.59547275,DOWN,0.58695,57.149100275918755,0.0007032217727108471,NORMAL,17.0,,
1445,2026-03-19 23:05:05.733792,USDCHF,0.78826,0.0015604676424979796,36.701223885749364,0.791591,0.7895673999999999,-0.0005789903151030007,0.0001598230375729413,0.12512947085330606,0.78826,0.002713769471554806,50.12459718797955,0.7850341999999999,0.7769353999999999,UP,0.78856,44.40750371352213,0.0006878853354034344,NORMAL,12.0,,
1446,2026-03-20 00:05:00.070214,EURUSD,1.15739,0.002068870662044555,68.77981417808137,1.1523225,1.1513757999999998,0.0,0.0018060853608509488,0.7480838409183982,1.15739,0.004111134579298801,60.34281429349736,1.1534316000000002,1.1717327,DOWN,1.15739,53.236461136354606,0.0008391495272925718,NORMAL,2.0,,
1448,2026-03-20 00:05:00.299221,GBPUSD,1.34247,0.0025107414855965477,73.98691983621981,1.3343495,1.3331796,0.0,0.0023663511343934053,0.796398636770989,1.34247,0.004701500629699746,62.576314882094195,1.3353232,1.3484148500000002,DOWN,1.34247,57.98156520934635,0.0011287567200840669,NORMAL,6.0,,
1447,2026-03-20 00:05:00.346220,EURUSD,1.15739,0.002068870662044555,68.77981417808137,1.1523225,1.1513757999999998,0.0024801569978392113,0.0018060853608509488,0.7480838409183982,1.15739,0.004111134579298801,60.34281429349736,1.1534316000000002,1.1717327,DOWN,1.15739,53.236461136354606,0.0008391495272925718,NORMAL,2.0,,
1449,2026-03-20 00:05:00.595988,USDJPY,157.936,0.2233046150064462,30.307375818157794,158.4616,158.97376,0.0,-0.37438715893876295,0.3149842247611688,157.936,0.4724570518987369,36.547672956428386,158.83424000000002,156.43735,UP,157.935,52.45179307489573,0.09841701011369125,NORMAL,500.0,,
1450,2026-03-20 00:05:00.777973,XAUUSD,4638.52,43.6642960261902,34.739051356703484,4677.191000000001,4828.206,0.0,-68.69322834948868,0.3877479216958891,4638.52,68.91075729425575,22.023428533818816,5027.071,5055.2737,DOWN,4638.52,50.091191022286644,19.659124711594153,NORMAL,21000.0,,
1451,2026-03-20 00:05:03.248569,GBPUSD,1.3422,0.0023951272978498684,72.65626594335748,1.3350940000000002,1.3333038,0.003444740290695414,0.0025810078830327205,0.7595784337594818,1.3422,0.004719357779086328,62.147838877083444,1.3353177999999999,1.3484135000000002,DOWN,1.34218,55.574091389008004,0.0010790849777592983,NORMAL,6.0,SELL,ACTIVE
1452,2026-03-20 00:05:03.545373,USDJPY,157.938,0.2233046150064462,30.39785078326271,158.4617,158.9738,-0.4081119750439086,-0.37435525010685977,0.31563285391034873,157.938,0.4724570518987369,36.58241046902863,158.83428,156.43736,UP,157.938,52.674321693266776,0.09841701011369125,NORMAL,500.0,,
1453,2026-03-20 00:05:03.930861,XAUUSD,4652.18,41.40169324880927,38.2230717512489,4667.512,4821.347,-54.59482885832767,-65.8084544341624,0.44943024616216853,4652.18,69.05290020337293,23.10345486183698,5027.3442,5055.342000000001,DOWN,4652.18,54.677151074037006,18.69001611404424,NORMAL,21000.0,,
1454,2026-03-20 00:05:04.300568,AUDUSD,0.70818,0.00185474598944823,59.45092484904359,0.705277,0.7067894,0.0006966446532036263,9.362210476949608e-05,0.8362165244039546,0.70818,0.003649764593915473,52.40043250462964,0.7084988000000001,0.7063031,UP,0.70818,54.87238378245449,0.000806846509025174,NORMAL,8.0,,
1455,2026-03-20 00:05:04.675462,USDCAD,1.3734899999999999,0.001537489999691428,55.436696471231365,1.373086,1.3716529999999998,0.0004305015889138897,0.0004633105929125047,0.6608260509087266,1.3734899999999999,0.0026974470640840713,64.07588007081321,1.3656524,1.36506,UP,1.3734899999999999,51.62713919499933,0.0007420953625221668,NORMAL,5.0,,
1456,2026-03-20 00:05:05.029567,NZDUSD,0.58683,0.0014580107669685033,65.21169785980425,0.5836330000000001,0.5836606000000001,0.0012081334136467836,0.0006910961382014607,0.8285706230297027,0.58683,0.002845686325907474,55.78080895403219,0.5865696,0.5954731,DOWN,0.58683,56.17445880095918,0.0006484163797378877,NORMAL,9.0,,
1457,2026-03-20 00:05:05.352278,USDCHF,0.78891,0.0015206383210950578,40.89768862958793,0.7914575,0.7896632000000001,-0.0005948867866172325,1.4752297806145504e-05,0.21890995169026436,0.78891,0.002759483773984438,51.87268493923968,0.7850472,0.7769386500000001,UP,0.78891,47.96637609783972,0.0006263138908318183,NORMAL,9.0,,
1458,2026-03-20 01:05:00.104310,EURUSD,1.1575199999999999,0.0019900737780209577,69.07544224948043,1.1528685,1.1514483999999998,0.0,0.0019325837548461408,0.7305571467265982,1.1575199999999999,0.0041325631585626904,60.6324530303068,1.1534342000000002,1.17173335,DOWN,1.1575199999999999,54.42805196085251,0.0007488678785611312,NORMAL,2.0,,
1460,2026-03-20 01:05:00.333244,GBPUSD,1.34182,0.002420127297849858,70.82477295428565,1.3350750000000002,1.3332962000000002,0.0,0.0025749452049700743,0.7471231827008622,1.34182,0.004736500642497442,61.497070888515026,1.3353102000000001,1.3484116,DOWN,1.34182,52.62114998495304,0.0010017547309317306,NORMAL,6.0,,
1459,2026-03-20 01:05:00.380245,EURUSD,1.1575199999999999,0.0019900737780209577,69.07544224948043,1.1528685,1.1514483999999998,0.002439853684103488,0.0019325837548461408,0.7305571467265982,1.1575199999999999,0.0041325631585626904,60.6324530303068,1.1534342000000002,1.17173335,DOWN,1.1575199999999999,54.42805196085251,0.0007488678785611312,NORMAL,2.0,,
1461,2026-03-20 01:05:00.645698,USDJPY,157.869,0.2212216323019023,29.154516509430536,158.3656,158.95142,0.0,-0.3802561239488198,0.31186421321012886,157.869,0.4724570518987369,35.361563866501896,158.8329,156.437015,UP,157.869,47.67998015991909,0.10312822273825048,NORMAL,500.0,,
1462,2026-03-20 01:05:00.812317,XAUUSD,4648.69,42.310264677380715,37.34506810101325,4667.3375,4821.2772,0.0,-65.86413534584318,0.43852806804583344,4648.69,69.05290020337293,22.516910079261123,5027.2744,5055.32455,DOWN,4648.69,52.66545041235438,18.72872996773793,NORMAL,23000.0,,
1463,2026-03-20 01:05:02.604030,GBPUSD,1.34266,0.0023008324908605844,74.06430525893416,1.3359175,1.3334455999999997,0.003443626575062586,0.0027557014220085246,0.7505823140493691,1.34266,0.004736500642497442,62.77410510143643,1.3353270000000002,1.3484158,DOWN,1.34266,58.68364152734953,0.0009562527349565946,NORMAL,6.0,,
1464,2026-03-20 01:05:02.973557,USDJPY,157.873,0.2212216323019023,29.343287405710598,158.36579999999998,158.9515,-0.398498935556006,-0.3801923062850079,0.31325916739617204,157.873,0.4724570518987369,35.43361962748452,158.83298000000002,156.437035,UP,157.873,48.002563023379004,0.10312822273825048,NORMAL,500.0,BUY,ACTIVE
1465,2026-03-20 01:05:03.342818,XAUUSD,4669.93,41.51524577185354,42.68373080513311,4658.3435,4814.5588,-49.01873729749059,-62.494800465517486,0.5463020542939961,4669.93,69.05290020337293,25.97675381261766,5027.6992,5055.43075,DOWN,4669.93,58.599731933990576,19.549625828907608,NORMAL,21000.0,,
1466,2026-03-20 01:05:03.671041,AUDUSD,0.70747,0.0018219069902019264,55.934598263096404,0.705453,0.7067208,0.0006862175225388345,0.00020946084644304263,0.7327469801771835,0.70747,0.0037104789018298314,51.01820349340694,0.7084846,0.70629955,UP,0.70747,48.38879095430104,0.0007741408583067722,NORMAL,8.0,,
1467,2026-03-20 01:05:04.056332,USDCAD,1.37421,0.0014755264282848935,59.661361675246745,1.3731710000000001,1.3717564000000002,0.0004989309314420431,0.0004734979084816366,0.8827401396781758,1.37421,0.0027110184976178626,65.8667571240137,1.3656668000000003,1.3650636,UP,1.37421,58.042834951467,0.0006458729333469083,NORMAL,5.0,BUY,ACTIVE
1468,2026-03-20 01:05:04.394480,NZDUSD,0.58731,0.0014224385693279008,67.01852998674839,0.583901,0.583688,0.0012592818580097198,0.000801925304955151,0.8397876321041866,0.58731,0.002845686325907474,56.922030355083436,0.5865792000000001,0.5954755,DOWN,0.58731,59.9493051772924,0.0005988094745850326,NORMAL,9.0,,
1469,2026-03-20 01:05:04.826435,USDCHF,0.78873,0.001469164155302552,40.01005648664106,0.7912629999999999,0.7897413999999999,-0.0006455184037672534,-0.00011768474849143732,0.22814259981807397,0.78873,0.0027694837776409222,51.40098762261386,0.7850436,0.77693775,UP,0.78873,46.379750268881395,0.000555378206520527,NORMAL,8.0,,
1470,2026-03-20 02:05:00.086374,EURUSD,1.15627,0.001930374630611313,62.521581435866615,1.153306,1.1514883999999999,0.0,0.0019768852176972026,0.6536177471466689,1.15627,0.003909880036239859,57.92138287899676,1.1532660000000001,1.1716144,DOWN,1.15627,40.94980136954618,0.0006856584791938776,NORMAL,2.0,,
1471,2026-03-20 02:05:00.299621,GBPUSD,1.3421,0.002315118205146297,72.0640076056057,1.3358895,1.3334343999999998,0.0,0.0027467669490740614,0.7317906170265153,1.3421,0.004736500642497442,61.97525252099498,1.3353157999999998,1.3484129999999999,DOWN,1.3421,53.410692204834895,0.0008966590271387046,NORMAL,6.0,,
1472,2026-03-20 02:05:00.330860,EURUSD,1.15627,0.001930374630611313,62.521581435866615,1.153306,1.1514883999999999,0.002219185086195674,0.0019768852176972026,0.6536177471466689,1.15627,0.003909880036239859,57.92138287899676,1.1532660000000001,1.1716144,DOWN,1.15627,40.94980136954618,0.0006856584791938776,NORMAL,2.0,,
1473,2026-03-20 02:05:00.487073,USDJPY,158.18,0.23168539325993068,41.52117272046572,158.30255,158.93846,0.0,-0.3696844602297528,0.4468950186968379,158.18,0.45403154637650156,40.60797669461259,158.84824,156.451135,UP,158.18,65.14727458623449,0.11089801398441321,NORMAL,500.0,,
1474,2026-03-20 02:05:00.721477,XAUUSD,4676.69,42.215245771853496,44.19713560635515,4658.681500000001,4814.6939999999995,0.0,-62.38694861366553,0.5718690809988182,4671.65,64.69080303153548,26.714401365806268,5018.5036,5055.5298,DOWN,4671.65,58.82738241669481,18.454369707941858,NORMAL,23000.0,,
1475,2026-03-20 02:05:02.519845,GBPUSD,1.34127,0.002219242414982787,67.859879102988,1.33659,1.3335461999999998,0.003214252843413812,0.0028333718202497213,0.6824726497967591,1.34127,0.004457056675549061,60.5422864473078,1.3352591999999999,1.3482827,DOWN,1.34127,46.32512752893593,0.0008675115205567659,NORMAL,6.0,,
1476,2026-03-20 02:05:02.873499,USDJPY,158.178,0.23168539325993068,41.45164828717518,158.30245,158.93841999999998,-0.3427459535016055,-0.36971636906166166,0.4460737918486158,158.177,0.45403154637650156,40.5587462830575,158.84818,156.45112,UP,158.177,65.02797191488679,0.11089801398441321,NORMAL,500.0,BUY,ACTIVE
1477,2026-03-20 02:05:03.201723,XAUUSD,4670.66,41.32242209427215,43.12883164490529,4650.870000000001,4808.1218,-43.36112652261454,-58.57374316981434,0.6016620203012154,4670.49,66.46549755800022,26.703524583847525,5018.4929999999995,5055.52715,DOWN,4670.49,56.94685537912798,20.205703008344482,NORMAL,23000.0,,
1478,2026-03-20 02:05:03.540272,AUDUSD,0.70889,0.0017689136337589373,61.72809220363986,0.7057694999999999,0.7066972,0.0008422061249929724,0.0003454549163980528,0.8436958458844016,0.70889,0.003711907473780759,53.74792462712106,0.7085130000000001,0.7063066499999999,UP,0.70889,58.96927732440948,0.0007598231831786618,NORMAL,8.0,,
1479,2026-03-20 02:05:03.878562,USDCAD,1.37303,0.0014350806629992352,51.764188856528335,1.3731475,1.3718276,0.0004075476087401775,0.0004540537174792029,0.45460443459711614,1.37303,0.0027117327835933305,62.82991131094868,1.3656432,1.3650577000000002,UP,1.37303,45.33396960469608,0.0006097290888522507,NORMAL,5.0,,
1480,2026-03-20 02:05:04.263782,NZDUSD,0.58862,0.001431346018457536,71.13192634912518,0.5843195,0.5837652,0.0014617668367312708,0.0009460189674357204,0.8983827435577051,0.58862,0.0029435435045459075,59.543169186323105,0.5866054,0.59548205,DOWN,0.58862,67.0349449908346,0.0006155137854278492,NORMAL,9.0,,
1481,2026-03-20 02:05:04.669762,USDCHF,0.78842,0.0014156524299237941,38.58135973571212,0.791038,0.7898102,-0.0007080759236456347,-0.00023729460745390666,0.22601353684744016,0.78842,0.0027694837776409222,50.56657344256142,0.7850373999999999,0.7769362,UP,0.78842,44.00690804150189,0.0005225557095655801,NORMAL,9.0,,
1482,2026-03-20 03:05:00.076891,EURUSD,1.15628,0.0018363172590370187,62.54647614141837,1.153862,1.1515482,0.0,0.0020006254890015136,0.6351403114208567,1.15628,0.003938451475258361,57.943392377246184,1.1532662,1.17161445,DOWN,1.15628,41.53520807815614,0.0006177243299389639,NORMAL,2.0,,
1483,2026-03-20 03:05:00.477511,GBPUSD,1.34147,0.0022378138435542264,68.87528398058146,1.3366,1.3335502,0.0,0.002836562703440639,0.6896490098977739,1.34147,0.00447562811091111,60.89811392158564,1.3352632,1.3482837,DOWN,1.34147,48.25103915814737,0.0008024884846041102,NORMAL,6.0,,
1484,2026-03-20 03:05:00.524375,EURUSD,1.15628,0.0018363172590370187,62.54647614141837,1.153862,1.1515482,0.0020904811611133223,0.0020006254890015136,0.6351403114208567,1.15628,0.003938451475258361,57.943392377246184,1.1532662,1.17161445,DOWN,1.15628,41.53520807815614,0.0006177243299389639,NORMAL,2.0,,
1485,2026-03-20 03:05:00.711861,USDJPY,158.316,0.2290139876189164,45.91555431966117,158.2629,158.92706,0.0,-0.3523427781347366,0.5248776212998939,158.316,0.46574583637409633,42.75721186135598,158.85096000000001,156.451815,UP,158.316,70.4406968005616,0.10210629008485035,NORMAL,500.0,,
1486,2026-03-20 03:05:00.972047,XAUUSD,4691.28,41.959564951415075,47.414462743167284,4651.901,4808.5342,0.0,-58.24476311283427,0.699603680094293,4691.28,67.09049778653043,29.313481921750395,5018.9088,5055.6311,DOWN,4691.28,63.15752930176116,19.30739462846293,NORMAL,21000.0,,
1487,2026-03-20 03:05:02.888339,GBPUSD,1.34104,0.0021176128547289374,66.69137393163491,1.3373205000000001,1.3336582000000001,0.0030403095276978487,0.002873100102480112,0.6550712965227967,1.34104,0.00450205669200324,60.13819111226235,1.3352546,1.34828155,DOWN,1.34104,44.18952788215636,0.0007590018580232088,NORMAL,6.0,,
1488,2026-03-20 03:05:03.232168,USDJPY,158.315,0.2290139876189164,45.883552071906905,158.26285000000001,158.92704,-0.2910330298116719,-0.352358732550691,0.524432779109427,158.315,0.46574583637409633,42.74197648237918,158.85094,156.45181,UP,158.315,70.4022902977019,0.10210629008485035,NORMAL,500.0,,
1489,2026-03-20 03:05:03.570404,XAUUSD,4706.04,40.77893276100788,50.43328035896751,4649.3695,4802.7348,-34.37894860455708,-53.383531835110574,0.8204294379433529,4706.04,68.22978391739395,31.502209428835897,5019.204000000001,5055.7049,DOWN,4706.04,67.14561027190979,19.044293452036037,NORMAL,22000.0,,
1490,2026-03-20 03:05:03.908405,AUDUSD,0.70867,0.0016941442925720751,61.05233007794825,0.7059869999999999,0.7066476,0.0008589951320008282,0.00044152592248154516,0.7945882051241329,0.70867,0.0034910569085980035,53.36228037638953,0.7085244,0.7063739,UP,0.70867,56.59454405063994,0.0007062642465379441,NORMAL,8.0,,
1491,2026-03-20 03:05:04.231220,USDCAD,1.37257,0.00140420755441767,48.4603672584712,1.3731740000000001,1.3718988,0.00034124967230675374,0.00043481142696318227,0.26067232801851126,1.37257,0.002583037516597969,60.09858949255112,1.3659548000000001,1.3650821,UP,1.37257,40.41910120112477,0.0005735318938119544,NORMAL,5.0,,
1492,2026-03-20 03:05:04.543805,NZDUSD,0.58836,0.0013803315069350565,69.80540936186117,0.584627,0.5838062,0.0014922242350666748,0.0010487506192525067,0.8415841887810426,0.58836,0.0027632903709606097,59.08561533227115,0.5864954,0.59542245,DOWN,0.58836,62.51530325829136,0.0005789091613415226,NORMAL,9.0,,
1493,2026-03-20 03:05:04.944562,USDCHF,0.78861,0.0013455037869700532,39.62001225918068,0.79088,0.7898837999999999,-0.0007103488435850069,-0.00032858693616160425,0.2657775527467825,0.78861,0.0025966634712446014,51.05816588327883,0.7852762000000001,0.7769829500000001,UP,0.78861,46.97822856503063,0.00047784743976359885,NORMAL,9.0,,
1494,2026-03-20 04:05:00.071919,EURUSD,1.15572,0.0017474986793098778,59.38413232169927,1.154363,1.1515853999999999,0.0,0.0019684304625669003,0.5855079681075035,1.15572,0.003975594345982444,56.7360829391953,1.1532550000000001,1.17161165,DOWN,1.15572,36.00113236325633,0.0005282518897820398,NORMAL,9.0,,
1496,2026-03-20 04:05:00.269665,GBPUSD,1.3407499999999999,0.002134755711871796,65.21587653650053,1.337306,1.3336524,0.0,0.002868473321853308,0.6438041098428937,1.3407499999999999,0.004519199555414354,59.63630416458804,1.3352488,1.3482801,DOWN,1.3407499999999999,41.63958959027734,0.0006945915834299823,NORMAL,6.0,,
1495,2026-03-20 04:05:00.332112,EURUSD,1.15572,0.0017474986793098778,59.38413232169927,1.154363,1.1515853999999999,0.001878579131757041,0.0019684304625669003,0.5855079681075035,1.15572,0.003975594345982444,56.7360829391953,1.1532550000000001,1.17161165,DOWN,1.15572,36.00113236325633,0.0005282518897820398,NORMAL,9.0,SELL,ACTIVE
1498,2026-03-20 04:05:00.597677,USDJPY,158.39,0.22060482523797467,48.18534969370265,158.22695,158.91806,0.0,-0.32986197061504985,0.5831264895106291,158.39,0.46960298064159683,43.86256536260241,158.85244,156.45218500000001,UP,158.39,73.62497051236747,0.09149210774477365,NORMAL,500.0,,
1497,2026-03-20 04:05:00.675953,GBPUSD,1.3407499999999999,0.002134755711871796,65.21587653650053,1.337306,1.3336524,0.003017175624563828,0.002868473321853308,0.6438041098428937,1.3407499999999999,0.004519199555414354,59.63630416458804,1.3352488,1.3482801,DOWN,1.3407499999999999,41.63958959027734,0.0006945915834299823,NORMAL,6.0,,
1500,2026-03-20 04:05:00.951756,XAUUSD,4732.58,42.81750418957931,55.21582514482365,4650.6965,4803.2656,0.0,-52.96010163568039,0.9416445031904901,4732.58,70.26835609136543,35.114772982139115,5019.7348,5055.8376,DOWN,4732.58,72.37039087428292,19.244942403323787,NORMAL,21000.0,,
1499,2026-03-20 04:05:00.998773,USDJPY,158.39,0.22060482523797467,48.18534969370265,158.22695,158.91806,-0.24459742999496825,-0.32986197061504985,0.5831264895106291,158.39,0.46960298064159683,43.86256536260241,158.85244,156.45218500000001,UP,158.39,73.62497051236747,0.09149210774477365,NORMAL,500.0,,
1501,2026-03-20 04:05:06.950198,XAUUSD,4724.01,40.37125389032362,53.42330435606632,4650.504500000001,4797.660400000001,-25.601719139038323,-47.48842513635198,0.8992967697926276,4724.01,70.26835609136543,33.990622441518596,5019.5634,5055.79475,DOWN,4724.01,67.97619271329303,18.48210682259811,NORMAL,21000.0,,
1502,2026-03-20 04:05:07.382081,AUDUSD,0.70833,0.001642419700245494,58.72169236506301,0.706279,0.7065917999999999,0.0008751278722878286,0.0005297779363744139,0.7336017619065759,0.70833,0.0035110569159109645,52.69586600927856,0.7085176,0.7063722,UP,0.70833,52.164081319848016,0.0006594122819731431,NORMAL,8.0,,
1503,2026-03-20 04:05:07.710125,USDCAD,1.3731,0.0013535498719592445,52.1054187449932,1.3731465,1.3719752,0.0003108313895485715,0.0004098877841526376,0.4813078213648231,1.3731,0.0025880375184261957,62.59740700118747,1.3659654,1.36508475,UP,1.3731,48.79676769103996,0.0005145094631814829,NORMAL,5.0,,
1504,2026-03-20 04:05:08.048222,NZDUSD,0.58825,0.0013500527258274613,67.63875887809489,0.585018,0.5838554,0.001540658399954098,0.0011509612352218906,0.7986914420571186,0.58825,0.0027968618118073777,58.85667387958536,0.5864931999999999,0.5954219,DOWN,0.58825,58.43378687530521,0.0005275272639726455,NORMAL,9.0,,
1505,2026-03-20 04:05:08.370883,USDCHF,0.78916,0.0012855188225946424,43.67940720318164,0.790746,0.7899596,-0.0006647075242837142,-0.00039338598256095003,0.33668315170096297,0.78916,0.0026245206242876593,52.605937874757984,0.7852872000000001,0.7769857,UP,0.78916,55.186695199948986,0.0004205737657107808,NORMAL,9.0,,
1506,2026-03-20 05:05:00.077883,EURUSD,1.1558,0.0016775242838489774,59.56114036858285,1.154744,1.1516262,0.0,0.001917862745922112,0.5716988931338621,1.1558,0.0039870229215898485,56.90546625247135,1.1532566000000002,1.17161205,DOWN,1.1558,40.135040041710766,0.0004798698831074619,NORMAL,2.0,,
1507,2026-03-20 05:05:00.291386,GBPUSD,1.34045,0.0020233445895952453,63.57506937015025,1.3380435,1.3337482,0.0,0.0028472619993313796,0.6135495317804128,1.34045,0.004539913848702775,59.125850648903764,1.3352428,1.3482785999999998,DOWN,1.34045,39.55434703527513,0.000585124137784829,NORMAL,6.0,,
1508,2026-03-20 05:05:00.478872,USDJPY,158.354,0.20996468465975276,47.09436054617939,158.1865,158.90627999999998,0.0,-0.30677567272304784,0.5949626156537213,158.354,0.47046012381215246,43.33020856034768,158.85172,156.452005,UP,158.354,68.22692894247126,0.07860886722745462,NORMAL,300.0,,
1510,2026-03-20 05:05:00.697560,XAUUSD,4724.84,40.52911103318077,53.883507541510355,4650.1990000000005,4797.5382,0.0,-47.649249376415,0.9104429254208811,4724.84,70.26835609136543,34.101196549536354,5019.58,5055.7989,DOWN,4724.84,67.04513107488557,16.083365101277277,NORMAL,18000.0,,
1509,2026-03-20 05:05:00.754983,EURUSD,1.1558,0.0016775242838489774,59.56114036858285,1.154744,1.1516262,0.0017258027055540026,0.001917862745922112,0.5716988931338621,1.1558,0.0039870229215898485,56.90546625247135,1.1532566000000002,1.17161205,DOWN,1.1558,40.135040041710766,0.0004798698831074619,NORMAL,2.0,,
1511,2026-03-20 05:05:01.233848,GBPUSD,1.34064,0.001915401608705794,63.96142681211708,1.33864,1.3338400000000001,0.0026037972389381103,0.0027958887053723693,0.6037882505951037,1.34064,0.0045477709944328724,59.44811772050885,1.3352466,1.34827955,DOWN,1.34064,44.09175568425093,0.0005710287731563177,NORMAL,6.0,,
1512,2026-03-20 05:05:03.572044,USDJPY,158.353,0.20996468465975276,47.06409875417167,158.18645,158.90625999999997,-0.21374444126902858,-0.306791627139008,0.5944282908062652,158.353,0.47046012381215246,43.315276704950136,158.8517,156.452,UP,158.353,68.09851223508231,0.07860886722745462,NORMAL,300.0,,
1513,2026-03-20 05:05:03.910062,XAUUSD,4712.37,38.52743983693319,51.183134666729174,4650.188499999999,4791.747,-21.494485828146026,-42.46003341889799,0.8423933302717637,4712.37,70.26835609136543,32.39988599373197,5019.3306,5055.73655,DOWN,4712.37,60.20928097953541,15.496932702337187,NORMAL,14000.0,,
1514,2026-03-20 05:05:04.222701,AUDUSD,0.70829,0.0015766856400238746,58.346955841476706,0.706502,0.7065524000000001,0.0008578651327282305,0.0005934808457306444,0.7086030819812562,0.70829,0.0035260569213956833,52.6089014869652,0.7085168000000001,0.7063719999999999,UP,0.70829,51.94829742261003,0.000590553548586749,NORMAL,2.0,,
1515,2026-03-20 05:05:04.560919,USDCAD,1.373,0.0012862554933499163,51.37778852334486,1.373072,1.3720396,0.00027548904643315275,0.0003828804012811182,0.4664899530236392,1.373,0.0025880375184261957,62.11015124515763,1.3659634000000003,1.3650842499999998,UP,1.373,47.19593902015353,0.00044458311476039533,NORMAL,2.0,,
1516,2026-03-20 05:05:04.899224,NZDUSD,0.588,0.0012923958984724343,65.76222619471757,0.585355,0.5839068000000001,0.0015198915504335275,0.0012242367569536747,0.7518524190711728,0.588,0.0028032903855865396,58.23337245864348,0.5864882,0.59542065,DOWN,0.588,54.452571878622784,0.0004561670370014154,NORMAL,7.0,,
1517,2026-03-20 05:05:05.237316,USDCHF,0.78915,0.0012173695189399234,43.71418801119907,0.7905819999999999,0.7900348000000001,-0.0006291190330405261,-0.00043951151003577876,0.35164441494753784,0.78915,0.0026330920559932166,52.57882017662116,0.785287,0.77698565,UP,0.78915,54.2614474323966,0.0003535783681678828,NORMAL,4.0,,
1518,2026-03-20 06:05:00.463349,EURUSD,1.15577,0.0016422929574516063,59.03485343919845,1.1551365,1.1516473999999999,0.0015595549353424332,0.001839053605458606,0.5487932993677467,1.15577,0.0037629497990865346,56.645147040973725,1.153121,1.1714812000000001,DOWN,1.15577,43.73687752565054,0.0004975830822562509,NORMAL,2.0,,
1519,2026-03-20 06:05:00.801754,GBPUSD,1.34026,0.0019361158944200727,62.79782135129775,1.338621,1.3338324,0.002573483848624658,0.002789826027309679,0.5851881489177578,1.34026,0.0045477709944328724,58.80705874533761,1.335239,1.34827765,DOWN,1.34026,39.86477346736865,0.0005605510921926211,NORMAL,6.0,,
1520,2026-03-20 06:05:01.145421,USDJPY,158.391,0.20082435004119956,48.265513398687595,158.15365,158.89939999999999,-0.17861224321612212,-0.2801729583316345,0.6527515562256526,158.391,0.4412537840127244,43.96559218458164,158.86848,156.46699,UP,158.391,67.68817690216068,0.07001532781668227,NORMAL,300.0,,
1521,2026-03-20 06:05:01.468325,XAUUSD,4703.81,39.26886840836177,49.44953360766916,4649.760499999999,4791.5758000000005,-22.17733483099437,-42.59660321946766,0.8014694556701556,4703.81,70.26835609136543,31.180260759174644,5019.1594000000005,5055.69375,DOWN,4703.81,54.98115678193529,15.087496357799944,NORMAL,18000.0,,
1522,2026-03-20 06:05:01.499457,EURUSD,1.15578,0.0016422929574516063,59.07566308101472,1.155137,1.1516476,0.0,0.0018392131496181784,0.5495234272820726,1.15578,0.0037629497990865346,56.66185894297716,1.1531212,1.17148125,DOWN,1.15578,43.901726355231894,0.0004975830822562509,NORMAL,2.0,,
1523,2026-03-20 06:05:01.743967,GBPUSD,1.3407,0.0018802198611451817,63.71881783816605,1.3392475,1.3339138000000004,0.0,0.0027097093392132498,0.5884752113788345,1.3407,0.004299358722041096,59.23341628095564,1.3351854,1.3481368,DOWN,1.3407,47.454199853944615,0.0005817157148424588,NORMAL,6.0,,
1524,2026-03-20 06:05:01.868973,USDJPY,158.391,0.20082435004119956,48.265513398687595,158.15365,158.89939999999999,0.0,-0.2801729583316345,0.6527515562256526,158.391,0.4412537840127244,43.96559218458164,158.86848,156.46699,UP,158.391,67.68817690216068,0.07001532781668227,NORMAL,300.0,,
1525,2026-03-20 06:05:02.040774,XAUUSD,4694.72,38.50843903225434,47.93113020122016,4648.7725,4785.3240000000005,0.0,-38.361179563774705,0.7627490994064838,4694.72,66.21918298275423,29.90991706780062,5009.0574,5054.881649999999,DOWN,4694.72,50.59619556650987,15.63112015562697,NORMAL,18000.0,,
1526,2026-03-20 06:05:03.878963,AUDUSD,0.70879,0.0015766672779813577,60.401802924762016,0.7066749999999999,0.7065146,0.0009115406014148508,0.0006628363866110666,0.7387763068667039,0.70879,0.0035689140799234683,53.589986306044956,0.7085268,0.7063745,UP,0.70879,55.77054825790613,0.0005965767532895894,NORMAL,4.0,,
1527,2026-03-20 06:05:04.248515,USDCAD,1.37338,0.0012332576519882067,54.045993178141636,1.3730805,1.3721130000000001,0.0002879161672320052,0.0003664402610239588,0.6395150147015687,1.37338,0.0025880375184261957,63.80400341841819,1.365971,1.36508615,UP,1.37338,53.842596999570354,0.0004074486376007839,NORMAL,4.0,,
1528,2026-03-20 06:05:04.576739,NZDUSD,0.58801,0.0012322247628672566,65.81906183738931,0.585647,0.5839502,0.001492061842178094,0.0012783123153091022,0.7288185732345207,0.58801,0.0028032903855865396,58.263055763849785,0.5864884,0.5954207,DOWN,0.58801,52.788057079372,0.00043173526611465444,NORMAL,5.0,,
1529,2026-03-20 06:05:04.962067,USDCHF,0.78951,0.0011722002675870627,46.39480607233583,0.7903845,0.7901217999999999,-0.0005604944095420894,-0.00046166592469486776,0.40533893218814865,0.78951,0.0026438063456251607,53.535901636544395,0.7852942,0.77698745,UP,0.78951,59.70925934745304,0.0003410323927473645,NORMAL,4.0,,
1530,2026-03-20 07:05:00.085058,EURUSD,1.15612,0.0016278944808989454,60.480838736356134,1.1555515,1.1516818,0.0,0.0017693937085326533,0.5512301923612201,1.15612,0.0038222355350499577,57.22249691734117,1.153128,1.1714829500000001,DOWN,1.15612,49.2518216443331,0.0005431853603586374,NORMAL,2.0,,
1532,2026-03-20 07:05:00.407761,GBPUSD,1.34091,0.0019109341468594781,64.34946264739668,1.3392579999999998,1.3339180000000002,0.0,0.0027130597665636956,0.6005248964909433,1.34091,0.004330073018986016,59.485863730482976,1.3351896000000003,1.3481378499999999,DOWN,1.34091,49.73731751592853,0.0005960715426752636,NORMAL,6.0,,
1531,2026-03-20 07:05:00.454741,EURUSD,1.15611,0.0016278944808989454,60.43985449494489,1.155551,1.1516815999999999,0.0014816601037348498,0.001769234164373125,0.5503760450765807,1.15611,0.0038222355350499577,57.20621468233247,1.1531277999999998,1.1714829,DOWN,1.15611,49.10165784356114,0.0005431853603586374,NORMAL,5.0,,
1534,2026-03-20 07:05:00.792897,USDJPY,158.432,0.1927705699362149,49.662941439060006,158.1236,158.89454,0.0,-0.2536299973662563,0.7307520726996236,158.432,0.446468071633603,44.47334918883052,158.8693,156.467195,UP,158.432,69.14033977335095,0.06635918869819553,NORMAL,300.0,,
1533,2026-03-20 07:05:00.933662,GBPUSD,1.3403800000000001,0.0018330102792266454,62.74351533719758,1.339784,1.3339690000000002,0.002214204394062058,0.0026049923957670532,0.5444238946876927,1.3403800000000001,0.00434293016654434,58.84262691791865,1.335179,1.3481352000000002,DOWN,1.3403800000000001,44.49140487594107,0.000633449727931818,NORMAL,6.0,,
1536,2026-03-20 07:05:01.381014,XAUUSD,4685.24,39.19129617511151,46.024308902315035,4648.2985,4785.1344,0.0,-38.51242742702248,0.7135719600874035,4685.24,66.90204037529692,28.65229924241227,5008.8678,5054.83425,DOWN,4685.24,46.44314076117049,15.518758364212706,NORMAL,18000.0,,
1535,2026-03-20 07:05:01.443643,USDJPY,158.432,0.1927705699362149,49.662941439060006,158.1236,158.89454,-0.14905359510018457,-0.2536299973662563,0.7307520726996236,158.432,0.446468071633603,44.47334918883052,158.8693,156.467195,UP,158.432,69.14033977335095,0.06635918869819553,NORMAL,300.0,,
1537,2026-03-20 07:05:01.735354,XAUUSD,4673.62,37.22191787688925,43.848103406626116,4648.028499999999,4778.781599999999,-20.132329857124205,-34.83640791304283,0.6485908389257593,4673.62,67.21489763254974,27.897197107351943,5008.6354,5054.77615,DOWN,4673.62,41.538227390788194,15.240580744154043,NORMAL,18000.0,,
1538,2026-03-20 07:05:03.850825,AUDUSD,0.70871,0.0015324155336357446,59.450789778389115,0.7068365,0.7064522000000001,0.0008834474983603346,0.0007017255605278648,0.7121075382246825,0.70871,0.0033704201452480296,53.48662491423851,0.7085505999999999,0.7064278,UP,0.70785,43.5424789577679,0.0006143469382322275,NORMAL,2.0,,
1539,2026-03-20 07:05:04.178853,USDCAD,1.37347,0.0012286372074584175,53.80849651253674,1.373109,1.3721938,0.0003247734454712159,0.0003655097469162613,0.6588607336599098,1.37347,0.0024826674556319727,62.8824797710873,1.3662604000000003,1.36512585,UP,1.37347,53.02499212108282,0.00041525203939224626,NORMAL,2.0,,
1540,2026-03-20 07:05:04.501597,NZDUSD,0.5881,0.0012109434022542864,65.03631972132723,0.5859565,0.5839812,0.001435761346112674,0.0013052072496749624,0.7203349091134026,0.5881,0.0026598410032489563,58.226484175599204,0.5863998,0.5953494,DOWN,0.5881,53.77003376309102,0.0004297354128170778,NORMAL,5.0,,
1541,2026-03-20 07:05:04.855214,USDCHF,0.78905,0.0011393900443920644,43.41751318670163,0.7900674999999999,0.7902,-0.0005414932169041098,-0.0004764826651880071,0.3719712958512047,0.78905,0.0025058813705201117,52.04946886960887,0.785529,0.7770421500000001,UP,0.78905,49.19018811108129,0.0003340644810712404,NORMAL,4.0,,
1542,2026-03-20 08:05:00.089316,EURUSD,1.15727,0.001627942834304119,64.65617481193739,1.1560375,1.151766,0.0,0.0017423642310911904,0.6340943447310511,1.15727,0.003885806986866171,59.01577595758419,1.153151,1.1714887,DOWN,1.15725,61.065974115517115,0.0006265940490220813,NORMAL,2.0,,
1544,2026-03-20 08:05:00.302582,GBPUSD,1.34213,0.0019730102792266586,67.96575832526355,1.3398715,1.3340040000000002,0.0,0.0026329126236872727,0.6664078987779283,1.34213,0.004440073059207314,60.892767170909984,1.335214,1.3481439499999999,DOWN,1.34213,60.38353604387353,0.0007579135306967588,NORMAL,5.0,,
1543,2026-03-20 08:05:00.333965,EURUSD,1.15727,0.001627942834304119,64.65617481193739,1.1560375,1.151766,0.001560217831297006,0.0017423642310911904,0.6340943447310511,1.15725,0.003885806986866171,58.98587410771215,1.1531506,1.1714886,DOWN,1.15725,61.065974115517115,0.0006265940490220813,NORMAL,2.0,,
1546,2026-03-20 08:05:00.599419,USDJPY,158.308,0.1923226720836281,45.6250358940046,158.08685,158.88306,0.0,-0.2334703228628164,0.7001156415747882,158.308,0.4513252162667525,42.98401673689664,158.86682,156.466575,UP,158.308,52.79217977790976,0.07338387045801587,NORMAL,300.0,,
1545,2026-03-20 08:05:00.661968,GBPUSD,1.34314,0.001927948320506399,70.44585867266495,1.3405605,1.3341484,0.002425314169746118,0.0025980299699360867,0.7537467661761078,1.34314,0.0044979302232198174,61.98563340716842,1.3352342000000001,1.348149,DOWN,1.34314,67.52532317306436,0.0007794658741401902,NORMAL,6.0,,
1548,2026-03-20 08:05:00.938275,XAUUSD,4687.09,38.994877060562715,47.0686224406307,4647.907499999999,4778.7332,0.0,-35.020048786087905,0.7276960961106801,4687.09,68.08061223481091,28.77630612002463,5008.9048,5054.8435,DOWN,4687.09,49.34319570171522,15.271051195455396,NORMAL,17000.0,,
1547,2026-03-20 08:05:00.985286,USDJPY,158.313,0.1923226720836281,45.81784773534501,158.08710000000002,158.88316,-0.14368974450715655,-0.23339055078304435,0.7042565049694369,158.313,0.4513252162667525,43.041905485455366,158.86692,156.4666,UP,158.313,53.31506490902679,0.07338387045801587,NORMAL,300.0,,
1549,2026-03-20 08:05:01.495233,XAUUSD,4704.3,37.768355229706174,50.24672779310145,4651.51,4773.462799999999,-15.353966904177469,-30.8411344040079,0.7878076618582439,4704.3,68.56061241032202,31.42851401448719,5009.249,5054.92955,DOWN,4704.18,56.028732143060026,14.945679905811811,NORMAL,18000.0,,
1550,2026-03-20 08:05:01.817905,AUDUSD,0.70933,0.0015996919751107474,61.40492194091136,0.707052,0.7063875999999999,0.000880260129264121,0.0007278598247024873,0.7629846557114114,0.70933,0.0034482773165735022,54.7194736205953,0.708563,0.7064309,UP,0.70933,59.76534756927403,0.0006501206399122529,NORMAL,4.0,,
1551,2026-03-20 08:05:03.843434,USDCAD,1.37249,0.001260163121211392,46.87990529116843,1.3730705,1.3722518,0.00025399988733920686,0.0003470368348298807,0.25355912630435096,1.37249,0.0025569531970801385,58.40137440773337,1.3662408000000001,1.3651209499999999,UP,1.37249,39.68193824315349,0.0004899053741572475,NORMAL,1.0,,
1552,2026-03-20 08:05:04.197222,NZDUSD,0.58873,0.0012560290776034758,67.09865212799454,0.5862875,0.5840082,0.0014086276839452294,0.001317722675560341,0.7724713284851595,0.58873,0.0027319838867707266,59.56706983536518,0.5864124000000001,0.59535255,DOWN,0.58873,61.11271502976584,0.0005070523794336201,NORMAL,7.0,,
1553,2026-03-20 08:05:04.572165,USDCHF,0.78915,0.0010865476840494302,43.845351637706585,0.789593,0.7903648,-0.00046092439761535875,-0.00046696682779321334,0.41974373731444004,0.78915,0.0025615956766062357,52.35391123062575,0.785531,0.7770426500000001,UP,0.78915,50.55452491771012,0.0004242941604181861,NORMAL,4.0,BUY,ACTIVE
1554,2026-03-20 09:05:00.084356,EURUSD,1.1565,0.0016054367134864895,59.95699923201928,1.156247,1.1518326,0.0,0.0016742346610662767,0.5307465426839699,1.1565,0.003925807001492093,57.832171581698226,1.1531356,1.1714848500000001,DOWN,1.1565,48.15357990436837,0.0006427586446337801,NORMAL,4.0,,
1556,2026-03-20 09:05:00.375639,GBPUSD,1.34311,0.0019486626062206777,70.37513196979019,1.340559,1.3341478,0.0,0.002597551337457458,0.7511007247255812,1.34311,0.004518644516508239,61.95405296534317,1.3352336,1.34814885,DOWN,1.34311,65.37662293258245,0.0007452499142661121,NORMAL,6.0,,
1555,2026-03-20 09:05:00.422675,EURUSD,1.15651,0.0016054367134864895,60.016635628088494,1.1562474999999999,1.1518328,0.0014369756402259348,0.0016743942052258494,0.5319000345443633,1.15651,0.003925807001492093,57.84798105861072,1.1531358,1.1714849,DOWN,1.15651,48.2695360845667,0.0006427586446337801,NORMAL,2.0,,
1558,2026-03-20 09:05:00.682708,USDJPY,158.527,0.1959322771388789,53.04412161451424,158.11100000000002,158.88204,0.0,-0.20476638845680267,0.8451031175699765,158.527,0.45803950443610447,45.9018750730912,158.8712,156.46767,UP,158.527,70.51530772820979,0.07684823463036934,NORMAL,300.0,,
1557,2026-03-20 09:05:00.839101,GBPUSD,1.34103,0.001918758134347771,60.83383416419786,1.340789,1.3342301999999997,0.002162959724600011,0.0024923811630341037,0.5283899753952881,1.34103,0.004518644516508239,59.6287206012489,1.3351920000000002,1.3481384499999998,DOWN,1.34103,45.64179804173647,0.0007871511140080469,NORMAL,6.0,,
1560,2026-03-20 09:05:01.338238,XAUUSD,4708.36,39.854783801134744,51.005694700567645,4651.713,4773.544,0.0,-30.77635947523297,0.8071326317726881,4687.11,70.48989883004766,28.77765260008674,5008.9052,5054.8436,DOWN,4687.11,47.071632111896406,16.74614052053105,NORMAL,18000.0,,
1559,2026-03-20 09:05:01.385278,USDJPY,158.527,0.1959322771388789,53.04412161451424,158.11100000000002,158.88204,-0.1014378303199237,-0.20476638845680267,0.8451031175699765,158.527,0.45803950443610447,45.9018750730912,158.8712,156.46767,UP,158.527,70.51530772820979,0.07684823463036934,NORMAL,300.0,,
1561,2026-03-20 09:05:01.879949,XAUUSD,4687.11,38.83780944799242,47.12980440457024,4656.6075,4767.0388,-14.742546786484127,-27.757731410417673,0.6809267919348623,4687.11,70.48989883004766,28.77765260008674,5008.9052,5054.8436,DOWN,4687.11,46.92788431405615,16.573275138359236,NORMAL,18000.0,,
1562,2026-03-20 09:05:04.057615,AUDUSD,0.70894,0.0015650711197456963,59.55741435631486,0.707392,0.7063244000000001,0.0008674814503289996,0.000752465631309285,0.7134000889895934,0.70894,0.003473277325714705,53.951726494673515,0.7085551999999999,0.7064289499999999,UP,0.70894,53.85938469113751,0.0006297972508097884,NORMAL,4.0,,
1563,2026-03-20 09:05:04.396173,USDCAD,1.37192,0.0012816820819411894,43.58628193389186,1.373018,1.3722712,0.00011049526042472557,0.0002953889188092584,0.08148669321818504,1.37192,0.0026362389403565304,56.0770875554825,1.3662294,1.3651181,UP,1.37192,36.60149130891054,0.000513773649349861,NORMAL,4.0,,
1564,2026-03-20 09:05:04.750080,NZDUSD,0.58842,0.0012457004700195484,64.48420534366946,0.586677,0.5840448,0.0013896662306376317,0.0013327495632139827,0.7342591902977483,0.58842,0.0027605553257892446,58.91834182543656,0.5864062,0.595351,DOWN,0.58842,54.2685425919267,0.000494253295282806,NORMAL,5.0,,
1565,2026-03-20 09:05:05.140637,USDCHF,0.78867,0.001140119112620861,40.78990663226773,0.7895545,0.7903493999999999,-0.0005170762145648711,-0.0004818986156845413,0.3417598811702298,0.78867,0.002575881396115495,50.924181097694735,0.7855214,0.77704025,UP,0.78867,43.879290826632676,0.00047514830164578013,NORMAL,2.0,,
1566,2026-03-20 10:05:00.105838,EURUSD,1.15397,0.001707803478849686,47.65589535775111,1.1562815,1.1518142,0.0,0.0015289141280859216,0.1902654915901261,1.15397,0.0037536575201146762,52.95213659069592,1.1529414,1.1713421,DOWN,1.15397,27.65822716901137,0.0007598450333256905,NORMAL,2.0,,
1568,2026-03-20 10:05:00.287827,GBPUSD,1.34026,0.001990900991490625,57.37278663819961,1.3407505,1.3342147999999998,0.0,0.002480096262749195,0.4422834945614233,1.34026,0.004518644516508239,58.69414234738444,1.3351766,1.3481345999999998,DOWN,1.34026,40.32958930719455,0.0008170834680934821,NORMAL,6.0,,
1567,2026-03-20 10:05:00.334866,EURUSD,1.15397,0.001707803478849686,47.65589535775111,1.1562815,1.1518142,0.0010529311414635423,0.0015289141280859216,0.1902654915901261,1.15397,0.0037536575201146762,52.95213659069592,1.1529414,1.1713421,DOWN,1.15397,27.65822716901137,0.0007598450333256905,NORMAL,2.0,,
1570,2026-03-20 10:05:00.647113,USDJPY,158.89,0.20926364509834713,62.227268480125375,158.15255,158.887,0.0,-0.1659447827527722,1.0000690600263231,158.89,0.4526489310249753,50.79618643518897,158.90232,156.48652,UP,158.89,83.77163188804901,0.08816498237652443,NORMAL,300.0,,
1569,2026-03-20 10:05:00.678609,GBPUSD,1.33744,0.0020751223492412895,47.31285251505788,1.340697,1.3342224000000003,0.0015627129873896362,0.0022701990948567966,0.11367162823973014,1.33744,0.004405731147768339,54.08378239663048,1.3350122,1.3479664500000001,DOWN,1.33744,27.06981385588601,0.0009455910053133472,NORMAL,6.0,,
1572,2026-03-20 10:05:00.938710,XAUUSD,4678.33,39.689952305135364,45.617354763374124,4656.1685,4766.8632,0.0,-27.897811182497335,0.6323615994824686,4678.33,70.48989883004766,28.19841845703253,5008.729600000001,5054.7997,DOWN,4678.33,43.2649580051936,16.546560997909857,NORMAL,17000.0,,
1571,2026-03-20 10:05:01.079477,USDJPY,158.89,0.20926364509834713,62.227268480125375,158.15255,158.887,-0.03025038272866709,-0.1659447827527722,1.0000690600263231,158.89,0.4526489310249753,50.79618643518897,158.90232,156.48652,UP,158.89,83.77163188804901,0.08816498237652443,NORMAL,300.0,SELL,ACTIVE
1573,2026-03-20 10:05:01.771663,XAUUSD,4655.53,39.31638428333996,41.97689231921169,4657.328,4759.5712,-17.14946018370665,-25.885221324619557,0.48899661913204673,4655.53,66.84449587259054,26.743686497596343,4998.0652,5053.8979,DOWN,4655.53,35.85858253672343,17.103734463890262,NORMAL,9000.0,,
1574,2026-03-20 10:05:02.099555,AUDUSD,0.70797,0.0015472088969067108,53.71134748263495,0.7075775,0.7062524,0.0007661299520417275,0.0007509865296438048,0.5609569372159858,0.70797,0.003473277325714705,51.855275473725435,0.7085357999999999,0.7064241,UP,0.70797,43.21213318923359,0.0006533929541182409,NORMAL,4.0,,
1575,2026-03-20 10:05:04.518295,USDCAD,1.37177,0.0012536537699657873,43.08257072258439,1.3729974999999999,1.3722812,-1.1773547933469075e-05,0.00023025500095930513,0.05830642256497302,1.37177,0.0026455246580375474,55.49586337555293,1.3662264000000002,1.3651173499999998,UP,1.37177,37.50938056272026,0.0005433416291364442,NORMAL,4.0,,
1576,2026-03-20 10:05:04.903399,NZDUSD,0.58724,0.0012559055384875446,56.33321891437144,0.5868565,0.5840702,0.0012469360119842232,0.0013125236051047889,0.5568907895914059,0.58724,0.0027676981855438744,55.97605043512428,0.5863826,0.5953451,DOWN,0.58724,39.46060181286186,0.0005170639417540878,NORMAL,7.0,SELL,ACTIVE
1577,2026-03-20 10:05:05.257171,USDCHF,0.78796,0.0011711310127397823,36.50763346448289,0.789352,0.7903814,-0.000576085811929028,-0.0004993320663294313,0.2320986961603715,0.78796,0.002640167133907168,48.94699265574339,0.7855072,0.7770367,UP,0.78796,39.644394903956915,0.0005515353516661361,NORMAL,4.0,,
1578,2026-03-20 10:13:33.236829,EURUSD,1.15435,0.0017292320502782551,49.24762786240994,1.1563005,1.1518218,0.0010832445317769945,0.001534976806148612,0.23537835694171017,1.15435,0.003775086099378565,53.775108571898606,1.152949,1.171344,DOWN,1.15435,29.671901507853036,0.0007812865702036471,NORMAL,7.0,,
1579,2026-03-20 10:13:33.698172,GBPUSD,1.33718,0.002124408063526994,46.519191539821485,1.340684,1.3342171999999999,0.0015419722466487595,0.002266050946708621,0.0886354605840239,1.33718,0.004455016880075277,53.66148415156908,1.335007,1.34796515,DOWN,1.33718,26.221547106501035,0.0009949065401326427,NORMAL,6.0,,
1580,2026-03-20 10:13:34.147251,USDJPY,158.828,0.20926364509834713,60.75817018506924,158.14945,158.88576,-0.03519625167453455,-0.16693395654194568,0.9681549199537929,158.827,0.4526489310249753,49.96011343941223,158.90106,156.48620499999998,UP,158.827,81.53011711484204,0.08816498237652443,NORMAL,300.0,,
1581,2026-03-20 10:13:34.563724,XAUUSD,4663.34,39.45852714048286,43.19891570935088,4657.718500000001,4759.7274,-16.526440240686497,-25.760617336015525,0.5343862062491901,4663.34,66.98663878170774,27.241851563591695,4998.221399999999,5053.93695,DOWN,4663.34,38.212684206933396,17.245963325180774,NORMAL,17000.0,,
1582,2026-03-20 10:13:35.062548,AUDUSD,0.7059,0.0016286837716174606,44.05325279578094,0.707571,0.7061240000000001,0.00044110369555960816,0.0006698646636816544,0.22496070762735051,0.7059,0.0034005941178554258,47.464642320799435,0.708471,0.7064435,UP,0.7059,27.357888152629968,0.0007835188058193099,NORMAL,2.0,,
1583,2026-03-20 10:13:35.510951,USDCAD,1.37237,0.0012359438068049629,47.442683444021256,1.3729815,1.3723394,-3.035965247422112e-05,0.00018042950617001803,0.27951619011659823,1.37237,0.002528395305134323,57.53858251125062,1.3665088,1.3651476,UP,1.37237,48.767952996204535,0.0006226521585558399,NORMAL,1.0,,
1584,2026-03-20 10:13:35.962753,NZDUSD,0.58578,0.0013018102449221052,48.43575288042329,0.5869095000000001,0.5840443999999999,0.0009615379022580584,0.00123032874373772,0.31804963031153693,0.58578,0.002705617657681997,51.87247654069206,0.586249,0.5952526,DOWN,0.58578,27.795898600333757,0.0006001513654337803,NORMAL,5.0,,
1585,2026-03-20 10:13:36.460756,USDCHF,0.78851,0.001148907368972653,40.08951375883152,0.789211,0.7904367999999999,-0.0005510379381750141,-0.0005039296509549492,0.34850521445286164,0.78851,0.0025130123268751023,50.480854324227245,0.785734,0.77709025,UP,0.78851,46.67620084335454,0.0005857749957739446,NORMAL,2.0,,
1586,2026-03-20 11:05:00.240880,EURUSD,1.15623,0.0017358685364828636,57.03809786091117,1.156623,1.1519018,0.0,0.0014783606317660147,0.4274270300647689,1.15623,0.0038743718499679256,57.3549453338165,1.1529866,1.1713534,DOWN,1.15623,50.80089702644076,0.000808441767518114,NORMAL,2.0,,
1588,2026-03-20 11:05:00.506444,GBPUSD,1.33777,0.002124408063526994,48.36005396918406,1.3407135000000001,1.3342289999999999,0.0,0.0022754640521217575,0.14654671110456652,1.33812,0.004455016880075277,55.2203394280769,1.3350258,1.3479698500000001,DOWN,1.33812,36.213485727779656,0.0009764612777214637,NORMAL,6.0,,
1587,2026-03-20 11:05:00.662828,EURUSD,1.15623,0.0017358685364828636,57.03809786091117,1.156623,1.1519018,0.001147873142212985,0.0014783606317660147,0.4274270300647689,1.15623,0.0038743718499679256,57.3549453338165,1.1529866,1.1713534,DOWN,1.15623,50.80089702644076,0.000808441767518114,NORMAL,2.0,,
1590,2026-03-20 11:05:01.032523,USDJPY,158.659,0.2100356296321399,55.109997418961576,158.1674,158.87854,0.0,-0.13939412278497293,0.8315872938693173,158.659,0.46586322157104143,47.801871151734765,158.89770000000001,156.485365,UP,158.659,61.298431978686466,0.08944474922825857,NORMAL,300.0,,
1589,2026-03-20 11:05:01.063758,GBPUSD,1.33811,0.0020212360589893525,49.56362956154278,1.3408309999999999,1.334274,0.0013326711424084259,0.002088309458783081,0.13154884089567362,1.33811,0.004455016880075277,55.20327938428296,1.3350255999999998,1.3479698,DOWN,1.33812,36.33295581989425,0.000995092935961253,NORMAL,6.0,,
1592,2026-03-20 11:05:01.339459,XAUUSD,4658.85,39.75495571191141,42.48781849778801,4657.494000000001,4759.6376,0.0,-25.832252663651047,0.5082986261047024,4658.85,67.28306746152487,26.953210703422158,4998.1316,5053.9145,DOWN,4658.85,36.91855432902947,17.689738164651015,NORMAL,18000.0,,
1591,2026-03-20 11:05:01.386456,USDJPY,158.659,0.2100356296321399,55.109997418961576,158.1674,158.87854,-0.0222786624009359,-0.13939412278497293,0.8315872938693173,158.659,0.46586322157104143,47.801871151734765,158.89770000000001,156.485365,UP,158.659,61.298431978686466,0.08944474922825857,NORMAL,300.0,,
1593,2026-03-20 11:05:01.974521,XAUUSD,4654.01,39.04342826310137,42.36057441688085,4659.4415,4752.5488000000005,-18.36680512059047,-24.511215576691267,0.4650384291006576,4654.01,67.90735340407953,26.64884300044112,4998.034799999999,5053.8903,DOWN,4654.01,37.79402167723083,18.33256256431228,NORMAL,18000.0,,
1594,2026-03-20 11:05:02.390969,AUDUSD,0.70647,0.0016336837716174617,46.48031340438533,0.7075994999999999,0.7061354,0.0004865737810296755,0.0006789586807756678,0.3106086511437452,0.70647,0.003405594119683668,48.66111397223927,0.7084824000000001,0.7064463499999999,UP,0.70727,45.014689844278884,0.0007920198468456726,NORMAL,2.0,,
1595,2026-03-20 11:05:04.400850,USDCAD,1.37214,0.0012359438068049629,45.816754702199695,1.37297,1.3723348,-4.8707230821731784e-05,0.00017675999050051588,0.20602104657011305,1.37214,0.002528395305134323,56.81308497657187,1.3665042,1.3651464500000001,UP,1.37214,46.01203938749302,0.0006049068712521414,NORMAL,4.0,,
1596,2026-03-20 11:05:04.817264,NZDUSD,0.58615,0.0013018102449221052,50.309308970295184,0.5869280000000001,0.5840517999999999,0.000991053571773759,0.0012362318776408601,0.37369473946186643,0.58615,0.002705617657681997,52.90270376266264,0.5862564,0.59525445,DOWN,0.58615,35.218427200176095,0.0006062583882970762,NORMAL,7.0,,
1597,2026-03-20 11:05:05.203089,USDCHF,0.78806,0.0011874787975440805,36.902012604999456,0.7891885,0.7904278000000001,-0.0005869353740723948,-0.0005111091381344253,0.25997220466790805,0.78806,0.0025515837695501047,49.143378162523355,0.785725,0.777088,UP,0.78806,41.79474277597839,0.0005937646174002862,NORMAL,4.0,,
1598,2026-03-20 12:05:00.079730,EURUSD,1.15669,0.0017731024165300088,57.93334280602609,1.1568245,1.1519742000000002,0.0,0.0014295623550154585,0.47057300695484033,1.15669,0.003997229037747578,58.115573069979426,1.1529958,1.1713557,DOWN,1.15669,52.18438604560459,0.0008723677969872077,NORMAL,6.0,,
1600,2026-03-20 12:05:00.277365,GBPUSD,1.3394300000000001,0.002118378916132196,53.91716948038401,1.340897,1.3343003999999998,0.0,0.002109369287842925,0.2922905829078707,1.3394300000000001,0.004542159769081767,56.99174834759429,1.3350520000000001,1.3479764,DOWN,1.3394300000000001,46.25972593755205,0.0010232106574630292,NORMAL,6.0,,
1599,2026-03-20 12:05:00.324343,EURUSD,1.15669,0.0017731024165300088,57.93334280602609,1.1568245,1.1519742000000002,0.0011762951739391347,0.0014295623550154585,0.47057300695484033,1.15669,0.003997229037747578,58.115573069979426,1.1529958,1.1713557,DOWN,1.15669,52.18438604560459,0.0008723677969872077,NORMAL,6.0,,
1602,2026-03-20 12:05:00.605372,USDJPY,158.658,0.21007900302576218,54.802740258533404,158.19405,158.86988000000002,0.0,-0.11453104248299546,0.8048504395216131,158.658,0.4742203674839582,47.78958259900174,158.89768,156.48536000000001,UP,158.657,59.123953257903665,0.09702812175192681,NORMAL,300.0,,
1601,2026-03-20 12:05:00.709682,GBPUSD,1.33928,0.002032372258857458,53.3746506003473,1.341014,1.334375,0.0012825369765272487,0.0019436199195968869,0.22069429219707873,1.33928,0.004567874064198446,56.79847153051037,1.335049,1.34797565,DOWN,1.33928,45.579582312397015,0.0010557519711070966,NORMAL,6.0,,
1604,2026-03-20 12:05:01.037546,XAUUSD,4666.92,39.83985683452998,44.95018774432899,4660.0869999999995,4752.807,0.0,-24.30524406671981,0.543968893416954,4666.92,67.97021056992028,27.476460622686616,4998.293,5053.95485,DOWN,4666.92,44.22709895345809,17.39399029416849,NORMAL,18000.0,,
1603,2026-03-20 12:05:01.147049,USDJPY,158.657,0.21007900302576218,54.777070055756184,158.19400000000002,158.86986000000002,-0.010116897913263756,-0.11454699689894987,0.804277495183436,158.657,0.4742203674839582,47.77730036274641,158.89766,156.485355,UP,158.657,59.123953257903665,0.09702812175192681,NORMAL,300.0,,
1605,2026-03-20 12:05:01.673292,XAUUSD,4679.97,38.01471399941047,47.453616928668325,4664.496,4746.7494,-15.318924223874092,-22.447608588179367,0.6072236918931205,4679.97,68.81735373681941,29.620213040050558,4998.554,5054.0201,DOWN,4679.97,50.667693881949894,17.08654943505925,NORMAL,18000.0,,
1606,2026-03-20 12:05:02.080044,AUDUSD,0.70787,0.0016340328899713224,53.272419873178634,0.707819,0.7060692000000001,0.0004705129617547099,0.0006379077136096599,0.5111882484200705,0.70787,0.003499165582469327,51.65436181462735,0.7085104,0.70645335,UP,0.70787,51.23022306216455,0.000767673178409063,NORMAL,4.0,,
1607,2026-03-20 12:05:02.411798,USDCAD,1.37168,0.001214804963461747,43.42470116366231,1.3729584999999997,1.3723926,-0.00010162951869818748,0.00012593223111092756,0.06330661724827884,1.37168,0.0025476810264718243,55.074324280765396,1.3664949999999998,1.3651441500000001,UP,1.37168,41.638462137973775,0.0006263306011740865,NORMAL,4.0,,
1608,2026-03-20 12:05:04.497068,NZDUSD,0.58717,0.0012959666559990977,55.44184637510197,0.587133,0.5840698000000001,0.0009206306713422929,0.0011733669070364272,0.5074218671908164,0.58717,0.00276990339547367,55.43039526811879,0.5862767999999999,0.5952595500000001,DOWN,0.58717,48.58294256771297,0.0005847643328543963,NORMAL,5.0,,
1609,2026-03-20 12:05:04.866670,USDCHF,0.78735,0.0011819445977195072,32.8939833592632,0.788938,0.7904534,-0.0006728940653223381,-0.0005433384882443676,0.09469934260723946,0.78735,0.002610155219538076,47.1634332393958,0.7857108,0.7770844499999999,UP,0.78735,35.043024688291084,0.000631738766196496,NORMAL,4.0,,
1610,2026-03-20 12:20:20.190918,EURUSD,1.1576,0.0018166738451014372,61.75336066515233,1.15687,1.1519924000000001,0.0012488877665317588,0.0014440808735339834,0.6579989183707007,1.15759,0.003997229037747578,59.52792721095793,1.1530138,1.1713602,DOWN,1.15759,59.0278257843554,0.0008997953689169678,NORMAL,2.0,,
1611,2026-03-20 12:20:20.541006,GBPUSD,1.33991,0.00211737225885746,55.430463487765955,1.3410455000000001,1.3343876000000001,0.001332793386783493,0.0019536712016481354,0.3133754776996247,1.33991,0.004640016947720208,57.59877675676343,1.3350616,1.3479788,DOWN,1.33991,49.5594465155423,0.001105722677148179,NORMAL,6.0,,
1612,2026-03-20 12:20:20.873645,USDJPY,158.585,0.21150757445433435,52.84891765589446,158.1904,158.86842000000001,-0.015860487656880196,-0.11569571484767316,0.7622878043039711,158.585,0.4742203674839582,46.90926908935084,158.89622,156.484995,UP,158.585,53.98356227592797,0.09678232024638851,NORMAL,300.0,,
1613,2026-03-20 12:20:21.222722,XAUUSD,4686.32,38.91828542798187,48.62075476780274,4664.8135,4746.876399999999,-14.81237151732148,-22.346298046868846,0.6483220923911762,4686.32,69.72092549578012,30.65054485848954,4998.681,5054.05185,DOWN,4686.32,53.41562987098534,17.651847386014047,NORMAL,18000.0,,
1614,2026-03-20 12:20:21.755777,AUDUSD,0.70838,0.001617418295789693,55.47613261755458,0.7080065,0.7060310000000001,0.0004938219383147091,0.0006098563705164758,0.6068672739668699,0.70838,0.003550594172702661,52.65982967670417,0.7085206,0.7064559,UP,0.70838,55.461944575824916,0.0008165143187000016,NORMAL,2.0,,
1615,2026-03-20 12:20:22.271350,USDCAD,1.37085,0.0012654311395410016,39.35645545267727,1.372823,1.3723994,-0.00027747221472385064,3.580632769894772e-05,-0.026473913880484087,1.37085,0.0026712525002269283,51.89355773392486,1.3664784,1.36514,UP,1.37085,37.729640602281414,0.0007127153710576473,NORMAL,4.0,,
1616,2026-03-20 12:20:22.721187,NZDUSD,0.58734,0.0012877343438358999,56.273905507835295,0.5873060000000001,0.5841,0.0008635803557869304,0.0011106437848207042,0.5087377074710046,0.58734,0.002807046266197753,55.818558801733296,0.5862802,0.5952604,DOWN,0.58734,50.54021868407433,0.0006272751249569549,NORMAL,5.0,,
1617,2026-03-20 12:20:23.136268,USDCHF,0.7859,0.001233846514208923,26.68575457165055,0.788614,0.7904424,-0.000880277929132034,-0.0006172357781313233,-0.18496779117139733,0.7859,0.0027072981122010413,43.577821419388215,0.7856818,0.7770771999999999,UP,0.7859,27.992982487221497,0.0007227102621773304,NORMAL,2.0,,
1618,2026-03-20 12:23:43.236117,EURUSD,1.1576,0.0018166738451014372,61.75336066515233,1.15687,1.1519924000000001,0.0012488877665317588,0.0014440808735339834,0.6579989183707007,1.1576,0.003997229037747578,59.543085189273405,1.153014,1.17136025,DOWN,1.1576,59.093512447072115,0.0008997953689169678,NORMAL,2.0,,
1619,2026-03-20 12:23:43.532023,GBPUSD,1.3397999999999999,0.00211737225885746,55.09402533434422,1.34104,1.3343854,0.0013240184580085579,0.0019519162158931486,0.2968034368823222,1.3397999999999999,0.004640016947720208,57.46118447613687,1.3350593999999998,1.34797825,DOWN,1.3397999999999999,48.907213121145105,0.0011164434455871654,NORMAL,6.0,,
1620,2026-03-20 12:23:44.039731,USDJPY,158.575,0.21150757445433435,52.5528300906306,158.18990000000002,158.86822,-0.016658208454572332,-0.11585525900721158,0.7563453109261988,158.575,0.4742203674839582,46.79119749457496,158.89602,156.484945,UP,158.575,53.17690269906961,0.09678232024638851,NORMAL,300.0,,
1621,2026-03-20 12:23:44.381233,XAUUSD,4681.19,38.91828542798187,47.68195170898374,4664.557,4746.7738,-15.221602286551388,-22.428144200714826,0.615163566048151,4681.19,69.72092549578012,29.820535761822782,4998.578399999999,5054.0262,DOWN,4681.19,50.98377310714326,17.651847386014047,NORMAL,18000.0,,
1622,2026-03-20 12:23:44.680724,AUDUSD,0.7085,0.001617418295789693,55.968872283883066,0.7080125,0.7060334,0.0005033945878873958,0.0006117709004310131,0.6389912631871081,0.7085,0.003550594172702661,52.8903619504136,0.708523,0.7064565,UP,0.7085,56.4642684064618,0.0008165143187000016,NORMAL,4.0,,
1623,2026-03-20 12:23:45.063679,USDCAD,1.37067,0.0012654311395410016,38.52059275613313,1.372814,1.3723957999999998,-0.0002918311890827141,3.293453282717503e-05,-0.05980138651695986,1.37067,0.0026712525002269283,51.25163208279174,1.3664748,1.3651391000000002,UP,1.37067,35.46614791667322,0.0007127153710576473,NORMAL,4.0,,
1624,2026-03-20 12:23:45.561717,NZDUSD,0.58734,0.0012877343438358999,56.273905507835295,0.5873060000000001,0.5841,0.0008635803557869304,0.0011106437848207042,0.5087377074710046,0.58734,0.002807046266197753,55.818558801733296,0.5862802,0.5952604,DOWN,0.58734,50.54021868407433,0.0006272751249569549,NORMAL,5.0,,
1625,2026-03-20 12:23:45.912329,USDCHF,0.78588,0.001233846514208923,26.61468481808869,0.788613,0.7904420000000001,-0.0008818733707274262,-0.0006175548664504019,-0.18775653873966489,0.78588,0.0027072981122010413,43.532172532276235,0.7856814,0.7770771000000001,UP,0.78588,27.88098338178834,0.0007227102621773304,NORMAL,2.0,,
1626,2026-03-20 13:05:00.171903,EURUSD,1.156,0.0017699726520839937,54.61624251134673,1.1568095,1.1519954,0.0,0.001351275192106557,0.3235364863709079,1.156,0.003997229037747578,56.96417669673098,1.1529820000000002,1.17135225,DOWN,1.156,45.651524872239406,0.0009254352463592361,NORMAL,2.0,,
1628,2026-03-20 13:05:00.384996,GBPUSD,1.33869,0.002200229401714606,51.25863195546005,1.3409845,1.3343631999999999,0.0,0.001934206814183795,0.13964940871981596,1.33869,0.004640016947720208,56.021091872337394,1.3350372,1.3479727,DOWN,1.33869,42.77641462459031,0.0011718578016696683,NORMAL,6.0,,
1627,2026-03-20 13:05:00.431858,EURUSD,1.156,0.0017699726520839937,54.61624251134673,1.1568095,1.1519954,0.0010559954863400556,0.001351275192106557,0.3235364863709079,1.156,0.003997229037747578,56.96417669673098,1.1529820000000002,1.17135225,DOWN,1.156,45.651524872239406,0.0009254352463592361,NORMAL,2.0,,
1630,2026-03-20 13:05:00.723220,USDJPY,158.735,0.20596621709535198,56.7606176383045,158.24224999999998,158.8659,0.0,-0.08844686481077446,0.8158399345073193,158.735,0.4742203674839582,48.754661251202734,158.89922,156.485745,UP,158.735,62.45323409502806,0.09992009325173062,NORMAL,300.0,,
1629,2026-03-20 13:05:00.770189,GBPUSD,1.33722,0.0021441926077145606,46.46053748476398,1.3408,1.3343768,0.0009103948488111691,0.0017217863014511027,0.013468195298440623,1.33722,0.004640016947720208,53.726023348886194,1.3350077999999999,1.34796535,DOWN,1.33722,36.053204568852685,0.0011892245071219371,NORMAL,6.0,,
1632,2026-03-20 13:05:01.082511,XAUUSD,4679.68,39.60114257083898,47.39904713480512,4664.4815,4746.7436,0.0,-22.452235368806043,0.6053336187682821,4679.68,69.72092549578012,29.57242699880915,4998.5482,5054.01865,DOWN,4670.54,46.583323780211764,17.112420814052474,NORMAL,17000.0,,
1631,2026-03-20 13:05:01.129546,USDJPY,158.735,0.20596621709535198,56.7606176383045,158.24224999999998,158.8659,0.013273321661586124,-0.08844686481077446,0.8158399345073193,158.735,0.4742203674839582,48.754661251202734,158.89922,156.485745,UP,158.735,62.45323409502806,0.09992009325173062,NORMAL,300.0,,
1633,2026-03-20 13:05:01.900266,XAUUSD,4670.64,37.63963238720758,45.78029104860969,4668.7075,4740.2882,-14.70048611731545,-20.918350475772908,0.515686890509615,4670.58,69.72092549578012,28.039250411350622,4998.3662,5053.97315,DOWN,4670.67,46.60247412047218,17.326836182831997,NORMAL,9000.0,,
1634,2026-03-20 13:05:02.323121,AUDUSD,0.70779,0.0016545611529325554,52.806208226208376,0.7079770000000001,0.7060192000000001,0.0004467564112492495,0.0006004432651033839,0.44629072841513073,0.70779,0.0035513084586781284,51.49275308553779,0.7085088,0.7064529500000001,UP,0.70779,49.465928196079,0.0008567716501612372,NORMAL,4.0,,
1635,2026-03-20 13:05:02.765446,USDCAD,1.37097,0.0013340025681124353,40.00748296844066,1.3728289999999999,1.3724017999999998,-0.000267899565151275,3.772085761346285e-05,-0.0030376562318328833,1.37097,0.0026712525002269283,52.33051684114159,1.3664808,1.3651406,UP,1.37097,41.331670734412725,0.0007839944619159306,NORMAL,4.0,BUY,ACTIVE
1636,2026-03-20 13:05:04.425927,NZDUSD,0.58686,0.0013284486295501907,53.69454822084565,0.587282,0.5840904,0.0008252897574964058,0.0011029856651625992,0.39210697006800427,0.58622,0.002807046266197753,53.1022323523347,0.5862577999999999,0.5952548,DOWN,0.58622,39.522489786739506,0.0006502502861032879,NORMAL,7.0,,
1637,2026-03-20 13:05:04.873468,USDCHF,0.78596,0.0012459893713517806,26.90125957214481,0.788617,0.7904436,-0.0008754916043457461,-0.0006162785131740658,-0.1764540170633289,0.78596,0.0027194409737839134,43.71534431578739,0.7856830000000001,0.7770775000000001,UP,0.78596,31.65046456578999,0.0007438469278671072,NORMAL,2.0,BUY,ACTIVE
1638,2026-03-20 13:48:03.080595,EURUSD,1.15567,0.0018328297949411361,53.11823903697599,1.156793,1.1519888,0.0010296707000154726,0.0013460102348416404,0.25826150340135706,1.15567,0.003997229037747578,56.39083316407159,1.1529753999999999,1.1713506,DOWN,1.15567,44.232567142337906,0.000912251903895373,NORMAL,2.0,,
1639,2026-03-20 13:48:03.450075,GBPUSD,1.33661,0.0022099068934288485,44.67318152248574,1.3407695,1.3343645999999998,0.0008617338801499841,0.0017120541077188657,-0.04561053374552781,1.33661,0.004647874093450305,52.75836499245625,1.3349956,1.3479623,DOWN,1.33661,34.087369223586535,0.0011985085488389856,NORMAL,6.0,,
1640,2026-03-20 13:48:03.850775,USDJPY,158.846,0.2158233599524932,59.396403621170684,158.2478,158.86812,0.022128022516284318,-0.08667592463983483,0.8756423785523948,158.846,0.4742203674839582,50.2151354102415,158.90144,156.4863,UP,158.846,67.55861853743829,0.09644727989151573,NORMAL,300.0,,
1641,2026-03-20 13:48:04.204749,XAUUSD,4644.2,39.465346672921896,41.63913405640697,4667.3855,4739.7594,-16.809659906489287,-21.340185233607674,0.31466114018135666,4644.2,69.72092549578012,26.052547002963593,4997.8386,5053.84125,DOWN,4653.39,41.7543694872019,17.82003084768201,NORMAL,17000.0,,
1642,2026-03-20 13:48:04.532950,AUDUSD,0.70562,0.001674235356294515,43.224023721885686,0.7079610000000001,0.7059246,0.00022340865401559995,0.000520313835763315,-0.17162599613068194,0.70562,0.0035513084586781284,46.89819481557977,0.7084654,0.7064421,UP,0.70562,33.99911083839447,0.0008637102270543311,NORMAL,2.0,,
1643,2026-03-20 13:48:04.855482,USDCAD,1.37147,0.001369430956104404,43.471275220881004,1.372789,1.3724624,-0.00028187968904958005,-2.0583297303187327e-05,0.14696368794330394,1.37147,0.0026712525002269283,54.23326748899302,1.3664908,1.3651431,UP,1.37147,46.594310182661225,0.0007980827333204778,NORMAL,1.0,,
1644,2026-03-20 13:48:05.240976,NZDUSD,0.58489,0.0013621308702966074,43.86125243772906,0.587262,0.5840742,0.0005680774903191743,0.0009919196997095858,-0.09445160854080215,0.58531,0.0028313319893634964,50.62027063086286,0.5862396000000001,0.59525025,DOWN,0.58531,35.80259090473774,0.0006447305987666099,NORMAL,5.0,,
1645,2026-03-20 13:48:05.600260,USDCHF,0.78761,0.0012712758448266486,39.904596562209,0.7884915,0.790491,-0.0008354940170023362,-0.0006548885655066646,0.23708984699114846,0.78761,0.0027194409737839134,47.86969181346948,0.7857160000000001,0.7770857499999999,UP,0.78761,49.63459350893431,0.0007285355834350799,NORMAL,2.0,,
1646,2026-03-20 14:05:00.043633,EURUSD,1.15391,0.0018079337891800198,46.28797220486568,1.1564915,1.1520214,0.0,0.0011937130358928424,0.028119169870842904,1.15391,0.0037474268920601635,52.79185977915197,1.1527198,1.1712163,DOWN,1.15391,34.423799911194266,0.0009743494109475766,NORMAL,2.0,,
1647,2026-03-20 14:05:00.272553,GBPUSD,1.33454,0.002216750278592095,39.423305786832636,1.3403245,1.3343960000000001,0.0,0.0014175625571597214,-0.08119607441595884,1.33454,0.004480576918769519,49.66214357043347,1.3347405999999997,1.34779405,DOWN,1.33454,28.056884228274882,0.0013196963842786822,NORMAL,6.0,,
1649,2026-03-20 14:05:00.475632,USDJPY,159.073,0.21631556893547865,63.968791719504274,158.32555,158.86416,0.0,-0.0524520889657074,0.9353110984934444,159.073,0.4547964540802196,53.12240133360204,158.93314,156.503175,UP,159.073,75.7694246442751,0.10633290918938258,NORMAL,300.0,,
1648,2026-03-20 14:05:00.553889,EURUSD,1.15389,0.0018079337891800198,46.21587682653958,1.1564904999999999,1.152021,0.0006824843540580439,0.0011933939475737862,0.025337694030507542,1.15389,0.0037474268920601635,52.74624455020512,1.1527194,1.1712162000000002,DOWN,1.15389,34.33141461002056,0.0009743494109475766,NORMAL,2.0,,
1651,2026-03-20 14:05:00.845245,XAUUSD,4615.16,39.5876688493458,37.86436445171084,4665.9555,4732.1504,0.0,-21.768939819088942,0.11515566041890672,4615.16,67.36840789331386,24.428881651819466,4985.9352,5052.19785,DOWN,4615.16,29.845007240620006,20.765128264085554,NORMAL,18000.0,,
1650,2026-03-20 14:05:00.954714,GBPUSD,1.33454,0.002216750278592095,39.423305786832636,1.3403245,1.3343960000000001,0.000337237380564126,0.0014175625571597214,-0.08119607441595884,1.33454,0.004480576918769519,49.66214357043347,1.3347405999999997,1.34779405,DOWN,1.33454,28.056884228274882,0.0013196963842786822,NORMAL,5.0,BUY,ACTIVE
1652,2026-03-20 14:05:01.706697,USDJPY,159.074,0.21631556893547865,63.98769153882413,158.3256,158.86418,0.07341875230625305,-0.05243613454975867,0.9357712903699001,159.074,0.4547964540802196,53.13515581245381,158.93316,156.50318,UP,159.074,75.7978221269212,0.10633290918938258,NORMAL,300.0,,
1653,2026-03-20 14:05:02.120094,XAUUSD,4617.24,39.5876688493458,38.19302602561107,4666.059499999999,4732.192,-21.547092064149183,-21.73575463390395,0.12826025125954607,4617.24,67.36840789331386,24.63921913951887,4985.9768,5052.20825,DOWN,4617.24,30.528010372654208,20.765128264085554,NORMAL,18000.0,,
1654,2026-03-20 14:05:02.521081,AUDUSD,0.70445,0.0017045450757428645,39.66030746122578,0.707742,0.7058714,-0.00010686454195851791,0.0003777750263158105,-0.1184877256490195,0.70445,0.0034210108336270193,44.77206707722284,0.7083026000000001,0.70645485,UP,0.70445,31.553672469521103,0.0009923425048260154,NORMAL,2.0,BUY,ACTIVE
1655,2026-03-20 14:05:02.859109,USDCAD,1.3719999999999999,0.0013560532347500138,47.05007381002751,1.3728099999999999,1.3725054,-0.00021571425513133846,-4.735649741584968e-05,0.27592265608070526,1.3719999999999999,0.0025483058293405978,55.843320432234655,1.3667856,1.3651659,UP,1.3719999999999999,51.585819652327295,0.0009044081421705294,NORMAL,4.0,,
1656,2026-03-20 14:05:04.940032,NZDUSD,0.58416,0.0013665194816019435,41.36903084731414,0.5871164999999999,0.5840968,0.0002664189413975615,0.0008353323685600014,-0.06959231518138491,0.58416,0.0027307776326058034,47.86534195601203,0.5860212,0.5951476499999999,DOWN,0.58416,29.07216393680831,0.0007345665704865542,NORMAL,7.0,BUY,ACTIVE
1657,2026-03-20 14:05:05.371946,USDCHF,0.78927,0.0013009806314206666,50.665770161778596,0.7885685,0.7905382,-0.0006114666087978504,-0.000630377393538113,0.7123494377931411,0.78927,0.0025687665769864414,52.72861244565729,0.7860152,0.7771442000000001,UP,0.78927,62.799890153118376,0.0007820150804003646,NORMAL,4.0,BUY,ACTIVE
1658,2026-03-20 14:41:34.381385,EURUSD,1.15338,0.0019122195034657354,44.45042696968125,1.156465,1.1520108,0.0006418005933743753,0.0011852571954370525,-0.041501648908388554,1.15338,0.0038517126444777665,51.60911616865629,1.1527092,1.1712136499999999,DOWN,1.15338,35.57102616897809,0.0010342479357003712,NORMAL,2.0,BUY,ACTIVE
1659,2026-03-20 14:41:34.926515,GBPUSD,1.33191,0.002478893135734957,34.05513651583449,1.340193,1.3343434000000003,0.00012743681076354818,0.0013756024431996058,-0.22587254984902247,1.33191,0.004742719871764454,46.038053041926624,1.3346879999999999,1.3477808999999998,DOWN,1.33191,27.498690695995336,0.0014995253601473037,NORMAL,6.0,BUY,ACTIVE
1660,2026-03-20 14:41:35.430542,USDJPY,159.097,0.22224414036404996,64.41698024588854,158.32675,158.86464,0.07525351014101034,-0.052069182982807216,0.9462742003160843,159.097,0.4607250276765626,53.42660516389079,158.93362,156.503295,UP,159.097,72.35412516808168,0.1067097958617999,NORMAL,300.0,,
1661,2026-03-20 14:41:36.593032,XAUUSD,4580.26,43.67266884934584,33.900433838779676,4664.210499999999,4731.4524,-24.497063574120148,-22.325748935898144,-0.07412332625487564,4580.26,71.45340938698695,22.611262558045567,4985.2372,5052.02335,DOWN,4580.26,29.95718680399881,23.426271433747097,NORMAL,18000.0,SELL,ACTIVE
1662,2026-03-20 14:41:37.559997,AUDUSD,0.70349,0.0017909736471714392,36.461973538526586,0.707694,0.7058521999999999,-0.00018344573853978918,0.0003624587869995562,-0.21687362945456573,0.70349,0.003507439436658049,42.89307705380009,0.7082834000000001,0.7064500499999999,UP,0.70349,30.391853537691688,0.0010181251133107982,NORMAL,4.0,BUY,ACTIVE
1663,2026-03-20 14:41:37.959618,USDCAD,1.37225,0.0013917675204642955,48.41664056058394,1.3728225,1.3725104,-0.00019577123518854656,-4.3367893427291296e-05,0.3398304967811044,1.37225,0.002584020128113745,56.92145625813827,1.3667905999999999,1.36516715,UP,1.37225,52.79014421957938,0.0009289447406933568,NORMAL,4.0,,
1664,2026-03-20 14:41:38.468809,NZDUSD,0.58359,0.0014250909101733752,38.9821530236657,0.5870879999999999,0.5840854,0.00022094885592749414,0.0008262383514659879,-0.1382189854249453,0.58359,0.0027893490825937747,46.44390399854325,0.5860098,0.5951448,DOWN,0.58359,28.893755877351424,0.0007514732146769445,NORMAL,7.0,BUY,ACTIVE
1665,2026-03-20 14:41:39.004783,USDCHF,0.7894,0.001385266345706386,51.38593028361241,0.788575,0.7905408,-0.0006010962384275231,-0.0006283033194640476,0.7478434620438466,0.7894,0.0026530523220910838,53.10474346105747,0.7860178000000001,0.77714485,UP,0.7894,59.714730219851646,0.000833794060572691,NORMAL,4.0,BUY,ACTIVE
1666,2026-03-20 15:05:00.384621,EURUSD,1.1538599999999999,0.001829918110361031,46.44000645228209,1.156241,1.1520602,0.0,0.0010439918373516847,0.08881460238106097,1.1538599999999999,0.0038517126444777665,52.6779693187298,1.1527188000000002,1.17121605,DOWN,1.1538599999999999,39.565675414305,0.0010075531531590957,NORMAL,2.0,,
1668,2026-03-20 15:05:00.665891,GBPUSD,1.33138,0.002376829340325301,34.25087395675227,1.3395540000000001,1.3342974,0.0,0.0009929448479095429,-0.07972661938373035,1.33138,0.004742719871764454,45.37083092961884,1.3346774,1.3477782500000002,DOWN,1.33137,27.183916475057032,0.0014700308261544788,NORMAL,6.0,,
1667,2026-03-20 15:05:00.707316,EURUSD,1.1538599999999999,0.001829918110361031,46.44000645228209,1.156241,1.1520602,0.000472548638628556,0.0010439918373516847,0.08881460238106097,1.1538599999999999,0.0038517126444777665,52.6779693187298,1.1527188000000002,1.17121605,DOWN,1.1538599999999999,39.565675414305,0.0010075531531590957,NORMAL,2.0,,
1669,2026-03-20 15:05:01.144586,USDJPY,159.111,0.21201241605233265,64.3614264966001,158.40145,158.85756,0.0,-0.01960066457745753,0.9057262012589585,159.111,0.4607250276765626,53.60224099502955,158.9339,156.503365,UP,159.111,73.23531467544075,0.10393201089991759,NORMAL,300.0,,
1670,2026-03-20 15:05:01.144586,GBPUSD,1.33137,0.002376829340325301,34.217284169831444,1.3395535,1.3342972,-0.00046636929393439885,0.0009927853037499704,-0.08019941958925779,1.33137,0.004742719871764454,45.358427676581265,1.3346771999999998,1.3477781999999998,DOWN,1.33137,27.183916475057032,0.0014700308261544788,NORMAL,6.0,BUY,ACTIVE
1671,2026-03-20 15:05:01.436178,XAUUSD,4571.38,41.96115168663742,33.81338468538988,4660.829500000001,4723.9534,0.0,-24.107875679193725,-0.020748654928378355,4571.38,71.71198091010456,22.191149074506356,4985.0596000000005,5051.978950000001,DOWN,4571.38,29.482294922059225,23.938381791831375,NORMAL,17000.0,,
1672,2026-03-20 15:05:01.759124,USDJPY,159.113,0.21201241605233265,64.4314862651446,158.40155,158.8576,0.10839078796129797,-0.01956875574554871,0.9066535616490742,159.113,0.4607250276765626,53.62722374730097,158.93394,156.503375,UP,159.113,73.43174230978542,0.10393201089991759,NORMAL,300.0,,
1673,2026-03-20 15:05:02.133886,XAUUSD,4570.84,41.96115168663742,33.70548115798243,4660.8025,4723.9426,-30.250718834711734,-24.116491063809132,-0.023012595895960514,4570.84,71.71198091010456,22.166104596760334,4985.0488000000005,5051.97625,DOWN,4570.84,29.26986558532475,23.938381791831375,NORMAL,15000.0,,
1674,2026-03-20 15:05:02.550600,AUDUSD,0.70372,0.00173636328461838,37.671860333696756,0.707457,0.705794,-0.0003986347583080363,0.0002101124426104152,-0.04900509853843987,0.70372,0.003521010870191848,43.311269261210846,0.708288,0.7064512000000001,UP,0.70369,32.56963151353686,0.0010040687369856705,NORMAL,2.0,BUY,ACTIVE
1675,2026-03-20 15:05:03.014068,USDCAD,1.37323,0.0014328147383903223,53.91400961232312,1.372832,1.3725678,-6.047459536318023e-05,-3.6961313586541866e-05,0.6156182226273185,1.37323,0.0026675915872429274,60.21635982202811,1.3668102,1.36517205,UP,1.37323,60.112501471037284,0.0009807679199377668,NORMAL,4.0,,
1676,2026-03-20 15:05:03.477529,NZDUSD,0.58366,0.0013638599267936416,39.66501692991941,0.5869005,0.5840955999999999,9.067813632190891e-07,0.0006596404135138042,-0.012186405660385986,0.58366,0.002791491940520162,46.60948182428561,0.5860112000000001,0.59514515,DOWN,0.58366,30.243538215899605,0.0007321677860639324,NORMAL,5.0,BUY,ACTIVE
1677,2026-03-20 15:05:03.862391,USDCHF,0.7894,0.001332033035298785,51.35600537738039,0.7886314999999999,0.7905679999999999,-0.0004856369102101965,-0.0005992594963027164,0.7256634932852827,0.7894,0.0026530523220910838,53.10474346105747,0.7860178000000001,0.77714485,UP,0.7894,59.50130206746186,0.0008089641936913721,NORMAL,2.0,,
1678,2026-03-20 16:05:00.080832,EURUSD,1.15551,0.0019055362045189085,52.93608459342237,1.156094,1.1521442,0.0,0.0009357077475369445,0.38735693120660103,1.15551,0.003950284109091659,55.94272288436725,1.1527518,1.1712243,DOWN,1.15551,51.7491765557482,0.0011322167244989054,NORMAL,2.0,,
1679,2026-03-20 16:05:00.263017,GBPUSD,1.33255,0.002604686483182446,37.957434184835925,1.3396124999999999,1.3343208000000002,0.0,0.0010116115145761542,-0.02095040232093001,1.33182,0.004742719871764454,45.92337134759147,1.3346862,1.34778045,DOWN,1.33182,32.504030084389456,0.0015313041658923437,NORMAL,6.0,,
1680,2026-03-20 16:05:00.434851,USDJPY,159.162,0.21905744755879633,63.95609450073219,158.48225,158.85526,0.0,0.014936999921260286,0.8799010489050578,159.162,0.4702250311502195,54.23100652751939,158.93492,156.50361999999998,UP,159.162,66.77968886161867,0.11736295185490574,NORMAL,300.0,,
1681,2026-03-20 16:05:00.622306,XAUUSD,4573.89,42.28346738248985,35.551764269542716,4656.4345,4717.439600000001,0.0,-26.365480394069994,0.07819367329311182,4573.89,72.23055252829073,22.3083063227306,4985.1098,5051.9915,DOWN,4573.89,35.8016976035818,24.253870652180797,NORMAL,18000.0,,
1682,2026-03-20 16:05:02.382209,EURUSD,1.1555,0.0019055362045189085,52.900946460421885,1.1560934999999999,1.152144,0.0004800756617819868,0.000935548203377372,0.3855456617672322,1.1555,0.003950284109091659,55.924604690395725,1.1527516,1.17122425,DOWN,1.1555,51.69018525254943,0.0011322167244989054,NORMAL,4.0,,
1683,2026-03-20 16:05:02.752277,GBPUSD,1.3317999999999999,0.002607617040506163,36.874150925110456,1.3389465,1.334257,-0.0008971170294822528,0.0005991056918043952,0.050877631754744454,1.3317999999999999,0.004790577032120474,45.89796407426567,1.3346858,1.3477803499999998,DOWN,1.3317999999999999,36.69840947996648,0.0017132842874919747,NORMAL,6.0,,
1684,2026-03-20 16:05:03.080326,USDJPY,159.163,0.21905744755879633,63.989717330487146,158.48229999999998,158.85528,0.1439138687423167,0.014952954337209015,0.8803639391741512,159.163,0.4702250311502195,54.24316495819313,158.93494,156.503625,UP,159.163,66.85264723823943,0.11736295185490574,NORMAL,300.0,,
1685,2026-03-20 16:05:03.403455,XAUUSD,4573.31,42.28346738248985,35.438971746948596,4656.4055,4717.428000000001,-34.28898187465893,-26.374733955323713,0.075825847794653,4573.31,72.23055252829073,22.28112436415175,4985.0982,5051.9886,DOWN,4573.31,35.59044006685352,24.253870652180797,NORMAL,17000.0,,
1686,2026-03-20 16:05:03.710610,AUDUSD,0.70399,0.0017872352949007367,39.754390138934646,0.707214,0.70571,-0.0005725508542202551,4.694274620725393e-05,0.07783008714985004,0.70399,0.0035574394549404633,43.81271603109951,0.7082934000000001,0.7064525500000001,UP,0.70399,39.85609648213487,0.0010829880817165866,NORMAL,2.0,,
1687,2026-03-20 16:05:04.054126,USDCAD,1.37221,0.0015135290241046135,48.10469542634751,1.372781,1.3725474,-0.00014184211673051728,-5.3234817860009276e-05,0.33515597092250743,1.37221,0.0026675915872429274,56.74616560950844,1.3667898,1.3651669499999999,UP,1.37221,50.58296870873174,0.001030727378684548,NORMAL,4.0,,
1688,2026-03-20 16:05:04.423997,NZDUSD,0.58424,0.0014360027839365036,42.79046721909304,0.5869295,0.5841071999999999,4.717458763114912e-05,0.0006688939747673902,0.05863574672380095,0.58424,0.0028336348130724867,48.07862927942283,0.5860228,0.59514805,DOWN,0.58424,38.50678974754344,0.0007855371446723226,NORMAL,7.0,,
1689,2026-03-20 16:05:04.762245,USDCHF,0.78814,0.0013494898593080524,44.304437815341196,0.788614,0.7905523999999999,-0.0005154442504259338,-0.000587218954249872,0.35844032081186666,0.78814,0.002699480910496175,49.25602068382726,0.7859926,0.77713855,UP,0.78815,47.56200550856042,0.0008285121279359734,NORMAL,2.0,,
1690,2026-03-20 16:25:34.508769,EURUSD,1.15616,0.001983393347376054,55.11280345786382,1.1561264999999998,1.1521572,0.000532725234431819,0.0009460781179073385,0.506498071476841,1.15616,0.004013855560907873,57.0892855362034,1.1527648000000001,1.17122755,DOWN,1.15616,55.51012180931907,0.0011482832393758106,NORMAL,2.0,,
1691,2026-03-20 16:25:35.179513,GBPUSD,1.33266,0.0027054741833632966,39.491407564025344,1.3389895,1.3342742,-0.0008285130408782759,0.0006128264895251905,0.09432689366587337,1.33266,0.004790577032120474,47.01648182431496,1.3347029999999998,1.3477846500000001,DOWN,1.33266,40.43778385869086,0.0017089777481959097,NORMAL,6.0,,
1692,2026-03-20 16:25:35.965993,USDJPY,159.175,0.2197003047016545,64.39596626627386,158.4829,158.85551999999998,0.14487113369958138,0.015144407328661947,0.8858992059153711,159.175,0.4702250311502195,54.38856386921538,158.93518,156.50368500000002,UP,159.175,67.67069258674763,0.11428278268435281,NORMAL,300.0,,
1693,2026-03-20 16:25:37.300495,XAUUSD,4592.69,44.90346738248988,39.00581084148945,4657.3745,4717.815600000001,-32.74299896867615,-26.065537374127153,0.158916150222686,4592.69,72.23055252829073,23.22677073309238,4985.4858,5052.0855,DOWN,4592.69,42.06533321654877,25.425535474559247,NORMAL,18000.0,,
1694,2026-03-20 16:25:39.855558,AUDUSD,0.70442,0.0018329495806150287,41.794076049137495,0.7072355,0.7057186,-0.0005382488599181556,5.380314506767383e-05,0.1242082903317616,0.70442,0.0035574394549404633,44.700561050738486,0.7083020000000001,0.7064547,UP,0.70442,42.9497576423579,0.0010666485477585858,NORMAL,4.0,,
1695,2026-03-20 16:25:40.681734,USDCAD,1.3719000000000001,0.0015951647060563183,46.20386257559578,1.372755,1.3726118,-0.00010800526077159311,-5.117010302355212e-05,0.25491459758653545,1.3719000000000001,0.002707591601868849,55.42341571437589,1.3667836,1.3651654,UP,1.3719000000000001,46.669488788163406,0.0011134839338911159,NORMAL,2.0,,
1696,2026-03-20 16:25:41.733037,NZDUSD,0.58455,0.0014141454422267508,44.583675275232075,0.5867785000000001,0.5841082,-8.0070113047781e-05,0.0005143786500818438,0.161123673233416,0.58455,0.0028336348130724867,48.88889137495169,0.586029,0.5951496000000001,DOWN,0.58454,42.775896508574355,0.0007641868878732511,NORMAL,7.0,,
1697,2026-03-20 16:25:42.463927,USDCHF,0.78785,0.0013894898593080527,42.91902877485566,0.7885995,0.7905466,-0.0005385781535597323,-0.0005918457348766317,0.27908676132936916,0.78785,0.002739480925122105,48.40516717525996,0.7859868,0.7771371,UP,0.78785,45.204791842618434,0.000834373801326677,NORMAL,4.0,,
1698,2026-03-20 17:03:15.055021,EURUSD,1.15618,0.0018667223939920555,55.24019748970774,1.1560160000000002,1.1522504,0.0005393651130103372,0.0008616722690646785,0.5342249587837893,1.15618,0.004013855560907873,57.12361878500709,1.1527652000000002,1.17122765,DOWN,1.15618,55.948558107594394,0.0010768001691609012,NORMAL,2.0,,
1699,2026-03-20 17:03:15.840861,GBPUSD,1.3327,0.0027054741833632966,39.6078686871982,1.3389915000000001,1.334275,-0.0008253221576874914,0.0006134646661633474,0.09640984559442002,1.3327,0.004790577032120474,47.06983418829401,1.3347037999999998,1.3477848499999998,DOWN,1.3327,41.31319774031205,0.0016448207222534551,NORMAL,6.0,,
1700,2026-03-20 17:03:16.548540,USDJPY,159.234,0.2077268135494953,66.14432461712704,158.5605,158.85237999999998,0.17336027178023983,0.047987352298749245,0.8715154577809987,159.234,0.47115360291832187,55.09020814203392,158.93636,156.50397999999998,UP,159.234,68.42087279709413,0.10347872939216339,NORMAL,300.0,,
1701,2026-03-20 17:03:17.161868,XAUUSD,4591.33,42.4839339980263,38.87659954163075,4654.0345,4711.8902,-33.914324277550804,-27.75527196278895,0.18836363261268527,4591.33,72.23055252829073,23.157798535504554,4985.4586,5052.0787,DOWN,4591.33,42.86753516549387,23.854321482115633,NORMAL,17000.0,,
1702,2026-03-20 17:03:18.586367,AUDUSD,0.70393,0.0017091674677139543,39.48885763407051,0.706978,0.7056328000000001,-0.0006831943535311469,-0.00010087156832730109,0.12432098346348565,0.70393,0.0035574394549404633,43.70028254976715,0.7082922,0.70645225,UP,0.70393,40.35432858249116,0.0009980680688666246,NORMAL,4.0,,
1703,2026-03-20 17:03:19.833635,USDCAD,1.37138,0.0016308789917706,43.75726308291099,1.372729,1.3726014,-0.00014948674225290226,-5.946639931981395e-05,0.12778677917965697,1.37138,0.002731163039059125,53.33787545756696,1.3667732000000001,1.3651628,UP,1.37138,42.9105854895765,0.001106603157903364,NORMAL,4.0,,
1704,2026-03-20 17:03:21.110634,NZDUSD,0.58447,0.0014141454422267508,44.167528774961674,0.5867745,0.5841066,-8.645187942957211e-05,0.0005131022968054857,0.1507975353363172,0.58447,0.0028336348130724867,48.68222229413122,0.5860274,0.5951492,DOWN,0.58447,43.245928329531324,0.0007472191083672553,NORMAL,5.0,,
1705,2026-03-20 17:03:22.336537,USDCHF,0.78794,0.001303812012214622,43.288859342446614,0.788612,0.7905262000000001,-0.0005294485993088127,-0.0005764306952274663,0.29955635130446634,0.78794,0.002739480925122105,48.66606243693319,0.7859886,0.7771375500000001,UP,0.78794,45.647137374225146,0.0007608936355426697,NORMAL,4.0,,
1706,2026-03-20 17:05:00.314446,EURUSD,1.15619,0.0018717223939920566,55.274372427736246,1.1560165000000002,1.1522506,0.0,0.0008618318132242066,0.5362052615163453,1.15619,0.004013855560907873,57.14076481489203,1.1527654,1.1712277,DOWN,1.15619,56.01375986868799,0.001081803194432426,NORMAL,2.0,,
1708,2026-03-20 17:05:00.509250,GBPUSD,1.3329900000000001,0.002572226027408788,40.595122960993386,1.338499,1.334282,0.0,0.00028055876385795517,0.16102707497920515,1.3329900000000001,0.004790577032120474,47.460290037718316,1.3347095999999998,1.3477862999999999,DOWN,1.3329900000000001,42.84277132023094,0.0016005537018173384,NORMAL,6.0,,
1707,2026-03-20 17:05:00.561192,EURUSD,1.15619,0.0018717223939920566,55.274372427736246,1.1560165000000002,1.1522506,0.0005401628338079778,0.0008618318132242066,0.5362052615163453,1.15619,0.004013855560907873,57.14076481489203,1.1527654,1.1712277,DOWN,1.15619,56.01375986868799,0.001081803194432426,NORMAL,2.0,,
1710,2026-03-20 17:05:00.817207,USDJPY,159.24,0.2077982421209242,66.37492545379638,158.56080000000003,158.8525,0.0,0.04808307879447571,0.8742707060225267,159.24,0.47115360291832187,55.1603544225749,158.93648,156.50401,UP,159.24,68.95975112327694,0.10355020118175694,NORMAL,300.0,,
1709,2026-03-20 17:05:00.879691,GBPUSD,1.3329900000000001,0.002572226027408788,40.595122960993386,1.338499,1.334282,-0.001023623249922112,0.00028055876385795517,0.16102707497920515,1.3329900000000001,0.004790577032120474,47.460290037718316,1.3347095999999998,1.3477862999999999,DOWN,1.3329900000000001,42.84277132023094,0.0016005537018173384,NORMAL,6.0,,
1712,2026-03-20 17:05:01.114053,XAUUSD,4589.49,42.51036256945486,38.52861991201317,4653.942499999999,4711.8534,0.0,-27.78462808814534,0.18045281821744885,4589.49,72.23055252829073,23.065132602894934,4985.4218,5052.0695000000005,DOWN,4589.49,42.19446915949534,23.88076604426511,NORMAL,18000.0,,
1711,2026-03-20 17:05:01.186619,USDJPY,159.24,0.2077982421209242,66.37492545379638,158.56080000000003,158.8525,0.17383890425887216,0.04808307879447571,0.8742707060225267,159.24,0.47115360291832187,55.1603544225749,158.93648,156.50401,UP,159.24,68.95975112327694,0.10355020118175694,NORMAL,300.0,,
1713,2026-03-20 17:05:01.806328,XAUUSD,4589.47,42.51036256945486,38.52481575594405,4653.941499999999,4711.853,-34.06270034592853,-27.784947176464495,0.1803671484164131,4589.47,72.23055252829073,23.064129438593753,4985.4214,5052.0694,DOWN,4589.47,42.18706608912076,23.88076604426511,NORMAL,18000.0,,
1714,2026-03-20 17:05:02.212539,AUDUSD,0.70432,0.0017391674677139605,41.49999973709352,0.7069975000000001,0.7056406,-0.000652083242420054,-9.464934610508251e-05,0.16516967100910177,0.70432,0.0035574394549404633,44.46086453720781,0.7083000000000002,0.7064542,UP,0.70432,43.61239376538937,0.0010280862204957734,NORMAL,2.0,,
1715,2026-03-20 17:05:02.634316,USDCAD,1.37093,0.001553673349501275,41.686989716824286,1.3726315,1.3726262,-0.00025095587068868497,-9.725375228306264e-05,0.06893429397450383,1.37093,0.002756163048200336,51.65576970099208,1.3667642,1.36516055,UP,1.37093,39.748487282829224,0.0010668297987607876,NORMAL,2.0,,
1716,2026-03-20 17:05:02.972591,NZDUSD,0.58441,0.0013359921963534103,43.9530407188715,0.58663,0.5841116,-0.00019091431312989737,0.000368342279661703,0.18334952396047607,0.58441,0.0028336348130724867,48.52612032797937,0.5860262,0.5951489,DOWN,0.58441,42.806737677342845,0.0007259511400704321,NORMAL,5.0,,
1717,2026-03-20 17:05:03.301368,USDCHF,0.78781,0.0013145262979289067,42.63962651127161,0.7886055,0.7905236000000001,-0.000539818969679251,-0.000578504769301554,0.26439667109071485,0.78781,0.002739480925122105,48.2901094841823,0.7859860000000001,0.7771369,UP,0.78781,44.46474239785692,0.000771614403981648,NORMAL,4.0,,
1718,2026-03-20 18:05:00.066946,EURUSD,1.1559300000000001,0.0018806299780946588,54.31156463057686,1.155901,1.1523396,0.0,0.000785749862149259,0.5064792822114523,1.1559300000000001,0.0037815393043166977,56.71199216660785,1.1526108000000002,1.17110725,DOWN,1.1559300000000001,52.537174116608384,0.001089719435283833,NORMAL,2.0,,
1719,2026-03-20 18:05:00.358565,GBPUSD,1.33365,0.002689368884551635,42.52854423977006,1.338532,1.3342952,0.0,0.0002910886783879216,0.1962679343752818,1.33365,0.004790577032120474,48.37352587596064,1.3347227999999998,1.3477896,DOWN,1.33365,46.066830087441055,0.0015912366860944911,NORMAL,6.0,,
1720,2026-03-20 18:05:00.577264,USDJPY,159.218,0.20733306156126624,65.52269232422464,158.62715,158.84714,0.0,0.07542476414556429,0.8320433460588905,159.218,0.44524466944481056,54.883761262062606,158.96374,156.52062,UP,159.218,64.87616975331677,0.10091297008255252,NORMAL,300.0,,
1721,2026-03-20 18:05:00.743912,XAUUSD,4570.74,42.40584687571832,35.8830940526246,4649.848,4705.553,0.0,-29.755546448198842,0.13871932360648853,4570.74,67.66979724028619,22.152215481183603,4972.4014,5050.17865,DOWN,4570.74,37.923150323787965,22.211344164669487,NORMAL,18000.0,,
1722,2026-03-20 18:05:01.415983,EURUSD,1.1559300000000001,0.0018806299780946588,54.31156463057686,1.155901,1.1523396,0.0005082254766528571,0.000785749862149259,0.5064792822114523,1.1559300000000001,0.0037815393043166977,56.71199216660785,1.1526108000000002,1.17110725,DOWN,1.1559300000000001,52.537174116608384,0.001089719435283833,NORMAL,2.0,,
1723,2026-03-20 18:05:01.832425,GBPUSD,1.33403,0.0025560976376959033,43.66749096172227,1.338106,1.3343052,-0.001017450620520055,2.92531832786682e-05,0.2466903038104208,1.33403,0.004491964299474611,48.98393365066951,1.3345072000000002,1.3476245,DOWN,1.33403,48.00216719961731,0.0014728179945652615,NORMAL,6.0,,
1724,2026-03-20 18:05:02.202119,USDJPY,159.217,0.20733306156126624,65.48224284269459,158.62709999999998,158.84712,0.1857966337550181,0.0754088097296042,0.8315615319545716,159.217,0.44524466944481056,54.868332396510716,158.96372,156.520615,UP,159.217,64.77958991197787,0.10091297008255252,NORMAL,300.0,,
1725,2026-03-20 18:05:02.514390,XAUUSD,4571.05,42.40584687571832,35.919459690921116,4649.8635,4705.5592,-36.58383527302885,-29.75060057925301,0.13990944085976373,4571.05,67.66979724028619,22.167672747757166,4972.4076000000005,5050.1802,DOWN,4571.05,38.01029757706415,22.211344164669487,NORMAL,18000.0,,
1726,2026-03-20 18:05:02.899836,AUDUSD,0.70355,0.0017920246105711008,38.04583487037286,0.706959,0.7056252000000001,-0.0007135077438445991,-0.00010693424638999154,0.08626942272962124,0.70355,0.0035574394549404633,43.001390141051935,0.7082846,0.7064503499999999,UP,0.70355,38.3040427332876,0.0010315685689117667,NORMAL,2.0,,
1727,2026-03-20 18:05:03.238406,USDCAD,1.37135,0.0016008162066441396,43.600160321107374,1.3726525,1.3726345999999998,-0.00021745159718422613,-9.055289758217087e-05,0.15815736671964772,1.37135,0.002790448775022564,53.2223341924555,1.3667726,1.36516265,UP,1.37135,44.638979468944996,0.0010989980939457827,NORMAL,4.0,,
1728,2026-03-20 18:05:03.582055,NZDUSD,0.58387,0.0013874207677819857,41.24867899338931,0.586603,0.5841008,-0.00023399123620682083,0.0003597268950463183,0.11881331368527549,0.58387,0.0028336348130724867,47.11337552907048,0.5860154,0.5951462,DOWN,0.58387,37.20432763199731,0.0007410606740934617,NORMAL,7.0,,
1729,2026-03-20 18:05:03.982726,USDCHF,0.78834,0.0013116519705258145,45.83608121849213,0.788626,0.7905177999999999,-0.0004580785937283727,-0.00054433634330371,0.4134076442359111,0.78834,0.002585079183238669,49.79935048548134,0.7862458000000001,0.7771961500000001,UP,0.78834,50.464340351661484,0.0007694209680858333,NORMAL,4.0,,
1730,2026-03-20 18:37:17.780257,EURUSD,1.15637,0.0020242014066660765,55.900688379095286,1.155923,1.1523484000000002,0.0005433251917525972,0.0007927698051692069,0.5994335643031254,1.15637,0.003925110785384755,57.52489834100312,1.1526196,1.17110945,DOWN,1.15637,55.06598563133704,0.0011571467094771784,NORMAL,4.0,,
1731,2026-03-20 18:37:18.226230,GBPUSD,1.33434,0.0026560976376959083,44.56207409403432,1.3381215,1.3343114,-0.0009927212757907533,3.419905222452855e-05,0.2640560284356771,1.33434,0.004591964336039439,49.469665398276874,1.3345134,1.3476260500000001,DOWN,1.33434,49.327345024045364,0.0014659401305573093,NORMAL,6.0,,
1732,2026-03-20 18:37:18.797183,USDJPY,159.235,0.21454734727555191,65.97865959918057,158.628,158.84748,0.18723253119094352,0.07569598921678927,0.8401992926968708,159.235,0.452458957796987,55.11271576717502,158.96408,156.520705,UP,159.235,65.58677922197762,0.09980682592473772,NORMAL,300.0,,
1733,2026-03-20 18:37:19.456768,XAUUSD,4543.51,44.80870401857548,32.95262348933957,4648.4865,4705.008400000001,-38.7807583499507,-30.18998519463738,0.04038521380688012,4543.51,70.07265526174383,20.87372222208235,4971.8568,5050.0425,DOWN,4543.51,31.106323096686197,22.847029900895585,NORMAL,17000.0,,
1734,2026-03-20 18:37:20.027320,AUDUSD,0.70265,0.0017984106077752098,35.13389981245294,0.7066745,0.7055144,-0.0008874805110998807,-0.00026483039391884424,0.05472038721391613,0.70265,0.0034297652050248786,41.33404638047547,0.7081064,0.70645875,UP,0.70265,32.75613745104803,0.0009979398576914294,NORMAL,4.0,,
1735,2026-03-20 18:37:20.408022,USDCAD,1.3713600000000001,0.0016369313755572954,44.617574469555215,1.3725075,1.372654,-0.0003056470304989567,-0.0001409745731683791,0.2152273672455215,1.3713600000000001,0.002719702378579921,53.146187455023835,1.3670350000000002,1.3651836499999999,UP,1.3713600000000001,46.7690879543681,0.001104301709354533,NORMAL,1.0,,
1736,2026-03-20 18:37:21.059944,NZDUSD,0.58339,0.0013777070394710303,39.27613340371883,0.5864285,0.5840834,-0.00038184744449487606,0.00020809350861955694,0.11044482224413092,0.58339,0.002712660882965919,45.93818458573246,0.5858096,0.5950415499999999,DOWN,0.58339,32.878217512067565,0.0007235757760277648,NORMAL,7.0,,
1737,2026-03-20 18:37:21.589975,USDCHF,0.78818,0.0013745091133829568,44.99321589889324,0.788618,0.7905146,-0.0004708421264919549,-0.0005468890498564263,0.36797552323136345,0.78818,0.002647936349079415,49.278999981635444,0.7862426,0.77719535,UP,0.78818,49.12622132246361,0.0007736413000355774,NORMAL,2.0,,
1738,2026-03-20 19:05:00.095274,EURUSD,1.15524,0.0019123196735368908,51.454830429862504,1.1557375,1.1523938,0.0,0.0006962517967339326,0.38287551202747855,1.15524,0.003927253643311158,55.12882474599134,1.1525969999999999,1.1711038,DOWN,1.15524,46.90620427558076,0.0011498401593387087,NORMAL,2.0,,
1739,2026-03-20 19:05:00.355529,GBPUSD,1.33269,0.002560458010513543,40.576485806718324,1.3375489999999999,1.3342467999999998,0.0,-0.00024242275702631295,0.20676323310379333,1.33269,0.004654821501880185,46.95915893605822,1.3344804000000001,1.3476177999999999,DOWN,1.33269,42.28293948696738,0.0014484036303394699,NORMAL,6.0,,
1741,2026-03-20 19:05:00.480498,USDJPY,159.316,0.20740110818444107,66.77711478271911,158.7032,158.84808,0.0,0.1041146281459937,0.8422134415956269,159.316,0.4569589594424033,56.110426387691774,158.9657,156.52111000000002,UP,159.316,67.53982556299893,0.10109114566654064,NORMAL,300.0,,
1740,2026-03-20 19:05:00.558758,EURUSD,1.15523,0.0019123196735368908,51.41450431542642,1.155737,1.1523936000000001,0.0003936213584343484,0.00069609225257436,0.3806669348533467,1.15523,0.003927253643311158,55.10523558810715,1.1525968,1.17110375,DOWN,1.15523,46.83093513669028,0.0011498401593387087,NORMAL,2.0,,
1743,2026-03-20 19:05:00.803467,XAUUSD,4499.2,46.76318434377924,29.084365811768777,4639.0735,4696.865400000001,0.0,-34.163942262555416,0.0016955393399345057,4499.2,74.29122823282843,19.081665837291,4970.9706,5049.820949999999,DOWN,4499.2,23.44107666096876,25.525099345646815,NORMAL,7000.0,,
1742,2026-03-20 19:05:00.866101,GBPUSD,1.33269,0.002560458010513543,40.576485806718324,1.3375489999999999,1.3342467999999998,-0.0012372290823488008,-0.00024242275702631295,0.20676323310379333,1.33269,0.004654821501880185,46.95915893605822,1.3344804000000001,1.3476177999999999,DOWN,1.33269,42.28293948696738,0.0014484036303394699,NORMAL,6.0,,
1744,2026-03-20 19:05:01.392010,USDJPY,159.316,0.20740110818444107,66.77711478271911,158.7032,158.84808,0.21032251719614692,0.1041146281459937,0.8422134415956269,159.316,0.4569589594424033,56.110426387691774,158.9657,156.52111000000002,UP,159.316,67.53982556299893,0.10109114566654064,NORMAL,300.0,,
1745,2026-03-20 19:05:01.929999,XAUUSD,4499.07,46.76318434377924,29.073591335773003,4639.067,4696.8628,-47.27237452283134,-34.16601633662957,0.0013525069512203645,4499.07,74.29122823282843,19.076860761055215,4970.968,5049.820299999999,DOWN,4499.07,23.42234591316644,25.525099345646815,NORMAL,14000.0,,
1746,2026-03-20 19:05:02.226897,AUDUSD,0.70119,0.001770718013342289,31.756802203534875,0.706254,0.7053438,-0.0012217798976449368,-0.00047702485306860853,0.029642290528783616,0.70119,0.003499050944644794,38.86213922544462,0.7080772000000001,0.70645145,UP,0.70119,27.11147318262961,0.0010306238347396115,NORMAL,2.0,,
1747,2026-03-20 19:05:02.554826,USDCAD,1.37234,0.0016058750528134202,49.66066978282626,1.3724995,1.3727306,-0.0001810803124517868,-0.00013329657572589448,0.45721571578619363,1.37234,0.0027675595389359555,56.21376578797888,1.3670546000000001,1.36518855,UP,1.37234,53.82948289217353,0.0011108226498847107,NORMAL,2.0,,
1748,2026-03-20 19:05:02.933301,NZDUSD,0.58231,0.0013536871488965714,35.81914441215255,0.5861514999999999,0.5840254,-0.000639613750717416,2.2725276125391456e-05,0.07432930897870142,0.58231,0.002761232329297406,43.40413825413358,0.585788,0.59503615,DOWN,0.58231,26.90109461465444,0.0007523688819998916,NORMAL,7.0,,
1749,2026-03-20 19:05:03.318512,USDCHF,0.78871,0.0012970441767127386,47.96772810950466,0.7886375,0.7905008000000001,-0.0003840394858133367,-0.0005071715587002201,0.5220608969424395,0.78871,0.002647936349079415,51.030467565307895,0.7862532,0.777198,UP,0.78871,54.35465570579239,0.000765201855339408,NORMAL,2.0,,
1750,2026-03-20 20:05:00.089657,EURUSD,1.15612,0.0018836335744067039,54.837157983994345,1.1557045000000001,1.1525743999999998,0.0,0.0006569913304598045,0.604857270688775,1.15612,0.00393368221709032,57.06680565557652,1.1526146,1.1711082,DOWN,1.15612,53.85493155309853,0.001096511706256761,NORMAL,3.0,,
1751,2026-03-20 20:05:00.318685,GBPUSD,1.33247,0.0026283151533706864,39.994330643951216,1.337538,1.3342424,0.0,-0.00024593272853628694,0.19516943561570424,1.33247,0.004679107225045928,46.64637354070835,1.3344760000000002,1.3476167000000001,DOWN,1.33247,41.412435824062925,0.0013640552863379667,NORMAL,9.0,,
1752,2026-03-20 20:05:00.521767,USDJPY,159.286,0.20008674331412124,65.5398733454906,158.77384999999998,158.8389,0.0,0.1262026641584822,0.8063900886175571,159.286,0.4569589594424033,55.746118250633614,158.9651,156.52096,UP,159.286,61.43414498841926,0.09344654525268226,NORMAL,700.0,,
1753,2026-03-20 20:05:00.678225,XAUUSD,4503.07,45.122599747795,29.82526533523685,4631.9175000000005,4689.2386,0.0,-37.331860302434315,0.07712683861360925,4503.07,74.29122823282843,19.225826243798423,4971.048,5049.8403,DOWN,4503.07,29.405910149501523,24.52576916417802,NORMAL,27000.0,,
1754,2026-03-20 20:05:01.802414,EURUSD,1.15612,0.0018836335744067039,54.837157983994345,1.1557045000000001,1.1525743999999998,0.00046229704371092417,0.0006569913304598045,0.604857270688775,1.15612,0.00393368221709032,57.06680565557652,1.1526146,1.1711082,DOWN,1.15612,53.85493155309853,0.001096511706256761,NORMAL,3.0,,
1755,2026-03-20 20:05:02.187375,GBPUSD,1.33377,0.002566496724048279,43.93564716308167,1.3371525,1.3343574,-0.0011779020184159439,-0.00042096704235267905,0.28993252512308426,1.33377,0.0046883929427269455,48.56928665969691,1.3345020000000003,1.3476232,DOWN,1.33377,48.724527266965,0.0014063645388461075,NORMAL,9.0,,
1756,2026-03-20 20:05:02.468742,USDJPY,159.286,0.20008674331412124,65.5398733454906,158.77384999999998,158.8389,0.21544825550188307,0.1262026641584822,0.8063900886175571,159.286,0.4569589594424033,55.746118250633614,158.9651,156.52096,UP,159.286,61.43414498841926,0.09344654525268226,NORMAL,700.0,,
1757,2026-03-20 20:05:02.822561,XAUUSD,4501.69,45.122599747795,29.533022166248344,4631.8485,4689.210999999999,-50.27443844485515,-37.35387739645138,0.07351497026481188,4501.69,74.29122823282843,19.17417099832663,4971.020399999999,5049.8334,DOWN,4501.69,28.756518971798528,24.52576916417802,NORMAL,25000.0,,
1758,2026-03-20 20:05:03.166264,AUDUSD,0.70102,0.0017957180133422862,30.814466116475415,0.7062455000000001,0.7053404000000001,-0.0012353411512061596,-0.0004797371037808531,0.01769663495322766,0.70102,0.0035154795220804403,38.59339860053384,0.7080738000000001,0.7064506,UP,0.70102,26.163813081984074,0.0009834781008206488,NORMAL,11.0,,
1759,2026-03-20 20:05:03.504331,USDCAD,1.37115,0.001689446481384841,44.531239517351466,1.37244,1.3727068,-0.0002760090873803467,-0.00015228233071160646,0.17074871436163155,1.37115,0.0027675595389359555,52.43207686270616,1.3670308,1.3651826,UP,1.37115,45.295460155069144,0.0010546574764410178,NORMAL,9.0,,
1760,2026-03-20 20:05:03.873729,NZDUSD,0.58211,0.0013765442917537134,34.666417323181165,0.5861415,0.5840214,-0.0006555681666718938,1.95343929344959e-05,0.05686846125161495,0.58211,0.0027783751927085197,42.96523964828668,0.585784,0.59503515,DOWN,0.58211,24.30790188648983,0.0007084889629807049,NORMAL,22.0,,
1761,2026-03-20 20:05:04.227777,USDCHF,0.78811,0.0012781736742944916,44.49672015222352,0.7885905,0.79041,-0.00042161794435191524,-0.0004956767902464999,0.3558163967527304,0.78811,0.00265007920700581,49.054750509424245,0.7862412000000001,0.777195,UP,0.78811,47.4716978016424,0.00072662677874053,NORMAL,12.0,,
1762,2026-03-20 20:23:28.623817,EURUSD,1.15639,0.0019107764315495486,55.82890654552618,1.1557179999999998,1.1525797999999998,0.00048383550524921937,0.0006612990227674634,0.6682689137771218,1.15639,0.00393368221709032,57.56112381000417,1.15262,1.17110955,DOWN,1.15639,55.92687509564946,0.0010580813961125648,NORMAL,7.0,,
1763,2026-03-20 20:23:28.998148,GBPUSD,1.33368,0.002566496724048279,43.657926587176895,1.337148,1.3343556,-0.0011850815055953756,-0.0004224029397885654,0.2848379391550486,1.33368,0.0046883929427269455,48.424180165058296,1.3345002000000001,1.34762275,DOWN,1.33368,48.29250544868764,0.0013415014750552897,NORMAL,9.0,,
1764,2026-03-20 20:23:29.359430,USDJPY,159.3,0.20187245759983594,66.13138658904606,158.77455,158.83918,0.21656506461869185,0.12642602598184394,0.8136608592593862,159.3,0.4569589594424033,55.91687844108941,158.96538,156.52103,UP,159.3,62.683563785730534,0.09059597032963283,NORMAL,700.0,,
1765,2026-03-20 20:23:29.676314,XAUUSD,4509.64,45.842599747795,31.20103638680054,4632.246000000001,4689.37,-49.64025041066725,-37.2270397896138,0.09456201473010528,4509.64,74.29122823282843,19.475616405262485,4971.1794,5049.87315,DOWN,4509.64,32.54098207506418,23.963167765067332,NORMAL,25000.0,,
1766,2026-03-20 20:23:30.028226,AUDUSD,0.70159,0.001751993257287234,34.102416827716155,0.705948,0.7052826,-0.001305193744204458,-0.000636276864914014,0.11079685091587749,0.70159,0.0035254795257369247,39.509479573210676,0.7080852,0.70645345,UP,0.70159,33.069937479110436,0.0009463576146961574,NORMAL,11.0,,
1767,2026-03-20 20:23:30.410188,USDCAD,1.3721700000000001,0.0016450982633267385,49.0138817445444,1.3723994999999998,1.3727306,-0.0001995730258372852,-0.00015229545549175355,0.4359976832615069,1.3721700000000001,0.0027675595389359555,55.71076138582448,1.3670512,1.3651877,UP,1.3721700000000001,52.978655961536866,0.0010260687153662723,NORMAL,9.0,,
1768,2026-03-20 20:23:30.825083,NZDUSD,0.58255,0.0013316380668325222,37.41183811765768,0.585881,0.584054,-0.0007191565710039649,-0.00012182203347141405,0.1398119639587569,0.58255,0.0027848037664876817,43.942799749942004,0.5857928,0.59503735,DOWN,0.58255,32.81458251715762,0.000687756974718001,NORMAL,23.0,,
1769,2026-03-20 20:23:31.158731,USDCHF,0.78799,0.001288887960008776,43.827378019056916,0.7885845,0.7904076000000001,-0.0004311905939246019,-0.0004975913201610372,0.3224745353610301,0.78799,0.00265007920700581,48.67503440505311,0.7862388,0.7771944000000001,UP,0.78799,46.08632751170558,0.0006974877932316087,NORMAL,12.0,,
1770,2026-03-20 21:05:00.074438,EURUSD,1.15713,0.0019514907172638472,58.33642862596786,1.1557549999999999,1.1525945999999998,0.0,0.0006731052905737437,0.8313060143525821,1.15713,0.00393368221709032,58.85935607616212,1.1526348,1.17111325,DOWN,1.15713,61.05311452258026,0.0010169947447115854,NORMAL,0.0,,
1771,2026-03-20 21:05:00.350151,GBPUSD,1.3336999999999999,0.0025686395811911344,43.71987978760705,1.337149,1.3343559999999999,0.0,-0.0004220838514695091,0.2859687457803056,1.3336999999999999,0.0046883929427269455,48.45649676945192,1.3345006000000001,1.3476228499999998,DOWN,1.3336999999999999,48.465176833751734,0.0012161295307392811,NORMAL,0.0,,
1773,2026-03-20 21:05:00.506400,USDJPY,159.224,0.2063724575998371,63.04266343009202,158.77075,158.83766,0.0,0.12521349036931437,0.7736328926254641,159.224,0.4569589594424033,54.973715058247414,158.96386,156.52065000000002,UP,159.224,54.69134510392584,0.0871908999039439,NORMAL,0.0,,
1772,2026-03-20 21:05:00.553398,EURUSD,1.15713,0.0019514907172638472,58.33642862596786,1.1557549999999999,1.1525945999999998,0.0005428668442806206,0.0006731052905737437,0.8313060143525821,1.15713,0.00393368221709032,58.85935607616212,1.1526348,1.17111325,DOWN,1.15713,61.05311452258026,0.0010169947447115854,NORMAL,0.0,,
1774,2026-03-20 21:05:00.813593,XAUUSD,4493.01,45.87759974779498,28.76988070676191,4631.414500000001,4689.0374,0.0,-37.492361726935805,0.051200499652082995,4493.01,74.29122823282843,18.855524844321792,4970.8468,5049.79,DOWN,4493.01,28.13418709914481,21.956060185181162,NORMAL,11000.0,,
1775,2026-03-20 21:05:02.736653,GBPUSD,1.33407,0.0026050681526197067,44.84192852896349,1.3371675,1.3343634,-0.0011539703944842827,-0.00041618071756634677,0.3070220273734615,1.33407,0.0046883929427269455,49.04713280120768,1.3345080000000002,1.3476247000000001,DOWN,1.33407,50.973091862756405,0.001252580143431812,NORMAL,0.0,,
1776,2026-03-20 21:05:03.002216,USDJPY,159.224,0.2063724575998371,63.04266343009202,158.77075,158.83766,0.21050238655604403,0.12521349036931437,0.7736328926254641,159.224,0.4569589594424033,54.973715058247414,158.96386,156.52065000000002,UP,159.224,54.69134510392584,0.0871908999039439,NORMAL,0.0,,
1777,2026-03-20 21:05:03.356058,XAUUSD,4493.01,45.87759974779498,28.76988070676191,4631.414500000001,4689.0374,-50.96686009727728,-37.492361726935805,0.051200499652082995,4493.01,74.29122823282843,18.855524844321792,4970.8468,5049.79,DOWN,4493.01,28.13418709914481,21.956060185181162,NORMAL,11000.0,,
1778,2026-03-20 21:05:03.725761,AUDUSD,0.70211,0.0017941361144300895,36.59457341768615,0.7059740000000001,0.705293,-0.001263712262722927,-0.0006279805686177078,0.14985079704076662,0.70211,0.0035254795257369247,40.38397674429058,0.7080956,0.70645605,UP,0.70211,40.06514700035728,0.000903619120526181,NORMAL,0.0,,
1779,2026-03-20 21:05:04.053830,USDCAD,1.37212,0.0016600982633267415,48.76494879865633,1.3723969999999999,1.3727295999999998,-0.00020356162982571036,-0.00015309317628943857,0.42281499942692047,1.37212,0.0027675595389359555,55.56061207548811,1.3670502000000002,1.3651874499999999,UP,1.37212,52.269905852490375,0.0009440736733066833,NORMAL,0.0,,
1780,2026-03-20 21:05:04.439166,NZDUSD,0.58276,0.0013487809239753885,38.57907372439115,0.5858915,0.5840582,-0.0007024044342518465,-0.00011847160612099036,0.15909897228533734,0.58276,0.0027848037664876817,44.42521652467648,0.585797,0.5950384000000001,DOWN,0.58276,37.13871083007615,0.0006509657140018223,NORMAL,54.0,,
1781,2026-03-20 21:05:04.824317,USDCHF,0.78802,0.0013017451028659159,43.992818566825804,0.788586,0.7904082,-0.000428797431531458,-0.0004971126876824085,0.3307636480971652,0.78802,0.00265007920700581,48.769411252662536,0.7862394,0.7771945499999999,UP,0.78802,46.806173797122234,0.0006718991031519585,NORMAL,0.0,,
1782,2026-03-20 22:05:00.238866,EURUSD,1.15713,0.0019514907172638472,58.33642862596786,1.1557549999999999,1.1525945999999998,0.0,0.0006731052905737437,0.8313060143525821,1.15713,0.00393368221709032,58.85935607616212,1.1526348,1.17111325,DOWN,1.15713,61.05311452258026,0.0010169947447115854,NORMAL,0.0,,
1784,2026-03-20 22:05:00.889515,GBPUSD,1.33407,0.0026050681526197067,44.84192852896349,1.3371675,1.3343634,0.0,-0.00041618071756634677,0.3070220273734615,1.33407,0.0046883929427269455,49.04713280120768,1.3345080000000002,1.3476247000000001,DOWN,1.33407,50.973091862756405,0.001252580143431812,NORMAL,0.0,,
1783,2026-03-20 22:05:01.045878,EURUSD,1.15713,0.0019514907172638472,58.33642862596786,1.1557549999999999,1.1525945999999998,0.0005428668442806206,0.0006731052905737437,0.8313060143525821,1.15713,0.00393368221709032,58.85935607616212,1.1526348,1.17111325,DOWN,1.15713,61.05311452258026,0.0010169947447115854,NORMAL,0.0,,
1785,2026-03-20 22:05:01.352958,USDJPY,159.224,0.2063724575998371,63.04266343009202,158.77075,158.83766,0.0,0.12521349036931437,0.7736328926254641,159.224,0.4569589594424033,54.973715058247414,158.96386,156.52065000000002,UP,159.224,54.69134510392584,0.0871908999039439,NORMAL,0.0,,
1786,2026-03-20 22:05:01.540374,XAUUSD,4493.01,45.87759974779498,28.76988070676191,4631.414500000001,4689.0374,0.0,-37.492361726935805,0.051200499652082995,4493.01,74.29122823282843,18.855524844321792,4970.8468,5049.79,DOWN,4493.01,28.13418709914481,21.956060185181162,NORMAL,11000.0,,
1787,2026-03-20 22:05:03.386003,GBPUSD,1.33407,0.0026050681526197067,44.84192852896349,1.3371675,1.3343634,-0.0011539703944842827,-0.00041618071756634677,0.3070220273734615,1.33407,0.0046883929427269455,49.04713280120768,1.3345080000000002,1.3476247000000001,DOWN,1.33407,50.973091862756405,0.001252580143431812,NORMAL,0.0,,
1788,2026-03-20 22:05:03.724284,USDJPY,159.224,0.2063724575998371,63.04266343009202,158.77075,158.83766,0.21050238655604403,0.12521349036931437,0.7736328926254641,159.224,0.4569589594424033,54.973715058247414,158.96386,156.52065000000002,UP,159.224,54.69134510392584,0.0871908999039439,NORMAL,0.0,,
1789,2026-03-20 22:05:04.021241,XAUUSD,4493.01,45.87759974779498,28.76988070676191,4631.414500000001,4689.0374,-50.96686009727728,-37.492361726935805,0.051200499652082995,4493.01,74.29122823282843,18.855524844321792,4970.8468,5049.79,DOWN,4493.01,28.13418709914481,21.956060185181162,NORMAL,11000.0,,
1790,2026-03-20 22:05:04.390807,AUDUSD,0.70204,0.0017941361144300895,36.236755739239676,0.7059705000000001,0.7052916,-0.0012692963083069664,-0.0006290973777345157,0.14449470464533115,0.70204,0.0035254795257369247,40.26400781086035,0.7080942,0.7064557,UP,0.70204,39.321214768736695,0.0009293489647797336,NORMAL,0.0,,
1791,2026-03-20 22:05:04.713396,USDCAD,1.37238,0.0016858125490410213,50.03351339401558,1.37241,1.3727347999999997,-0.00018282088908527783,-0.00014894502814135206,0.4916187142270204,1.37238,0.0027675595389359555,56.3304637365388,1.3670554000000001,1.3651887500000002,UP,1.37238,54.356192585944314,0.001015545462899888,NORMAL,0.0,,
1792,2026-03-20 22:05:05.088446,NZDUSD,0.58262,0.0013487809239753885,37.703973849760764,0.5858845,0.5840554,-0.0007135725254199254,-0.00012070522435460615,0.14619765486578737,0.58262,0.0027848037664876817,44.10243697904856,0.5857942,0.5950377,DOWN,0.58262,35.60323235560051,0.0006581128929611411,NORMAL,54.0,,
1793,2026-03-20 22:05:05.489367,USDCHF,0.78802,0.0013017451028659159,43.992818566825804,0.788586,0.7904082,-0.000428797431531458,-0.0004971126876824085,0.3307636480971652,0.78802,0.00265007920700581,48.769411252662536,0.7862394,0.7771945499999999,UP,0.78802,46.806173797122234,0.0006718991031519585,NORMAL,0.0,,
1794,2026-03-20 22:11:14.694676,EURUSD,1.15713,0.0019514907172638472,58.33642862596786,1.1557549999999999,1.1525945999999998,0.0005428668442806206,0.0006731052905737437,0.8313060143525821,1.15713,0.00393368221709032,58.85935607616212,1.1526348,1.17111325,DOWN,1.15713,61.05311452258026,0.0010169947447115854,NORMAL,0.0,,
1795,2026-03-20 22:11:15.256347,GBPUSD,1.33407,0.0026050681526197067,44.84192852896349,1.3371675,1.3343634,-0.0011539703944842827,-0.00041618071756634677,0.3070220273734615,1.33407,0.0046883929427269455,49.04713280120768,1.3345080000000002,1.3476247000000001,DOWN,1.33407,50.973091862756405,0.001252580143431812,NORMAL,0.0,,
1796,2026-03-20 22:11:16.068057,USDJPY,159.224,0.2063724575998371,63.04266343009202,158.77075,158.83766,0.21050238655604403,0.12521349036931437,0.7736328926254641,159.224,0.4569589594424033,54.973715058247414,158.96386,156.52065000000002,UP,159.224,54.69134510392584,0.0871908999039439,NORMAL,0.0,,
1797,2026-03-20 22:11:16.541835,XAUUSD,4493.01,45.87759974779498,28.76988070676191,4631.414500000001,4689.0374,-50.96686009727728,-37.492361726935805,0.051200499652082995,4493.01,74.29122823282843,18.855524844321792,4970.8468,5049.79,DOWN,4493.01,28.13418709914481,21.956060185181162,NORMAL,11000.0,,
1798,2026-03-20 22:11:17.006301,AUDUSD,0.70204,0.0017941361144300895,36.236755739239676,0.7059705000000001,0.7052916,-0.0012692963083069664,-0.0006290973777345157,0.14449470464533115,0.70204,0.0035254795257369247,40.26400781086035,0.7080942,0.7064557,UP,0.70204,39.321214768736695,0.0009293489647797336,NORMAL,0.0,,
1799,2026-03-20 22:11:17.559619,USDCAD,1.37238,0.0016858125490410213,50.03351339401558,1.37241,1.3727347999999997,-0.00018282088908527783,-0.00014894502814135206,0.4916187142270204,1.37238,0.0027675595389359555,56.3304637365388,1.3670554000000001,1.3651887500000002,UP,1.37238,54.356192585944314,0.001015545462899888,NORMAL,0.0,,
1800,2026-03-20 22:11:18.192294,NZDUSD,0.58262,0.0013487809239753885,37.703973849760764,0.5858845,0.5840554,-0.0007135725254199254,-0.00012070522435460615,0.14619765486578737,0.58262,0.0027848037664876817,44.10243697904856,0.5857942,0.5950377,DOWN,0.58262,35.60323235560051,0.0006581128929611411,NORMAL,54.0,,
1801,2026-03-20 22:11:18.644652,USDCHF,0.78802,0.0013017451028659159,43.992818566825804,0.788586,0.7904082,-0.000428797431531458,-0.0004971126876824085,0.3307636480971652,0.78802,0.00265007920700581,48.769411252662536,0.7862394,0.7771945499999999,UP,0.78802,46.806173797122234,0.0006718991031519585,NORMAL,0.0,,
1802,2026-03-20 23:05:00.301527,EURUSD,1.15713,0.0019514907172638472,58.33642862596786,1.1557549999999999,1.1525945999999998,0.0,0.0006731052905737437,0.8313060143525821,1.15713,0.00393368221709032,58.85935607616212,1.1526348,1.17111325,DOWN,1.15713,61.05311452258026,0.0010169947447115854,NORMAL,0.0,,
1804,2026-03-20 23:05:00.567053,GBPUSD,1.33407,0.0026050681526197067,44.84192852896349,1.3371675,1.3343634,0.0,-0.00041618071756634677,0.3070220273734615,1.33407,0.0046883929427269455,49.04713280120768,1.3345080000000002,1.3476247000000001,DOWN,1.33407,50.973091862756405,0.001252580143431812,NORMAL,0.0,,
1803,2026-03-20 23:05:00.645331,EURUSD,1.15713,0.0019514907172638472,58.33642862596786,1.1557549999999999,1.1525945999999998,0.0005428668442806206,0.0006731052905737437,0.8313060143525821,1.15713,0.00393368221709032,58.85935607616212,1.1526348,1.17111325,DOWN,1.15713,61.05311452258026,0.0010169947447115854,NORMAL,0.0,,
1806,2026-03-20 23:05:00.936815,USDJPY,159.224,0.2063724575998371,63.04266343009202,158.77075,158.83766,0.0,0.12521349036931437,0.7736328926254641,159.224,0.4569589594424033,54.973715058247414,158.96386,156.52065000000002,UP,159.224,54.69134510392584,0.0871908999039439,NORMAL,0.0,,
1805,2026-03-20 23:05:01.015047,GBPUSD,1.33407,0.0026050681526197067,44.84192852896349,1.3371675,1.3343634,-0.0011539703944842827,-0.00041618071756634677,0.3070220273734615,1.33407,0.0046883929427269455,49.04713280120768,1.3345080000000002,1.3476247000000001,DOWN,1.33407,50.973091862756405,0.001252580143431812,NORMAL,0.0,,
1808,2026-03-20 23:05:01.384672,XAUUSD,4493.01,45.87759974779498,28.76988070676191,4631.414500000001,4689.0374,0.0,-37.492361726935805,0.051200499652082995,4493.01,74.29122823282843,18.855524844321792,4970.8468,5049.79,DOWN,4493.01,28.13418709914481,21.956060185181162,NORMAL,11000.0,,
1807,2026-03-20 23:05:01.462915,USDJPY,159.224,0.2063724575998371,63.04266343009202,158.77075,158.83766,0.21050238655604403,0.12521349036931437,0.7736328926254641,159.224,0.4569589594424033,54.973715058247414,158.96386,156.52065000000002,UP,159.224,54.69134510392584,0.0871908999039439,NORMAL,0.0,,
1809,2026-03-20 23:05:02.113521,XAUUSD,4493.01,45.87759974779498,28.76988070676191,4631.414500000001,4689.0374,-50.96686009727728,-37.492361726935805,0.051200499652082995,4493.01,74.29122823282843,18.855524844321792,4970.8468,5049.79,DOWN,4493.01,28.13418709914481,21.956060185181162,NORMAL,11000.0,,
1810,2026-03-20 23:05:02.513725,AUDUSD,0.70204,0.0017941361144300895,36.236755739239676,0.7059705000000001,0.7052916,-0.0012692963083069664,-0.0006290973777345157,0.14449470464533115,0.70204,0.0035254795257369247,40.26400781086035,0.7080942,0.7064557,UP,0.70204,39.321214768736695,0.0009293489647797336,NORMAL,0.0,,
1811,2026-03-20 23:05:02.857739,USDCAD,1.37238,0.0016858125490410213,50.03351339401558,1.37241,1.3727347999999997,-0.00018282088908527783,-0.00014894502814135206,0.4916187142270204,1.37238,0.0027675595389359555,56.3304637365388,1.3670554000000001,1.3651887500000002,UP,1.37238,54.356192585944314,0.001015545462899888,NORMAL,0.0,,
1812,2026-03-20 23:05:03.211701,NZDUSD,0.58262,0.0013487809239753885,37.703973849760764,0.5858845,0.5840554,-0.0007135725254199254,-0.00012070522435460615,0.14619765486578737,0.58262,0.0027848037664876817,44.10243697904856,0.5857942,0.5950377,DOWN,0.58262,35.60323235560051,0.0006581128929611411,NORMAL,54.0,,
1813,2026-03-20 23:05:03.577434,USDCHF,0.78802,0.0013017451028659159,43.992818566825804,0.788586,0.7904082,-0.000428797431531458,-0.0004971126876824085,0.3307636480971652,0.78802,0.00265007920700581,48.769411252662536,0.7862394,0.7771945499999999,UP,0.78802,46.806173797122234,0.0006718991031519585,NORMAL,0.0,,
1814,2026-03-21 00:05:00.241975,EURUSD,1.15713,0.0019514907172638472,58.33642862596786,1.1557549999999999,1.1525945999999998,0.0,0.0006731052905737437,0.8313060143525821,1.15713,0.00393368221709032,58.85935607616212,1.1526348,1.17111325,DOWN,1.15713,61.05311452258026,0.0010169947447115854,NORMAL,0.0,,
1815,2026-03-21 00:05:00.507537,GBPUSD,1.33407,0.0026050681526197067,44.84192852896349,1.3371675,1.3343634,0.0,-0.00041618071756634677,0.3070220273734615,1.33407,0.0046883929427269455,49.04713280120768,1.3345080000000002,1.3476247000000001,DOWN,1.33407,50.973091862756405,0.001252580143431812,NORMAL,0.0,,
1816,2026-03-21 00:05:00.663751,USDJPY,159.224,0.2063724575998371,63.04266343009202,158.77075,158.83766,0.0,0.12521349036931437,0.7736328926254641,159.224,0.4569589594424033,54.973715058247414,158.96386,156.52065000000002,UP,159.224,54.69134510392584,0.0871908999039439,NORMAL,0.0,,
1817,2026-03-21 00:05:00.830373,XAUUSD,4493.01,45.87759974779498,28.76988070676191,4631.414500000001,4689.0374,0.0,-37.492361726935805,0.051200499652082995,4493.01,74.29122823282843,18.855524844321792,4970.8468,5049.79,DOWN,4493.01,28.13418709914481,21.956060185181162,NORMAL,11000.0,,
1818,2026-03-21 00:05:02.837069,EURUSD,1.15713,0.0019514907172638472,58.33642862596786,1.1557549999999999,1.1525945999999998,0.0005428668442806206,0.0006731052905737437,0.8313060143525821,1.15713,0.00393368221709032,58.85935607616212,1.1526348,1.17111325,DOWN,1.15713,61.05311452258026,0.0010169947447115854,NORMAL,0.0,,
1819,2026-03-21 00:05:03.196608,GBPUSD,1.33407,0.0026050681526197067,44.84192852896349,1.3371675,1.3343634,-0.0011539703944842827,-0.00041618071756634677,0.3070220273734615,1.33407,0.0046883929427269455,49.04713280120768,1.3345080000000002,1.3476247000000001,DOWN,1.33407,50.973091862756405,0.001252580143431812,NORMAL,0.0,,
1820,2026-03-21 00:05:03.649609,USDJPY,159.224,0.2063724575998371,63.04266343009202,158.77075,158.83766,0.21050238655604403,0.12521349036931437,0.7736328926254641,159.224,0.4569589594424033,54.973715058247414,158.96386,156.52065000000002,UP,159.224,54.69134510392584,0.0871908999039439,NORMAL,0.0,,
1821,2026-03-21 00:05:03.941052,XAUUSD,4493.01,45.87759974779498,28.76988070676191,4631.414500000001,4689.0374,-50.96686009727728,-37.492361726935805,0.051200499652082995,4493.01,74.29122823282843,18.855524844321792,4970.8468,5049.79,DOWN,4493.01,28.13418709914481,21.956060185181162,NORMAL,11000.0,,
1822,2026-03-21 00:05:04.264128,AUDUSD,0.70204,0.0017941361144300895,36.236755739239676,0.7059705000000001,0.7052916,-0.0012692963083069664,-0.0006290973777345157,0.14449470464533115,0.70204,0.0035254795257369247,40.26400781086035,0.7080942,0.7064557,UP,0.70204,39.321214768736695,0.0009293489647797336,NORMAL,0.0,,
1823,2026-03-21 00:05:04.639039,USDCAD,1.37238,0.0016858125490410213,50.03351339401558,1.37241,1.3727347999999997,-0.00018282088908527783,-0.00014894502814135206,0.4916187142270204,1.37238,0.0027675595389359555,56.3304637365388,1.3670554000000001,1.3651887500000002,UP,1.37238,54.356192585944314,0.001015545462899888,NORMAL,0.0,,
1824,2026-03-21 00:05:05.008724,NZDUSD,0.58262,0.0013487809239753885,37.703973849760764,0.5858845,0.5840554,-0.0007135725254199254,-0.00012070522435460615,0.14619765486578737,0.58262,0.0027848037664876817,44.10243697904856,0.5857942,0.5950377,DOWN,0.58262,35.60323235560051,0.0006581128929611411,NORMAL,54.0,,
1825,2026-03-21 00:05:05.331123,USDCHF,0.78802,0.0013017451028659159,43.992818566825804,0.788586,0.7904082,-0.000428797431531458,-0.0004971126876824085,0.3307636480971652,0.78802,0.00265007920700581,48.769411252662536,0.7862394,0.7771945499999999,UP,0.78802,46.806173797122234,0.0006718991031519585,NORMAL,0.0,,
1826,2026-03-21 01:05:00.178983,EURUSD,1.15713,0.0019514907172638472,58.33642862596786,1.1557549999999999,1.1525945999999998,0.0,0.0006731052905737437,0.8313060143525821,1.15713,0.00393368221709032,58.85935607616212,1.1526348,1.17111325,DOWN,1.15713,61.05311452258026,0.0010169947447115854,NORMAL,0.0,,
1827,2026-03-21 01:05:00.428932,GBPUSD,1.33407,0.0026050681526197067,44.84192852896349,1.3371675,1.3343634,0.0,-0.00041618071756634677,0.3070220273734615,1.33407,0.0046883929427269455,49.04713280120768,1.3345080000000002,1.3476247000000001,DOWN,1.33407,50.973091862756405,0.001252580143431812,NORMAL,0.0,,
1828,2026-03-21 01:05:00.632012,USDJPY,159.224,0.2063724575998371,63.04266343009202,158.77075,158.83766,0.0,0.12521349036931437,0.7736328926254641,159.224,0.4569589594424033,54.973715058247414,158.96386,156.52065000000002,UP,159.224,54.69134510392584,0.0871908999039439,NORMAL,0.0,,
1829,2026-03-21 01:05:00.782888,XAUUSD,4493.01,45.87759974779498,28.76988070676191,4631.414500000001,4689.0374,0.0,-37.492361726935805,0.051200499652082995,4493.01,74.29122823282843,18.855524844321792,4970.8468,5049.79,DOWN,4493.01,28.13418709914481,21.956060185181162,NORMAL,11000.0,,
1830,2026-03-21 01:05:02.320908,EURUSD,1.15713,0.0019514907172638472,58.33642862596786,1.1557549999999999,1.1525945999999998,0.0005428668442806206,0.0006731052905737437,0.8313060143525821,1.15713,0.00393368221709032,58.85935607616212,1.1526348,1.17111325,DOWN,1.15713,61.05311452258026,0.0010169947447115854,NORMAL,0.0,,
1831,2026-03-21 01:05:02.648809,GBPUSD,1.33407,0.0026050681526197067,44.84192852896349,1.3371675,1.3343634,-0.0011539703944842827,-0.00041618071756634677,0.3070220273734615,1.33407,0.0046883929427269455,49.04713280120768,1.3345080000000002,1.3476247000000001,DOWN,1.33407,50.973091862756405,0.001252580143431812,NORMAL,0.0,,
1832,2026-03-21 01:05:02.971747,USDJPY,159.224,0.2063724575998371,63.04266343009202,158.77075,158.83766,0.21050238655604403,0.12521349036931437,0.7736328926254641,159.224,0.4569589594424033,54.973715058247414,158.96386,156.52065000000002,UP,159.224,54.69134510392584,0.0871908999039439,NORMAL,0.0,,
1833,2026-03-21 01:05:03.325837,XAUUSD,4493.01,45.87759974779498,28.76988070676191,4631.414500000001,4689.0374,-50.96686009727728,-37.492361726935805,0.051200499652082995,4493.01,74.29122823282843,18.855524844321792,4970.8468,5049.79,DOWN,4493.01,28.13418709914481,21.956060185181162,NORMAL,11000.0,,
1834,2026-03-21 01:05:03.679702,AUDUSD,0.70204,0.0017941361144300895,36.236755739239676,0.7059705000000001,0.7052916,-0.0012692963083069664,-0.0006290973777345157,0.14449470464533115,0.70204,0.0035254795257369247,40.26400781086035,0.7080942,0.7064557,UP,0.70204,39.321214768736695,0.0009293489647797336,NORMAL,0.0,,
1835,2026-03-21 01:05:04.007933,USDCAD,1.37238,0.0016858125490410213,50.03351339401558,1.37241,1.3727347999999997,-0.00018282088908527783,-0.00014894502814135206,0.4916187142270204,1.37238,0.0027675595389359555,56.3304637365388,1.3670554000000001,1.3651887500000002,UP,1.37238,54.356192585944314,0.001015545462899888,NORMAL,0.0,,
1836,2026-03-21 01:05:04.330631,NZDUSD,0.58262,0.0013487809239753885,37.703973849760764,0.5858845,0.5840554,-0.0007135725254199254,-0.00012070522435460615,0.14619765486578737,0.58262,0.0027848037664876817,44.10243697904856,0.5857942,0.5950377,DOWN,0.58262,35.60323235560051,0.0006581128929611411,NORMAL,54.0,,
1837,2026-03-21 01:05:04.658531,USDCHF,0.78802,0.0013017451028659159,43.992818566825804,0.788586,0.7904082,-0.000428797431531458,-0.0004971126876824085,0.3307636480971652,0.78802,0.00265007920700581,48.769411252662536,0.7862394,0.7771945499999999,UP,0.78802,46.806173797122234,0.0006718991031519585,NORMAL,0.0,,
1838,2026-03-21 02:05:00.158484,EURUSD,1.15713,0.0019514907172638472,58.33642862596786,1.1557549999999999,1.1525945999999998,0.0,0.0006731052905737437,0.8313060143525821,1.15713,0.00393368221709032,58.85935607616212,1.1526348,1.17111325,DOWN,1.15713,61.05311452258026,0.0010169947447115854,NORMAL,0.0,,
1839,2026-03-21 02:05:00.679316,GBPUSD,1.33407,0.0026050681526197067,44.84192852896349,1.3371675,1.3343634,0.0,-0.00041618071756634677,0.3070220273734615,1.33407,0.0046883929427269455,49.04713280120768,1.3345080000000002,1.3476247000000001,DOWN,1.33407,50.973091862756405,0.001252580143431812,NORMAL,0.0,,
1840,2026-03-21 02:05:00.913655,USDJPY,159.224,0.2063724575998371,63.04266343009202,158.77075,158.83766,0.0,0.12521349036931437,0.7736328926254641,159.224,0.4569589594424033,54.973715058247414,158.96386,156.52065000000002,UP,159.224,54.69134510392584,0.0871908999039439,NORMAL,0.0,,
1841,2026-03-21 02:05:01.085485,XAUUSD,4493.01,45.87759974779498,28.76988070676191,4631.414500000001,4689.0374,0.0,-37.492361726935805,0.051200499652082995,4493.01,74.29122823282843,18.855524844321792,4970.8468,5049.79,DOWN,4493.01,28.13418709914481,21.956060185181162,NORMAL,11000.0,,
1842,2026-03-21 02:05:02.957665,EURUSD,1.15713,0.0019514907172638472,58.33642862596786,1.1557549999999999,1.1525945999999998,0.0005428668442806206,0.0006731052905737437,0.8313060143525821,1.15713,0.00393368221709032,58.85935607616212,1.1526348,1.17111325,DOWN,1.15713,61.05311452258026,0.0010169947447115854,NORMAL,0.0,,
1843,2026-03-21 02:05:03.577349,GBPUSD,1.33407,0.0026050681526197067,44.84192852896349,1.3371675,1.3343634,-0.0011539703944842827,-0.00041618071756634677,0.3070220273734615,1.33407,0.0046883929427269455,49.04713280120768,1.3345080000000002,1.3476247000000001,DOWN,1.33407,50.973091862756405,0.001252580143431812,NORMAL,0.0,,
1844,2026-03-21 02:05:04.577390,USDJPY,159.224,0.2063724575998371,63.04266343009202,158.77075,158.83766,0.21050238655604403,0.12521349036931437,0.7736328926254641,159.224,0.4569589594424033,54.973715058247414,158.96386,156.52065000000002,UP,159.224,54.69134510392584,0.0871908999039439,NORMAL,0.0,,
1845,2026-03-21 02:05:05.150195,XAUUSD,4493.01,45.87759974779498,28.76988070676191,4631.414500000001,4689.0374,-50.96686009727728,-37.492361726935805,0.051200499652082995,4493.01,74.29122823282843,18.855524844321792,4970.8468,5049.79,DOWN,4493.01,28.13418709914481,21.956060185181162,NORMAL,11000.0,,
1846,2026-03-21 02:05:05.827085,AUDUSD,0.70204,0.0017941361144300895,36.236755739239676,0.7059705000000001,0.7052916,-0.0012692963083069664,-0.0006290973777345157,0.14449470464533115,0.70204,0.0035254795257369247,40.26400781086035,0.7080942,0.7064557,UP,0.70204,39.321214768736695,0.0009293489647797336,NORMAL,0.0,,
1847,2026-03-21 02:05:06.462582,USDCAD,1.37238,0.0016858125490410213,50.03351339401558,1.37241,1.3727347999999997,-0.00018282088908527783,-0.00014894502814135206,0.4916187142270204,1.37238,0.0027675595389359555,56.3304637365388,1.3670554000000001,1.3651887500000002,UP,1.37238,54.356192585944314,0.001015545462899888,NORMAL,0.0,,
1848,2026-03-21 02:05:06.847566,NZDUSD,0.58262,0.0013487809239753885,37.703973849760764,0.5858845,0.5840554,-0.0007135725254199254,-0.00012070522435460615,0.14619765486578737,0.58262,0.0027848037664876817,44.10243697904856,0.5857942,0.5950377,DOWN,0.58262,35.60323235560051,0.0006581128929611411,NORMAL,54.0,,
1849,2026-03-21 02:05:07.311139,USDCHF,0.78802,0.0013017451028659159,43.992818566825804,0.788586,0.7904082,-0.000428797431531458,-0.0004971126876824085,0.3307636480971652,0.78802,0.00265007920700581,48.769411252662536,0.7862394,0.7771945499999999,UP,0.78802,46.806173797122234,0.0006718991031519585,NORMAL,0.0,,
1850,2026-03-21 03:05:00.141752,EURUSD,1.15713,0.0019514907172638472,58.33642862596786,1.1557549999999999,1.1525945999999998,0.0,0.0006731052905737437,0.8313060143525821,1.15713,0.00393368221709032,58.85935607616212,1.1526348,1.17111325,DOWN,1.15713,61.05311452258026,0.0010169947447115854,NORMAL,0.0,,
1851,2026-03-21 03:05:00.480137,GBPUSD,1.33407,0.0026050681526197067,44.84192852896349,1.3371675,1.3343634,0.0,-0.00041618071756634677,0.3070220273734615,1.33407,0.0046883929427269455,49.04713280120768,1.3345080000000002,1.3476247000000001,DOWN,1.33407,50.973091862756405,0.001252580143431812,NORMAL,0.0,,
1852,2026-03-21 03:05:00.511378,EURUSD,1.15713,0.0019514907172638472,58.33642862596786,1.1557549999999999,1.1525945999999998,0.0005428668442806206,0.0006731052905737437,0.8313060143525821,1.15713,0.00393368221709032,58.85935607616212,1.1526348,1.17111325,DOWN,1.15713,61.05311452258026,0.0010169947447115854,NORMAL,0.0,,
1853,2026-03-21 03:05:00.667716,USDJPY,159.224,0.2063724575998371,63.04266343009202,158.77075,158.83766,0.0,0.12521349036931437,0.7736328926254641,159.224,0.4569589594424033,54.973715058247414,158.96386,156.52065000000002,UP,159.224,54.69134510392584,0.0871908999039439,NORMAL,0.0,,
1854,2026-03-21 03:05:00.865364,XAUUSD,4493.01,45.87759974779498,28.76988070676191,4631.414500000001,4689.0374,0.0,-37.492361726935805,0.051200499652082995,4493.01,74.29122823282843,18.855524844321792,4970.8468,5049.79,DOWN,4493.01,28.13418709914481,21.956060185181162,NORMAL,11000.0,,
1855,2026-03-21 03:05:03.349274,GBPUSD,1.33407,0.0026050681526197067,44.84192852896349,1.3371675,1.3343634,-0.0011539703944842827,-0.00041618071756634677,0.3070220273734615,1.33407,0.0046883929427269455,49.04713280120768,1.3345080000000002,1.3476247000000001,DOWN,1.33407,50.973091862756405,0.001252580143431812,NORMAL,0.0,,
1856,2026-03-21 03:05:03.630460,USDJPY,159.224,0.2063724575998371,63.04266343009202,158.77075,158.83766,0.21050238655604403,0.12521349036931437,0.7736328926254641,159.224,0.4569589594424033,54.973715058247414,158.96386,156.52065000000002,UP,159.224,54.69134510392584,0.0871908999039439,NORMAL,0.0,,
1857,2026-03-21 03:05:03.937703,XAUUSD,4493.01,45.87759974779498,28.76988070676191,4631.414500000001,4689.0374,-50.96686009727728,-37.492361726935805,0.051200499652082995,4493.01,74.29122823282843,18.855524844321792,4970.8468,5049.79,DOWN,4493.01,28.13418709914481,21.956060185181162,NORMAL,11000.0,,
1858,2026-03-21 03:05:04.244755,AUDUSD,0.70204,0.0017941361144300895,36.236755739239676,0.7059705000000001,0.7052916,-0.0012692963083069664,-0.0006290973777345157,0.14449470464533115,0.70204,0.0035254795257369247,40.26400781086035,0.7080942,0.7064557,UP,0.70204,39.321214768736695,0.0009293489647797336,NORMAL,0.0,,
1859,2026-03-21 03:05:04.635179,USDCAD,1.37238,0.0016858125490410213,50.03351339401558,1.37241,1.3727347999999997,-0.00018282088908527783,-0.00014894502814135206,0.4916187142270204,1.37238,0.0027675595389359555,56.3304637365388,1.3670554000000001,1.3651887500000002,UP,1.37238,54.356192585944314,0.001015545462899888,NORMAL,0.0,,
1860,2026-03-21 03:05:05.202935,NZDUSD,0.58262,0.0013487809239753885,37.703973849760764,0.5858845,0.5840554,-0.0007135725254199254,-0.00012070522435460615,0.14619765486578737,0.58262,0.0027848037664876817,44.10243697904856,0.5857942,0.5950377,DOWN,0.58262,35.60323235560051,0.0006581128929611411,NORMAL,54.0,,
1861,2026-03-21 03:05:05.562062,USDCHF,0.78802,0.0013017451028659159,43.992818566825804,0.788586,0.7904082,-0.000428797431531458,-0.0004971126876824085,0.3307636480971652,0.78802,0.00265007920700581,48.769411252662536,0.7862394,0.7771945499999999,UP,0.78802,46.806173797122234,0.0006718991031519585,NORMAL,0.0,,
1862,2026-03-21 04:05:00.143234,EURUSD,1.15713,0.0019514907172638472,58.33642862596786,1.1557549999999999,1.1525945999999998,0.0,0.0006731052905737437,0.8313060143525821,1.15713,0.00393368221709032,58.85935607616212,1.1526348,1.17111325,DOWN,1.15713,61.05311452258026,0.0010169947447115854,NORMAL,0.0,,
1863,2026-03-21 04:05:00.419251,GBPUSD,1.33407,0.0026050681526197067,44.84192852896349,1.3371675,1.3343634,0.0,-0.00041618071756634677,0.3070220273734615,1.33407,0.0046883929427269455,49.04713280120768,1.3345080000000002,1.3476247000000001,DOWN,1.33407,50.973091862756405,0.001252580143431812,NORMAL,0.0,,
1865,2026-03-21 04:05:00.591124,USDJPY,159.224,0.2063724575998371,63.04266343009202,158.77075,158.83766,0.0,0.12521349036931437,0.7736328926254641,159.224,0.4569589594424033,54.973715058247414,158.96386,156.52065000000002,UP,159.224,54.69134510392584,0.0871908999039439,NORMAL,0.0,,
1864,2026-03-21 04:05:00.622324,EURUSD,1.15713,0.0019514907172638472,58.33642862596786,1.1557549999999999,1.1525945999999998,0.0005428668442806206,0.0006731052905737437,0.8313060143525821,1.15713,0.00393368221709032,58.85935607616212,1.1526348,1.17111325,DOWN,1.15713,61.05311452258026,0.0010169947447115854,NORMAL,0.0,,
1866,2026-03-21 04:05:00.898354,XAUUSD,4493.01,45.87759974779498,28.76988070676191,4631.414500000001,4689.0374,0.0,-37.492361726935805,0.051200499652082995,4493.01,74.29122823282843,18.855524844321792,4970.8468,5049.79,DOWN,4493.01,28.13418709914481,21.956060185181162,NORMAL,11000.0,,
1867,2026-03-21 04:05:02.647825,GBPUSD,1.33407,0.0026050681526197067,44.84192852896349,1.3371675,1.3343634,-0.0011539703944842827,-0.00041618071756634677,0.3070220273734615,1.33407,0.0046883929427269455,49.04713280120768,1.3345080000000002,1.3476247000000001,DOWN,1.33407,50.973091862756405,0.001252580143431812,NORMAL,0.0,,
1868,2026-03-21 04:05:02.955256,USDJPY,159.224,0.2063724575998371,63.04266343009202,158.77075,158.83766,0.21050238655604403,0.12521349036931437,0.7736328926254641,159.224,0.4569589594424033,54.973715058247414,158.96386,156.52065000000002,UP,159.224,54.69134510392584,0.0871908999039439,NORMAL,0.0,,
1869,2026-03-21 04:05:03.293411,XAUUSD,4493.01,45.87759974779498,28.76988070676191,4631.414500000001,4689.0374,-50.96686009727728,-37.492361726935805,0.051200499652082995,4493.01,74.29122823282843,18.855524844321792,4970.8468,5049.79,DOWN,4493.01,28.13418709914481,21.956060185181162,NORMAL,11000.0,,
1870,2026-03-21 04:05:03.637212,AUDUSD,0.70204,0.0017941361144300895,36.236755739239676,0.7059705000000001,0.7052916,-0.0012692963083069664,-0.0006290973777345157,0.14449470464533115,0.70204,0.0035254795257369247,40.26400781086035,0.7080942,0.7064557,UP,0.70204,39.321214768736695,0.0009293489647797336,NORMAL,0.0,,
1871,2026-03-21 04:05:03.959930,USDCAD,1.37238,0.0016858125490410213,50.03351339401558,1.37241,1.3727347999999997,-0.00018282088908527783,-0.00014894502814135206,0.4916187142270204,1.37238,0.0027675595389359555,56.3304637365388,1.3670554000000001,1.3651887500000002,UP,1.37238,54.356192585944314,0.001015545462899888,NORMAL,0.0,,
1872,2026-03-21 04:05:04.282655,NZDUSD,0.58262,0.0013487809239753885,37.703973849760764,0.5858845,0.5840554,-0.0007135725254199254,-0.00012070522435460615,0.14619765486578737,0.58262,0.0027848037664876817,44.10243697904856,0.5857942,0.5950377,DOWN,0.58262,35.60323235560051,0.0006581128929611411,NORMAL,54.0,,
1873,2026-03-21 04:05:04.610701,USDCHF,0.78802,0.0013017451028659159,43.992818566825804,0.788586,0.7904082,-0.000428797431531458,-0.0004971126876824085,0.3307636480971652,0.78802,0.00265007920700581,48.769411252662536,0.7862394,0.7771945499999999,UP,0.78802,46.806173797122234,0.0006718991031519585,NORMAL,0.0,,
1874,2026-03-21 05:05:00.156548,EURUSD,1.15713,0.0019514907172638472,58.33642862596786,1.1557549999999999,1.1525945999999998,0.0,0.0006731052905737437,0.8313060143525821,1.15713,0.00393368221709032,58.85935607616212,1.1526348,1.17111325,DOWN,1.15713,61.05311452258026,0.0010169947447115854,NORMAL,0.0,,
1875,2026-03-21 05:05:00.417184,GBPUSD,1.33407,0.0026050681526197067,44.84192852896349,1.3371675,1.3343634,0.0,-0.00041618071756634677,0.3070220273734615,1.33407,0.0046883929427269455,49.04713280120768,1.3345080000000002,1.3476247000000001,DOWN,1.33407,50.973091862756405,0.001252580143431812,NORMAL,0.0,,
1877,2026-03-21 05:05:00.589057,USDJPY,159.224,0.2063724575998371,63.04266343009202,158.77075,158.83766,0.0,0.12521349036931437,0.7736328926254641,159.224,0.4569589594424033,54.973715058247414,158.96386,156.52065000000002,UP,159.224,54.69134510392584,0.0871908999039439,NORMAL,0.0,,
1876,2026-03-21 05:05:00.636056,EURUSD,1.15713,0.0019514907172638472,58.33642862596786,1.1557549999999999,1.1525945999999998,0.0005428668442806206,0.0006731052905737437,0.8313060143525821,1.15713,0.00393368221709032,58.85935607616212,1.1526348,1.17111325,DOWN,1.15713,61.05311452258026,0.0010169947447115854,NORMAL,0.0,,
1879,2026-03-21 05:05:00.943177,XAUUSD,4493.01,45.87759974779498,28.76988070676191,4631.414500000001,4689.0374,0.0,-37.492361726935805,0.051200499652082995,4493.01,74.29122823282843,18.855524844321792,4970.8468,5049.79,DOWN,4493.01,28.13418709914481,21.956060185181162,NORMAL,11000.0,,
1878,2026-03-21 05:05:00.990174,GBPUSD,1.33407,0.0026050681526197067,44.84192852896349,1.3371675,1.3343634,-0.0011539703944842827,-0.00041618071756634677,0.3070220273734615,1.33407,0.0046883929427269455,49.04713280120768,1.3345080000000002,1.3476247000000001,DOWN,1.33407,50.973091862756405,0.001252580143431812,NORMAL,0.0,,
1880,2026-03-21 05:05:03.156419,USDJPY,159.224,0.2063724575998371,63.04266343009202,158.77075,158.83766,0.21050238655604403,0.12521349036931437,0.7736328926254641,159.224,0.4569589594424033,54.973715058247414,158.96386,156.52065000000002,UP,159.224,54.69134510392584,0.0871908999039439,NORMAL,0.0,,
1881,2026-03-21 05:05:03.510584,XAUUSD,4493.01,45.87759974779498,28.76988070676191,4631.414500000001,4689.0374,-50.96686009727728,-37.492361726935805,0.051200499652082995,4493.01,74.29122823282843,18.855524844321792,4970.8468,5049.79,DOWN,4493.01,28.13418709914481,21.956060185181162,NORMAL,11000.0,,
1882,2026-03-21 05:05:03.833187,AUDUSD,0.70204,0.0017941361144300895,36.236755739239676,0.7059705000000001,0.7052916,-0.0012692963083069664,-0.0006290973777345157,0.14449470464533115,0.70204,0.0035254795257369247,40.26400781086035,0.7080942,0.7064557,UP,0.70204,39.321214768736695,0.0009293489647797336,NORMAL,0.0,,
1883,2026-03-21 05:05:04.176836,USDCAD,1.37238,0.0016858125490410213,50.03351339401558,1.37241,1.3727347999999997,-0.00018282088908527783,-0.00014894502814135206,0.4916187142270204,1.37238,0.0027675595389359555,56.3304637365388,1.3670554000000001,1.3651887500000002,UP,1.37238,54.356192585944314,0.001015545462899888,NORMAL,0.0,,
1884,2026-03-21 05:05:04.546397,NZDUSD,0.58262,0.0013487809239753885,37.703973849760764,0.5858845,0.5840554,-0.0007135725254199254,-0.00012070522435460615,0.14619765486578737,0.58262,0.0027848037664876817,44.10243697904856,0.5857942,0.5950377,DOWN,0.58262,35.60323235560051,0.0006581128929611411,NORMAL,54.0,,
1885,2026-03-21 05:05:04.884812,USDCHF,0.78802,0.0013017451028659159,43.992818566825804,0.788586,0.7904082,-0.000428797431531458,-0.0004971126876824085,0.3307636480971652,0.78802,0.00265007920700581,48.769411252662536,0.7862394,0.7771945499999999,UP,0.78802,46.806173797122234,0.0006718991031519585,NORMAL,0.0,,
1886,2026-03-21 06:05:00.481205,EURUSD,1.15713,0.0019514907172638472,58.33642862596786,1.1557549999999999,1.1525945999999998,0.0005428668442806206,0.0006731052905737437,0.8313060143525821,1.15713,0.00393368221709032,58.85935607616212,1.1526348,1.17111325,DOWN,1.15713,61.05311452258026,0.0010169947447115854,NORMAL,0.0,,
1887,2026-03-21 06:05:00.866528,GBPUSD,1.33407,0.0026050681526197067,44.84192852896349,1.3371675,1.3343634,-0.0011539703944842827,-0.00041618071756634677,0.3070220273734615,1.33407,0.0046883929427269455,49.04713280120768,1.3345080000000002,1.3476247000000001,DOWN,1.33407,50.973091862756405,0.001252580143431812,NORMAL,0.0,,
1888,2026-03-21 06:05:01.283083,USDJPY,159.224,0.2063724575998371,63.04266343009202,158.77075,158.83766,0.21050238655604403,0.12521349036931437,0.7736328926254641,159.224,0.4569589594424033,54.973715058247414,158.96386,156.52065000000002,UP,159.224,54.69134510392584,0.0871908999039439,NORMAL,0.0,,
1889,2026-03-21 06:05:01.423647,EURUSD,1.15713,0.0019514907172638472,58.33642862596786,1.1557549999999999,1.1525945999999998,0.0,0.0006731052905737437,0.8313060143525821,1.15713,0.00393368221709032,58.85935607616212,1.1526348,1.17111325,DOWN,1.15713,61.05311452258026,0.0010169947447115854,NORMAL,0.0,,
1890,2026-03-21 06:05:01.637104,GBPUSD,1.33407,0.0026050681526197067,44.84192852896349,1.3371675,1.3343634,0.0,-0.00041618071756634677,0.3070220273734615,1.33407,0.0046883929427269455,49.04713280120768,1.3345080000000002,1.3476247000000001,DOWN,1.33407,50.973091862756405,0.001252580143431812,NORMAL,0.0,,
1891,2026-03-21 06:05:01.762076,USDJPY,159.224,0.2063724575998371,63.04266343009202,158.77075,158.83766,0.0,0.12521349036931437,0.7736328926254641,159.224,0.4569589594424033,54.973715058247414,158.96386,156.52065000000002,UP,159.224,54.69134510392584,0.0871908999039439,NORMAL,0.0,,
1892,2026-03-21 06:05:01.887043,XAUUSD,4493.01,45.87759974779498,28.76988070676191,4631.414500000001,4689.0374,0.0,-37.492361726935805,0.051200499652082995,4493.01,74.29122823282843,18.855524844321792,4970.8468,5049.79,DOWN,4493.01,28.13418709914481,21.956060185181162,NORMAL,11000.0,,
1893,2026-03-21 06:05:03.281329,XAUUSD,4493.01,45.87759974779498,28.76988070676191,4631.414500000001,4689.0374,-50.96686009727728,-37.492361726935805,0.051200499652082995,4493.01,74.29122823282843,18.855524844321792,4970.8468,5049.79,DOWN,4493.01,28.13418709914481,21.956060185181162,NORMAL,11000.0,,
1894,2026-03-21 06:05:03.697813,AUDUSD,0.70204,0.0017941361144300895,36.236755739239676,0.7059705000000001,0.7052916,-0.0012692963083069664,-0.0006290973777345157,0.14449470464533115,0.70204,0.0035254795257369247,40.26400781086035,0.7080942,0.7064557,UP,0.70204,39.321214768736695,0.0009293489647797336,NORMAL,0.0,,
1895,2026-03-21 06:05:04.025689,USDCAD,1.37238,0.0016858125490410213,50.03351339401558,1.37241,1.3727347999999997,-0.00018282088908527783,-0.00014894502814135206,0.4916187142270204,1.37238,0.0027675595389359555,56.3304637365388,1.3670554000000001,1.3651887500000002,UP,1.37238,54.356192585944314,0.001015545462899888,NORMAL,0.0,,
1896,2026-03-21 06:05:04.364402,NZDUSD,0.58262,0.0013487809239753885,37.703973849760764,0.5858845,0.5840554,-0.0007135725254199254,-0.00012070522435460615,0.14619765486578737,0.58262,0.0027848037664876817,44.10243697904856,0.5857942,0.5950377,DOWN,0.58262,35.60323235560051,0.0006581128929611411,NORMAL,54.0,,
1897,2026-03-21 06:05:04.686946,USDCHF,0.78802,0.0013017451028659159,43.992818566825804,0.788586,0.7904082,-0.000428797431531458,-0.0004971126876824085,0.3307636480971652,0.78802,0.00265007920700581,48.769411252662536,0.7862394,0.7771945499999999,UP,0.78802,46.806173797122234,0.0006718991031519585,NORMAL,0.0,,
1898,2026-03-21 07:05:00.170040,EURUSD,1.15713,0.0019514907172638472,58.33642862596786,1.1557549999999999,1.1525945999999998,0.0,0.0006731052905737437,0.8313060143525821,1.15713,0.00393368221709032,58.85935607616212,1.1526348,1.17111325,DOWN,1.15713,61.05311452258026,0.0010169947447115854,NORMAL,0.0,,
1899,2026-03-21 07:05:00.451194,GBPUSD,1.33407,0.0026050681526197067,44.84192852896349,1.3371675,1.3343634,0.0,-0.00041618071756634677,0.3070220273734615,1.33407,0.0046883929427269455,49.04713280120768,1.3345080000000002,1.3476247000000001,DOWN,1.33407,50.973091862756405,0.001252580143431812,NORMAL,0.0,,
1901,2026-03-21 07:05:00.633409,USDJPY,159.224,0.2063724575998371,63.04266343009202,158.77075,158.83766,0.0,0.12521349036931437,0.7736328926254641,159.224,0.4569589594424033,54.973715058247414,158.96386,156.52065000000002,UP,159.224,54.69134510392584,0.0871908999039439,NORMAL,0.0,,
1900,2026-03-21 07:05:00.742890,EURUSD,1.15713,0.0019514907172638472,58.33642862596786,1.1557549999999999,1.1525945999999998,0.0005428668442806206,0.0006731052905737437,0.8313060143525821,1.15713,0.00393368221709032,58.85935607616212,1.1526348,1.17111325,DOWN,1.15713,61.05311452258026,0.0010169947447115854,NORMAL,0.0,,
1903,2026-03-21 07:05:01.008285,XAUUSD,4493.01,45.87759974779498,28.76988070676191,4631.414500000001,4689.0374,0.0,-37.492361726935805,0.051200499652082995,4493.01,74.29122823282843,18.855524844321792,4970.8468,5049.79,DOWN,4493.01,28.13418709914481,21.956060185181162,NORMAL,11000.0,,
1902,2026-03-21 07:05:01.128256,GBPUSD,1.33407,0.0026050681526197067,44.84192852896349,1.3371675,1.3343634,-0.0011539703944842827,-0.00041618071756634677,0.3070220273734615,1.33407,0.0046883929427269455,49.04713280120768,1.3345080000000002,1.3476247000000001,DOWN,1.33407,50.973091862756405,0.001252580143431812,NORMAL,0.0,,
1904,2026-03-21 07:05:01.638555,USDJPY,159.224,0.2063724575998371,63.04266343009202,158.77075,158.83766,0.21050238655604403,0.12521349036931437,0.7736328926254641,159.224,0.4569589594424033,54.973715058247414,158.96386,156.52065000000002,UP,159.224,54.69134510392584,0.0871908999039439,NORMAL,0.0,,
1905,2026-03-21 07:05:03.169079,XAUUSD,4493.01,45.87759974779498,28.76988070676191,4631.414500000001,4689.0374,-50.96686009727728,-37.492361726935805,0.051200499652082995,4493.01,74.29122823282843,18.855524844321792,4970.8468,5049.79,DOWN,4493.01,28.13418709914481,21.956060185181162,NORMAL,11000.0,,
1906,2026-03-21 07:05:03.528274,AUDUSD,0.70204,0.0017941361144300895,36.236755739239676,0.7059705000000001,0.7052916,-0.0012692963083069664,-0.0006290973777345157,0.14449470464533115,0.70204,0.0035254795257369247,40.26400781086035,0.7080942,0.7064557,UP,0.70204,39.321214768736695,0.0009293489647797336,NORMAL,0.0,,
1907,2026-03-21 07:05:03.851786,USDCAD,1.37238,0.0016858125490410213,50.03351339401558,1.37241,1.3727347999999997,-0.00018282088908527783,-0.00014894502814135206,0.4916187142270204,1.37238,0.0027675595389359555,56.3304637365388,1.3670554000000001,1.3651887500000002,UP,1.37238,54.356192585944314,0.001015545462899888,NORMAL,0.0,,
1908,2026-03-21 07:05:04.189952,NZDUSD,0.58262,0.0013487809239753885,37.703973849760764,0.5858845,0.5840554,-0.0007135725254199254,-0.00012070522435460615,0.14619765486578737,0.58262,0.0027848037664876817,44.10243697904856,0.5857942,0.5950377,DOWN,0.58262,35.60323235560051,0.0006581128929611411,NORMAL,54.0,,
1909,2026-03-21 07:05:04.502318,USDCHF,0.78802,0.0013017451028659159,43.992818566825804,0.788586,0.7904082,-0.000428797431531458,-0.0004971126876824085,0.3307636480971652,0.78802,0.00265007920700581,48.769411252662536,0.7862394,0.7771945499999999,UP,0.78802,46.806173797122234,0.0006718991031519585,NORMAL,0.0,,
1910,2026-03-21 08:05:00.163299,EURUSD,1.15713,0.0019514907172638472,58.33642862596786,1.1557549999999999,1.1525945999999998,0.0,0.0006731052905737437,0.8313060143525821,1.15713,0.00393368221709032,58.85935607616212,1.1526348,1.17111325,DOWN,1.15713,61.05311452258026,0.0010169947447115854,NORMAL,0.0,,
1911,2026-03-21 08:05:00.444485,GBPUSD,1.33407,0.0026050681526197067,44.84192852896349,1.3371675,1.3343634,0.0,-0.00041618071756634677,0.3070220273734615,1.33407,0.0046883929427269455,49.04713280120768,1.3345080000000002,1.3476247000000001,DOWN,1.33407,50.973091862756405,0.001252580143431812,NORMAL,0.0,,
1913,2026-03-21 08:05:00.720390,USDJPY,159.224,0.2063724575998371,63.04266343009202,158.77075,158.83766,0.0,0.12521349036931437,0.7736328926254641,159.224,0.4569589594424033,54.973715058247414,158.96386,156.52065000000002,UP,159.224,54.69134510392584,0.0871908999039439,NORMAL,0.0,,
1912,2026-03-21 08:05:00.767386,EURUSD,1.15713,0.0019514907172638472,58.33642862596786,1.1557549999999999,1.1525945999999998,0.0005428668442806206,0.0006731052905737437,0.8313060143525821,1.15713,0.00393368221709032,58.85935607616212,1.1526348,1.17111325,DOWN,1.15713,61.05311452258026,0.0010169947447115854,NORMAL,0.0,,
1915,2026-03-21 08:05:01.032778,XAUUSD,4493.01,45.87759974779498,28.76988070676191,4631.414500000001,4689.0374,0.0,-37.492361726935805,0.051200499652082995,4493.01,74.29122823282843,18.855524844321792,4970.8468,5049.79,DOWN,4493.01,28.13418709914481,21.956060185181162,NORMAL,11000.0,,
1914,2026-03-21 08:05:01.105519,GBPUSD,1.33407,0.0026050681526197067,44.84192852896349,1.3371675,1.3343634,-0.0011539703944842827,-0.00041618071756634677,0.3070220273734615,1.33407,0.0046883929427269455,49.04713280120768,1.3345080000000002,1.3476247000000001,DOWN,1.33407,50.973091862756405,0.001252580143431812,NORMAL,0.0,,
1916,2026-03-21 08:05:01.678418,USDJPY,159.224,0.2063724575998371,63.04266343009202,158.77075,158.83766,0.21050238655604403,0.12521349036931437,0.7736328926254641,159.224,0.4569589594424033,54.973715058247414,158.96386,156.52065000000002,UP,159.224,54.69134510392584,0.0871908999039439,NORMAL,0.0,,
1917,2026-03-21 08:05:03.794413,XAUUSD,4493.01,45.87759974779498,28.76988070676191,4631.414500000001,4689.0374,-50.96686009727728,-37.492361726935805,0.051200499652082995,4493.01,74.29122823282843,18.855524844321792,4970.8468,5049.79,DOWN,4493.01,28.13418709914481,21.956060185181162,NORMAL,11000.0,,
1918,2026-03-21 08:05:04.117034,AUDUSD,0.70204,0.0017941361144300895,36.236755739239676,0.7059705000000001,0.7052916,-0.0012692963083069664,-0.0006290973777345157,0.14449470464533115,0.70204,0.0035254795257369247,40.26400781086035,0.7080942,0.7064557,UP,0.70204,39.321214768736695,0.0009293489647797336,NORMAL,0.0,,
1919,2026-03-21 08:05:04.492057,USDCAD,1.37238,0.0016858125490410213,50.03351339401558,1.37241,1.3727347999999997,-0.00018282088908527783,-0.00014894502814135206,0.4916187142270204,1.37238,0.0027675595389359555,56.3304637365388,1.3670554000000001,1.3651887500000002,UP,1.37238,54.356192585944314,0.001015545462899888,NORMAL,0.0,,
1920,2026-03-21 08:05:04.846181,NZDUSD,0.58262,0.0013487809239753885,37.703973849760764,0.5858845,0.5840554,-0.0007135725254199254,-0.00012070522435460615,0.14619765486578737,0.58262,0.0027848037664876817,44.10243697904856,0.5857942,0.5950377,DOWN,0.58262,35.60323235560051,0.0006581128929611411,NORMAL,54.0,,
1921,2026-03-21 08:05:05.168874,USDCHF,0.78802,0.0013017451028659159,43.992818566825804,0.788586,0.7904082,-0.000428797431531458,-0.0004971126876824085,0.3307636480971652,0.78802,0.00265007920700581,48.769411252662536,0.7862394,0.7771945499999999,UP,0.78802,46.806173797122234,0.0006718991031519585,NORMAL,0.0,,
1922,2026-03-21 09:05:00.135664,EURUSD,1.15713,0.0019514907172638472,58.33642862596786,1.1557549999999999,1.1525945999999998,0.0,0.0006731052905737437,0.8313060143525821,1.15713,0.00393368221709032,58.85935607616212,1.1526348,1.17111325,DOWN,1.15713,61.05311452258026,0.0010169947447115854,NORMAL,0.0,,
1923,2026-03-21 09:05:00.432473,GBPUSD,1.33407,0.0026050681526197067,44.84192852896349,1.3371675,1.3343634,0.0,-0.00041618071756634677,0.3070220273734615,1.33407,0.0046883929427269455,49.04713280120768,1.3345080000000002,1.3476247000000001,DOWN,1.33407,50.973091862756405,0.001252580143431812,NORMAL,0.0,,
1925,2026-03-21 09:05:00.677057,USDJPY,159.224,0.2063724575998371,63.04266343009202,158.77075,158.83766,0.0,0.12521349036931437,0.7736328926254641,159.224,0.4569589594424033,54.973715058247414,158.96386,156.52065000000002,UP,159.224,54.69134510392584,0.0871908999039439,NORMAL,0.0,,
1924,2026-03-21 09:05:00.723912,EURUSD,1.15713,0.0019514907172638472,58.33642862596786,1.1557549999999999,1.1525945999999998,0.0005428668442806206,0.0006731052905737437,0.8313060143525821,1.15713,0.00393368221709032,58.85935607616212,1.1526348,1.17111325,DOWN,1.15713,61.05311452258026,0.0010169947447115854,NORMAL,0.0,,
1927,2026-03-21 09:05:00.973852,XAUUSD,4493.01,45.87759974779498,28.76988070676191,4631.414500000001,4689.0374,0.0,-37.492361726935805,0.051200499652082995,4493.01,74.29122823282843,18.855524844321792,4970.8468,5049.79,DOWN,4493.01,28.13418709914481,21.956060185181162,NORMAL,11000.0,,
1926,2026-03-21 09:05:01.052101,GBPUSD,1.33407,0.0026050681526197067,44.84192852896349,1.3371675,1.3343634,-0.0011539703944842827,-0.00041618071756634677,0.3070220273734615,1.33407,0.0046883929427269455,49.04713280120768,1.3345080000000002,1.3476247000000001,DOWN,1.33407,50.973091862756405,0.001252580143431812,NORMAL,0.0,,
1928,2026-03-21 09:05:01.635379,USDJPY,159.224,0.2063724575998371,63.04266343009202,158.77075,158.83766,0.21050238655604403,0.12521349036931437,0.7736328926254641,159.224,0.4569589594424033,54.973715058247414,158.96386,156.52065000000002,UP,159.224,54.69134510392584,0.0871908999039439,NORMAL,0.0,,
1929,2026-03-21 09:05:03.400665,XAUUSD,4493.01,45.87759974779498,28.76988070676191,4631.414500000001,4689.0374,-50.96686009727728,-37.492361726935805,0.051200499652082995,4493.01,74.29122823282843,18.855524844321792,4970.8468,5049.79,DOWN,4493.01,28.13418709914481,21.956060185181162,NORMAL,11000.0,,
1930,2026-03-21 09:05:03.739007,AUDUSD,0.70204,0.0017941361144300895,36.236755739239676,0.7059705000000001,0.7052916,-0.0012692963083069664,-0.0006290973777345157,0.14449470464533115,0.70204,0.0035254795257369247,40.26400781086035,0.7080942,0.7064557,UP,0.70204,39.321214768736695,0.0009293489647797336,NORMAL,0.0,,
1931,2026-03-21 09:05:04.067136,USDCAD,1.37238,0.0016858125490410213,50.03351339401558,1.37241,1.3727347999999997,-0.00018282088908527783,-0.00014894502814135206,0.4916187142270204,1.37238,0.0027675595389359555,56.3304637365388,1.3670554000000001,1.3651887500000002,UP,1.37238,54.356192585944314,0.001015545462899888,NORMAL,0.0,,
1932,2026-03-21 09:05:04.405380,NZDUSD,0.58262,0.0013487809239753885,37.703973849760764,0.5858845,0.5840554,-0.0007135725254199254,-0.00012070522435460615,0.14619765486578737,0.58262,0.0027848037664876817,44.10243697904856,0.5857942,0.5950377,DOWN,0.58262,35.60323235560051,0.0006581128929611411,NORMAL,54.0,,
1933,2026-03-21 09:05:04.821962,USDCHF,0.78802,0.0013017451028659159,43.992818566825804,0.788586,0.7904082,-0.000428797431531458,-0.0004971126876824085,0.3307636480971652,0.78802,0.00265007920700581,48.769411252662536,0.7862394,0.7771945499999999,UP,0.78802,46.806173797122234,0.0006718991031519585,NORMAL,0.0,,
1934,2026-03-21 10:05:00.110410,EURUSD,1.15713,0.0019514907172638472,58.33642862596786,1.1557549999999999,1.1525945999999998,0.0,0.0006731052905737437,0.8313060143525821,1.15713,0.00393368221709032,58.85935607616212,1.1526348,1.17111325,DOWN,1.15713,61.05311452258026,0.0010169947447115854,NORMAL,0.0,,
1935,2026-03-21 10:05:00.375940,GBPUSD,1.33407,0.0026050681526197067,44.84192852896349,1.3371675,1.3343634,0.0,-0.00041618071756634677,0.3070220273734615,1.33407,0.0046883929427269455,49.04713280120768,1.3345080000000002,1.3476247000000001,DOWN,1.33407,50.973091862756405,0.001252580143431812,NORMAL,0.0,,
1937,2026-03-21 10:05:00.547770,USDJPY,159.224,0.2063724575998371,63.04266343009202,158.77075,158.83766,0.0,0.12521349036931437,0.7736328926254641,159.224,0.4569589594424033,54.973715058247414,158.96386,156.52065000000002,UP,159.224,54.69134510392584,0.0871908999039439,NORMAL,0.0,,
1936,2026-03-21 10:05:00.589669,EURUSD,1.15713,0.0019514907172638472,58.33642862596786,1.1557549999999999,1.1525945999999998,0.0005428668442806206,0.0006731052905737437,0.8313060143525821,1.15713,0.00393368221709032,58.85935607616212,1.1526348,1.17111325,DOWN,1.15713,61.05311452258026,0.0010169947447115854,NORMAL,0.0,,
1939,2026-03-21 10:05:00.855062,XAUUSD,4493.01,45.87759974779498,28.76988070676191,4631.414500000001,4689.0374,0.0,-37.492361726935805,0.051200499652082995,4493.01,74.29122823282843,18.855524844321792,4970.8468,5049.79,DOWN,4493.01,28.13418709914481,21.956060185181162,NORMAL,11000.0,,
1938,2026-03-21 10:05:00.933339,GBPUSD,1.33407,0.0026050681526197067,44.84192852896349,1.3371675,1.3343634,-0.0011539703944842827,-0.00041618071756634677,0.3070220273734615,1.33407,0.0046883929427269455,49.04713280120768,1.3345080000000002,1.3476247000000001,DOWN,1.33407,50.973091862756405,0.001252580143431812,NORMAL,0.0,,
1940,2026-03-21 10:05:01.490041,USDJPY,159.224,0.2063724575998371,63.04266343009202,158.77075,158.83766,0.21050238655604403,0.12521349036931437,0.7736328926254641,159.224,0.4569589594424033,54.973715058247414,158.96386,156.52065000000002,UP,159.224,54.69134510392584,0.0871908999039439,NORMAL,0.0,,
1941,2026-03-21 10:05:01.828387,XAUUSD,4493.01,45.87759974779498,28.76988070676191,4631.414500000001,4689.0374,-50.96686009727728,-37.492361726935805,0.051200499652082995,4493.01,74.29122823282843,18.855524844321792,4970.8468,5049.79,DOWN,4493.01,28.13418709914481,21.956060185181162,NORMAL,11000.0,,
1942,2026-03-21 10:05:04.594184,AUDUSD,0.70204,0.0017941361144300895,36.236755739239676,0.7059705000000001,0.7052916,-0.0012692963083069664,-0.0006290973777345157,0.14449470464533115,0.70204,0.0035254795257369247,40.26400781086035,0.7080942,0.7064557,UP,0.70204,39.321214768736695,0.0009293489647797336,NORMAL,0.0,,
1943,2026-03-21 10:05:04.937873,USDCAD,1.37238,0.0016858125490410213,50.03351339401558,1.37241,1.3727347999999997,-0.00018282088908527783,-0.00014894502814135206,0.4916187142270204,1.37238,0.0027675595389359555,56.3304637365388,1.3670554000000001,1.3651887500000002,UP,1.37238,54.356192585944314,0.001015545462899888,NORMAL,0.0,,
1944,2026-03-21 10:05:05.307318,NZDUSD,0.58262,0.0013487809239753885,37.703973849760764,0.5858845,0.5840554,-0.0007135725254199254,-0.00012070522435460615,0.14619765486578737,0.58262,0.0027848037664876817,44.10243697904856,0.5857942,0.5950377,DOWN,0.58262,35.60323235560051,0.0006581128929611411,NORMAL,54.0,,
1945,2026-03-21 10:05:05.676827,USDCHF,0.78802,0.0013017451028659159,43.992818566825804,0.788586,0.7904082,-0.000428797431531458,-0.0004971126876824085,0.3307636480971652,0.78802,0.00265007920700581,48.769411252662536,0.7862394,0.7771945499999999,UP,0.78802,46.806173797122234,0.0006718991031519585,NORMAL,0.0,,
1946,2026-03-21 11:05:00.643354,EURUSD,1.15713,0.0019514907172638472,58.33642862596786,1.1557549999999999,1.1525945999999998,0.0,0.0006731052905737437,0.8313060143525821,1.15713,0.00393368221709032,58.85935607616212,1.1526348,1.17111325,DOWN,1.15713,61.05311452258026,0.0010169947447115854,NORMAL,0.0,,
1948,2026-03-21 11:05:01.033916,GBPUSD,1.33407,0.0026050681526197067,44.84192852896349,1.3371675,1.3343634,0.0,-0.00041618071756634677,0.3070220273734615,1.33407,0.0046883929427269455,49.04713280120768,1.3345080000000002,1.3476247000000001,DOWN,1.33407,50.973091862756405,0.001252580143431812,NORMAL,0.0,,
1947,2026-03-21 11:05:01.153882,EURUSD,1.15713,0.0019514907172638472,58.33642862596786,1.1557549999999999,1.1525945999999998,0.0005428668442806206,0.0006731052905737437,0.8313060143525821,1.15713,0.00393368221709032,58.85935607616212,1.1526348,1.17111325,DOWN,1.15713,61.05311452258026,0.0010169947447115854,NORMAL,0.0,,
1949,2026-03-21 11:05:01.835646,GBPUSD,1.33407,0.0026050681526197067,44.84192852896349,1.3371675,1.3343634,-0.0011539703944842827,-0.00041618071756634677,0.3070220273734615,1.33407,0.0046883929427269455,49.04713280120768,1.3345080000000002,1.3476247000000001,DOWN,1.33407,50.973091862756405,0.001252580143431812,NORMAL,0.0,,
1950,2026-03-21 11:05:02.174201,USDJPY,159.224,0.2063724575998371,63.04266343009202,158.77075,158.83766,0.0,0.12521349036931437,0.7736328926254641,159.224,0.4569589594424033,54.973715058247414,158.96386,156.52065000000002,UP,159.224,54.69134510392584,0.0871908999039439,NORMAL,0.0,,
1951,2026-03-21 11:05:02.486627,XAUUSD,4493.01,45.87759974779498,28.76988070676191,4631.414500000001,4689.0374,0.0,-37.492361726935805,0.051200499652082995,4493.01,74.29122823282843,18.855524844321792,4970.8468,5049.79,DOWN,4493.01,28.13418709914481,21.956060185181162,NORMAL,11000.0,,
1952,2026-03-21 11:05:04.300686,USDJPY,159.224,0.2063724575998371,63.04266343009202,158.77075,158.83766,0.21050238655604403,0.12521349036931437,0.7736328926254641,159.224,0.4569589594424033,54.973715058247414,158.96386,156.52065000000002,UP,159.224,54.69134510392584,0.0871908999039439,NORMAL,0.0,,
1953,2026-03-21 11:05:04.607902,XAUUSD,4493.01,45.87759974779498,28.76988070676191,4631.414500000001,4689.0374,-50.96686009727728,-37.492361726935805,0.051200499652082995,4493.01,74.29122823282843,18.855524844321792,4970.8468,5049.79,DOWN,4493.01,28.13418709914481,21.956060185181162,NORMAL,11000.0,,
1954,2026-03-21 11:05:04.951396,AUDUSD,0.70204,0.0017941361144300895,36.236755739239676,0.7059705000000001,0.7052916,-0.0012692963083069664,-0.0006290973777345157,0.14449470464533115,0.70204,0.0035254795257369247,40.26400781086035,0.7080942,0.7064557,UP,0.70204,39.321214768736695,0.0009293489647797336,NORMAL,0.0,,
1955,2026-03-21 11:05:05.321251,USDCAD,1.37238,0.0016858125490410213,50.03351339401558,1.37241,1.3727347999999997,-0.00018282088908527783,-0.00014894502814135206,0.4916187142270204,1.37238,0.0027675595389359555,56.3304637365388,1.3670554000000001,1.3651887500000002,UP,1.37238,54.356192585944314,0.001015545462899888,NORMAL,0.0,,
1956,2026-03-21 11:05:05.690709,NZDUSD,0.58262,0.0013487809239753885,37.703973849760764,0.5858845,0.5840554,-0.0007135725254199254,-0.00012070522435460615,0.14619765486578737,0.58262,0.0027848037664876817,44.10243697904856,0.5857942,0.5950377,DOWN,0.58262,35.60323235560051,0.0006581128929611411,NORMAL,54.0,,
1957,2026-03-21 11:05:06.091520,USDCHF,0.78802,0.0013017451028659159,43.992818566825804,0.788586,0.7904082,-0.000428797431531458,-0.0004971126876824085,0.3307636480971652,0.78802,0.00265007920700581,48.769411252662536,0.7862394,0.7771945499999999,UP,0.78802,46.806173797122234,0.0006718991031519585,NORMAL,0.0,,
1958,2026-03-21 12:05:00.683860,EURUSD,1.15713,0.0019514907172638472,58.33642862596786,1.1557549999999999,1.1525945999999998,0.0,0.0006731052905737437,0.8313060143525821,1.15713,0.00393368221709032,58.85935607616212,1.1526348,1.17111325,DOWN,1.15713,61.05311452258026,0.0010169947447115854,NORMAL,0.0,,
1959,2026-03-21 12:05:01.579121,EURUSD,1.15713,0.0019514907172638472,58.33642862596786,1.1557549999999999,1.1525945999999998,0.0005428668442806206,0.0006731052905737437,0.8313060143525821,1.15713,0.00393368221709032,58.85935607616212,1.1526348,1.17111325,DOWN,1.15713,61.05311452258026,0.0010169947447115854,NORMAL,0.0,,
1960,2026-03-21 12:05:01.834391,GBPUSD,1.33407,0.0026050681526197067,44.84192852896349,1.3371675,1.3343634,0.0,-0.00041618071756634677,0.3070220273734615,1.33407,0.0046883929427269455,49.04713280120768,1.3345080000000002,1.3476247000000001,DOWN,1.33407,50.973091862756405,0.001252580143431812,NORMAL,0.0,,
1961,2026-03-21 12:05:02.251010,GBPUSD,1.33407,0.0026050681526197067,44.84192852896349,1.3371675,1.3343634,-0.0011539703944842827,-0.00041618071756634677,0.3070220273734615,1.33407,0.0046883929427269455,49.04713280120768,1.3345080000000002,1.3476247000000001,DOWN,1.33407,50.973091862756405,0.001252580143431812,NORMAL,0.0,,
1962,2026-03-21 12:05:02.469556,USDJPY,159.224,0.2063724575998371,63.04266343009202,158.77075,158.83766,0.0,0.12521349036931437,0.7736328926254641,159.224,0.4569589594424033,54.973715058247414,158.96386,156.52065000000002,UP,159.224,54.69134510392584,0.0871908999039439,NORMAL,0.0,,
1963,2026-03-21 12:05:02.683117,XAUUSD,4493.01,45.87759974779498,28.76988070676191,4631.414500000001,4689.0374,0.0,-37.492361726935805,0.051200499652082995,4493.01,74.29122823282843,18.855524844321792,4970.8468,5049.79,DOWN,4493.01,28.13418709914481,21.956060185181162,NORMAL,11000.0,,
1964,2026-03-21 12:05:04.724518,USDJPY,159.224,0.2063724575998371,63.04266343009202,158.77075,158.83766,0.21050238655604403,0.12521349036931437,0.7736328926254641,159.224,0.4569589594424033,54.973715058247414,158.96386,156.52065000000002,UP,159.224,54.69134510392584,0.0871908999039439,NORMAL,0.0,,
1965,2026-03-21 12:05:05.390878,XAUUSD,4493.01,45.87759974779498,28.76988070676191,4631.414500000001,4689.0374,-50.96686009727728,-37.492361726935805,0.051200499652082995,4493.01,74.29122823282843,18.855524844321792,4970.8468,5049.79,DOWN,4493.01,28.13418709914481,21.956060185181162,NORMAL,11000.0,,
1966,2026-03-21 12:05:05.916818,AUDUSD,0.70204,0.0017941361144300895,36.236755739239676,0.7059705000000001,0.7052916,-0.0012692963083069664,-0.0006290973777345157,0.14449470464533115,0.70204,0.0035254795257369247,40.26400781086035,0.7080942,0.7064557,UP,0.70204,39.321214768736695,0.0009293489647797336,NORMAL,0.0,,
1967,2026-03-21 12:05:06.458494,USDCAD,1.37238,0.0016858125490410213,50.03351339401558,1.37241,1.3727347999999997,-0.00018282088908527783,-0.00014894502814135206,0.4916187142270204,1.37238,0.0027675595389359555,56.3304637365388,1.3670554000000001,1.3651887500000002,UP,1.37238,54.356192585944314,0.001015545462899888,NORMAL,0.0,,
1968,2026-03-21 12:05:06.953668,NZDUSD,0.58262,0.0013487809239753885,37.703973849760764,0.5858845,0.5840554,-0.0007135725254199254,-0.00012070522435460615,0.14619765486578737,0.58262,0.0027848037664876817,44.10243697904856,0.5857942,0.5950377,DOWN,0.58262,35.60323235560051,0.0006581128929611411,NORMAL,54.0,,
1969,2026-03-21 12:05:07.370168,USDCHF,0.78802,0.0013017451028659159,43.992818566825804,0.788586,0.7904082,-0.000428797431531458,-0.0004971126876824085,0.3307636480971652,0.78802,0.00265007920700581,48.769411252662536,0.7862394,0.7771945499999999,UP,0.78802,46.806173797122234,0.0006718991031519585,NORMAL,0.0,,
1970,2026-03-21 13:05:00.176730,EURUSD,1.15713,0.0019514907172638472,58.33642862596786,1.1557549999999999,1.1525945999999998,0.0,0.0006731052905737437,0.8313060143525821,1.15713,0.00393368221709032,58.85935607616212,1.1526348,1.17111325,DOWN,1.15713,61.05311452258026,0.0010169947447115854,NORMAL,0.0,,
1972,2026-03-21 13:05:00.457880,GBPUSD,1.33407,0.0026050681526197067,44.84192852896349,1.3371675,1.3343634,0.0,-0.00041618071756634677,0.3070220273734615,1.33407,0.0046883929427269455,49.04713280120768,1.3345080000000002,1.3476247000000001,DOWN,1.33407,50.973091862756405,0.001252580143431812,NORMAL,0.0,,
1971,2026-03-21 13:05:00.489276,EURUSD,1.15713,0.0019514907172638472,58.33642862596786,1.1557549999999999,1.1525945999999998,0.0005428668442806206,0.0006731052905737437,0.8313060143525821,1.15713,0.00393368221709032,58.85935607616212,1.1526348,1.17111325,DOWN,1.15713,61.05311452258026,0.0010169947447115854,NORMAL,0.0,,
1973,2026-03-21 13:05:00.843335,GBPUSD,1.33407,0.0026050681526197067,44.84192852896349,1.3371675,1.3343634,-0.0011539703944842827,-0.00041618071756634677,0.3070220273734615,1.33407,0.0046883929427269455,49.04713280120768,1.3345080000000002,1.3476247000000001,DOWN,1.33407,50.973091862756405,0.001252580143431812,NORMAL,0.0,,
1974,2026-03-21 13:05:00.843335,USDJPY,159.224,0.2063724575998371,63.04266343009202,158.77075,158.83766,0.0,0.12521349036931437,0.7736328926254641,159.224,0.4569589594424033,54.973715058247414,158.96386,156.52065000000002,UP,159.224,54.69134510392584,0.0871908999039439,NORMAL,0.0,,
1976,2026-03-21 13:05:01.150111,XAUUSD,4493.01,45.87759974779498,28.76988070676191,4631.414500000001,4689.0374,0.0,-37.492361726935805,0.051200499652082995,4493.01,74.29122823282843,18.855524844321792,4970.8468,5049.79,DOWN,4493.01,28.13418709914481,21.956060185181162,NORMAL,11000.0,,
1975,2026-03-21 13:05:01.212740,USDJPY,159.224,0.2063724575998371,63.04266343009202,158.77075,158.83766,0.21050238655604403,0.12521349036931437,0.7736328926254641,159.224,0.4569589594424033,54.973715058247414,158.96386,156.52065000000002,UP,159.224,54.69134510392584,0.0871908999039439,NORMAL,0.0,,
1977,2026-03-21 13:05:01.832408,XAUUSD,4493.01,45.87759974779498,28.76988070676191,4631.414500000001,4689.0374,-50.96686009727728,-37.492361726935805,0.051200499652082995,4493.01,74.29122823282843,18.855524844321792,4970.8468,5049.79,DOWN,4493.01,28.13418709914481,21.956060185181162,NORMAL,11000.0,,
1978,2026-03-21 13:05:02.170826,AUDUSD,0.70204,0.0017941361144300895,36.236755739239676,0.7059705000000001,0.7052916,-0.0012692963083069664,-0.0006290973777345157,0.14449470464533115,0.70204,0.0035254795257369247,40.26400781086035,0.7080942,0.7064557,UP,0.70204,39.321214768736695,0.0009293489647797336,NORMAL,0.0,,
1979,2026-03-21 13:05:02.618484,USDCAD,1.37238,0.0016858125490410213,50.03351339401558,1.37241,1.3727347999999997,-0.00018282088908527783,-0.00014894502814135206,0.4916187142270204,1.37238,0.0027675595389359555,56.3304637365388,1.3670554000000001,1.3651887500000002,UP,1.37238,54.356192585944314,0.001015545462899888,NORMAL,0.0,,
1980,2026-03-21 13:05:04.909812,NZDUSD,0.58262,0.0013487809239753885,37.703973849760764,0.5858845,0.5840554,-0.0007135725254199254,-0.00012070522435460615,0.14619765486578737,0.58262,0.0027848037664876817,44.10243697904856,0.5857942,0.5950377,DOWN,0.58262,35.60323235560051,0.0006581128929611411,NORMAL,54.0,,
1981,2026-03-21 13:05:05.263788,USDCHF,0.78802,0.0013017451028659159,43.992818566825804,0.788586,0.7904082,-0.000428797431531458,-0.0004971126876824085,0.3307636480971652,0.78802,0.00265007920700581,48.769411252662536,0.7862394,0.7771945499999999,UP,0.78802,46.806173797122234,0.0006718991031519585,NORMAL,0.0,,
1982,2026-03-21 14:05:00.183473,EURUSD,1.15713,0.0019514907172638472,58.33642862596786,1.1557549999999999,1.1525945999999998,0.0,0.0006731052905737437,0.8313060143525821,1.15713,0.00393368221709032,58.85935607616212,1.1526348,1.17111325,DOWN,1.15713,61.05311452258026,0.0010169947447115854,NORMAL,0.0,,
1983,2026-03-21 14:05:00.511519,GBPUSD,1.33407,0.0026050681526197067,44.84192852896349,1.3371675,1.3343634,0.0,-0.00041618071756634677,0.3070220273734615,1.33407,0.0046883929427269455,49.04713280120768,1.3345080000000002,1.3476247000000001,DOWN,1.33407,50.973091862756405,0.001252580143431812,NORMAL,0.0,,
1985,2026-03-21 14:05:00.756114,USDJPY,159.224,0.2063724575998371,63.04266343009202,158.77075,158.83766,0.0,0.12521349036931437,0.7736328926254641,159.224,0.4569589594424033,54.973715058247414,158.96386,156.52065000000002,UP,159.224,54.69134510392584,0.0871908999039439,NORMAL,0.0,,
1984,2026-03-21 14:05:00.787531,EURUSD,1.15713,0.0019514907172638472,58.33642862596786,1.1557549999999999,1.1525945999999998,0.0005428668442806206,0.0006731052905737437,0.8313060143525821,1.15713,0.00393368221709032,58.85935607616212,1.1526348,1.17111325,DOWN,1.15713,61.05311452258026,0.0010169947447115854,NORMAL,0.0,,
1987,2026-03-21 14:05:01.037295,XAUUSD,4493.01,45.87759974779498,28.76988070676191,4631.414500000001,4689.0374,0.0,-37.492361726935805,0.051200499652082995,4493.01,74.29122823282843,18.855524844321792,4970.8468,5049.79,DOWN,4493.01,28.13418709914481,21.956060185181162,NORMAL,11000.0,,
1986,2026-03-21 14:05:01.125971,GBPUSD,1.33407,0.0026050681526197067,44.84192852896349,1.3371675,1.3343634,-0.0011539703944842827,-0.00041618071756634677,0.3070220273734615,1.33407,0.0046883929427269455,49.04713280120768,1.3345080000000002,1.3476247000000001,DOWN,1.33407,50.973091862756405,0.001252580143431812,NORMAL,0.0,,
1988,2026-03-21 14:05:01.682913,USDJPY,159.224,0.2063724575998371,63.04266343009202,158.77075,158.83766,0.21050238655604403,0.12521349036931437,0.7736328926254641,159.224,0.4569589594424033,54.973715058247414,158.96386,156.52065000000002,UP,159.224,54.69134510392584,0.0871908999039439,NORMAL,0.0,,
1989,2026-03-21 14:05:02.068344,XAUUSD,4493.01,45.87759974779498,28.76988070676191,4631.414500000001,4689.0374,-50.96686009727728,-37.492361726935805,0.051200499652082995,4493.01,74.29122823282843,18.855524844321792,4970.8468,5049.79,DOWN,4493.01,28.13418709914481,21.956060185181162,NORMAL,11000.0,,
1990,2026-03-21 14:05:02.427815,AUDUSD,0.70204,0.0017941361144300895,36.236755739239676,0.7059705000000001,0.7052916,-0.0012692963083069664,-0.0006290973777345157,0.14449470464533115,0.70204,0.0035254795257369247,40.26400781086035,0.7080942,0.7064557,UP,0.70204,39.321214768736695,0.0009293489647797336,NORMAL,0.0,,
1991,2026-03-21 14:05:02.797508,USDCAD,1.37238,0.0016858125490410213,50.03351339401558,1.37241,1.3727347999999997,-0.00018282088908527783,-0.00014894502814135206,0.4916187142270204,1.37238,0.0027675595389359555,56.3304637365388,1.3670554000000001,1.3651887500000002,UP,1.37238,54.356192585944314,0.001015545462899888,NORMAL,0.0,,
1992,2026-03-21 14:05:04.715786,NZDUSD,0.58262,0.0013487809239753885,37.703973849760764,0.5858845,0.5840554,-0.0007135725254199254,-0.00012070522435460615,0.14619765486578737,0.58262,0.0027848037664876817,44.10243697904856,0.5857942,0.5950377,DOWN,0.58262,35.60323235560051,0.0006581128929611411,NORMAL,54.0,,
1993,2026-03-21 14:05:05.030400,USDCHF,0.78802,0.0013017451028659159,43.992818566825804,0.788586,0.7904082,-0.000428797431531458,-0.0004971126876824085,0.3307636480971652,0.78802,0.00265007920700581,48.769411252662536,0.7862394,0.7771945499999999,UP,0.78802,46.806173797122234,0.0006718991031519585,NORMAL,0.0,,
1994,2026-03-21 15:05:00.155678,EURUSD,1.15713,0.0019514907172638472,58.33642862596786,1.1557549999999999,1.1525945999999998,0.0,0.0006731052905737437,0.8313060143525821,1.15713,0.00393368221709032,58.85935607616212,1.1526348,1.17111325,DOWN,1.15713,61.05311452258026,0.0010169947447115854,NORMAL,0.0,,
1995,2026-03-21 15:05:00.421206,GBPUSD,1.33407,0.0026050681526197067,44.84192852896349,1.3371675,1.3343634,0.0,-0.00041618071756634677,0.3070220273734615,1.33407,0.0046883929427269455,49.04713280120768,1.3345080000000002,1.3476247000000001,DOWN,1.33407,50.973091862756405,0.001252580143431812,NORMAL,0.0,,
1996,2026-03-21 15:05:00.634755,USDJPY,159.224,0.2063724575998371,63.04266343009202,158.77075,158.83766,0.0,0.12521349036931437,0.7736328926254641,159.224,0.4569589594424033,54.973715058247414,158.96386,156.52065000000002,UP,159.224,54.69134510392584,0.0871908999039439,NORMAL,0.0,,
1998,2026-03-21 15:05:00.806591,XAUUSD,4493.01,45.87759974779498,28.76988070676191,4631.414500000001,4689.0374,0.0,-37.492361726935805,0.051200499652082995,4493.01,74.29122823282843,18.855524844321792,4970.8468,5049.79,DOWN,4493.01,28.13418709914481,21.956060185181162,NORMAL,11000.0,,
1997,2026-03-21 15:05:00.869228,EURUSD,1.15713,0.0019514907172638472,58.33642862596786,1.1557549999999999,1.1525945999999998,0.0005428668442806206,0.0006731052905737437,0.8313060143525821,1.15713,0.00393368221709032,58.85935607616212,1.1526348,1.17111325,DOWN,1.15713,61.05311452258026,0.0010169947447115854,NORMAL,0.0,,
1999,2026-03-21 15:05:01.473095,GBPUSD,1.33407,0.0026050681526197067,44.84192852896349,1.3371675,1.3343634,-0.0011539703944842827,-0.00041618071756634677,0.3070220273734615,1.33407,0.0046883929427269455,49.04713280120768,1.3345080000000002,1.3476247000000001,DOWN,1.33407,50.973091862756405,0.001252580143431812,NORMAL,0.0,,
2000,2026-03-21 15:05:01.780509,USDJPY,159.224,0.2063724575998371,63.04266343009202,158.77075,158.83766,0.21050238655604403,0.12521349036931437,0.7736328926254641,159.224,0.4569589594424033,54.973715058247414,158.96386,156.52065000000002,UP,159.224,54.69134510392584,0.0871908999039439,NORMAL,0.0,,
2001,2026-03-21 15:05:02.134467,XAUUSD,4493.01,45.87759974779498,28.76988070676191,4631.414500000001,4689.0374,-50.96686009727728,-37.492361726935805,0.051200499652082995,4493.01,74.29122823282843,18.855524844321792,4970.8468,5049.79,DOWN,4493.01,28.13418709914481,21.956060185181162,NORMAL,11000.0,,
2002,2026-03-21 15:05:02.477959,AUDUSD,0.70204,0.0017941361144300895,36.236755739239676,0.7059705000000001,0.7052916,-0.0012692963083069664,-0.0006290973777345157,0.14449470464533115,0.70204,0.0035254795257369247,40.26400781086035,0.7080942,0.7064557,UP,0.70204,39.321214768736695,0.0009293489647797336,NORMAL,0.0,,
2003,2026-03-21 15:05:02.816594,USDCAD,1.37238,0.0016858125490410213,50.03351339401558,1.37241,1.3727347999999997,-0.00018282088908527783,-0.00014894502814135206,0.4916187142270204,1.37238,0.0027675595389359555,56.3304637365388,1.3670554000000001,1.3651887500000002,UP,1.37238,54.356192585944314,0.001015545462899888,NORMAL,0.0,,
2004,2026-03-21 15:05:05.399105,NZDUSD,0.58262,0.0013487809239753885,37.703973849760764,0.5858845,0.5840554,-0.0007135725254199254,-0.00012070522435460615,0.14619765486578737,0.58262,0.0027848037664876817,44.10243697904856,0.5857942,0.5950377,DOWN,0.58262,35.60323235560051,0.0006581128929611411,NORMAL,54.0,,
2005,2026-03-21 15:05:05.706000,USDCHF,0.78802,0.0013017451028659159,43.992818566825804,0.788586,0.7904082,-0.000428797431531458,-0.0004971126876824085,0.3307636480971652,0.78802,0.00265007920700581,48.769411252662536,0.7862394,0.7771945499999999,UP,0.78802,46.806173797122234,0.0006718991031519585,NORMAL,0.0,,
2006,2026-03-21 16:05:00.154461,EURUSD,1.15713,0.0019514907172638472,58.33642862596786,1.1557549999999999,1.1525945999999998,0.0,0.0006731052905737437,0.8313060143525821,1.15713,0.00393368221709032,58.85935607616212,1.1526348,1.17111325,DOWN,1.15713,61.05311452258026,0.0010169947447115854,NORMAL,0.0,,
2007,2026-03-21 16:05:00.435613,GBPUSD,1.33407,0.0026050681526197067,44.84192852896349,1.3371675,1.3343634,0.0,-0.00041618071756634677,0.3070220273734615,1.33407,0.0046883929427269455,49.04713280120768,1.3345080000000002,1.3476247000000001,DOWN,1.33407,50.973091862756405,0.001252580143431812,NORMAL,0.0,,
2009,2026-03-21 16:05:00.617886,USDJPY,159.224,0.2063724575998371,63.04266343009202,158.77075,158.83766,0.0,0.12521349036931437,0.7736328926254641,159.224,0.4569589594424033,54.973715058247414,158.96386,156.52065000000002,UP,159.224,54.69134510392584,0.0871908999039439,NORMAL,0.0,,
2008,2026-03-21 16:05:00.649252,EURUSD,1.15713,0.0019514907172638472,58.33642862596786,1.1557549999999999,1.1525945999999998,0.0005428668442806206,0.0006731052905737437,0.8313060143525821,1.15713,0.00393368221709032,58.85935607616212,1.1526348,1.17111325,DOWN,1.15713,61.05311452258026,0.0010169947447115854,NORMAL,0.0,,
2011,2026-03-21 16:05:01.024043,XAUUSD,4493.01,45.87759974779498,28.76988070676191,4631.414500000001,4689.0374,0.0,-37.492361726935805,0.051200499652082995,4493.01,74.29122823282843,18.855524844321792,4970.8468,5049.79,DOWN,4493.01,28.13418709914481,21.956060185181162,NORMAL,11000.0,,
2010,2026-03-21 16:05:01.065453,GBPUSD,1.33407,0.0026050681526197067,44.84192852896349,1.3371675,1.3343634,-0.0011539703944842827,-0.00041618071756634677,0.3070220273734615,1.33407,0.0046883929427269455,49.04713280120768,1.3345080000000002,1.3476247000000001,DOWN,1.33407,50.973091862756405,0.001252580143431812,NORMAL,0.0,,
2012,2026-03-21 16:05:01.503010,USDJPY,159.224,0.2063724575998371,63.04266343009202,158.77075,158.83766,0.21050238655604403,0.12521349036931437,0.7736328926254641,159.224,0.4569589594424033,54.973715058247414,158.96386,156.52065000000002,UP,159.224,54.69134510392584,0.0871908999039439,NORMAL,0.0,,
2013,2026-03-21 16:05:01.857160,XAUUSD,4493.01,45.87759974779498,28.76988070676191,4631.414500000001,4689.0374,-50.96686009727728,-37.492361726935805,0.051200499652082995,4493.01,74.29122823282843,18.855524844321792,4970.8468,5049.79,DOWN,4493.01,28.13418709914481,21.956060185181162,NORMAL,11000.0,,
2014,2026-03-21 16:05:02.289149,AUDUSD,0.70204,0.0017941361144300895,36.236755739239676,0.7059705000000001,0.7052916,-0.0012692963083069664,-0.0006290973777345157,0.14449470464533115,0.70204,0.0035254795257369247,40.26400781086035,0.7080942,0.7064557,UP,0.70204,39.321214768736695,0.0009293489647797336,NORMAL,0.0,,
2015,2026-03-21 16:05:02.627450,USDCAD,1.37238,0.0016858125490410213,50.03351339401558,1.37241,1.3727347999999997,-0.00018282088908527783,-0.00014894502814135206,0.4916187142270204,1.37238,0.0027675595389359555,56.3304637365388,1.3670554000000001,1.3651887500000002,UP,1.37238,54.356192585944314,0.001015545462899888,NORMAL,0.0,,
2016,2026-03-21 16:05:03.017810,NZDUSD,0.58262,0.0013487809239753885,37.703973849760764,0.5858845,0.5840554,-0.0007135725254199254,-0.00012070522435460615,0.14619765486578737,0.58262,0.0027848037664876817,44.10243697904856,0.5857942,0.5950377,DOWN,0.58262,35.60323235560051,0.0006581128929611411,NORMAL,54.0,,
2017,2026-03-21 16:05:05.101403,USDCHF,0.78802,0.0013017451028659159,43.992818566825804,0.788586,0.7904082,-0.000428797431531458,-0.0004971126876824085,0.3307636480971652,0.78802,0.00265007920700581,48.769411252662536,0.7862394,0.7771945499999999,UP,0.78802,46.806173797122234,0.0006718991031519585,NORMAL,0.0,,
2018,2026-03-21 17:05:00.186069,EURUSD,1.15713,0.0019514907172638472,58.33642862596786,1.1557549999999999,1.1525945999999998,0.0,0.0006731052905737437,0.8313060143525821,1.15713,0.00393368221709032,58.85935607616212,1.1526348,1.17111325,DOWN,1.15713,61.05311452258026,0.0010169947447115854,NORMAL,0.0,,
2020,2026-03-21 17:05:00.467255,GBPUSD,1.33407,0.0026050681526197067,44.84192852896349,1.3371675,1.3343634,0.0,-0.00041618071756634677,0.3070220273734615,1.33407,0.0046883929427269455,49.04713280120768,1.3345080000000002,1.3476247000000001,DOWN,1.33407,50.973091862756405,0.001252580143431812,NORMAL,0.0,,
2019,2026-03-21 17:05:00.529901,EURUSD,1.15713,0.0019514907172638472,58.33642862596786,1.1557549999999999,1.1525945999999998,0.0005428668442806206,0.0006731052905737437,0.8313060143525821,1.15713,0.00393368221709032,58.85935607616212,1.1526348,1.17111325,DOWN,1.15713,61.05311452258026,0.0010169947447115854,NORMAL,0.0,,
2022,2026-03-21 17:05:00.821070,USDJPY,159.224,0.2063724575998371,63.04266343009202,158.77075,158.83766,0.0,0.12521349036931437,0.7736328926254641,159.224,0.4569589594424033,54.973715058247414,158.96386,156.52065000000002,UP,159.224,54.69134510392584,0.0871908999039439,NORMAL,0.0,,
2021,2026-03-21 17:05:00.883551,GBPUSD,1.33407,0.0026050681526197067,44.84192852896349,1.3371675,1.3343634,-0.0011539703944842827,-0.00041618071756634677,0.3070220273734615,1.33407,0.0046883929427269455,49.04713280120768,1.3345080000000002,1.3476247000000001,DOWN,1.33407,50.973091862756405,0.001252580143431812,NORMAL,0.0,,
2023,2026-03-21 17:05:01.159257,XAUUSD,4493.01,45.87759974779498,28.76988070676191,4631.414500000001,4689.0374,0.0,-37.492361726935805,0.051200499652082995,4493.01,74.29122823282843,18.855524844321792,4970.8468,5049.79,DOWN,4493.01,28.13418709914481,21.956060185181162,NORMAL,11000.0,,
2024,2026-03-21 17:05:01.237374,USDJPY,159.224,0.2063724575998371,63.04266343009202,158.77075,158.83766,0.21050238655604403,0.12521349036931437,0.7736328926254641,159.224,0.4569589594424033,54.973715058247414,158.96386,156.52065000000002,UP,159.224,54.69134510392584,0.0871908999039439,NORMAL,0.0,,
2025,2026-03-21 17:05:01.950757,XAUUSD,4493.01,45.87759974779498,28.76988070676191,4631.414500000001,4689.0374,-50.96686009727728,-37.492361726935805,0.051200499652082995,4493.01,74.29122823282843,18.855524844321792,4970.8468,5049.79,DOWN,4493.01,28.13418709914481,21.956060185181162,NORMAL,11000.0,,
2026,2026-03-21 17:05:02.398809,AUDUSD,0.70204,0.0017941361144300895,36.236755739239676,0.7059705000000001,0.7052916,-0.0012692963083069664,-0.0006290973777345157,0.14449470464533115,0.70204,0.0035254795257369247,40.26400781086035,0.7080942,0.7064557,UP,0.70204,39.321214768736695,0.0009293489647797336,NORMAL,0.0,,
2027,2026-03-21 17:05:02.736851,USDCAD,1.37238,0.0016858125490410213,50.03351339401558,1.37241,1.3727347999999997,-0.00018282088908527783,-0.00014894502814135206,0.4916187142270204,1.37238,0.0027675595389359555,56.3304637365388,1.3670554000000001,1.3651887500000002,UP,1.37238,54.356192585944314,0.001015545462899888,NORMAL,0.0,,
2028,2026-03-21 17:05:03.049449,NZDUSD,0.58262,0.0013487809239753885,37.703973849760764,0.5858845,0.5840554,-0.0007135725254199254,-0.00012070522435460615,0.14619765486578737,0.58262,0.0027848037664876817,44.10243697904856,0.5857942,0.5950377,DOWN,0.58262,35.60323235560051,0.0006581128929611411,NORMAL,54.0,,
2029,2026-03-21 17:05:06.233108,USDCHF,0.78802,0.0013017451028659159,43.992818566825804,0.788586,0.7904082,-0.000428797431531458,-0.0004971126876824085,0.3307636480971652,0.78802,0.00265007920700581,48.769411252662536,0.7862394,0.7771945499999999,UP,0.78802,46.806173797122234,0.0006718991031519585,NORMAL,0.0,,
2030,2026-03-21 18:05:00.224910,EURUSD,1.15713,0.0019514907172638472,58.33642862596786,1.1557549999999999,1.1525945999999998,0.0,0.0006731052905737437,0.8313060143525821,1.15713,0.00393368221709032,58.85935607616212,1.1526348,1.17111325,DOWN,1.15713,61.05311452258026,0.0010169947447115854,NORMAL,0.0,,
2032,2026-03-21 18:05:00.506099,GBPUSD,1.33407,0.0026050681526197067,44.84192852896349,1.3371675,1.3343634,0.0,-0.00041618071756634677,0.3070220273734615,1.33407,0.0046883929427269455,49.04713280120768,1.3345080000000002,1.3476247000000001,DOWN,1.33407,50.973091862756405,0.001252580143431812,NORMAL,0.0,,
2031,2026-03-21 18:05:00.594802,EURUSD,1.15713,0.0019514907172638472,58.33642862596786,1.1557549999999999,1.1525945999999998,0.0005428668442806206,0.0006731052905737437,0.8313060143525821,1.15713,0.00393368221709032,58.85935607616212,1.1526348,1.17111325,DOWN,1.15713,61.05311452258026,0.0010169947447115854,NORMAL,0.0,,
2034,2026-03-21 18:05:00.938322,USDJPY,159.224,0.2063724575998371,63.04266343009202,158.77075,158.83766,0.0,0.12521349036931437,0.7736328926254641,159.224,0.4569589594424033,54.973715058247414,158.96386,156.52065000000002,UP,159.224,54.69134510392584,0.0871908999039439,NORMAL,0.0,,
2033,2026-03-21 18:05:01.047847,GBPUSD,1.33407,0.0026050681526197067,44.84192852896349,1.3371675,1.3343634,-0.0011539703944842827,-0.00041618071756634677,0.3070220273734615,1.33407,0.0046883929427269455,49.04713280120768,1.3345080000000002,1.3476247000000001,DOWN,1.33407,50.973091862756405,0.001252580143431812,NORMAL,0.0,,
2035,2026-03-21 18:05:01.433124,XAUUSD,4493.01,45.87759974779498,28.76988070676191,4631.414500000001,4689.0374,0.0,-37.492361726935805,0.051200499652082995,4493.01,74.29122823282843,18.855524844321792,4970.8468,5049.79,DOWN,4493.01,28.13418709914481,21.956060185181162,NORMAL,11000.0,,
2036,2026-03-21 18:05:01.495603,USDJPY,159.224,0.2063724575998371,63.04266343009202,158.77075,158.83766,0.21050238655604403,0.12521349036931437,0.7736328926254641,159.224,0.4569589594424033,54.973715058247414,158.96386,156.52065000000002,UP,159.224,54.69134510392584,0.0871908999039439,NORMAL,0.0,,
2037,2026-03-21 18:05:02.068812,XAUUSD,4493.01,45.87759974779498,28.76988070676191,4631.414500000001,4689.0374,-50.96686009727728,-37.492361726935805,0.051200499652082995,4493.01,74.29122823282843,18.855524844321792,4970.8468,5049.79,DOWN,4493.01,28.13418709914481,21.956060185181162,NORMAL,11000.0,,
2038,2026-03-21 18:05:02.469558,AUDUSD,0.70204,0.0017941361144300895,36.236755739239676,0.7059705000000001,0.7052916,-0.0012692963083069664,-0.0006290973777345157,0.14449470464533115,0.70204,0.0035254795257369247,40.26400781086035,0.7080942,0.7064557,UP,0.70204,39.321214768736695,0.0009293489647797336,NORMAL,0.0,,
2039,2026-03-21 18:05:02.885862,USDCAD,1.37238,0.0016858125490410213,50.03351339401558,1.37241,1.3727347999999997,-0.00018282088908527783,-0.00014894502814135206,0.4916187142270204,1.37238,0.0027675595389359555,56.3304637365388,1.3670554000000001,1.3651887500000002,UP,1.37238,54.356192585944314,0.001015545462899888,NORMAL,0.0,,
2040,2026-03-21 18:05:03.302295,NZDUSD,0.58262,0.0013487809239753885,37.703973849760764,0.5858845,0.5840554,-0.0007135725254199254,-0.00012070522435460615,0.14619765486578737,0.58262,0.0027848037664876817,44.10243697904856,0.5857942,0.5950377,DOWN,0.58262,35.60323235560051,0.0006581128929611411,NORMAL,54.0,,
2041,2026-03-21 18:05:04.520882,USDCHF,0.78802,0.0013017451028659159,43.992818566825804,0.788586,0.7904082,-0.000428797431531458,-0.0004971126876824085,0.3307636480971652,0.78802,0.00265007920700581,48.769411252662536,0.7862394,0.7771945499999999,UP,0.78802,46.806173797122234,0.0006718991031519585,NORMAL,0.0,,
2042,2026-03-21 19:05:00.181252,EURUSD,1.15713,0.0019514907172638472,58.33642862596786,1.1557549999999999,1.1525945999999998,0.0,0.0006731052905737437,0.8313060143525821,1.15713,0.00393368221709032,58.85935607616212,1.1526348,1.17111325,DOWN,1.15713,61.05311452258026,0.0010169947447115854,NORMAL,0.0,,
2043,2026-03-21 19:05:00.415539,GBPUSD,1.33407,0.0026050681526197067,44.84192852896349,1.3371675,1.3343634,0.0,-0.00041618071756634677,0.3070220273734615,1.33407,0.0046883929427269455,49.04713280120768,1.3345080000000002,1.3476247000000001,DOWN,1.33407,50.973091862756405,0.001252580143431812,NORMAL,0.0,,
2045,2026-03-21 19:05:00.597748,USDJPY,159.224,0.2063724575998371,63.04266343009202,158.77075,158.83766,0.0,0.12521349036931437,0.7736328926254641,159.224,0.4569589594424033,54.973715058247414,158.96386,156.52065000000002,UP,159.224,54.69134510392584,0.0871908999039439,NORMAL,0.0,,
2044,2026-03-21 19:05:00.629166,EURUSD,1.15713,0.0019514907172638472,58.33642862596786,1.1557549999999999,1.1525945999999998,0.0005428668442806206,0.0006731052905737437,0.8313060143525821,1.15713,0.00393368221709032,58.85935607616212,1.1526348,1.17111325,DOWN,1.15713,61.05311452258026,0.0010169947447115854,NORMAL,0.0,,
2047,2026-03-21 19:05:00.878972,XAUUSD,4493.01,45.87759974779498,28.76988070676191,4631.414500000001,4689.0374,0.0,-37.492361726935805,0.051200499652082995,4493.01,74.29122823282843,18.855524844321792,4970.8468,5049.79,DOWN,4493.01,28.13418709914481,21.956060185181162,NORMAL,11000.0,,
2046,2026-03-21 19:05:00.957213,GBPUSD,1.33407,0.0026050681526197067,44.84192852896349,1.3371675,1.3343634,-0.0011539703944842827,-0.00041618071756634677,0.3070220273734615,1.33407,0.0046883929427269455,49.04713280120768,1.3345080000000002,1.3476247000000001,DOWN,1.33407,50.973091862756405,0.001252580143431812,NORMAL,0.0,,
2048,2026-03-21 19:05:01.545636,USDJPY,159.224,0.2063724575998371,63.04266343009202,158.77075,158.83766,0.21050238655604403,0.12521349036931437,0.7736328926254641,159.224,0.4569589594424033,54.973715058247414,158.96386,156.52065000000002,UP,159.224,54.69134510392584,0.0871908999039439,NORMAL,0.0,,
2049,2026-03-21 19:05:01.868439,XAUUSD,4493.01,45.87759974779498,28.76988070676191,4631.414500000001,4689.0374,-50.96686009727728,-37.492361726935805,0.051200499652082995,4493.01,74.29122823282843,18.855524844321792,4970.8468,5049.79,DOWN,4493.01,28.13418709914481,21.956060185181162,NORMAL,11000.0,,
2050,2026-03-21 19:05:02.300497,AUDUSD,0.70204,0.0017941361144300895,36.236755739239676,0.7059705000000001,0.7052916,-0.0012692963083069664,-0.0006290973777345157,0.14449470464533115,0.70204,0.0035254795257369247,40.26400781086035,0.7080942,0.7064557,UP,0.70204,39.321214768736695,0.0009293489647797336,NORMAL,0.0,,
2051,2026-03-21 19:05:02.795279,USDCAD,1.37238,0.0016858125490410213,50.03351339401558,1.37241,1.3727347999999997,-0.00018282088908527783,-0.00014894502814135206,0.4916187142270204,1.37238,0.0027675595389359555,56.3304637365388,1.3670554000000001,1.3651887500000002,UP,1.37238,54.356192585944314,0.001015545462899888,NORMAL,0.0,,
2052,2026-03-21 19:05:03.117858,NZDUSD,0.58262,0.0013487809239753885,37.703973849760764,0.5858845,0.5840554,-0.0007135725254199254,-0.00012070522435460615,0.14619765486578737,0.58262,0.0027848037664876817,44.10243697904856,0.5857942,0.5950377,DOWN,0.58262,35.60323235560051,0.0006581128929611411,NORMAL,54.0,,
2053,2026-03-21 19:05:05.479243,USDCHF,0.78802,0.0013017451028659159,43.992818566825804,0.788586,0.7904082,-0.000428797431531458,-0.0004971126876824085,0.3307636480971652,0.78802,0.00265007920700581,48.769411252662536,0.7862394,0.7771945499999999,UP,0.78802,46.806173797122234,0.0006718991031519585,NORMAL,0.0,,
2054,2026-03-21 20:05:00.391220,EURUSD,1.15713,0.0019514907172638472,58.33642862596786,1.1557549999999999,1.1525945999999998,0.0,0.0006731052905737437,0.8313060143525821,1.15713,0.00393368221709032,58.85935607616212,1.1526348,1.17111325,DOWN,1.15713,61.05311452258026,0.0010169947447115854,NORMAL,0.0,,
2056,2026-03-21 20:05:00.729488,GBPUSD,1.33407,0.0026050681526197067,44.84192852896349,1.3371675,1.3343634,0.0,-0.00041618071756634677,0.3070220273734615,1.33407,0.0046883929427269455,49.04713280120768,1.3345080000000002,1.3476247000000001,DOWN,1.33407,50.973091862756405,0.001252580143431812,NORMAL,0.0,,
2055,2026-03-21 20:05:00.776527,EURUSD,1.15713,0.0019514907172638472,58.33642862596786,1.1557549999999999,1.1525945999999998,0.0005428668442806206,0.0006731052905737437,0.8313060143525821,1.15713,0.00393368221709032,58.85935607616212,1.1526348,1.17111325,DOWN,1.15713,61.05311452258026,0.0010169947447115854,NORMAL,0.0,,
2058,2026-03-21 20:05:01.067757,USDJPY,159.224,0.2063724575998371,63.04266343009202,158.77075,158.83766,0.0,0.12521349036931437,0.7736328926254641,159.224,0.4569589594424033,54.973715058247414,158.96386,156.52065000000002,UP,159.224,54.69134510392584,0.0871908999039439,NORMAL,0.0,,
2057,2026-03-21 20:05:01.114802,GBPUSD,1.33407,0.0026050681526197067,44.84192852896349,1.3371675,1.3343634,-0.0011539703944842827,-0.00041618071756634677,0.3070220273734615,1.33407,0.0046883929427269455,49.04713280120768,1.3345080000000002,1.3476247000000001,DOWN,1.33407,50.973091862756405,0.001252580143431812,NORMAL,0.0,,
2060,2026-03-21 20:05:01.427056,XAUUSD,4493.01,45.87759974779498,28.76988070676191,4631.414500000001,4689.0374,0.0,-37.492361726935805,0.051200499652082995,4493.01,74.29122823282843,18.855524844321792,4970.8468,5049.79,DOWN,4493.01,28.13418709914481,21.956060185181162,NORMAL,11000.0,,
2059,2026-03-21 20:05:01.489715,USDJPY,159.224,0.2063724575998371,63.04266343009202,158.77075,158.83766,0.21050238655604403,0.12521349036931437,0.7736328926254641,159.224,0.4569589594424033,54.973715058247414,158.96386,156.52065000000002,UP,159.224,54.69134510392584,0.0871908999039439,NORMAL,0.0,,
2061,2026-03-21 20:05:02.166284,XAUUSD,4493.01,45.87759974779498,28.76988070676191,4631.414500000001,4689.0374,-50.96686009727728,-37.492361726935805,0.051200499652082995,4493.01,74.29122823282843,18.855524844321792,4970.8468,5049.79,DOWN,4493.01,28.13418709914481,21.956060185181162,NORMAL,11000.0,,
2062,2026-03-21 20:05:02.660887,AUDUSD,0.70204,0.0017941361144300895,36.236755739239676,0.7059705000000001,0.7052916,-0.0012692963083069664,-0.0006290973777345157,0.14449470464533115,0.70204,0.0035254795257369247,40.26400781086035,0.7080942,0.7064557,UP,0.70204,39.321214768736695,0.0009293489647797336,NORMAL,0.0,,
2063,2026-03-21 20:05:03.051423,USDCAD,1.37238,0.0016858125490410213,50.03351339401558,1.37241,1.3727347999999997,-0.00018282088908527783,-0.00014894502814135206,0.4916187142270204,1.37238,0.0027675595389359555,56.3304637365388,1.3670554000000001,1.3651887500000002,UP,1.37238,54.356192585944314,0.001015545462899888,NORMAL,0.0,,
2064,2026-03-21 20:05:03.467830,NZDUSD,0.58262,0.0013487809239753885,37.703973849760764,0.5858845,0.5840554,-0.0007135725254199254,-0.00012070522435460615,0.14619765486578737,0.58262,0.0027848037664876817,44.10243697904856,0.5857942,0.5950377,DOWN,0.58262,35.60323235560051,0.0006581128929611411,NORMAL,54.0,,
2065,2026-03-21 20:05:05.710571,USDCHF,0.78802,0.0013017451028659159,43.992818566825804,0.788586,0.7904082,-0.000428797431531458,-0.0004971126876824085,0.3307636480971652,0.78802,0.00265007920700581,48.769411252662536,0.7862394,0.7771945499999999,UP,0.78802,46.806173797122234,0.0006718991031519585,NORMAL,0.0,,
2066,2026-03-21 21:05:00.305805,EURUSD,1.15713,0.0019514907172638472,58.33642862596786,1.1557549999999999,1.1525945999999998,0.0,0.0006731052905737437,0.8313060143525821,1.15713,0.00393368221709032,58.85935607616212,1.1526348,1.17111325,DOWN,1.15713,61.05311452258026,0.0010169947447115854,NORMAL,0.0,,
2067,2026-03-21 21:05:00.540095,GBPUSD,1.33407,0.0026050681526197067,44.84192852896349,1.3371675,1.3343634,0.0,-0.00041618071756634677,0.3070220273734615,1.33407,0.0046883929427269455,49.04713280120768,1.3345080000000002,1.3476247000000001,DOWN,1.33407,50.973091862756405,0.001252580143431812,NORMAL,0.0,,
2069,2026-03-21 21:05:00.706516,USDJPY,159.224,0.2063724575998371,63.04266343009202,158.77075,158.83766,0.0,0.12521349036931437,0.7736328926254641,159.224,0.4569589594424033,54.973715058247414,158.96386,156.52065000000002,UP,159.224,54.69134510392584,0.0871908999039439,NORMAL,0.0,,
2068,2026-03-21 21:05:00.753533,EURUSD,1.15713,0.0019514907172638472,58.33642862596786,1.1557549999999999,1.1525945999999998,0.0005428668442806206,0.0006731052905737437,0.8313060143525821,1.15713,0.00393368221709032,58.85935607616212,1.1526348,1.17111325,DOWN,1.15713,61.05311452258026,0.0010169947447115854,NORMAL,0.0,,
2071,2026-03-21 21:05:01.065870,XAUUSD,4493.01,45.87759974779498,28.76988070676191,4631.414500000001,4689.0374,0.0,-37.492361726935805,0.051200499652082995,4493.01,74.29122823282843,18.855524844321792,4970.8468,5049.79,DOWN,4493.01,28.13418709914481,21.956060185181162,NORMAL,11000.0,,
2070,2026-03-21 21:05:01.138546,GBPUSD,1.33407,0.0026050681526197067,44.84192852896349,1.3371675,1.3343634,-0.0011539703944842827,-0.00041618071756634677,0.3070220273734615,1.33407,0.0046883929427269455,49.04713280120768,1.3345080000000002,1.3476247000000001,DOWN,1.33407,50.973091862756405,0.001252580143431812,NORMAL,0.0,,
2072,2026-03-21 21:05:01.742259,USDJPY,159.224,0.2063724575998371,63.04266343009202,158.77075,158.83766,0.21050238655604403,0.12521349036931437,0.7736328926254641,159.224,0.4569589594424033,54.973715058247414,158.96386,156.52065000000002,UP,159.224,54.69134510392584,0.0871908999039439,NORMAL,0.0,,
2073,2026-03-21 21:05:02.173960,XAUUSD,4493.01,45.87759974779498,28.76988070676191,4631.414500000001,4689.0374,-50.96686009727728,-37.492361726935805,0.051200499652082995,4493.01,74.29122823282843,18.855524844321792,4970.8468,5049.79,DOWN,4493.01,28.13418709914481,21.956060185181162,NORMAL,11000.0,,
2074,2026-03-21 21:05:02.517802,AUDUSD,0.70204,0.0017941361144300895,36.236755739239676,0.7059705000000001,0.7052916,-0.0012692963083069664,-0.0006290973777345157,0.14449470464533115,0.70204,0.0035254795257369247,40.26400781086035,0.7080942,0.7064557,UP,0.70204,39.321214768736695,0.0009293489647797336,NORMAL,0.0,,
2075,2026-03-21 21:05:02.871876,USDCAD,1.37238,0.0016858125490410213,50.03351339401558,1.37241,1.3727347999999997,-0.00018282088908527783,-0.00014894502814135206,0.4916187142270204,1.37238,0.0027675595389359555,56.3304637365388,1.3670554000000001,1.3651887500000002,UP,1.37238,54.356192585944314,0.001015545462899888,NORMAL,0.0,,
2076,2026-03-21 21:05:03.304048,NZDUSD,0.58262,0.0013487809239753885,37.703973849760764,0.5858845,0.5840554,-0.0007135725254199254,-0.00012070522435460615,0.14619765486578737,0.58262,0.0027848037664876817,44.10243697904856,0.5857942,0.5950377,DOWN,0.58262,35.60323235560051,0.0006581128929611411,NORMAL,54.0,,
2077,2026-03-21 21:05:03.626867,USDCHF,0.78802,0.0013017451028659159,43.992818566825804,0.788586,0.7904082,-0.000428797431531458,-0.0004971126876824085,0.3307636480971652,0.78802,0.00265007920700581,48.769411252662536,0.7862394,0.7771945499999999,UP,0.78802,46.806173797122234,0.0006718991031519585,NORMAL,0.0,,
2078,2026-03-21 22:05:00.188607,EURUSD,1.15713,0.0019514907172638472,58.33642862596786,1.1557549999999999,1.1525945999999998,0.0,0.0006731052905737437,0.8313060143525821,1.15713,0.00393368221709032,58.85935607616212,1.1526348,1.17111325,DOWN,1.15713,61.05311452258026,0.0010169947447115854,NORMAL,0.0,,
2079,2026-03-21 22:05:00.469791,GBPUSD,1.33407,0.0026050681526197067,44.84192852896349,1.3371675,1.3343634,0.0,-0.00041618071756634677,0.3070220273734615,1.33407,0.0046883929427269455,49.04713280120768,1.3345080000000002,1.3476247000000001,DOWN,1.33407,50.973091862756405,0.001252580143431812,NORMAL,0.0,,
2080,2026-03-21 22:05:00.652023,USDJPY,159.224,0.2063724575998371,63.04266343009202,158.77075,158.83766,0.0,0.12521349036931437,0.7736328926254641,159.224,0.4569589594424033,54.973715058247414,158.96386,156.52065000000002,UP,159.224,54.69134510392584,0.0871908999039439,NORMAL,0.0,,
2081,2026-03-21 22:05:00.808236,XAUUSD,4493.01,45.87759974779498,28.76988070676191,4631.414500000001,4689.0374,0.0,-37.492361726935805,0.051200499652082995,4493.01,74.29122823282843,18.855524844321792,4970.8468,5049.79,DOWN,4493.01,28.13418709914481,21.956060185181162,NORMAL,11000.0,,
2082,2026-03-21 22:05:02.318360,EURUSD,1.15713,0.0019514907172638472,58.33642862596786,1.1557549999999999,1.1525945999999998,0.0005428668442806206,0.0006731052905737437,0.8313060143525821,1.15713,0.00393368221709032,58.85935607616212,1.1526348,1.17111325,DOWN,1.15713,61.05311452258026,0.0010169947447115854,NORMAL,0.0,,
2083,2026-03-21 22:05:02.734679,GBPUSD,1.33407,0.0026050681526197067,44.84192852896349,1.3371675,1.3343634,-0.0011539703944842827,-0.00041618071756634677,0.3070220273734615,1.33407,0.0046883929427269455,49.04713280120768,1.3345080000000002,1.3476247000000001,DOWN,1.33407,50.973091862756405,0.001252580143431812,NORMAL,0.0,,
2084,2026-03-21 22:05:03.062689,USDJPY,159.224,0.2063724575998371,63.04266343009202,158.77075,158.83766,0.21050238655604403,0.12521349036931437,0.7736328926254641,159.224,0.4569589594424033,54.973715058247414,158.96386,156.52065000000002,UP,159.224,54.69134510392584,0.0871908999039439,NORMAL,0.0,,
2085,2026-03-21 22:05:03.369836,XAUUSD,4493.01,45.87759974779498,28.76988070676191,4631.414500000001,4689.0374,-50.96686009727728,-37.492361726935805,0.051200499652082995,4493.01,74.29122823282843,18.855524844321792,4970.8468,5049.79,DOWN,4493.01,28.13418709914481,21.956060185181162,NORMAL,11000.0,,
2086,2026-03-21 22:05:03.692894,AUDUSD,0.70204,0.0017941361144300895,36.236755739239676,0.7059705000000001,0.7052916,-0.0012692963083069664,-0.0006290973777345157,0.14449470464533115,0.70204,0.0035254795257369247,40.26400781086035,0.7080942,0.7064557,UP,0.70204,39.321214768736695,0.0009293489647797336,NORMAL,0.0,,
2087,2026-03-21 22:05:04.020941,USDCAD,1.37238,0.0016858125490410213,50.03351339401558,1.37241,1.3727347999999997,-0.00018282088908527783,-0.00014894502814135206,0.4916187142270204,1.37238,0.0027675595389359555,56.3304637365388,1.3670554000000001,1.3651887500000002,UP,1.37238,54.356192585944314,0.001015545462899888,NORMAL,0.0,,
2088,2026-03-21 22:05:04.359380,NZDUSD,0.58262,0.0013487809239753885,37.703973849760764,0.5858845,0.5840554,-0.0007135725254199254,-0.00012070522435460615,0.14619765486578737,0.58262,0.0027848037664876817,44.10243697904856,0.5857942,0.5950377,DOWN,0.58262,35.60323235560051,0.0006581128929611411,NORMAL,54.0,,
2089,2026-03-21 22:05:04.713211,USDCHF,0.78802,0.0013017451028659159,43.992818566825804,0.788586,0.7904082,-0.000428797431531458,-0.0004971126876824085,0.3307636480971652,0.78802,0.00265007920700581,48.769411252662536,0.7862394,0.7771945499999999,UP,0.78802,46.806173797122234,0.0006718991031519585,NORMAL,0.0,,
2090,2026-03-21 23:05:00.416165,EURUSD,1.15713,0.0019514907172638472,58.33642862596786,1.1557549999999999,1.1525945999999998,0.0,0.0006731052905737437,0.8313060143525821,1.15713,0.00393368221709032,58.85935607616212,1.1526348,1.17111325,DOWN,1.15713,61.05311452258026,0.0010169947447115854,NORMAL,0.0,,
2091,2026-03-21 23:05:01.436889,GBPUSD,1.33407,0.0026050681526197067,44.84192852896349,1.3371675,1.3343634,0.0,-0.00041618071756634677,0.3070220273734615,1.33407,0.0046883929427269455,49.04713280120768,1.3345080000000002,1.3476247000000001,DOWN,1.33407,50.973091862756405,0.001252580143431812,NORMAL,0.0,,
2092,2026-03-21 23:05:01.822078,USDJPY,159.224,0.2063724575998371,63.04266343009202,158.77075,158.83766,0.0,0.12521349036931437,0.7736328926254641,159.224,0.4569589594424033,54.973715058247414,158.96386,156.52065000000002,UP,159.224,54.69134510392584,0.0871908999039439,NORMAL,0.0,,
2094,2026-03-21 23:05:04.961374,XAUUSD,4493.01,45.87759974779498,28.76988070676191,4631.414500000001,4689.0374,0.0,-37.492361726935805,0.051200499652082995,4493.01,74.29122823282843,18.855524844321792,4970.8468,5049.79,DOWN,4493.01,28.13418709914481,21.956060185181162,NORMAL,11000.0,,
2093,2026-03-21 23:05:05.378144,EURUSD,1.15713,0.0019514907172638472,58.33642862596786,1.1557549999999999,1.1525945999999998,0.0005428668442806206,0.0006731052905737437,0.8313060143525821,1.15713,0.00393368221709032,58.85935607616212,1.1526348,1.17111325,DOWN,1.15713,61.05311452258026,0.0010169947447115854,NORMAL,0.0,,
2095,2026-03-21 23:05:06.893361,GBPUSD,1.33407,0.0026050681526197067,44.84192852896349,1.3371675,1.3343634,-0.0011539703944842827,-0.00041618071756634677,0.3070220273734615,1.33407,0.0046883929427269455,49.04713280120768,1.3345080000000002,1.3476247000000001,DOWN,1.33407,50.973091862756405,0.001252580143431812,NORMAL,0.0,,
2096,2026-03-21 23:05:07.632621,USDJPY,159.224,0.2063724575998371,63.04266343009202,158.77075,158.83766,0.21050238655604403,0.12521349036931437,0.7736328926254641,159.224,0.4569589594424033,54.973715058247414,158.96386,156.52065000000002,UP,159.224,54.69134510392584,0.0871908999039439,NORMAL,0.0,,
2097,2026-03-21 23:05:08.439596,XAUUSD,4493.01,45.87759974779498,28.76988070676191,4631.414500000001,4689.0374,-50.96686009727728,-37.492361726935805,0.051200499652082995,4493.01,74.29122823282843,18.855524844321792,4970.8468,5049.79,DOWN,4493.01,28.13418709914481,21.956060185181162,NORMAL,11000.0,,
2098,2026-03-21 23:05:09.100958,AUDUSD,0.70204,0.0017941361144300895,36.236755739239676,0.7059705000000001,0.7052916,-0.0012692963083069664,-0.0006290973777345157,0.14449470464533115,0.70204,0.0035254795257369247,40.26400781086035,0.7080942,0.7064557,UP,0.70204,39.321214768736695,0.0009293489647797336,NORMAL,0.0,,
2099,2026-03-21 23:05:09.747412,USDCAD,1.37238,0.0016858125490410213,50.03351339401558,1.37241,1.3727347999999997,-0.00018282088908527783,-0.00014894502814135206,0.4916187142270204,1.37238,0.0027675595389359555,56.3304637365388,1.3670554000000001,1.3651887500000002,UP,1.37238,54.356192585944314,0.001015545462899888,NORMAL,0.0,,
2100,2026-03-21 23:05:10.523200,NZDUSD,0.58262,0.0013487809239753885,37.703973849760764,0.5858845,0.5840554,-0.0007135725254199254,-0.00012070522435460615,0.14619765486578737,0.58262,0.0027848037664876817,44.10243697904856,0.5857942,0.5950377,DOWN,0.58262,35.60323235560051,0.0006581128929611411,NORMAL,54.0,,
2101,2026-03-21 23:05:11.200265,USDCHF,0.78802,0.0013017451028659159,43.992818566825804,0.788586,0.7904082,-0.000428797431531458,-0.0004971126876824085,0.3307636480971652,0.78802,0.00265007920700581,48.769411252662536,0.7862394,0.7771945499999999,UP,0.78802,46.806173797122234,0.0006718991031519585,NORMAL,0.0,,
2102,2026-03-22 00:05:00.192749,EURUSD,1.15713,0.0019514907172638472,58.33642862596786,1.1557549999999999,1.1525945999999998,0.0,0.0006731052905737437,0.8313060143525821,1.15713,0.00393368221709032,58.85935607616212,1.1526348,1.17111325,DOWN,1.15713,61.05311452258026,0.0010169947447115854,NORMAL,0.0,,
2103,2026-03-22 00:05:00.458314,GBPUSD,1.33407,0.0026050681526197067,44.84192852896349,1.3371675,1.3343634,0.0,-0.00041618071756634677,0.3070220273734615,1.33407,0.0046883929427269455,49.04713280120768,1.3345080000000002,1.3476247000000001,DOWN,1.33407,50.973091862756405,0.001252580143431812,NORMAL,0.0,,
2104,2026-03-22 00:05:00.640560,USDJPY,159.224,0.2063724575998371,63.04266343009202,158.77075,158.83766,0.0,0.12521349036931437,0.7736328926254641,159.224,0.4569589594424033,54.973715058247414,158.96386,156.52065000000002,UP,159.224,54.69134510392584,0.0871908999039439,NORMAL,0.0,,
2105,2026-03-22 00:05:00.781150,XAUUSD,4493.01,45.87759974779498,28.76988070676191,4631.414500000001,4689.0374,0.0,-37.492361726935805,0.051200499652082995,4493.01,74.29122823282843,18.855524844321792,4970.8468,5049.79,DOWN,4493.01,28.13418709914481,21.956060185181162,NORMAL,11000.0,,
2106,2026-03-22 00:05:02.400623,EURUSD,1.15713,0.0019514907172638472,58.33642862596786,1.1557549999999999,1.1525945999999998,0.0005428668442806206,0.0006731052905737437,0.8313060143525821,1.15713,0.00393368221709032,58.85935607616212,1.1526348,1.17111325,DOWN,1.15713,61.05311452258026,0.0010169947447115854,NORMAL,0.0,,
2107,2026-03-22 00:05:02.738935,GBPUSD,1.33407,0.0026050681526197067,44.84192852896349,1.3371675,1.3343634,-0.0011539703944842827,-0.00041618071756634677,0.3070220273734615,1.33407,0.0046883929427269455,49.04713280120768,1.3345080000000002,1.3476247000000001,DOWN,1.33407,50.973091862756405,0.001252580143431812,NORMAL,0.0,,
2108,2026-03-22 00:05:03.051358,USDJPY,159.224,0.2063724575998371,63.04266343009202,158.77075,158.83766,0.21050238655604403,0.12521349036931437,0.7736328926254641,159.224,0.4569589594424033,54.973715058247414,158.96386,156.52065000000002,UP,159.224,54.69134510392584,0.0871908999039439,NORMAL,0.0,,
2109,2026-03-22 00:05:03.342942,XAUUSD,4493.01,45.87759974779498,28.76988070676191,4631.414500000001,4689.0374,-50.96686009727728,-37.492361726935805,0.051200499652082995,4493.01,74.29122823282843,18.855524844321792,4970.8468,5049.79,DOWN,4493.01,28.13418709914481,21.956060185181162,NORMAL,11000.0,,
2110,2026-03-22 00:05:03.821772,AUDUSD,0.70204,0.0017941361144300895,36.236755739239676,0.7059705000000001,0.7052916,-0.0012692963083069664,-0.0006290973777345157,0.14449470464533115,0.70204,0.0035254795257369247,40.26400781086035,0.7080942,0.7064557,UP,0.70204,39.321214768736695,0.0009293489647797336,NORMAL,0.0,,
2111,2026-03-22 00:05:04.300315,USDCAD,1.37238,0.0016858125490410213,50.03351339401558,1.37241,1.3727347999999997,-0.00018282088908527783,-0.00014894502814135206,0.4916187142270204,1.37238,0.0027675595389359555,56.3304637365388,1.3670554000000001,1.3651887500000002,UP,1.37238,54.356192585944314,0.001015545462899888,NORMAL,0.0,,
2112,2026-03-22 00:05:05.102249,NZDUSD,0.58262,0.0013487809239753885,37.703973849760764,0.5858845,0.5840554,-0.0007135725254199254,-0.00012070522435460615,0.14619765486578737,0.58262,0.0027848037664876817,44.10243697904856,0.5857942,0.5950377,DOWN,0.58262,35.60323235560051,0.0006581128929611411,NORMAL,54.0,,
2113,2026-03-22 00:05:05.581498,USDCHF,0.78802,0.0013017451028659159,43.992818566825804,0.788586,0.7904082,-0.000428797431531458,-0.0004971126876824085,0.3307636480971652,0.78802,0.00265007920700581,48.769411252662536,0.7862394,0.7771945499999999,UP,0.78802,46.806173797122234,0.0006718991031519585,NORMAL,0.0,,
2115,2026-03-22 01:05:00.174961,EURUSD,1.15713,0.0019514907172638472,58.33642862596786,1.1557549999999999,1.1525945999999998,0.0,0.0006731052905737437,0.8313060143525821,1.15713,0.00393368221709032,58.85935607616212,1.1526348,1.17111325,DOWN,1.15713,61.05311452258026,0.0010169947447115854,NORMAL,0.0,,
2114,2026-03-22 01:05:00.716696,EURUSD,1.15713,0.0019514907172638472,58.33642862596786,1.1557549999999999,1.1525945999999998,0.0005428668442806206,0.0006731052905737437,0.8313060143525821,1.15713,0.00393368221709032,58.85935607616212,1.1526348,1.17111325,DOWN,1.15713,61.05311452258026,0.0010169947447115854,NORMAL,0.0,,
2116,2026-03-22 01:05:01.226799,GBPUSD,1.33407,0.0026050681526197067,44.84192852896349,1.3371675,1.3343634,0.0,-0.00041618071756634677,0.3070220273734615,1.33407,0.0046883929427269455,49.04713280120768,1.3345080000000002,1.3476247000000001,DOWN,1.33407,50.973091862756405,0.001252580143431812,NORMAL,0.0,,
2117,2026-03-22 01:05:01.508017,USDJPY,159.224,0.2063724575998371,63.04266343009202,158.77075,158.83766,0.0,0.12521349036931437,0.7736328926254641,159.224,0.4569589594424033,54.973715058247414,158.96386,156.52065000000002,UP,159.224,54.69134510392584,0.0871908999039439,NORMAL,0.0,,
2118,2026-03-22 01:05:01.752769,XAUUSD,4493.01,45.87759974779498,28.76988070676191,4631.414500000001,4689.0374,0.0,-37.492361726935805,0.051200499652082995,4493.01,74.29122823282843,18.855524844321792,4970.8468,5049.79,DOWN,4493.01,28.13418709914481,21.956060185181162,NORMAL,11000.0,,
2119,2026-03-22 01:05:03.095478,GBPUSD,1.33407,0.0026050681526197067,44.84192852896349,1.3371675,1.3343634,-0.0011539703944842827,-0.00041618071756634677,0.3070220273734615,1.33407,0.0046883929427269455,49.04713280120768,1.3345080000000002,1.3476247000000001,DOWN,1.33407,50.973091862756405,0.001252580143431812,NORMAL,0.0,,
2120,2026-03-22 01:05:03.517400,USDJPY,159.224,0.2063724575998371,63.04266343009202,158.77075,158.83766,0.21050238655604403,0.12521349036931437,0.7736328926254641,159.224,0.4569589594424033,54.973715058247414,158.96386,156.52065000000002,UP,159.224,54.69134510392584,0.0871908999039439,NORMAL,0.0,,
2121,2026-03-22 01:05:03.949656,XAUUSD,4493.01,45.87759974779498,28.76988070676191,4631.414500000001,4689.0374,-50.96686009727728,-37.492361726935805,0.051200499652082995,4493.01,74.29122823282843,18.855524844321792,4970.8468,5049.79,DOWN,4493.01,28.13418709914481,21.956060185181162,NORMAL,11000.0,,
2122,2026-03-22 01:05:04.397462,AUDUSD,0.70204,0.0017941361144300895,36.236755739239676,0.7059705000000001,0.7052916,-0.0012692963083069664,-0.0006290973777345157,0.14449470464533115,0.70204,0.0035254795257369247,40.26400781086035,0.7080942,0.7064557,UP,0.70204,39.321214768736695,0.0009293489647797336,NORMAL,0.0,,
2123,2026-03-22 01:05:04.798290,USDCAD,1.37238,0.0016858125490410213,50.03351339401558,1.37241,1.3727347999999997,-0.00018282088908527783,-0.00014894502814135206,0.4916187142270204,1.37238,0.0027675595389359555,56.3304637365388,1.3670554000000001,1.3651887500000002,UP,1.37238,54.356192585944314,0.001015545462899888,NORMAL,0.0,,
2124,2026-03-22 01:05:05.230239,NZDUSD,0.58262,0.0013487809239753885,37.703973849760764,0.5858845,0.5840554,-0.0007135725254199254,-0.00012070522435460615,0.14619765486578737,0.58262,0.0027848037664876817,44.10243697904856,0.5857942,0.5950377,DOWN,0.58262,35.60323235560051,0.0006581128929611411,NORMAL,54.0,,
2125,2026-03-22 01:05:05.756472,USDCHF,0.78802,0.0013017451028659159,43.992818566825804,0.788586,0.7904082,-0.000428797431531458,-0.0004971126876824085,0.3307636480971652,0.78802,0.00265007920700581,48.769411252662536,0.7862394,0.7771945499999999,UP,0.78802,46.806173797122234,0.0006718991031519585,NORMAL,0.0,,
2126,2026-03-22 02:05:00.164190,EURUSD,1.15713,0.0019514907172638472,58.33642862596786,1.1557549999999999,1.1525945999999998,0.0,0.0006731052905737437,0.8313060143525821,1.15713,0.00393368221709032,58.85935607616212,1.1526348,1.17111325,DOWN,1.15713,61.05311452258026,0.0010169947447115854,NORMAL,0.0,,
2127,2026-03-22 02:05:00.460995,GBPUSD,1.33407,0.0026050681526197067,44.84192852896349,1.3371675,1.3343634,0.0,-0.00041618071756634677,0.3070220273734615,1.33407,0.0046883929427269455,49.04713280120768,1.3345080000000002,1.3476247000000001,DOWN,1.33407,50.973091862756405,0.001252580143431812,NORMAL,0.0,,
2129,2026-03-22 02:05:00.627480,USDJPY,159.224,0.2063724575998371,63.04266343009202,158.77075,158.83766,0.0,0.12521349036931437,0.7736328926254641,159.224,0.4569589594424033,54.973715058247414,158.96386,156.52065000000002,UP,159.224,54.69134510392584,0.0871908999039439,NORMAL,0.0,,
2128,2026-03-22 02:05:00.674517,EURUSD,1.15713,0.0019514907172638472,58.33642862596786,1.1557549999999999,1.1525945999999998,0.0005428668442806206,0.0006731052905737437,0.8313060143525821,1.15713,0.00393368221709032,58.85935607616212,1.1526348,1.17111325,DOWN,1.15713,61.05311452258026,0.0010169947447115854,NORMAL,0.0,,
2131,2026-03-22 02:05:00.971187,XAUUSD,4493.01,45.87759974779498,28.76988070676191,4631.414500000001,4689.0374,0.0,-37.492361726935805,0.051200499652082995,4493.01,74.29122823282843,18.855524844321792,4970.8468,5049.79,DOWN,4493.01,28.13418709914481,21.956060185181162,NORMAL,11000.0,,
2130,2026-03-22 02:05:01.091122,GBPUSD,1.33407,0.0026050681526197067,44.84192852896349,1.3371675,1.3343634,-0.0011539703944842827,-0.00041618071756634677,0.3070220273734615,1.33407,0.0046883929427269455,49.04713280120768,1.3345080000000002,1.3476247000000001,DOWN,1.33407,50.973091862756405,0.001252580143431812,NORMAL,0.0,,
2132,2026-03-22 02:05:03.423754,USDJPY,159.224,0.2063724575998371,63.04266343009202,158.77075,158.83766,0.21050238655604403,0.12521349036931437,0.7736328926254641,159.224,0.4569589594424033,54.973715058247414,158.96386,156.52065000000002,UP,159.224,54.69134510392584,0.0871908999039439,NORMAL,0.0,,
2133,2026-03-22 02:05:03.715309,XAUUSD,4493.01,45.87759974779498,28.76988070676191,4631.414500000001,4689.0374,-50.96686009727728,-37.492361726935805,0.051200499652082995,4493.01,74.29122823282843,18.855524844321792,4970.8468,5049.79,DOWN,4493.01,28.13418709914481,21.956060185181162,NORMAL,11000.0,,
2134,2026-03-22 02:05:04.043357,AUDUSD,0.70204,0.0017941361144300895,36.236755739239676,0.7059705000000001,0.7052916,-0.0012692963083069664,-0.0006290973777345157,0.14449470464533115,0.70204,0.0035254795257369247,40.26400781086035,0.7080942,0.7064557,UP,0.70204,39.321214768736695,0.0009293489647797336,NORMAL,0.0,,
2135,2026-03-22 02:05:04.413090,USDCAD,1.37238,0.0016858125490410213,50.03351339401558,1.37241,1.3727347999999997,-0.00018282088908527783,-0.00014894502814135206,0.4916187142270204,1.37238,0.0027675595389359555,56.3304637365388,1.3670554000000001,1.3651887500000002,UP,1.37238,54.356192585944314,0.001015545462899888,NORMAL,0.0,,
2136,2026-03-22 02:05:04.800159,NZDUSD,0.58262,0.0013487809239753885,37.703973849760764,0.5858845,0.5840554,-0.0007135725254199254,-0.00012070522435460615,0.14619765486578737,0.58262,0.0027848037664876817,44.10243697904856,0.5857942,0.5950377,DOWN,0.58262,35.60323235560051,0.0006581128929611411,NORMAL,54.0,,
2137,2026-03-22 02:05:05.200642,USDCHF,0.78802,0.0013017451028659159,43.992818566825804,0.788586,0.7904082,-0.000428797431531458,-0.0004971126876824085,0.3307636480971652,0.78802,0.00265007920700581,48.769411252662536,0.7862394,0.7771945499999999,UP,0.78802,46.806173797122234,0.0006718991031519585,NORMAL,0.0,,
2138,2026-03-22 03:05:00.181969,EURUSD,1.15713,0.0019514907172638472,58.33642862596786,1.1557549999999999,1.1525945999999998,0.0,0.0006731052905737437,0.8313060143525821,1.15713,0.00393368221709032,58.85935607616212,1.1526348,1.17111325,DOWN,1.15713,61.05311452258026,0.0010169947447115854,NORMAL,0.0,,
2139,2026-03-22 03:05:00.431919,GBPUSD,1.33407,0.0026050681526197067,44.84192852896349,1.3371675,1.3343634,0.0,-0.00041618071756634677,0.3070220273734615,1.33407,0.0046883929427269455,49.04713280120768,1.3345080000000002,1.3476247000000001,DOWN,1.33407,50.973091862756405,0.001252580143431812,NORMAL,0.0,,
2140,2026-03-22 03:05:00.629770,USDJPY,159.224,0.2063724575998371,63.04266343009202,158.77075,158.83766,0.0,0.12521349036931437,0.7736328926254641,159.224,0.4569589594424033,54.973715058247414,158.96386,156.52065000000002,UP,159.224,54.69134510392584,0.0871908999039439,NORMAL,0.0,,
2141,2026-03-22 03:05:00.692223,EURUSD,1.15713,0.0019514907172638472,58.33642862596786,1.1557549999999999,1.1525945999999998,0.0005428668442806206,0.0006731052905737437,0.8313060143525821,1.15713,0.00393368221709032,58.85935607616212,1.1526348,1.17111325,DOWN,1.15713,61.05311452258026,0.0010169947447115854,NORMAL,0.0,,
2142,2026-03-22 03:05:00.832811,XAUUSD,4493.01,45.87759974779498,28.76988070676191,4631.414500000001,4689.0374,0.0,-37.492361726935805,0.051200499652082995,4493.01,74.29122823282843,18.855524844321792,4970.8468,5049.79,DOWN,4493.01,28.13418709914481,21.956060185181162,NORMAL,11000.0,,
2143,2026-03-22 03:05:01.311910,GBPUSD,1.33407,0.0026050681526197067,44.84192852896349,1.3371675,1.3343634,-0.0011539703944842827,-0.00041618071756634677,0.3070220273734615,1.33407,0.0046883929427269455,49.04713280120768,1.3345080000000002,1.3476247000000001,DOWN,1.33407,50.973091862756405,0.001252580143431812,NORMAL,0.0,,
2144,2026-03-22 03:05:03.259087,USDJPY,159.224,0.2063724575998371,63.04266343009202,158.77075,158.83766,0.21050238655604403,0.12521349036931437,0.7736328926254641,159.224,0.4569589594424033,54.973715058247414,158.96386,156.52065000000002,UP,159.224,54.69134510392584,0.0871908999039439,NORMAL,0.0,,
2145,2026-03-22 03:05:03.555965,XAUUSD,4493.01,45.87759974779498,28.76988070676191,4631.414500000001,4689.0374,-50.96686009727728,-37.492361726935805,0.051200499652082995,4493.01,74.29122823282843,18.855524844321792,4970.8468,5049.79,DOWN,4493.01,28.13418709914481,21.956060185181162,NORMAL,11000.0,,
2146,2026-03-22 03:05:03.925478,AUDUSD,0.70204,0.0017941361144300895,36.236755739239676,0.7059705000000001,0.7052916,-0.0012692963083069664,-0.0006290973777345157,0.14449470464533115,0.70204,0.0035254795257369247,40.26400781086035,0.7080942,0.7064557,UP,0.70204,39.321214768736695,0.0009293489647797336,NORMAL,0.0,,
2147,2026-03-22 03:05:04.263872,USDCAD,1.37238,0.0016858125490410213,50.03351339401558,1.37241,1.3727347999999997,-0.00018282088908527783,-0.00014894502814135206,0.4916187142270204,1.37238,0.0027675595389359555,56.3304637365388,1.3670554000000001,1.3651887500000002,UP,1.37238,54.356192585944314,0.001015545462899888,NORMAL,0.0,,
2148,2026-03-22 03:05:04.680010,NZDUSD,0.58262,0.0013487809239753885,37.703973849760764,0.5858845,0.5840554,-0.0007135725254199254,-0.00012070522435460615,0.14619765486578737,0.58262,0.0027848037664876817,44.10243697904856,0.5857942,0.5950377,DOWN,0.58262,35.60323235560051,0.0006581128929611411,NORMAL,54.0,,
2149,2026-03-22 03:05:04.992583,USDCHF,0.78802,0.0013017451028659159,43.992818566825804,0.788586,0.7904082,-0.000428797431531458,-0.0004971126876824085,0.3307636480971652,0.78802,0.00265007920700581,48.769411252662536,0.7862394,0.7771945499999999,UP,0.78802,46.806173797122234,0.0006718991031519585,NORMAL,0.0,,
2150,2026-03-22 04:05:00.175415,EURUSD,1.15713,0.0019514907172638472,58.33642862596786,1.1557549999999999,1.1525945999999998,0.0,0.0006731052905737437,0.8313060143525821,1.15713,0.00393368221709032,58.85935607616212,1.1526348,1.17111325,DOWN,1.15713,61.05311452258026,0.0010169947447115854,NORMAL,0.0,,
2151,2026-03-22 04:05:00.456601,GBPUSD,1.33407,0.0026050681526197067,44.84192852896349,1.3371675,1.3343634,0.0,-0.00041618071756634677,0.3070220273734615,1.33407,0.0046883929427269455,49.04713280120768,1.3345080000000002,1.3476247000000001,DOWN,1.33407,50.973091862756405,0.001252580143431812,NORMAL,0.0,,
2153,2026-03-22 04:05:00.623135,USDJPY,159.224,0.2063724575998371,63.04266343009202,158.77075,158.83766,0.0,0.12521349036931437,0.7736328926254641,159.224,0.4569589594424033,54.973715058247414,158.96386,156.52065000000002,UP,159.224,54.69134510392584,0.0871908999039439,NORMAL,0.0,,
2152,2026-03-22 04:05:00.670170,EURUSD,1.15713,0.0019514907172638472,58.33642862596786,1.1557549999999999,1.1525945999999998,0.0005428668442806206,0.0006731052905737437,0.8313060143525821,1.15713,0.00393368221709032,58.85935607616212,1.1526348,1.17111325,DOWN,1.15713,61.05311452258026,0.0010169947447115854,NORMAL,0.0,,
2155,2026-03-22 04:05:00.966838,XAUUSD,4493.01,45.87759974779498,28.76988070676191,4631.414500000001,4689.0374,0.0,-37.492361726935805,0.051200499652082995,4493.01,74.29122823282843,18.855524844321792,4970.8468,5049.79,DOWN,4493.01,28.13418709914481,21.956060185181162,NORMAL,11000.0,,
2154,2026-03-22 04:05:01.029461,GBPUSD,1.33407,0.0026050681526197067,44.84192852896349,1.3371675,1.3343634,-0.0011539703944842827,-0.00041618071756634677,0.3070220273734615,1.33407,0.0046883929427269455,49.04713280120768,1.3345080000000002,1.3476247000000001,DOWN,1.33407,50.973091862756405,0.001252580143431812,NORMAL,0.0,,
2156,2026-03-22 04:05:01.367904,USDJPY,159.224,0.2063724575998371,63.04266343009202,158.77075,158.83766,0.21050238655604403,0.12521349036931437,0.7736328926254641,159.224,0.4569589594424033,54.973715058247414,158.96386,156.52065000000002,UP,159.224,54.69134510392584,0.0871908999039439,NORMAL,0.0,,
2157,2026-03-22 04:05:03.453338,XAUUSD,4493.01,45.87759974779498,28.76988070676191,4631.414500000001,4689.0374,-50.96686009727728,-37.492361726935805,0.051200499652082995,4493.01,74.29122823282843,18.855524844321792,4970.8468,5049.79,DOWN,4493.01,28.13418709914481,21.956060185181162,NORMAL,11000.0,,
2158,2026-03-22 04:05:03.807080,AUDUSD,0.70204,0.0017941361144300895,36.236755739239676,0.7059705000000001,0.7052916,-0.0012692963083069664,-0.0006290973777345157,0.14449470464533115,0.70204,0.0035254795257369247,40.26400781086035,0.7080942,0.7064557,UP,0.70204,39.321214768736695,0.0009293489647797336,NORMAL,0.0,,
2159,2026-03-22 04:05:04.145612,USDCAD,1.37238,0.0016858125490410213,50.03351339401558,1.37241,1.3727347999999997,-0.00018282088908527783,-0.00014894502814135206,0.4916187142270204,1.37238,0.0027675595389359555,56.3304637365388,1.3670554000000001,1.3651887500000002,UP,1.37238,54.356192585944314,0.001015545462899888,NORMAL,0.0,,
2160,2026-03-22 04:05:04.593470,NZDUSD,0.58262,0.0013487809239753885,37.703973849760764,0.5858845,0.5840554,-0.0007135725254199254,-0.00012070522435460615,0.14619765486578737,0.58262,0.0027848037664876817,44.10243697904856,0.5857942,0.5950377,DOWN,0.58262,35.60323235560051,0.0006581128929611411,NORMAL,54.0,,
2161,2026-03-22 04:05:04.905724,USDCHF,0.78802,0.0013017451028659159,43.992818566825804,0.788586,0.7904082,-0.000428797431531458,-0.0004971126876824085,0.3307636480971652,0.78802,0.00265007920700581,48.769411252662536,0.7862394,0.7771945499999999,UP,0.78802,46.806173797122234,0.0006718991031519585,NORMAL,0.0,,
2162,2026-03-22 05:05:00.177550,EURUSD,1.15713,0.0019514907172638472,58.33642862596786,1.1557549999999999,1.1525945999999998,0.0,0.0006731052905737437,0.8313060143525821,1.15713,0.00393368221709032,58.85935607616212,1.1526348,1.17111325,DOWN,1.15713,61.05311452258026,0.0010169947447115854,NORMAL,0.0,,
2163,2026-03-22 05:05:00.427493,GBPUSD,1.33407,0.0026050681526197067,44.84192852896349,1.3371675,1.3343634,0.0,-0.00041618071756634677,0.3070220273734615,1.33407,0.0046883929427269455,49.04713280120768,1.3345080000000002,1.3476247000000001,DOWN,1.33407,50.973091862756405,0.001252580143431812,NORMAL,0.0,,
2165,2026-03-22 05:05:00.641074,USDJPY,159.224,0.2063724575998371,63.04266343009202,158.77075,158.83766,0.0,0.12521349036931437,0.7736328926254641,159.224,0.4569589594424033,54.973715058247414,158.96386,156.52065000000002,UP,159.224,54.69134510392584,0.0871908999039439,NORMAL,0.0,,
2164,2026-03-22 05:05:00.688112,EURUSD,1.15713,0.0019514907172638472,58.33642862596786,1.1557549999999999,1.1525945999999998,0.0005428668442806206,0.0006731052905737437,0.8313060143525821,1.15713,0.00393368221709032,58.85935607616212,1.1526348,1.17111325,DOWN,1.15713,61.05311452258026,0.0010169947447115854,NORMAL,0.0,,
2167,2026-03-22 05:05:00.953533,XAUUSD,4493.01,45.87759974779498,28.76988070676191,4631.414500000001,4689.0374,0.0,-37.492361726935805,0.051200499652082995,4493.01,74.29122823282843,18.855524844321792,4970.8468,5049.79,DOWN,4493.01,28.13418709914481,21.956060185181162,NORMAL,11000.0,,
2166,2026-03-22 05:05:01.047325,GBPUSD,1.33407,0.0026050681526197067,44.84192852896349,1.3371675,1.3343634,-0.0011539703944842827,-0.00041618071756634677,0.3070220273734615,1.33407,0.0046883929427269455,49.04713280120768,1.3345080000000002,1.3476247000000001,DOWN,1.33407,50.973091862756405,0.001252580143431812,NORMAL,0.0,,
2168,2026-03-22 05:05:01.583513,USDJPY,159.224,0.2063724575998371,63.04266343009202,158.77075,158.83766,0.21050238655604403,0.12521349036931437,0.7736328926254641,159.224,0.4569589594424033,54.973715058247414,158.96386,156.52065000000002,UP,159.224,54.69134510392584,0.0871908999039439,NORMAL,0.0,,
2169,2026-03-22 05:05:03.602063,XAUUSD,4493.01,45.87759974779498,28.76988070676191,4631.414500000001,4689.0374,-50.96686009727728,-37.492361726935805,0.051200499652082995,4493.01,74.29122823282843,18.855524844321792,4970.8468,5049.79,DOWN,4493.01,28.13418709914481,21.956060185181162,NORMAL,11000.0,,
2170,2026-03-22 05:05:04.039635,AUDUSD,0.70204,0.0017941361144300895,36.236755739239676,0.7059705000000001,0.7052916,-0.0012692963083069664,-0.0006290973777345157,0.14449470464533115,0.70204,0.0035254795257369247,40.26400781086035,0.7080942,0.7064557,UP,0.70204,39.321214768736695,0.0009293489647797336,NORMAL,0.0,,
2171,2026-03-22 05:05:04.409298,USDCAD,1.37238,0.0016858125490410213,50.03351339401558,1.37241,1.3727347999999997,-0.00018282088908527783,-0.00014894502814135206,0.4916187142270204,1.37238,0.0027675595389359555,56.3304637365388,1.3670554000000001,1.3651887500000002,UP,1.37238,54.356192585944314,0.001015545462899888,NORMAL,0.0,,
2172,2026-03-22 05:05:04.763256,NZDUSD,0.58262,0.0013487809239753885,37.703973849760764,0.5858845,0.5840554,-0.0007135725254199254,-0.00012070522435460615,0.14619765486578737,0.58262,0.0027848037664876817,44.10243697904856,0.5857942,0.5950377,DOWN,0.58262,35.60323235560051,0.0006581128929611411,NORMAL,54.0,,
2173,2026-03-22 05:05:05.086081,USDCHF,0.78802,0.0013017451028659159,43.992818566825804,0.788586,0.7904082,-0.000428797431531458,-0.0004971126876824085,0.3307636480971652,0.78802,0.00265007920700581,48.769411252662536,0.7862394,0.7771945499999999,UP,0.78802,46.806173797122234,0.0006718991031519585,NORMAL,0.0,,
2174,2026-03-22 06:05:00.675220,EURUSD,1.15713,0.0019514907172638472,58.33642862596786,1.1557549999999999,1.1525945999999998,0.0005428668442806206,0.0006731052905737437,0.8313060143525821,1.15713,0.00393368221709032,58.85935607616212,1.1526348,1.17111325,DOWN,1.15713,61.05311452258026,0.0010169947447115854,NORMAL,0.0,,
2175,2026-03-22 06:05:01.076037,GBPUSD,1.33407,0.0026050681526197067,44.84192852896349,1.3371675,1.3343634,-0.0011539703944842827,-0.00041618071756634677,0.3070220273734615,1.33407,0.0046883929427269455,49.04713280120768,1.3345080000000002,1.3476247000000001,DOWN,1.33407,50.973091862756405,0.001252580143431812,NORMAL,0.0,,
2176,2026-03-22 06:05:01.435363,USDJPY,159.224,0.2063724575998371,63.04266343009202,158.77075,158.83766,0.21050238655604403,0.12521349036931437,0.7736328926254641,159.224,0.4569589594424033,54.973715058247414,158.96386,156.52065000000002,UP,159.224,54.69134510392584,0.0871908999039439,NORMAL,0.0,,
2177,2026-03-22 06:05:01.601628,EURUSD,1.15713,0.0019514907172638472,58.33642862596786,1.1557549999999999,1.1525945999999998,0.0,0.0006731052905737437,0.8313060143525821,1.15713,0.00393368221709032,58.85935607616212,1.1526348,1.17111325,DOWN,1.15713,61.05311452258026,0.0010169947447115854,NORMAL,0.0,,
2179,2026-03-22 06:05:01.820327,GBPUSD,1.33407,0.0026050681526197067,44.84192852896349,1.3371675,1.3343634,0.0,-0.00041618071756634677,0.3070220273734615,1.33407,0.0046883929427269455,49.04713280120768,1.3345080000000002,1.3476247000000001,DOWN,1.33407,50.973091862756405,0.001252580143431812,NORMAL,0.0,,
2178,2026-03-22 06:05:01.882947,XAUUSD,4493.01,45.87759974779498,28.76988070676191,4631.414500000001,4689.0374,-50.96686009727728,-37.492361726935805,0.051200499652082995,4493.01,74.29122823282843,18.855524844321792,4970.8468,5049.79,DOWN,4493.01,28.13418709914481,21.956060185181162,NORMAL,11000.0,,
2180,2026-03-22 06:05:02.158801,USDJPY,159.224,0.2063724575998371,63.04266343009202,158.77075,158.83766,0.0,0.12521349036931437,0.7736328926254641,159.224,0.4569589594424033,54.973715058247414,158.96386,156.52065000000002,UP,159.224,54.69134510392584,0.0871908999039439,NORMAL,0.0,,
2181,2026-03-22 06:05:02.283771,XAUUSD,4493.01,45.87759974779498,28.76988070676191,4631.414500000001,4689.0374,0.0,-37.492361726935805,0.051200499652082995,4493.01,74.29122823282843,18.855524844321792,4970.8468,5049.79,DOWN,4493.01,28.13418709914481,21.956060185181162,NORMAL,11000.0,,
2182,2026-03-22 06:05:04.276017,AUDUSD,0.70204,0.0017941361144300895,36.236755739239676,0.7059705000000001,0.7052916,-0.0012692963083069664,-0.0006290973777345157,0.14449470464533115,0.70204,0.0035254795257369247,40.26400781086035,0.7080942,0.7064557,UP,0.70204,39.321214768736695,0.0009293489647797336,NORMAL,0.0,,
2183,2026-03-22 06:05:04.677390,USDCAD,1.37238,0.0016858125490410213,50.03351339401558,1.37241,1.3727347999999997,-0.00018282088908527783,-0.00014894502814135206,0.4916187142270204,1.37238,0.0027675595389359555,56.3304637365388,1.3670554000000001,1.3651887500000002,UP,1.37238,54.356192585944314,0.001015545462899888,NORMAL,0.0,,
2184,2026-03-22 06:05:05.015820,NZDUSD,0.58262,0.0013487809239753885,37.703973849760764,0.5858845,0.5840554,-0.0007135725254199254,-0.00012070522435460615,0.14619765486578737,0.58262,0.0027848037664876817,44.10243697904856,0.5857942,0.5950377,DOWN,0.58262,35.60323235560051,0.0006581128929611411,NORMAL,54.0,,
2185,2026-03-22 06:05:05.328071,USDCHF,0.78802,0.0013017451028659159,43.992818566825804,0.788586,0.7904082,-0.000428797431531458,-0.0004971126876824085,0.3307636480971652,0.78802,0.00265007920700581,48.769411252662536,0.7862394,0.7771945499999999,UP,0.78802,46.806173797122234,0.0006718991031519585,NORMAL,0.0,,
2186,2026-03-22 07:05:00.151568,EURUSD,1.15713,0.0019514907172638472,58.33642862596786,1.1557549999999999,1.1525945999999998,0.0,0.0006731052905737437,0.8313060143525821,1.15713,0.00393368221709032,58.85935607616212,1.1526348,1.17111325,DOWN,1.15713,61.05311452258026,0.0010169947447115854,NORMAL,0.0,,
2187,2026-03-22 07:05:00.417133,GBPUSD,1.33407,0.0026050681526197067,44.84192852896349,1.3371675,1.3343634,0.0,-0.00041618071756634677,0.3070220273734615,1.33407,0.0046883929427269455,49.04713280120768,1.3345080000000002,1.3476247000000001,DOWN,1.33407,50.973091862756405,0.001252580143431812,NORMAL,0.0,,
2189,2026-03-22 07:05:00.583416,USDJPY,159.224,0.2063724575998371,63.04266343009202,158.77075,158.83766,0.0,0.12521349036931437,0.7736328926254641,159.224,0.4569589594424033,54.973715058247414,158.96386,156.52065000000002,UP,159.224,54.69134510392584,0.0871908999039439,NORMAL,0.0,,
2188,2026-03-22 07:05:00.630276,EURUSD,1.15713,0.0019514907172638472,58.33642862596786,1.1557549999999999,1.1525945999999998,0.0005428668442806206,0.0006731052905737437,0.8313060143525821,1.15713,0.00393368221709032,58.85935607616212,1.1526348,1.17111325,DOWN,1.15713,61.05311452258026,0.0010169947447115854,NORMAL,0.0,,
2191,2026-03-22 07:05:00.927198,XAUUSD,4493.01,45.87759974779498,28.76988070676191,4631.414500000001,4689.0374,0.0,-37.492361726935805,0.051200499652082995,4493.01,74.29122823282843,18.855524844321792,4970.8468,5049.79,DOWN,4493.01,28.13418709914481,21.956060185181162,NORMAL,11000.0,,
2190,2026-03-22 07:05:01.000045,GBPUSD,1.33407,0.0026050681526197067,44.84192852896349,1.3371675,1.3343634,-0.0011539703944842827,-0.00041618071756634677,0.3070220273734615,1.33407,0.0046883929427269455,49.04713280120768,1.3345080000000002,1.3476247000000001,DOWN,1.33407,50.973091862756405,0.001252580143431812,NORMAL,0.0,,
2192,2026-03-22 07:05:01.525630,USDJPY,159.224,0.2063724575998371,63.04266343009202,158.77075,158.83766,0.21050238655604403,0.12521349036931437,0.7736328926254641,159.224,0.4569589594424033,54.973715058247414,158.96386,156.52065000000002,UP,159.224,54.69134510392584,0.0871908999039439,NORMAL,0.0,,
2193,2026-03-22 07:05:01.853506,XAUUSD,4493.01,45.87759974779498,28.76988070676191,4631.414500000001,4689.0374,-50.96686009727728,-37.492361726935805,0.051200499652082995,4493.01,74.29122823282843,18.855524844321792,4970.8468,5049.79,DOWN,4493.01,28.13418709914481,21.956060185181162,NORMAL,11000.0,,
2194,2026-03-22 07:05:04.100290,AUDUSD,0.70204,0.0017941361144300895,36.236755739239676,0.7059705000000001,0.7052916,-0.0012692963083069664,-0.0006290973777345157,0.14449470464533115,0.70204,0.0035254795257369247,40.26400781086035,0.7080942,0.7064557,UP,0.70204,39.321214768736695,0.0009293489647797336,NORMAL,0.0,,
2195,2026-03-22 07:05:04.428443,USDCAD,1.37238,0.0016858125490410213,50.03351339401558,1.37241,1.3727347999999997,-0.00018282088908527783,-0.00014894502814135206,0.4916187142270204,1.37238,0.0027675595389359555,56.3304637365388,1.3670554000000001,1.3651887500000002,UP,1.37238,54.356192585944314,0.001015545462899888,NORMAL,0.0,,
2196,2026-03-22 07:05:04.766835,NZDUSD,0.58262,0.0013487809239753885,37.703973849760764,0.5858845,0.5840554,-0.0007135725254199254,-0.00012070522435460615,0.14619765486578737,0.58262,0.0027848037664876817,44.10243697904856,0.5857942,0.5950377,DOWN,0.58262,35.60323235560051,0.0006581128929611411,NORMAL,54.0,,
2197,2026-03-22 07:05:05.089314,USDCHF,0.78802,0.0013017451028659159,43.992818566825804,0.788586,0.7904082,-0.000428797431531458,-0.0004971126876824085,0.3307636480971652,0.78802,0.00265007920700581,48.769411252662536,0.7862394,0.7771945499999999,UP,0.78802,46.806173797122234,0.0006718991031519585,NORMAL,0.0,,
2198,2026-03-22 08:05:00.186609,EURUSD,1.15713,0.0019514907172638472,58.33642862596786,1.1557549999999999,1.1525945999999998,0.0,0.0006731052905737437,0.8313060143525821,1.15713,0.00393368221709032,58.85935607616212,1.1526348,1.17111325,DOWN,1.15713,61.05311452258026,0.0010169947447115854,NORMAL,0.0,,
2200,2026-03-22 08:05:00.634207,GBPUSD,1.33407,0.0026050681526197067,44.84192852896349,1.3371675,1.3343634,0.0,-0.00041618071756634677,0.3070220273734615,1.33407,0.0046883929427269455,49.04713280120768,1.3345080000000002,1.3476247000000001,DOWN,1.33407,50.973091862756405,0.001252580143431812,NORMAL,0.0,,
2199,2026-03-22 08:05:00.759309,EURUSD,1.15713,0.0019514907172638472,58.33642862596786,1.1557549999999999,1.1525945999999998,0.0005428668442806206,0.0006731052905737437,0.8313060143525821,1.15713,0.00393368221709032,58.85935607616212,1.1526348,1.17111325,DOWN,1.15713,61.05311452258026,0.0010169947447115854,NORMAL,0.0,,
2202,2026-03-22 08:05:01.019298,USDJPY,159.224,0.2063724575998371,63.04266343009202,158.77075,158.83766,0.0,0.12521349036931437,0.7736328926254641,159.224,0.4569589594424033,54.973715058247414,158.96386,156.52065000000002,UP,159.224,54.69134510392584,0.0871908999039439,NORMAL,0.0,,
2201,2026-03-22 08:05:01.113022,GBPUSD,1.33407,0.0026050681526197067,44.84192852896349,1.3371675,1.3343634,-0.0011539703944842827,-0.00041618071756634677,0.3070220273734615,1.33407,0.0046883929427269455,49.04713280120768,1.3345080000000002,1.3476247000000001,DOWN,1.33407,50.973091862756405,0.001252580143431812,NORMAL,0.0,,
2204,2026-03-22 08:05:01.378628,XAUUSD,4493.01,45.87759974779498,28.76988070676191,4631.414500000001,4689.0374,0.0,-37.492361726935805,0.051200499652082995,4493.01,74.29122823282843,18.855524844321792,4970.8468,5049.79,DOWN,4493.01,28.13418709914481,21.956060185181162,NORMAL,11000.0,,
2203,2026-03-22 08:05:01.425723,USDJPY,159.224,0.2063724575998371,63.04266343009202,158.77075,158.83766,0.21050238655604403,0.12521349036931437,0.7736328926254641,159.224,0.4569589594424033,54.973715058247414,158.96386,156.52065000000002,UP,159.224,54.69134510392584,0.0871908999039439,NORMAL,0.0,,
2205,2026-03-22 08:05:01.946209,XAUUSD,4493.01,45.87759974779498,28.76988070676191,4631.414500000001,4689.0374,-50.96686009727728,-37.492361726935805,0.051200499652082995,4493.01,74.29122823282843,18.855524844321792,4970.8468,5049.79,DOWN,4493.01,28.13418709914481,21.956060185181162,NORMAL,11000.0,,
2206,2026-03-22 08:05:04.229457,AUDUSD,0.70204,0.0017941361144300895,36.236755739239676,0.7059705000000001,0.7052916,-0.0012692963083069664,-0.0006290973777345157,0.14449470464533115,0.70204,0.0035254795257369247,40.26400781086035,0.7080942,0.7064557,UP,0.70204,39.321214768736695,0.0009293489647797336,NORMAL,0.0,,
2207,2026-03-22 08:05:04.614567,USDCAD,1.37238,0.0016858125490410213,50.03351339401558,1.37241,1.3727347999999997,-0.00018282088908527783,-0.00014894502814135206,0.4916187142270204,1.37238,0.0027675595389359555,56.3304637365388,1.3670554000000001,1.3651887500000002,UP,1.37238,54.356192585944314,0.001015545462899888,NORMAL,0.0,,
2208,2026-03-22 08:05:05.062078,NZDUSD,0.58262,0.0013487809239753885,37.703973849760764,0.5858845,0.5840554,-0.0007135725254199254,-0.00012070522435460615,0.14619765486578737,0.58262,0.0027848037664876817,44.10243697904856,0.5857942,0.5950377,DOWN,0.58262,35.60323235560051,0.0006581128929611411,NORMAL,54.0,,
2209,2026-03-22 08:05:05.389959,USDCHF,0.78802,0.0013017451028659159,43.992818566825804,0.788586,0.7904082,-0.000428797431531458,-0.0004971126876824085,0.3307636480971652,0.78802,0.00265007920700581,48.769411252662536,0.7862394,0.7771945499999999,UP,0.78802,46.806173797122234,0.0006718991031519585,NORMAL,0.0,,
2210,2026-03-22 09:05:00.155064,EURUSD,1.15713,0.0019514907172638472,58.33642862596786,1.1557549999999999,1.1525945999999998,0.0,0.0006731052905737437,0.8313060143525821,1.15713,0.00393368221709032,58.85935607616212,1.1526348,1.17111325,DOWN,1.15713,61.05311452258026,0.0010169947447115854,NORMAL,0.0,,
2212,2026-03-22 09:05:00.446454,GBPUSD,1.33407,0.0026050681526197067,44.84192852896349,1.3371675,1.3343634,0.0,-0.00041618071756634677,0.3070220273734615,1.33407,0.0046883929427269455,49.04713280120768,1.3345080000000002,1.3476247000000001,DOWN,1.33407,50.973091862756405,0.001252580143431812,NORMAL,0.0,,
2211,2026-03-22 09:05:00.493500,EURUSD,1.15713,0.0019514907172638472,58.33642862596786,1.1557549999999999,1.1525945999999998,0.0005428668442806206,0.0006731052905737437,0.8313060143525821,1.15713,0.00393368221709032,58.85935607616212,1.1526348,1.17111325,DOWN,1.15713,61.05311452258026,0.0010169947447115854,NORMAL,0.0,,
2214,2026-03-22 09:05:00.774507,USDJPY,159.224,0.2063724575998371,63.04266343009202,158.77075,158.83766,0.0,0.12521349036931437,0.7736328926254641,159.224,0.4569589594424033,54.973715058247414,158.96386,156.52065000000002,UP,159.224,54.69134510392584,0.0871908999039439,NORMAL,0.0,,
2213,2026-03-22 09:05:00.852617,GBPUSD,1.33407,0.0026050681526197067,44.84192852896349,1.3371675,1.3343634,-0.0011539703944842827,-0.00041618071756634677,0.3070220273734615,1.33407,0.0046883929427269455,49.04713280120768,1.3345080000000002,1.3476247000000001,DOWN,1.33407,50.973091862756405,0.001252580143431812,NORMAL,0.0,,
2216,2026-03-22 09:05:01.097374,XAUUSD,4493.01,45.87759974779498,28.76988070676191,4631.414500000001,4689.0374,0.0,-37.492361726935805,0.051200499652082995,4493.01,74.29122823282843,18.855524844321792,4970.8468,5049.79,DOWN,4493.01,28.13418709914481,21.956060185181162,NORMAL,11000.0,,
2215,2026-03-22 09:05:01.144354,USDJPY,159.224,0.2063724575998371,63.04266343009202,158.77075,158.83766,0.21050238655604403,0.12521349036931437,0.7736328926254641,159.224,0.4569589594424033,54.973715058247414,158.96386,156.52065000000002,UP,159.224,54.69134510392584,0.0871908999039439,NORMAL,0.0,,
2217,2026-03-22 09:05:01.748256,XAUUSD,4493.01,45.87759974779498,28.76988070676191,4631.414500000001,4689.0374,-50.96686009727728,-37.492361726935805,0.051200499652082995,4493.01,74.29122823282843,18.855524844321792,4970.8468,5049.79,DOWN,4493.01,28.13418709914481,21.956060185181162,NORMAL,11000.0,,
2218,2026-03-22 09:05:02.102365,AUDUSD,0.70204,0.0017941361144300895,36.236755739239676,0.7059705000000001,0.7052916,-0.0012692963083069664,-0.0006290973777345157,0.14449470464533115,0.70204,0.0035254795257369247,40.26400781086035,0.7080942,0.7064557,UP,0.70204,39.321214768736695,0.0009293489647797336,NORMAL,0.0,,
2219,2026-03-22 09:05:04.176700,USDCAD,1.37238,0.0016858125490410213,50.03351339401558,1.37241,1.3727347999999997,-0.00018282088908527783,-0.00014894502814135206,0.4916187142270204,1.37238,0.0027675595389359555,56.3304637365388,1.3670554000000001,1.3651887500000002,UP,1.37238,54.356192585944314,0.001015545462899888,NORMAL,0.0,,
2220,2026-03-22 09:05:04.514971,NZDUSD,0.58262,0.0013487809239753885,37.703973849760764,0.5858845,0.5840554,-0.0007135725254199254,-0.00012070522435460615,0.14619765486578737,0.58262,0.0027848037664876817,44.10243697904856,0.5857942,0.5950377,DOWN,0.58262,35.60323235560051,0.0006581128929611411,NORMAL,54.0,,
2221,2026-03-22 09:05:04.905498,USDCHF,0.78802,0.0013017451028659159,43.992818566825804,0.788586,0.7904082,-0.000428797431531458,-0.0004971126876824085,0.3307636480971652,0.78802,0.00265007920700581,48.769411252662536,0.7862394,0.7771945499999999,UP,0.78802,46.806173797122234,0.0006718991031519585,NORMAL,0.0,,
2222,2026-03-22 10:05:00.067438,EURUSD,1.15713,0.0019514907172638472,58.33642862596786,1.1557549999999999,1.1525945999999998,0.0,0.0006731052905737437,0.8313060143525821,1.15713,0.00393368221709032,58.85935607616212,1.1526348,1.17111325,DOWN,1.15713,61.05311452258026,0.0010169947447115854,NORMAL,0.0,,
2223,2026-03-22 10:05:00.270556,GBPUSD,1.33407,0.0026050681526197067,44.84192852896349,1.3371675,1.3343634,0.0,-0.00041618071756634677,0.3070220273734615,1.33407,0.0046883929427269455,49.04713280120768,1.3345080000000002,1.3476247000000001,DOWN,1.33407,50.973091862756405,0.001252580143431812,NORMAL,0.0,,
2224,2026-03-22 10:05:00.483701,USDJPY,159.224,0.2063724575998371,63.04266343009202,158.77075,158.83766,0.0,0.12521349036931437,0.7736328926254641,159.224,0.4569589594424033,54.973715058247414,158.96386,156.52065000000002,UP,159.224,54.69134510392584,0.0871908999039439,NORMAL,0.0,,
2225,2026-03-22 10:05:00.639914,XAUUSD,4493.01,45.87759974779498,28.76988070676191,4631.414500000001,4689.0374,0.0,-37.492361726935805,0.051200499652082995,4493.01,74.29122823282843,18.855524844321792,4970.8468,5049.79,DOWN,4493.01,28.13418709914481,21.956060185181162,NORMAL,11000.0,,
2226,2026-03-22 11:05:00.089903,EURUSD,1.15713,0.0019514907172638472,58.33642862596786,1.1557549999999999,1.1525945999999998,0.0,0.0006731052905737437,0.8313060143525821,1.15713,0.00393368221709032,58.85935607616212,1.1526348,1.17111325,DOWN,1.15713,61.05311452258026,0.0010169947447115854,NORMAL,0.0,,
2227,2026-03-22 11:05:00.261774,GBPUSD,1.33407,0.0026050681526197067,44.84192852896349,1.3371675,1.3343634,0.0,-0.00041618071756634677,0.3070220273734615,1.33407,0.0046883929427269455,49.04713280120768,1.3345080000000002,1.3476247000000001,DOWN,1.33407,50.973091862756405,0.001252580143431812,NORMAL,0.0,,
2228,2026-03-22 11:05:00.443850,USDJPY,159.224,0.2063724575998371,63.04266343009202,158.77075,158.83766,0.0,0.12521349036931437,0.7736328926254641,159.224,0.4569589594424033,54.973715058247414,158.96386,156.52065000000002,UP,159.224,54.69134510392584,0.0871908999039439,NORMAL,0.0,,
2229,2026-03-22 11:05:00.631312,XAUUSD,4493.01,45.87759974779498,28.76988070676191,4631.414500000001,4689.0374,0.0,-37.492361726935805,0.051200499652082995,4493.01,74.29122823282843,18.855524844321792,4970.8468,5049.79,DOWN,4493.01,28.13418709914481,21.956060185181162,NORMAL,11000.0,,
2230,2026-03-22 12:05:00.068652,EURUSD,1.15713,0.0019514907172638472,58.33642862596786,1.1557549999999999,1.1525945999999998,0.0,0.0006731052905737437,0.8313060143525821,1.15713,0.00393368221709032,58.85935607616212,1.1526348,1.17111325,DOWN,1.15713,61.05311452258026,0.0010169947447115854,NORMAL,0.0,,
2231,2026-03-22 12:05:00.303008,GBPUSD,1.33407,0.0026050681526197067,44.84192852896349,1.3371675,1.3343634,0.0,-0.00041618071756634677,0.3070220273734615,1.33407,0.0046883929427269455,49.04713280120768,1.3345080000000002,1.3476247000000001,DOWN,1.33407,50.973091862756405,0.001252580143431812,NORMAL,0.0,,
2232,2026-03-22 12:05:00.485185,USDJPY,159.224,0.2063724575998371,63.04266343009202,158.77075,158.83766,0.0,0.12521349036931437,0.7736328926254641,159.224,0.4569589594424033,54.973715058247414,158.96386,156.52065000000002,UP,159.224,54.69134510392584,0.0871908999039439,NORMAL,0.0,,
2233,2026-03-22 12:05:00.657017,XAUUSD,4493.01,45.87759974779498,28.76988070676191,4631.414500000001,4689.0374,0.0,-37.492361726935805,0.051200499652082995,4493.01,74.29122823282843,18.855524844321792,4970.8468,5049.79,DOWN,4493.01,28.13418709914481,21.956060185181162,NORMAL,11000.0,,
2234,2026-03-22 13:05:00.070084,EURUSD,1.15713,0.0019514907172638472,58.33642862596786,1.1557549999999999,1.1525945999999998,0.0,0.0006731052905737437,0.8313060143525821,1.15713,0.00393368221709032,58.85935607616212,1.1526348,1.17111325,DOWN,1.15713,61.05311452258026,0.0010169947447115854,NORMAL,0.0,,
2235,2026-03-22 13:05:00.257543,GBPUSD,1.33407,0.0026050681526197067,44.84192852896349,1.3371675,1.3343634,0.0,-0.00041618071756634677,0.3070220273734615,1.33407,0.0046883929427269455,49.04713280120768,1.3345080000000002,1.3476247000000001,DOWN,1.33407,50.973091862756405,0.001252580143431812,NORMAL,0.0,,
2236,2026-03-22 13:05:00.439660,USDJPY,159.224,0.2063724575998371,63.04266343009202,158.77075,158.83766,0.0,0.12521349036931437,0.7736328926254641,159.224,0.4569589594424033,54.973715058247414,158.96386,156.52065000000002,UP,159.224,54.69134510392584,0.0871908999039439,NORMAL,0.0,,
2237,2026-03-22 13:05:00.611506,XAUUSD,4493.01,45.87759974779498,28.76988070676191,4631.414500000001,4689.0374,0.0,-37.492361726935805,0.051200499652082995,4493.01,74.29122823282843,18.855524844321792,4970.8468,5049.79,DOWN,4493.01,28.13418709914481,21.956060185181162,NORMAL,11000.0,,
2238,2026-03-22 14:05:00.072105,EURUSD,1.15713,0.0019514907172638472,58.33642862596786,1.1557549999999999,1.1525945999999998,0.0,0.0006731052905737437,0.8313060143525821,1.15713,0.00393368221709032,58.85935607616212,1.1526348,1.17111325,DOWN,1.15713,61.05311452258026,0.0010169947447115854,NORMAL,0.0,,
2239,2026-03-22 14:05:00.275224,GBPUSD,1.33407,0.0026050681526197067,44.84192852896349,1.3371675,1.3343634,0.0,-0.00041618071756634677,0.3070220273734615,1.33407,0.0046883929427269455,49.04713280120768,1.3345080000000002,1.3476247000000001,DOWN,1.33407,50.973091862756405,0.001252580143431812,NORMAL,0.0,,
2240,2026-03-22 14:05:00.473067,USDJPY,159.224,0.2063724575998371,63.04266343009202,158.77075,158.83766,0.0,0.12521349036931437,0.7736328926254641,159.224,0.4569589594424033,54.973715058247414,158.96386,156.52065000000002,UP,159.224,54.69134510392584,0.0871908999039439,NORMAL,0.0,,
2241,2026-03-22 14:05:00.879218,XAUUSD,4493.01,45.87759974779498,28.76988070676191,4631.414500000001,4689.0374,0.0,-37.492361726935805,0.051200499652082995,4493.01,74.29122823282843,18.855524844321792,4970.8468,5049.79,DOWN,4493.01,28.13418709914481,21.956060185181162,NORMAL,11000.0,,
2242,2026-03-22 15:05:00.066469,EURUSD,1.15713,0.0019514907172638472,58.33642862596786,1.1557549999999999,1.1525945999999998,0.0,0.0006731052905737437,0.8313060143525821,1.15713,0.00393368221709032,58.85935607616212,1.1526348,1.17111325,DOWN,1.15713,61.05311452258026,0.0010169947447115854,NORMAL,0.0,,
2243,2026-03-22 15:05:00.253928,GBPUSD,1.33407,0.0026050681526197067,44.84192852896349,1.3371675,1.3343634,0.0,-0.00041618071756634677,0.3070220273734615,1.33407,0.0046883929427269455,49.04713280120768,1.3345080000000002,1.3476247000000001,DOWN,1.33407,50.973091862756405,0.001252580143431812,NORMAL,0.0,,
2244,2026-03-22 15:05:00.436023,USDJPY,159.224,0.2063724575998371,63.04266343009202,158.77075,158.83766,0.0,0.12521349036931437,0.7736328926254641,159.224,0.4569589594424033,54.973715058247414,158.96386,156.52065000000002,UP,159.224,54.69134510392584,0.0871908999039439,NORMAL,0.0,,
2245,2026-03-22 15:05:00.607862,XAUUSD,4493.01,45.87759974779498,28.76988070676191,4631.414500000001,4689.0374,0.0,-37.492361726935805,0.051200499652082995,4493.01,74.29122823282843,18.855524844321792,4970.8468,5049.79,DOWN,4493.01,28.13418709914481,21.956060185181162,NORMAL,11000.0,,
2246,2026-03-22 16:05:00.064928,EURUSD,1.15713,0.0019514907172638472,58.33642862596786,1.1557549999999999,1.1525945999999998,0.0,0.0006731052905737437,0.8313060143525821,1.15713,0.00393368221709032,58.85935607616212,1.1526348,1.17111325,DOWN,1.15713,61.05311452258026,0.0010169947447115854,NORMAL,0.0,,
2247,2026-03-22 16:05:00.299280,GBPUSD,1.33407,0.0026050681526197067,44.84192852896349,1.3371675,1.3343634,0.0,-0.00041618071756634677,0.3070220273734615,1.33407,0.0046883929427269455,49.04713280120768,1.3345080000000002,1.3476247000000001,DOWN,1.33407,50.973091862756405,0.001252580143431812,NORMAL,0.0,,
2248,2026-03-22 16:05:00.481489,USDJPY,159.224,0.2063724575998371,63.04266343009202,158.77075,158.83766,0.0,0.12521349036931437,0.7736328926254641,159.224,0.4569589594424033,54.973715058247414,158.96386,156.52065000000002,UP,159.224,54.69134510392584,0.0871908999039439,NORMAL,0.0,,
2249,2026-03-22 16:05:00.653324,XAUUSD,4493.01,45.87759974779498,28.76988070676191,4631.414500000001,4689.0374,0.0,-37.492361726935805,0.051200499652082995,4493.01,74.29122823282843,18.855524844321792,4970.8468,5049.79,DOWN,4493.01,28.13418709914481,21.956060185181162,NORMAL,11000.0,,
2250,2026-03-22 17:05:00.068860,EURUSD,1.15713,0.0019514907172638472,58.33642862596786,1.1557549999999999,1.1525945999999998,0.0,0.0006731052905737437,0.8313060143525821,1.15713,0.00393368221709032,58.85935607616212,1.1526348,1.17111325,DOWN,1.15713,61.05311452258026,0.0010169947447115854,NORMAL,0.0,,
2251,2026-03-22 17:05:00.256317,GBPUSD,1.33407,0.0026050681526197067,44.84192852896349,1.3371675,1.3343634,0.0,-0.00041618071756634677,0.3070220273734615,1.33407,0.0046883929427269455,49.04713280120768,1.3345080000000002,1.3476247000000001,DOWN,1.33407,50.973091862756405,0.001252580143431812,NORMAL,0.0,,
2252,2026-03-22 17:05:00.428259,USDJPY,159.224,0.2063724575998371,63.04266343009202,158.77075,158.83766,0.0,0.12521349036931437,0.7736328926254641,159.224,0.4569589594424033,54.973715058247414,158.96386,156.52065000000002,UP,159.224,54.69134510392584,0.0871908999039439,NORMAL,0.0,,
2253,2026-03-22 17:05:00.594674,XAUUSD,4493.01,45.87759974779498,28.76988070676191,4631.414500000001,4689.0374,0.0,-37.492361726935805,0.051200499652082995,4493.01,74.29122823282843,18.855524844321792,4970.8468,5049.79,DOWN,4493.01,28.13418709914481,21.956060185181162,NORMAL,11000.0,,
2254,2026-03-22 18:05:00.388142,EURUSD,1.15713,0.0019514907172638472,58.33642862596786,1.1557549999999999,1.1525945999999998,0.0,0.0006731052905737437,0.8313060143525821,1.15713,0.00393368221709032,58.85935607616212,1.1526348,1.17111325,DOWN,1.15713,61.05311452258026,0.0010169947447115854,NORMAL,0.0,,
2255,2026-03-22 18:05:00.773198,GBPUSD,1.33407,0.0026050681526197067,44.84192852896349,1.3371675,1.3343634,0.0,-0.00041618071756634677,0.3070220273734615,1.33407,0.0046883929427269455,49.04713280120768,1.3345080000000002,1.3476247000000001,DOWN,1.33407,50.973091862756405,0.001252580143431812,NORMAL,0.0,,
2256,2026-03-22 18:05:01.496782,USDJPY,159.224,0.2063724575998371,63.04266343009202,158.77075,158.83766,0.0,0.12521349036931437,0.7736328926254641,159.224,0.4569589594424033,54.973715058247414,158.96386,156.52065000000002,UP,159.224,54.69134510392584,0.0871908999039439,NORMAL,0.0,,
2257,2026-03-22 18:05:01.871653,XAUUSD,4493.01,45.87759974779498,28.76988070676191,4631.414500000001,4689.0374,0.0,-37.492361726935805,0.051200499652082995,4493.01,74.29122823282843,18.855524844321792,4970.8468,5049.79,DOWN,4493.01,28.13418709914481,21.956060185181162,NORMAL,11000.0,,
2258,2026-03-22 19:05:00.070531,EURUSD,1.15713,0.0019514907172638472,58.33642862596786,1.1557549999999999,1.1525945999999998,0.0,0.0006731052905737437,0.8313060143525821,1.15713,0.00393368221709032,58.85935607616212,1.1526348,1.17111325,DOWN,1.15713,61.05311452258026,0.0010169947447115854,NORMAL,0.0,,
2259,2026-03-22 19:05:00.257952,GBPUSD,1.33407,0.0026050681526197067,44.84192852896349,1.3371675,1.3343634,0.0,-0.00041618071756634677,0.3070220273734615,1.33407,0.0046883929427269455,49.04713280120768,1.3345080000000002,1.3476247000000001,DOWN,1.33407,50.973091862756405,0.001252580143431812,NORMAL,0.0,,
2260,2026-03-22 19:05:00.429923,USDJPY,159.224,0.2063724575998371,63.04266343009202,158.77075,158.83766,0.0,0.12521349036931437,0.7736328926254641,159.224,0.4569589594424033,54.973715058247414,158.96386,156.52065000000002,UP,159.224,54.69134510392584,0.0871908999039439,NORMAL,0.0,,
2261,2026-03-22 19:05:00.580677,XAUUSD,4493.01,45.87759974779498,28.76988070676191,4631.414500000001,4689.0374,0.0,-37.492361726935805,0.051200499652082995,4493.01,74.29122823282843,18.855524844321792,4970.8468,5049.79,DOWN,4493.01,28.13418709914481,21.956060185181162,NORMAL,11000.0,,
2262,2026-03-22 20:05:00.379469,EURUSD,1.15713,0.0019514907172638472,58.33642862596786,1.1557549999999999,1.1525945999999998,0.0,0.0006731052905737437,0.8313060143525821,1.15713,0.00393368221709032,58.85935607616212,1.1526348,1.17111325,DOWN,1.15713,61.05311452258026,0.0010169947447115854,NORMAL,0.0,,
2263,2026-03-22 20:05:00.624205,GBPUSD,1.33407,0.0026050681526197067,44.84192852896349,1.3371675,1.3343634,0.0,-0.00041618071756634677,0.3070220273734615,1.33407,0.0046883929427269455,49.04713280120768,1.3345080000000002,1.3476247000000001,DOWN,1.33407,50.973091862756405,0.001252580143431812,NORMAL,0.0,,
2264,2026-03-22 20:05:01.071988,USDJPY,159.224,0.2063724575998371,63.04266343009202,158.77075,158.83766,0.0,0.12521349036931437,0.7736328926254641,159.224,0.4569589594424033,54.973715058247414,158.96386,156.52065000000002,UP,159.224,54.69134510392584,0.0871908999039439,NORMAL,0.0,,
2265,2026-03-22 20:05:01.243825,XAUUSD,4493.01,45.87759974779498,28.76988070676191,4631.414500000001,4689.0374,0.0,-37.492361726935805,0.051200499652082995,4493.01,74.29122823282843,18.855524844321792,4970.8468,5049.79,DOWN,4493.01,28.13418709914481,21.956060185181162,NORMAL,11000.0,,
2266,2026-03-22 21:05:00.400101,EURUSD,1.15713,0.0019514907172638472,58.33642862596786,1.1557549999999999,1.1525945999999998,0.0,0.0006731052905737437,0.8313060143525821,1.15713,0.00393368221709032,58.85935607616212,1.1526348,1.17111325,DOWN,1.15713,61.05311452258026,0.0010169947447115854,NORMAL,0.0,,
2267,2026-03-22 21:05:00.722924,GBPUSD,1.33407,0.0026050681526197067,44.84192852896349,1.3371675,1.3343634,0.0,-0.00041618071756634677,0.3070220273734615,1.33407,0.0046883929427269455,49.04713280120768,1.3345080000000002,1.3476247000000001,DOWN,1.33407,50.973091862756405,0.001252580143431812,NORMAL,0.0,,
2268,2026-03-22 21:05:01.128284,USDJPY,159.224,0.2063724575998371,63.04266343009202,158.77075,158.83766,0.0,0.12521349036931437,0.7736328926254641,159.224,0.4569589594424033,54.973715058247414,158.96386,156.52065000000002,UP,159.224,54.69134510392584,0.0871908999039439,NORMAL,0.0,,
2269,2026-03-22 21:05:01.513490,XAUUSD,4493.01,45.87759974779498,28.76988070676191,4631.414500000001,4689.0374,0.0,-37.492361726935805,0.051200499652082995,4493.01,74.29122823282843,18.855524844321792,4970.8468,5049.79,DOWN,4493.01,28.13418709914481,21.956060185181162,NORMAL,11000.0,,
2270,2026-03-22 22:05:00.262895,EURUSD,1.15492,0.0020320985231735704,49.32981837897882,1.155676,1.1527562,0.0,0.0006264471443739022,0.3179192708082774,1.15492,0.003872704868596487,53.5871273660457,1.1524428,1.17097975,DOWN,1.15492,44.020824441377115,0.0011644577152681555,NORMAL,7.0,,
2271,2026-03-22 22:05:00.523184,GBPUSD,1.33407,0.0026050681526197067,44.84192852896349,1.3371675,1.3343634,0.0,-0.00041618071756634677,0.3070220273734615,1.33407,0.0046883929427269455,49.04713280120768,1.3345080000000002,1.3476247000000001,DOWN,1.33407,50.973091862756405,0.001252580143431812,NORMAL,10.0,,
2272,2026-03-22 22:05:00.710754,USDJPY,159.404,0.20520299634270572,66.97667595268226,158.8356,158.82920000000001,0.0,0.1448664701963273,0.8498543193207103,159.404,0.437890452754167,57.303675948590474,158.9999,156.53906,UP,159.404,65.9482439494401,0.09453864243379531,NORMAL,1200.0,,
2273,2026-03-22 22:05:00.876802,XAUUSD,4475.45,45.702056908666776,27.23654034306614,4621.321,4680.7376,0.0,-40.96328988859207,0.0643157170093541,4475.45,72.08613902364856,18.196692718298422,4955.8038,5047.52185,DOWN,4475.45,24.694979739453146,23.489324940423213,NORMAL,26000.0,,
2274,2026-03-22 22:05:02.684248,EURUSD,1.15492,0.0020320985231735704,49.32981837897882,1.155676,1.1527562,0.0004398145595745362,0.0006264471443739022,0.3179192708082774,1.15492,0.003872704868596487,53.5871273660457,1.1524428,1.17097975,DOWN,1.15492,44.020824441377115,0.0011644577152681555,NORMAL,6.0,,
2275,2026-03-22 22:05:03.072070,GBPUSD,1.3311899999999999,0.0026868489988611664,38.42096222502374,1.336649,1.3344335999999999,-0.0013472068188642439,-0.0006023859378259263,0.16588315789271546,1.3311899999999999,0.004621364840652733,44.748774521999984,1.334207,1.34743295,DOWN,1.3311899999999999,36.20352523697042,0.0014310995236275887,NORMAL,9.0,,
2276,2026-03-22 22:05:03.451510,USDJPY,159.403,0.20520299634270572,66.95713524623096,158.83555,158.82918,0.2233986174246354,0.14485051578037858,0.8493328872642576,159.403,0.437890452754167,57.29139801135151,158.99988,156.53905500000002,UP,159.403,65.90117552768618,0.09453864243379531,NORMAL,1200.0,,
2277,2026-03-22 22:05:03.779554,XAUUSD,4475.1,45.702056908666776,27.207637878423384,4621.3035,4680.7306,-54.874922763137874,-40.968873934176216,0.06349019041803064,4475.1,72.08613902364856,18.18402877185406,4955.7968,5047.5201,DOWN,4475.12,24.63835202689394,23.489324940423213,NORMAL,26000.0,,
2278,2026-03-22 22:05:04.305358,AUDUSD,0.70204,0.0017941361144300895,36.236755739239676,0.7059705000000001,0.7052916,-0.0012692963083069664,-0.0006290973777345157,0.14449470464533115,0.70204,0.0035254795257369247,40.26400781086035,0.7080942,0.7064557,UP,0.70204,39.321214768736695,0.0009293489647797336,NORMAL,12.0,,
2279,2026-03-22 22:05:04.846707,USDCAD,1.37238,0.0016858125490410213,50.03351339401558,1.37241,1.3727347999999997,-0.00018282088908527783,-0.00014894502814135206,0.4916187142270204,1.37238,0.0027675595389359555,56.3304637365388,1.3670554000000001,1.3651887500000002,UP,1.37269,56.707583083557424,0.0010701873903919013,NORMAL,17.0,,
2280,2026-03-22 22:05:05.419354,NZDUSD,0.58262,0.0013487809239753885,37.703973849760764,0.5858845,0.5840554,-0.0007135725254199254,-0.00012070522435460615,0.14619765486578737,0.58262,0.0027848037664876817,44.10243697904856,0.5857942,0.5950377,DOWN,0.58262,35.60323235560051,0.0006581128929611411,NORMAL,34.0,,
2281,2026-03-22 22:05:05.882846,USDCHF,0.78822,0.0012494775955183474,45.47063447897734,0.788563,0.7903162,-0.00041552342496153916,-0.00048079483513823465,0.397880935806974,0.78822,0.002501502006395444,49.472772177841996,0.7864669999999999,0.7772603499999999,UP,0.78822,49.480819892185785,0.0006646257819637137,NORMAL,49.0,,
2282,2026-03-22 23:05:01.748327,EURUSD,1.15603,0.0019126629143754682,53.419922259471655,1.155704,1.1529911999999998,0.0,0.0006117516297226397,0.5803029410430656,1.15603,0.003872704868596487,56.111547792090825,1.152465,1.1709853,DOWN,1.15603,51.65165255267403,0.0010676549060990217,NORMAL,3.0,,
2283,2026-03-22 23:05:01.920130,GBPUSD,1.3323800000000001,0.0026868489988611664,40.83712235531672,1.3367084999999999,1.3344574,0.0,-0.0005834001828401254,0.23006994240192186,1.3323800000000001,0.004621364840652733,46.430064951745635,1.3342308,1.3474389,DOWN,1.3323800000000001,44.28351239650881,0.0014190105258287712,NORMAL,9.0,,
2284,2026-03-22 23:05:02.196129,USDJPY,159.174,0.20383645578761633,59.83414747316835,158.8734,158.81439999999998,0.0,0.15560904029949874,0.694955096753243,159.174,0.4456761698867146,54.15284000893426,158.99530000000001,156.53790999999998,UP,159.174,47.673324933469985,0.10927591906811074,NORMAL,700.0,,
2285,2026-03-22 23:05:02.383556,XAUUSD,4513.5,48.79348548009533,33.16060895045595,4623.2235,4681.4986,0.0,-40.35622436152647,0.1596100537068346,4513.5,75.17756872545252,22.144700285872062,4956.5648,5047.712100000001,DOWN,4513.5,39.74928372500143,25.203323024369315,NORMAL,17000.0,,
2286,2026-03-22 23:05:03.820290,EURUSD,1.156,0.0019126629143754682,53.30967117438407,1.1557024999999999,1.1529905999999999,0.0004944168645646396,0.0006112729972439666,0.5733176375490304,1.156,0.003872704868596487,56.04019694428957,1.1524644000000002,1.1709851500000001,DOWN,1.156,51.46284074095009,0.0010676549060990217,NORMAL,3.0,,
2287,2026-03-22 23:05:04.236867,GBPUSD,1.3326500000000001,0.0025392169275139293,41.77602370462881,1.3362820000000002,1.3346036000000001,-0.0012959538865791043,-0.0007264214648984822,0.27107110006061297,1.3326500000000001,0.004621364840652733,46.82926977795117,1.3342362,1.34744025,DOWN,1.3326500000000001,46.43542679173273,0.0013560015358925206,NORMAL,9.0,,
2288,2026-03-22 23:05:04.528315,USDJPY,159.171,0.20383645578761633,59.720915537131155,158.87324999999998,158.81434,0.20555140048423937,0.15556117705163552,0.6931681399327287,159.171,0.4456761698867146,54.10436639405134,158.99524,156.53789500000002,UP,159.171,47.52262190176988,0.10927591906811074,NORMAL,700.0,,
2289,2026-03-22 23:05:04.856386,XAUUSD,4500.29,46.500379374374205,30.426135678420962,4612.5740000000005,4674.1418,-53.86692475389009,-43.251093784728496,0.16593784075134682,4500.29,75.17756872545252,20.055511854938786,4956.3006,5047.646049999999,DOWN,4500.29,36.75826875823821,24.737134117695355,NORMAL,21000.0,,
2290,2026-03-22 23:05:05.194779,AUDUSD,0.70096,0.0018516978205422292,33.130261009780426,0.7056,0.705239,-0.0014094629426872896,-0.0007851704907250706,0.1024416939354585,0.70096,0.003459373797531698,38.37008133333427,0.7078019999999999,0.7064553499999999,UP,0.70096,36.99245235747109,0.00100902398966465,NORMAL,10.0,,
2291,2026-03-22 23:05:05.689182,USDCAD,1.37256,0.0017239687955380833,50.93917119643329,1.3723735000000001,1.3727358,-0.00013961741371781855,-0.00014707950525664538,0.5534902206914926,1.37256,0.002728448085838655,56.887302184120045,1.367368,1.36522695,UP,1.37256,54.935841797244464,0.001033130025066181,NORMAL,9.0,BUY,ACTIVE
2292,2026-03-22 23:05:06.043457,NZDUSD,0.58286,0.0013617251436914344,39.30056528762745,0.5856220000000001,0.5841018,-0.0007629901024076569,-0.0002491621999652163,0.2047426661944138,0.58286,0.0026951748756170574,44.84229827979571,0.5855404,0.5949308,DOWN,0.58286,44.949315639277636,0.000717884963334984,NORMAL,17.0,,
2293,2026-03-22 23:05:06.491287,USDCHF,0.78699,0.0013551918812326359,38.60469824735187,0.7885015,0.7902916000000001,-0.0005136430830812166,-0.0005004187667621701,0.08401385236952005,0.78699,0.0026072163307639747,45.507004734928216,0.7864424,0.7772542,UP,0.78699,39.02270195480028,0.000742585461492271,NORMAL,12.0,SELL,ACTIVE
2294,2026-03-23 00:05:00.068731,EURUSD,1.1559300000000001,0.0018532890327364003,52.84898866984613,1.155725,1.1531794,0.0,0.0005879795983415502,0.5502780466109713,1.1559300000000001,0.003872704868596487,55.87441521503787,1.152463,1.1709848,DOWN,1.1559300000000001,50.26222361393739,0.0009505728873636671,NORMAL,2.0,,
2295,2026-03-23 00:05:00.349950,GBPUSD,1.33297,0.0025842169275139383,42.797582125595866,1.336298,1.33461,0.0,-0.0007213160517930937,0.2894466292650801,1.33297,0.004621364840652733,47.3113822230443,1.3342426,1.3474418499999998,DOWN,1.33297,48.02244095510734,0.0012648673706591328,NORMAL,6.0,,
2296,2026-03-23 00:05:00.532154,USDJPY,159.122,0.20023589261911223,57.86766095649176,158.9086,158.80178,0.0,0.16226025633777266,0.6439710317111251,159.122,0.450533314519862,53.3247378617117,158.99426,156.53764999999999,UP,159.122,45.36712401335139,0.11228747206651193,NORMAL,500.0,,
2298,2026-03-23 00:05:00.704025,XAUUSD,4481.84,47.53323651723135,28.384527485834198,4611.6515,4673.7728,0.0,-43.545452759087375,0.12006387792314961,4481.84,75.17756872545252,18.431040923949823,4955.9316,5047.5538,DOWN,4439.21,23.902967254559755,25.044152361593085,NORMAL,21000.0,,
2297,2026-03-23 00:05:00.751003,EURUSD,1.15592,0.0018532890327364003,52.805725916890005,1.1557245,1.1531791999999998,0.000481882925808641,0.0005878200541819777,0.5479529527094231,1.15592,0.003872704868596487,55.85081214662134,1.1524628,1.1709847500000001,DOWN,1.15592,50.183457951633564,0.0009505728873636671,NORMAL,2.0,,
2299,2026-03-23 00:05:01.370731,GBPUSD,1.33312,0.002451670820446614,43.413919051595364,1.3359580000000002,1.334749,-0.0012292184822759733,-0.0008174082188013692,0.3169245434956722,1.33312,0.004621364840652733,47.54080618715862,1.3342455999999998,1.3474426,DOWN,1.33312,48.58260801135348,0.0011814857877017533,NORMAL,6.0,,
2300,2026-03-23 00:05:04.686786,USDJPY,159.123,0.20023589261911223,57.905777597632984,158.90865000000002,158.80180000000001,0.1907956048213748,0.16227621075372708,0.644600099142458,159.123,0.450533314519862,53.34042399109051,158.99428,156.537655,UP,159.123,45.42021626048982,0.11228747206651193,NORMAL,500.0,,
2301,2026-03-23 00:05:05.228249,XAUUSD,4440.8,48.6811175823271,24.94796926053442,4596.5455,4665.3820000000005,-60.8658191606155,-47.23007988554693,0.06896990583386647,4440.8,76.20899767402116,17.023010520086146,4955.1108,5047.3486,DOWN,4440.8,24.679172114642128,26.47970235474581,NORMAL,21000.0,,
2302,2026-03-23 00:05:05.566307,AUDUSD,0.70088,0.0017708622619320659,33.60858835774084,0.705189,0.7052118,-0.0015286926438424775,-0.0009378316165052403,0.14346746630459725,0.70088,0.003459373797531698,38.23685372415676,0.7078004,0.7064549499999999,UP,0.70088,38.4479558072829,0.0009086000067852934,NORMAL,8.0,,
2303,2026-03-23 00:05:05.967364,USDCAD,1.3713199999999999,0.0017208281672853722,44.88935530435587,1.3723104999999998,1.3727054,-0.00020432664246872179,-0.0001587842033543412,0.22516894057264109,1.3713199999999999,0.002731305229740526,52.348815499225054,1.3673431999999999,1.36522075,UP,1.3713199999999999,44.413294306489696,0.0009668103585752369,NORMAL,5.0,SELL,ACTIVE
2304,2026-03-23 00:05:06.373512,NZDUSD,0.58311,0.0013044590619991894,41.044014349449846,0.5853395,0.5841729999999999,-0.000779228554327438,-0.0003564518241140278,0.2570000542512179,0.58311,0.002719460598782793,45.59244396363758,0.5855454,0.59493205,DOWN,0.58311,48.38341681942659,0.0006406903639143984,NORMAL,9.0,,
2305,2026-03-23 00:05:06.774352,USDCHF,0.78774,0.001321963889716015,43.784616339611006,0.788454,0.7901866,-0.0005076601091377198,-0.0005004630466332905,0.30427720751333054,0.78774,0.0026072163307639747,47.83713269309254,0.7864574000000001,0.7772579500000001,UP,0.78774,48.11333936985734,0.0006841439111604446,NORMAL,9.0,,
2306,2026-03-23 01:05:00.093028,EURUSD,1.1550799999999999,0.0018992785916225696,49.64043447110399,1.1556255,1.1533376,0.0,0.0005101712003269137,0.3720765705066966,1.15504,0.003886990588105746,53.84903346801684,1.1524451999999998,1.17098035,DOWN,1.15504,45.627549475499904,0.0009844446012589423,NORMAL,2.0,,
2308,2026-03-23 01:05:00.249272,GBPUSD,1.33215,0.0025366708204466,41.148034548429905,1.3359095,1.3347296,0.0,-0.000832884002277196,0.26015433768619217,1.33215,0.004621364840652733,46.09533127363688,1.3342262,1.34743775,DOWN,1.33215,42.89265773873993,0.0012016660621084676,NORMAL,6.0,,
2307,2026-03-23 01:05:00.327522,EURUSD,1.1550799999999999,0.0018992785916225696,49.64043447110399,1.1556255,1.1533376,0.00029530228063312514,0.0005101712003269137,0.3720765705066966,1.15504,0.003886990588105746,53.84903346801684,1.1524451999999998,1.17098035,DOWN,1.15504,45.627549475499904,0.0009844446012589423,NORMAL,2.0,,
2310,2026-03-23 01:05:00.634497,USDJPY,159.464,0.21852516559529742,65.2799876644949,158.98185,158.80326000000002,0.0,0.18047936959660102,0.8121033298234259,159.464,0.46074760396898334,58.0276526040206,159.0011,156.53936,UP,159.464,60.66461598612581,0.13117611245925564,NORMAL,500.0,,
2309,2026-03-23 01:05:00.697140,GBPUSD,1.33258,0.0024949188230677633,42.766989908090515,1.3355169999999998,1.3348598,-0.0013243211385089992,-0.0009335965007486329,0.30957331354239753,1.33258,0.004621364840652733,46.72511453355229,1.3342348,1.3474399,DOWN,1.33258,47.22535674626277,0.0012487625049026816,NORMAL,6.0,,
2312,2026-03-23 01:05:00.972907,XAUUSD,4399.47,51.238260439469904,22.162030477587535,4594.479,4664.5554,0.0,-47.88947589694291,-0.016103759504848932,4399.47,78.76614146617874,15.806915905387484,4954.2842,5047.14195,DOWN,4399.47,19.21749187964643,28.81572594113484,NORMAL,21000.0,,
2311,2026-03-23 01:05:01.004148,USDJPY,159.464,0.21852516559529742,65.2799876644949,158.98185,158.80326000000002,0.2291689280450271,0.18047936959660102,0.8121033298234259,159.464,0.46074760396898334,58.0276526040206,159.0011,156.53936,UP,159.464,60.66461598612581,0.13117611245925564,NORMAL,500.0,,
2313,2026-03-23 01:05:01.585931,XAUUSD,4377.42,56.45695612236493,24.295890633858136,4575.011,4654.8414,-73.80853742189356,-53.65032751817243,0.033013218998291356,4377.42,84.43614353940426,15.226583715320785,4953.8432,5047.0317,DOWN,4377.42,24.299313489251986,36.0912295990325,NORMAL,21000.0,BUY,ACTIVE
2314,2026-03-23 01:05:02.205469,AUDUSD,0.69998,0.001754933324855289,31.32357771675207,0.7047825,0.7051496,-0.0016527939289948668,-0.0010799306317097193,0.11805062401184235,0.69993,0.003459373797531698,36.722700774803094,0.7077813999999999,0.7064502,UP,0.69993,33.39187088618149,0.0008554391297708295,NORMAL,8.0,,
2315,2026-03-23 01:05:02.559370,USDCAD,1.37211,0.0017344935022751856,49.24068961034391,1.3722415,1.3727014,-0.00021306247820973567,-0.00017474527143081746,0.4638510519348884,1.37211,0.0027691623864400604,55.25987328643696,1.3673589999999998,1.3652247,UP,1.37211,52.495128543280224,0.0009330382351012838,NORMAL,5.0,,
2316,2026-03-23 01:05:02.887415,NZDUSD,0.58271,0.0012924568841012978,39.27758429214956,0.5850675,0.5842364,-0.0008050343487713274,-0.0004454025170796816,0.23901117208635256,0.58271,0.0027537463256050204,44.38219909875928,0.5855374,0.59493005,DOWN,0.58271,43.73559431070233,0.0006576684836663477,NORMAL,9.0,,
2317,2026-03-23 01:05:03.335102,USDCHF,0.78832,0.001292741979226098,47.720865628390406,0.7884055,0.7901088000000001,-0.0004608739519381677,-0.0004931834043324317,0.47612580338409327,0.78832,0.0026072163307639747,49.81725941159094,0.786469,0.77726085,UP,0.78832,55.778892381209715,0.0006329500392137983,NORMAL,9.0,BUY,ACTIVE
2318,2026-03-23 02:05:00.083468,EURUSD,1.1555900000000001,0.0018565239983434124,51.53024533538232,1.1556605,1.1535302,0.0,0.00047295324438057797,0.4832996895659832,1.1555900000000001,0.00363791979159117,55.03882082266867,1.1523447999999998,1.17085185,DOWN,1.1555900000000001,49.30599448313016,0.0009315881436498155,NORMAL,2.0,,
2320,2026-03-23 02:05:00.239680,GBPUSD,1.3335,0.00258134739449633,45.542078150033106,1.335563,1.3348782,0.0,-0.0009189184380705355,0.36513839805035625,1.3335,0.004621364840652733,48.13209580453422,1.3342532,1.3474445,DOWN,1.3335,51.910025045160815,0.001225415076378545,NORMAL,6.0,,
2319,2026-03-23 02:05:00.317959,EURUSD,1.1555900000000001,0.0018565239983434124,51.53024533538232,1.1556605,1.1535302,0.000301745238258988,0.00047295324438057797,0.4832996895659832,1.1555900000000001,0.00363791979159117,55.03882082266867,1.1523447999999998,1.17085185,DOWN,1.1555900000000001,49.30599448313016,0.0009315881436498155,NORMAL,2.0,,
2321,2026-03-23 02:05:00.640668,USDJPY,159.435,0.2155692864201216,64.09018980441914,159.033,158.7961,0.0,0.1909717021906293,0.766592120042644,159.435,0.4325972613225157,57.422846247619844,159.02876,156.55779,UP,159.435,57.21398929037179,0.1286713611295279,NORMAL,500.0,,
2322,2026-03-23 02:05:00.718770,GBPUSD,1.33371,0.002469465437746603,46.239526567152886,1.3352365,1.3350194000000002,-0.0011804482561001972,-0.0009745429201949726,0.39699678358401,1.33371,0.004355808117002562,48.570769767009985,1.334099,1.3472631000000002,DOWN,1.33371,52.45371071139081,0.0012058916593680974,NORMAL,6.0,,
2323,2026-03-23 02:05:00.890637,XAUUSD,4441.77,61.695527550936376,34.59162535505466,4578.228499999999,4656.1284000000005,0.0,-52.623660851505974,0.15983853570116696,4441.77,84.43614353940426,17.053803222077505,4955.1302000000005,5047.35345,DOWN,4441.77,42.3640145695245,38.798037313683665,HIGH,21000.0,,
2324,2026-03-23 02:05:01.416746,USDJPY,159.435,0.2155692864201216,64.09018980441914,159.033,158.7961,0.2317923146180476,0.1909717021906293,0.766592120042644,159.435,0.4325972613225157,57.422846247619844,159.02876,156.55779,UP,159.435,57.21398929037179,0.1286713611295279,NORMAL,500.0,,
2325,2026-03-23 02:05:01.802065,XAUUSD,4416.84,59.93156129729806,31.298107641620092,4561.9465,4646.6884,-73.92556125797819,-57.57505859661789,0.16088599420317165,4416.84,81.04784635809058,19.76501588451474,4938.5560000000005,5044.43565,DOWN,4416.84,40.54671291117799,39.76595782877374,HIGH,21000.0,,
2326,2026-03-23 02:05:02.390135,AUDUSD,0.6994,0.0018648360465493023,29.91803126306864,0.7042875000000001,0.7050793999999999,-0.0018163224220510976,-0.0012343565681255833,0.12511463929762398,0.6994,0.003510802387765032,35.92894959822159,0.7077708,0.70644755,UP,0.6994,36.75636695367872,0.0010399554197925188,NORMAL,8.0,,
2327,2026-03-23 02:05:02.744429,USDCAD,1.3707,0.0017596827419085988,43.31728999389879,1.3721125,1.3726438,-0.0003098847996636511,-0.00020279425969843524,0.12520448121199496,1.3707,0.0027741623882683026,50.27046659696299,1.3673308,1.36521765,UP,1.3707,42.02367395666485,0.000919120391784588,NORMAL,5.0,,
2328,2026-03-23 02:05:03.113932,NZDUSD,0.58238,0.001384628331155282,38.29284756035454,0.5847610000000001,0.5842995999999999,-0.0008751006313746368,-0.0005373410003375341,0.23496274451380517,0.58238,0.0027537463256050204,43.51869562429867,0.5855308,0.5949284,DOWN,0.58238,44.316645546749314,0.000793521491174935,NORMAL,9.0,,
2329,2026-03-23 02:05:03.483421,USDCHF,0.78801,0.0013495869398936254,46.16765027878999,0.7883705,0.7900247999999999,-0.0004036161305555064,-0.00046761182991895067,0.39788976238753865,0.78801,0.002659359206972776,48.735490532600494,0.7864628,0.7772593000000001,UP,0.78801,49.75551273025976,0.0006873918978492228,NORMAL,9.0,,
2330,2026-03-23 03:05:00.092688,EURUSD,1.15485,0.00182085391682909,48.799612975995124,1.1555615000000001,1.1536604,0.0,0.00039952635110550153,0.3367683721518548,1.15485,0.0037107769610884,53.3393405009966,1.15233,1.17084815,DOWN,1.15485,44.87125803089075,0.0008548180431978248,NORMAL,5.0,,
2332,2026-03-23 03:05:00.311391,GBPUSD,1.332,0.002573036866318012,41.8025389808098,1.335151,1.3349852000000002,0.0,-0.0010018249714770352,0.29056801802127924,1.332,0.004459379583444682,45.7434876473941,1.3340648,1.3472545500000002,DOWN,1.332,43.65807023420724,0.001188708857710554,NORMAL,6.0,,
2331,2026-03-23 03:05:00.342771,EURUSD,1.15485,0.00182085391682909,48.799612975995124,1.1555615000000001,1.1536604,0.00016516920535569746,0.00039952635110550153,0.3367683721518548,1.15485,0.0037107769610884,53.3393405009966,1.15233,1.17084815,DOWN,1.15485,44.87125803089075,0.0008548180431978248,NORMAL,5.0,,
2334,2026-03-23 03:05:00.665496,USDJPY,159.529,0.20962045983909353,66.924794649201,159.09315,158.79296,0.0,0.20255065731423466,0.7960626530709201,159.529,0.44031154985751664,58.826062198861806,159.03064,156.55826,UP,159.529,60.55725951088478,0.11739538601876114,NORMAL,500.0,,
2333,2026-03-23 03:05:00.728121,GBPUSD,1.33223,0.0024649628044381604,42.667770382463026,1.3347445,1.3350572,-0.0013250659188948077,-0.0010677495142369568,0.32620405388555557,1.33223,0.0044993795980706195,46.098665188796105,1.3340694,1.3472557,DOWN,1.33223,45.31450939201791,0.0011443287584706999,NORMAL,6.0,,
2336,2026-03-23 03:05:01.050501,XAUUSD,4387.93,60.1979898687266,26.197416579875295,4560.501,4646.1102,0.0,-58.03630076186012,0.10495832510222294,4387.93,81.31427502693826,15.536126271608566,4937.977800000001,5044.2910999999995,DOWN,4387.93,34.91632492457599,37.30454365994801,HIGH,21000.0,,
2335,2026-03-23 03:05:01.160003,USDJPY,159.529,0.20962045983909353,66.924794649201,159.09315,158.79296,0.24312288806504512,0.20255065731423466,0.7960626530709201,159.529,0.44031154985751664,58.826062198861806,159.03064,156.55826,UP,159.529,60.55725951088478,0.11739538601876114,NORMAL,500.0,,
2337,2026-03-23 03:05:01.701264,XAUUSD,4367.42,58.92961304136857,25.756817173731974,4544.0365,4636.174,-81.22093838780529,-63.02243854345931,0.12021455660677668,4367.42,83.20356143203796,14.939167073840991,4937.5676,5044.18855,DOWN,4367.42,33.09357948607337,36.15134865705166,NORMAL,21000.0,BUY,ACTIVE
2338,2026-03-23 03:05:02.101762,AUDUSD,0.69853,0.001843776328938635,27.75372903897005,0.703796,0.7049928,-0.001956914390555453,-0.0013786128619562945,0.10700347964511094,0.69853,0.0033721736003369616,34.604535917074685,0.7075138,0.7064296,UP,0.69853,32.478426504309695,0.0009938445459886016,NORMAL,8.0,,
2339,2026-03-23 03:05:02.736838,USDCAD,1.37113,0.0017204196889151384,45.26271820932867,1.3719804999999998,1.3726098000000002,-0.0003312071616548007,-0.0002260517688646677,0.24839892927001644,1.37113,0.0026624364655212975,51.69888902025782,1.3676034,1.3652544,UP,1.37113,46.97067930414995,0.0008423164231334781,NORMAL,5.0,,
2340,2026-03-23 03:05:03.184732,NZDUSD,0.58141,0.001365726307501334,33.81314405498473,0.5844384999999999,0.5843352,-0.0009809613520007643,-0.0006287454125505369,0.16608930888757326,0.58141,0.0026370501124784603,41.18281620507921,0.5852988,0.59481185,DOWN,0.58141,37.21777243942921,0.0007338158704494575,NORMAL,9.0,,
2341,2026-03-23 03:05:03.523013,USDCHF,0.78908,0.0013357899135746885,52.17842937041041,0.7883614999999999,0.7899602,-0.00028535923120964757,-0.0004268217090374632,0.7118290736152258,0.78908,0.00254869068174191,52.46244610408663,0.7866922,0.77733195,UP,0.78908,60.0337190673045,0.0006469638434840774,NORMAL,9.0,,
2342,2026-03-23 04:05:00.064608,EURUSD,1.15469,0.0017528337390964085,48.14932125763642,1.155424,1.153799,0.0,0.0003359368058034083,0.3222242874647312,1.15469,0.0037186341068184974,52.97111200678387,1.1523268,1.1708473499999998,DOWN,1.15469,44.08804648229625,0.0007621642287706311,NORMAL,2.0,,
2343,2026-03-23 04:05:00.252069,GBPUSD,1.33213,0.0024913913758667305,42.34220939354284,1.3347395,1.3350552,0.0,-0.0010693449558324601,0.3198234993888717,1.33213,0.0044993795980706195,45.94356473240947,1.3340674,1.3472552,DOWN,1.33213,45.28416875868111,0.001076873716458252,NORMAL,6.0,,
2345,2026-03-23 04:05:00.449886,USDJPY,159.444,0.2163312433199729,63.45828242354748,159.147,158.78717999999998,0.0,0.20759943072980566,0.7321222985455549,159.444,0.4488829815630733,57.57755767875055,159.02894,156.55783499999998,UP,159.444,53.64078626095352,0.11895666363705548,NORMAL,500.0,,
2344,2026-03-23 04:05:00.481308,EURUSD,1.15469,0.0017528337390964085,48.14932125763642,1.155424,1.153799,9.17894508059014e-05,0.0003359368058034083,0.3222242874647312,1.15469,0.0037186341068184974,52.97111200678387,1.1523268,1.1708473499999998,DOWN,1.15469,44.08804648229625,0.0007621642287706311,NORMAL,2.0,,
2347,2026-03-23 04:05:00.762318,XAUUSD,4358.61,59.863184469939974,24.317406289754388,4543.596,4635.9978,0.0,-63.16299694801771,0.104661767140677,4358.61,83.75999020692365,14.711157815329358,4937.3914,5044.1445,DOWN,4358.61,32.56064443958134,34.130510280826606,NORMAL,21000.0,,
2346,2026-03-23 04:05:00.824805,GBPUSD,1.33172,0.0023549144408558484,41.49595137006277,1.3341585,1.3351094000000001,-0.0013994859913870616,-0.0011441800005501854,0.3087014342935453,1.33172,0.0044993795980706195,45.318416072555074,1.3340592,1.34725315,DOWN,1.33172,43.55048839696813,0.0010365380377462218,NORMAL,6.0,,
2348,2026-03-23 04:05:01.334872,USDJPY,159.446,0.2163312433199729,63.54269874086026,159.1471,158.78722,0.23254894034647577,0.2076313395617088,0.7335356833281284,159.446,0.4488829815630733,57.612051277983056,159.02898000000002,156.557845,UP,159.446,53.74758209878144,0.11895666363705548,NORMAL,500.0,,
2349,2026-03-23 04:05:01.720325,XAUUSD,4362.71,57.6071406812708,25.9514684978858,4526.1285,4626.312400000001,-83.76488364766647,-67.35638169535488,0.15227606800364926,4362.71,84.61141908967558,14.816396799331585,4937.4734,5044.165,DOWN,4362.71,35.691124377084705,33.16858537987463,NORMAL,21000.0,BUY,ACTIVE
2350,2026-03-23 04:05:02.073985,AUDUSD,0.698,0.00184105761156547,26.5678423140929,0.7032765,0.704856,-0.0021147768426096336,-0.0015313339771752808,0.11985597690722198,0.698,0.003436459338128635,33.84573657717996,0.7075032,0.70642695,UP,0.698,30.787198156615503,0.0009231723844630812,NORMAL,8.0,,
2351,2026-03-23 04:05:02.521676,USDCAD,1.37118,0.0016860529764416046,45.66716987901871,1.37187,1.3726013999999997,-0.00032862021947255293,-0.00024171531653612792,0.26527553436287094,1.37118,0.0027031507661226875,51.86413981871042,1.3676043999999998,1.36525465,UP,1.37118,47.52280430207506,0.0007545101149649745,NORMAL,5.0,,
2352,2026-03-23 04:05:03.094293,NZDUSD,0.5811,0.0013471540202308404,32.618579765703586,0.584114,0.5843222,-0.0010723328207403737,-0.000719122153447739,0.16889658854409387,0.5811,0.002671335839300688,40.4775594471438,0.5852926,0.5948103,DOWN,0.5811,35.13346219212899,0.0006737204098309821,NORMAL,9.0,,
2353,2026-03-23 04:05:03.464022,USDCHF,0.78906,0.0012976212462785402,52.07147946999461,0.7883310000000001,0.789902,-0.00021353293458892253,-0.0003844192248030179,0.7252089398720505,0.78906,0.002574404976858581,52.396226561753075,0.7866917999999999,0.77733185,UP,0.78906,58.4179879154804,0.0005829052793992576,NORMAL,9.0,,
2354,2026-03-23 05:05:00.068898,EURUSD,1.1551,0.0016590088801813482,49.92103655322058,1.1553605,1.1539442,0.0,0.00029297055150358,0.43339150675229154,1.1551,0.0037186341068184974,53.925059022014516,1.1523349999999999,1.1708494,DOWN,1.1551,49.173933912998,0.0006661589920074116,NORMAL,2.0,,
2355,2026-03-23 05:05:00.319011,EURUSD,1.1551,0.0016590088801813482,49.92103655322058,1.1553605,1.1539442,9.813117533008509e-05,0.00029297055150358,0.43339150675229154,1.1551,0.0037186341068184974,53.925059022014516,1.1523349999999999,1.1708494,DOWN,1.1551,49.173933912998,0.0006661589920074116,NORMAL,2.0,,
2356,2026-03-23 05:05:00.844983,GBPUSD,1.33249,0.0022575225930396045,44.08004152734043,1.333732,1.3351984,-0.0012903949869749187,-0.0011649990662111944,0.3825291518878648,1.33249,0.0044993795980706195,46.5068706898036,1.3340745999999999,1.347257,DOWN,1.33249,49.61005873794704,0.0009356982876517889,NORMAL,6.0,,
2357,2026-03-23 05:05:01.339226,USDJPY,159.367,0.20910860349099522,60.2796673232476,159.18865,158.7804,0.21685600753113476,0.2088636235829446,0.658778575988928,159.367,0.4488829815630733,56.28025311445168,159.0274,156.55745000000002,UP,159.367,49.18271876993011,0.10686240926192654,NORMAL,300.0,,
2358,2026-03-23 05:05:01.849680,XAUUSD,4365.94,57.652140681270744,26.582530171627255,4526.289999999999,4626.377,-83.50721983000312,-67.30484893182222,0.15812301058362518,4365.94,84.61141908967558,14.900370934114491,4937.5380000000005,5044.18115,DOWN,4365.94,37.0216101058662,29.85050904049686,NORMAL,18000.0,BUY,ACTIVE
2359,2026-03-23 05:05:02.375492,AUDUSD,0.69807,0.001760982067882226,26.72441920072501,0.702731,0.7047352000000001,-0.002176356265646273,-0.0016591897169207703,0.15395148063991695,0.69807,0.003436459338128635,33.94404249175982,0.7075046,0.7064273,UP,0.69807,32.16828270291785,0.0008030465560948662,NORMAL,2.0,,
2360,2026-03-23 05:05:02.792260,USDCAD,1.37168,0.0015977634781243358,47.961533930302245,1.3718695,1.3726018,-0.0002783806322754767,-0.00024317715461279427,0.4340219418427482,1.37168,0.0027031507661226875,53.4565148045615,1.3676144,1.36525715,UP,1.37168,52.93682353075072,0.0006496168274623464,NORMAL,4.0,,
2361,2026-03-23 05:05:03.177765,GBPUSD,1.33188,0.0023934858694272757,42.04638401471299,1.3341665,1.3351126000000002,0.0,-0.001141627293997469,0.32027329312484676,1.33188,0.0044993795980706195,45.56034160936426,1.3340623999999999,1.3472539499999998,DOWN,1.33188,44.854192433132575,0.0009705565990519129,NORMAL,6.0,SELL,ACTIVE
2363,2026-03-23 05:05:03.349480,USDJPY,159.367,0.20910860349099522,60.2796673232476,159.18865,158.7804,0.0,0.2088636235829446,0.658778575988928,159.367,0.4488829815630733,56.28025311445168,159.0274,156.55745000000002,UP,159.367,49.18271876993011,0.10686240926192654,NORMAL,300.0,,
2362,2026-03-23 05:05:03.427874,NZDUSD,0.58104,0.001291387916744969,32.38735775667409,0.5837245,0.5843155999999999,-0.0011314407479470212,-0.000802224048985779,0.1795686616341583,0.58104,0.0026727644112516154,40.34383894687357,0.5852914,0.5948100000000001,DOWN,0.58104,35.2722673622694,0.0005804176478336257,NORMAL,7.0,,
2365,2026-03-23 05:05:03.750458,XAUUSD,4372.64,55.43244695913922,27.933442549922034,4510.313,4616.86,0.0,-70.38860685682857,0.20071339142292352,4372.64,84.61141908967558,15.077629935221594,4937.6720000000005,5044.21465,DOWN,4372.64,39.858913715533745,29.283988957099268,NORMAL,18000.0,,
2364,2026-03-23 05:05:03.922467,USDCHF,0.78916,0.0012426380960341536,52.641783674566746,0.788347,0.7898510000000001,-0.00013943910806601956,-0.0003341468481792867,0.746573989074437,0.78916,0.002574404976858581,52.72549216508255,0.7866938,0.7773323499999999,UP,0.78916,58.69952231671875,0.0005182826886922864,NORMAL,4.0,,
2366,2026-03-23 06:05:00.640243,EURUSD,1.1531,0.001677651103025551,42.251654495576155,1.1551879999999999,1.154023,-0.00018476621357432776,0.00017572519279004188,0.05541444776702859,1.1531,0.0035404153157115262,49.524257892492564,1.1521093999999998,1.1706935,DOWN,1.1531,32.42905156020025,0.0006560501480677964,NORMAL,2.0,,
2367,2026-03-23 06:05:01.072239,GBPUSD,1.33064,0.0023825225930395985,39.476100833823494,1.3336394999999999,1.3351614,-0.0014379733345530887,-0.0011945147357268285,0.22433193374510427,1.33064,0.0045586653340340426,43.75029531629971,1.3340376,1.34724775,DOWN,1.33064,37.83948621444852,0.0009417648294991475,NORMAL,6.0,,
2368,2026-03-23 06:05:01.441654,USDJPY,159.58,0.20890696854776206,65.90421248415201,159.23605,158.78344,0.2345223724585992,0.21657360697630837,0.7969092278589758,159.58,0.42067704232052966,59.453678307680704,159.0575,156.57569,UP,159.58,61.12875552435604,0.09812409151881778,NORMAL,300.0,,
2369,2026-03-23 06:05:01.488521,EURUSD,1.15309,0.001677651103025551,42.21713186853755,1.1551874999999998,1.1540228000000001,0.0,0.00017556564863051375,0.053748070687937986,1.15309,0.0035404153157115262,49.50275273153068,1.1521092,1.17069345,DOWN,1.15309,32.36500559226364,0.0006560501480677964,NORMAL,2.0,,
2371,2026-03-23 06:05:01.905159,GBPUSD,1.32953,0.0022914240404755507,37.09449028947148,1.3331804999999999,1.3351788000000002,0.0,-0.0012849615779949829,0.15882126088750048,1.32953,0.004312127979183723,42.18857710721301,1.3337259999999997,1.3470396500000001,DOWN,1.32953,32.3840083883743,0.0009044106851797888,NORMAL,6.0,,
2370,2026-03-23 06:05:01.967790,XAUUSD,4332.76,58.61101838771065,24.463081448159357,4508.319,4616.0624,-85.99684653406166,-71.02486896509063,0.1274998560515007,4332.76,85.59284801996183,14.080590292395058,4936.8744,5044.01525,DOWN,4332.76,31.847490382038302,29.211411711824837,NORMAL,18000.0,,
2372,2026-03-23 06:05:02.233177,USDJPY,159.58,0.20890696854776206,65.90421248415201,159.23605,158.78344,0.0,0.21657360697630837,0.7969092278589758,159.58,0.42067704232052966,59.453678307680704,159.0575,156.57569,UP,159.58,61.12875552435604,0.09812409151881778,NORMAL,300.0,,
2373,2026-03-23 06:05:02.399848,XAUUSD,4285.99,57.49640482940471,21.73716279479804,4488.118,4604.1588,0.0,-75.53989040412151,0.0895959577378229,4285.99,82.55095829339808,13.02964826418328,4917.975,5040.1,DOWN,4285.99,25.120312502971032,28.686207243994847,NORMAL,18000.0,,
2374,2026-03-23 06:05:02.477960,AUDUSD,0.6966,0.0017888711038498257,23.33037201083927,0.7021215,0.7045736000000001,-0.0023337766568086726,-0.0017964045407957692,0.0874786844438137,0.6966,0.0035371736606689234,31.992647637300152,0.7074752000000001,0.7064199499999999,UP,0.6966,22.3614319937778,0.0007889121121731511,NORMAL,4.0,,
2375,2026-03-23 06:05:03.530248,USDCAD,1.37268,0.0015826681276460666,53.073101133099485,1.371919,1.3726074,-0.0001885198148963152,-0.00023301149863530452,0.7574836729503215,1.37268,0.0027774365075708372,56.34481567856135,1.3676344,1.3652621500000002,UP,1.37268,64.25822945974491,0.0006057227942132893,NORMAL,4.0,BUY,ACTIVE
2376,2026-03-23 06:05:03.946528,NZDUSD,0.58006,0.0013055744941203279,29.162198340626247,0.5833255,0.5842844,-0.0012312854721255873,-0.0008862494390268658,0.08353262171448322,0.58006,0.0027484787246506927,38.27840039215307,0.5852718,0.5948051,DOWN,0.58006,27.305443741734976,0.0005719696855946205,NORMAL,5.0,,
2377,2026-03-23 06:05:04.300459,USDCHF,0.78985,0.0012245925177459952,56.53175130550798,0.7883905,0.7898115999999998,-4.332463567635614e-05,-0.0002785351122313815,0.9154121356287322,0.78985,0.0026008335579507116,54.87893533154498,0.7867076000000001,0.7773358,UP,0.78985,65.92101185882595,0.00047830346935517524,NORMAL,4.0,,
2378,2026-03-23 07:05:00.076795,EURUSD,1.15334,0.0016515433711767828,43.51624796296704,1.1550535,1.1541512,0.0,8.354418702614396e-05,0.1522423630667361,1.15334,0.0036097010553314338,50.046046223108064,1.1521142,1.1706946999999999,DOWN,1.15334,41.54320625019819,0.0007148195620234801,NORMAL,2.0,,
2379,2026-03-23 07:05:00.493290,GBPUSD,1.32915,0.0023485668976184013,36.31841285539761,1.3331614999999999,1.3351712,0.0,-0.0012910242560576733,0.12903328931928074,1.32915,0.0043692708572207585,41.66183073094065,1.3337184,1.3470377500000001,DOWN,1.32915,30.685587430225297,0.0009200567491059041,NORMAL,6.0,,
2380,2026-03-23 07:05:00.555749,EURUSD,1.15334,0.0016515433711767828,43.51624796296704,1.1550535,1.1541512,-0.0002819889528387076,8.354418702614396e-05,0.1522423630667361,1.15334,0.0036097010553314338,50.046046223108064,1.1521142,1.1706946999999999,DOWN,1.15334,41.54320625019819,0.0007148195620234801,NORMAL,2.0,,
2381,2026-03-23 07:05:00.711961,USDJPY,159.432,0.20895442997802352,60.034295605343274,159.2663,158.77684,0.0,0.2148020225246784,0.6593693519400565,159.432,0.43596276219543834,56.8378864877252,159.05454,156.57495,UP,159.432,48.77518733696661,0.1069302449499029,NORMAL,300.0,,
2383,2026-03-23 07:05:00.925344,XAUUSD,4239.86,61.97711911511903,19.516187114394626,4485.811500000001,4603.2362,0.0,-76.27586761209884,0.017623551295786976,4179.94,90.06238961136732,11.0868046272587,4915.854,5039.56975,DOWN,4179.94,15.736976559355497,34.24730155695394,NORMAL,18000.0,,
2382,2026-03-23 07:05:01.050435,GBPUSD,1.32935,0.002265659057992597,37.39155412202506,1.3327250000000002,1.3352096,-0.0017503280939601407,-0.001385437730190901,0.17613231237181923,1.32935,0.004401413726116599,41.93741519879631,1.3337223999999999,1.34703875,DOWN,1.32935,37.487142317208146,0.0009618422440118946,NORMAL,6.0,,
2384,2026-03-23 07:05:01.560421,USDJPY,159.432,0.20895442997802352,60.034295605343274,159.2663,158.77684,0.21460799241046402,0.2148020225246784,0.6593693519400565,159.432,0.43596276219543834,56.8378864877252,159.05454,156.57495,UP,159.432,48.77518733696661,0.1069302449499029,NORMAL,300.0,SELL,ACTIVE
2385,2026-03-23 07:05:01.945454,XAUUSD,4179.7,64.56283509669218,17.117111763294574,4461.5470000000005,4589.4206,-107.0820052398667,-82.68751565047283,-0.0014013655908195744,4179.44,91.28453291538453,11.079015914728998,4915.844,5039.56725,DOWN,4179.44,23.192315711773574,37.83249091050817,NORMAL,18000.0,,
2386,2026-03-23 07:05:02.289104,AUDUSD,0.69571,0.00173099255561565,21.58509120432626,0.7015635,0.7043876,-0.0025148993817120102,-0.0019452089220844326,0.08237762332194291,0.69571,0.0033544163183788006,30.872587641969673,0.7070816,0.7063824,UP,0.69571,18.1688994398541,0.0007556133532203784,NORMAL,2.0,,
2387,2026-03-23 07:05:02.611698,USDCAD,1.37338,0.0014700884803245547,56.21032282757254,1.3720475,1.37264,5.7717131468404403e-05,-0.00013945264038882832,0.8831038122928849,1.37338,0.0026564461365207637,58.202370445941135,1.3679688,1.36531275,UP,1.37338,65.62114603927762,0.0005790749307538725,NORMAL,4.0,,
2388,2026-03-23 07:05:02.965718,NZDUSD,0.57934,0.0012735946833158129,26.756320177601026,0.5829774999999999,0.5842328,-0.0013616654787689253,-0.0009813326469752777,0.050089852761739384,0.57934,0.002613434303695113,36.788233081249615,0.5849882000000001,0.59468105,DOWN,0.57934,22.355277257668277,0.000564343855618347,NORMAL,5.0,,
2389,2026-03-23 07:05:03.522879,USDCHF,0.79039,0.0011853359093355678,59.33223606497883,0.788495,0.7897808000000001,9.482422054962747e-05,-0.0002024592570711901,0.9766348452998843,0.79039,0.002463273971738118,56.52377059694324,0.7869617999999999,0.77740955,UP,0.79039,70.40002227946165,0.0004800076749533727,NORMAL,4.0,,
2390,2026-03-23 08:05:00.838520,EURUSD,1.15284,0.0016549535385417028,41.55794657439468,1.1548070000000001,1.1542637999999998,0.0,-2.7307693692850613e-05,0.11324883655223765,1.15284,0.0036511296419082908,48.97112841055985,1.1521042,1.1706922,DOWN,1.15286,42.2458616265656,0.0008268973961414069,NORMAL,0.0,,
2392,2026-03-23 08:05:01.364394,GBPUSD,1.32972,0.0023285162008497393,38.691404987508534,1.3327435,1.3352169999999999,0.0,-0.001379534596287783,0.20716206823534597,1.32972,0.004402128012092051,42.45697696351588,1.3337297999999997,1.3470406,DOWN,1.32972,42.77819800835304,0.0010100981427067037,NORMAL,6.0,,
2391,2026-03-23 08:05:01.380142,EURUSD,1.15284,0.0016549535385417028,41.55794657439468,1.1548070000000001,1.1542637999999998,-0.00043051008836347826,-2.7307693692850613e-05,0.11324883655223765,1.15284,0.0036511296419082908,48.97112841055985,1.1521042,1.1706922,DOWN,1.15284,42.08665841750155,0.0008268973961414069,NORMAL,2.0,,
2394,2026-03-23 08:05:01.692442,USDJPY,159.639,0.21258013395918607,65.62438965705621,159.32715000000002,158.77854000000002,0.0,0.2197690428255125,0.8477660033146279,159.639,0.4363913337807162,60.19722082053771,159.05868,156.575985,UP,159.639,60.48433066716447,0.11513582757952867,NORMAL,300.0,,
2393,2026-03-23 08:05:01.723686,GBPUSD,1.3296000000000001,0.002278928308952295,38.49652078820579,1.3322135000000002,1.3352658,-0.0018078240275147817,-0.0014754033087440133,0.20311151754775505,1.32961,0.004437842310865215,42.30117285922108,1.3337276,1.34704005,DOWN,1.32961,44.32102066582154,0.0011253478904902953,NORMAL,6.0,,
2396,2026-03-23 08:05:01.983885,XAUUSD,4155.65,70.32569223954935,16.297130532319798,4460.3445,4588.939600000001,0.0,-83.0712193541764,-0.03213629161821269,4155.65,95.8773917376118,10.72066745424975,4915.3682,5039.4483,DOWN,4155.65,25.91345629325228,42.489024233387624,HIGH,17000.0,,
2395,2026-03-23 08:05:02.015295,USDJPY,159.639,0.21258013395918607,65.62438965705621,159.32715000000002,158.77854000000002,0.2295539331456382,0.2197690428255125,0.8477660033146279,159.639,0.4363913337807162,60.19722082053771,159.05868,156.575985,UP,159.639,60.48433066716447,0.11513582757952867,NORMAL,300.0,,
2397,2026-03-23 08:05:02.525278,XAUUSD,4220.7,67.78860197754074,21.126723200237606,4440.2265,4577.3288,-108.65410612828146,-87.56761665201739,0.10498835752365622,4220.7,95.8773917376118,11.760814173556938,4916.6692,5039.77355,DOWN,4220.7,38.68656907511151,44.64164052510111,NORMAL,4000.0,BUY,ACTIVE
2398,2026-03-23 08:05:02.863520,AUDUSD,0.69521,0.0016732175771533037,20.634018054037497,0.700993,0.7042149999999999,-0.002649190112220201,-0.002087281513387918,0.09636670671189564,0.69521,0.0033901306171519483,30.25772505263484,0.7070715999999999,0.7063799000000001,UP,0.69521,21.687590544680518,0.0007012523044894875,NORMAL,2.0,,
2399,2026-03-23 08:05:03.191427,USDCAD,1.37301,0.0014610005276483092,54.272192250988155,1.372132,1.3726323999999999,8.300968179364432e-05,-9.981031840245064e-05,0.7648058312169916,1.37301,0.0027143033005332675,57.04115866402736,1.3679614,1.3653109,UP,1.37301,56.74591642304145,0.0006021480670885318,NORMAL,4.0,,
2400,2026-03-23 08:05:03.670577,NZDUSD,0.57916,0.0012430317977728494,26.141124813370183,0.5826344999999999,0.5841843999999999,-0.0014534179142933201,-0.0010738351705243533,0.07288254145636311,0.57916,0.002637720026860856,36.43364515506836,0.5849846,0.59468015,DOWN,0.57916,28.021319699706183,0.0005559356024297823,NORMAL,5.0,,
2401,2026-03-23 08:05:04.009010,USDCHF,0.78946,0.0011805159974442537,53.47388767569968,0.788538,0.7897076,8.827399077515619e-05,-0.00015107727986658832,0.7384343393710358,0.78946,0.002525416851603404,53.322412922568404,0.7869432000000001,0.7774049,UP,0.78946,52.49162819407721,0.0005421651953199268,NORMAL,2.0,,
2402,2026-03-23 09:05:00.063365,EURUSD,1.1526,0.00170419155109484,40.76955429067143,1.1546224999999999,1.1543881999999999,0.0,-0.00012318382565313607,0.10965581352179199,1.15259,0.0036932725144606,48.45080129903922,1.1520991999999999,1.17069095,DOWN,1.15259,42.162131048745,0.000942928122120501,NORMAL,2.0,,
2403,2026-03-23 09:05:00.266473,GBPUSD,1.33246,0.0025210711660951526,47.562933437630846,1.3323565,1.3353229999999998,0.0,-0.0014297736791143956,0.5122446954030646,1.33246,0.0046099852309517885,47.224537342254536,1.3337846,1.3470543000000001,DOWN,1.33246,55.93065065145616,0.001273391602559287,NORMAL,6.0,,
2405,2026-03-23 09:05:00.495469,USDJPY,159.48,0.21878869581924443,59.59358749092054,159.35605,158.7705,0.0,0.21394147369808447,0.694640898897759,159.48,0.4416056214015968,57.68088015238958,159.0555,156.57519,UP,159.48,50.60393938812814,0.1262760982481017,NORMAL,300.0,,
2404,2026-03-23 09:05:00.526828,EURUSD,1.15259,0.00170419155109484,40.731545767907086,1.154622,1.154388,-0.0005151441939503787,-0.0001233433698127086,0.10807145562616169,1.15259,0.0036932725144606,48.45080129903922,1.1520991999999999,1.17069095,DOWN,1.15259,42.162131048745,0.000942928122120501,NORMAL,2.0,,
2407,2026-03-23 09:05:00.880522,XAUUSD,4269.34,70.71145912039789,29.01787488352973,4442.6585,4578.301600000001,0.0,-86.79159385999466,0.17967833742117897,4269.34,95.8773917376118,12.680764736386791,4917.642,5040.01675,DOWN,4269.34,46.79602695962387,46.48767147130845,HIGH,17000.0,,
2406,2026-03-23 09:05:00.990023,GBPUSD,1.33074,0.0023952803685169345,42.53449188021125,1.3319085,1.3353712000000002,-0.001637465751621825,-0.001491861381365129,0.32480875735037246,1.33074,0.0046099852309517885,44.207318395863986,1.3337501999999999,1.3470456999999998,DOWN,1.33074,48.954738327032146,0.001342066730588796,NORMAL,6.0,,
2408,2026-03-23 09:05:01.500344,USDJPY,159.487,0.21878869581924443,59.77355895612522,159.35639999999998,158.77064000000001,0.20414458750175868,0.21405315460976537,0.7047051482834915,159.487,0.4416056214015968,57.80591050017695,159.05564,156.575225,UP,159.487,50.992156865052166,0.1262760982481017,NORMAL,300.0,,
2409,2026-03-23 09:05:01.916505,XAUUSD,4253.35,66.72574265261427,26.63039568010285,4420.496499999999,4566.4542,-105.70195276305094,-90.80596193690218,0.18037206651847812,4253.35,95.8773917376118,12.362857179805488,4917.3222,5039.9367999999995,DOWN,4253.35,44.82597265330968,44.45342854424334,NORMAL,17000.0,BUY,ACTIVE
2410,2026-03-23 09:05:02.317578,AUDUSD,0.69698,0.001747987750213782,31.808054981349372,0.7004515,0.7040909999999999,-0.0025693760672430566,-0.0021821688002273336,0.23546649830480518,0.69698,0.003457987784820936,33.64608390427735,0.7071069999999999,0.70638875,UP,0.69698,48.26019955735336,0.000823639143567444,NORMAL,2.0,,
2411,2026-03-23 09:05:02.676874,USDCAD,1.37274,0.0015031433847911729,52.65497109205413,1.3721184999999998,1.372627,6.147122025512708e-05,-0.00010411801071015409,0.6904211433352468,1.37274,0.002715017586508735,56.069384683722106,1.3679560000000002,1.36530955,UP,1.37274,53.428616341347265,0.0006245846728984978,NORMAL,2.0,,
2412,2026-03-23 09:05:03.015413,NZDUSD,0.58031,0.0012915397305849933,36.046191388396316,0.58229,0.5841648,-0.00143192072747933,-0.0011466009998640757,0.2264518710222231,0.58031,0.002672005753683084,39.13446244531005,0.5850076,0.5946859,DOWN,0.58031,48.66874616365764,0.00062393607779703,NORMAL,7.0,,
2413,2026-03-23 09:05:03.353799,USDCHF,0.78947,0.0012267546506880222,53.542856481970894,0.78867,0.7896412,0.00011667442898577463,-9.739930276847547e-05,0.7220635590097925,0.78947,0.00258255972964044,53.358791268383904,0.7869434,0.77740495,UP,0.78947,52.381148225090264,0.0006535608527070779,NORMAL,2.0,,
2414,2026-03-23 10:05:00.148377,EURUSD,1.14923,0.0018645043994860383,30.973665550636824,1.1542225,1.1544056,0.0,-0.0003469018180851321,-0.10882821532870059,1.14923,0.00367436533866396,42.36618199699607,1.1517566000000001,1.1705052,DOWN,1.14923,28.50939212486381,0.0010371015847059789,NORMAL,2.0,,
2415,2026-03-23 10:05:00.346256,GBPUSD,1.3281399999999999,0.002561708939945502,36.78373854449378,1.3317785,1.3353192,0.0,-0.0015333428628465714,0.009437165353203223,1.3281399999999999,0.0046099852309517885,40.32368125396892,1.3336981999999997,1.3470327,DOWN,1.3281399999999999,39.59764918992584,0.001361559640497474,NORMAL,6.0,,
2417,2026-03-23 10:05:00.643031,USDJPY,159.56,0.21579868693419652,61.589648966240446,159.3862,158.77828,0.0,0.2127313551675279,0.7951937536104887,159.56,0.41520521475383615,59.06218786830711,159.0845,156.59182,UP,159.56,55.47490943698379,0.1152395983728863,NORMAL,300.0,,
2416,2026-03-23 10:05:00.690050,EURUSD,1.14923,0.0018645043994860383,30.973665550636824,1.1542225,1.1544056,-0.0010426626767019442,-0.0003469018180851321,-0.10882821532870059,1.14923,0.00367436533866396,42.36618199699607,1.1517566000000001,1.1705052,DOWN,1.14923,28.50939212486381,0.0010371015847059789,NORMAL,2.0,BUY,ACTIVE
2418,2026-03-23 10:05:00.965784,XAUUSD,4281.88,70.16002836689998,31.129283624208682,4421.923000000001,4567.0248,0.0,-90.35078244972284,0.22851256814867618,4281.88,95.8773917376118,12.941754962962847,4917.8928,5040.07945,DOWN,4257.84,45.78378096319087,41.91929596359978,NORMAL,18000.0,,
2419,2026-03-23 10:05:01.366621,GBPUSD,1.32668,0.002590974627908585,34.15638804258755,1.3312979999999999,1.3353026,-0.002121992058260247,-0.0016665165765731922,-0.04242221703919151,1.32668,0.004491618954690305,38.51201977834573,1.3333108000000002,1.3468025499999998,DOWN,1.32668,35.40823668384877,0.0014204832914193632,NORMAL,6.0,BUY,ACTIVE
2420,2026-03-23 10:05:01.725893,USDJPY,159.56,0.21579868693419652,61.589648966240446,159.3862,158.77828,0.20387036822481264,0.2127313551675279,0.7951937536104887,159.56,0.41520521475383615,59.06218786830711,159.0845,156.59182,UP,159.56,55.47490943698379,0.1152395983728863,NORMAL,300.0,,
2421,2026-03-23 10:05:02.126881,XAUUSD,4257.89,67.90150593252963,27.43872970298429,4402.584000000001,4556.3468,-103.70565772276495,-93.38194439891808,0.2150826360817358,4257.89,90.27829134967342,12.990609702106795,4898.4918,5035.82995,DOWN,4257.34,46.801989324666835,44.20559156079626,NORMAL,18000.0,BUY,ACTIVE
2422,2026-03-23 10:05:02.449849,AUDUSD,0.69405,0.0017294238400167004,24.02378760126109,0.6992935,0.7037336,-0.002773144749872336,-0.002382871803325097,0.08506799138704833,0.69405,0.003308335573461441,28.858012468299037,0.706597,0.70633355,UP,0.69405,29.918873602552267,0.0008747317250908006,NORMAL,2.0,,
2423,2026-03-23 10:05:02.866275,USDCAD,1.37438,0.0014816943675101662,60.7468668522825,1.3723005000000001,1.3726820000000002,0.0002595535233766988,-2.283213694122339e-05,1.0358877395833639,1.37438,0.0027500175993064304,60.71599171979495,1.3679888,1.36531775,UP,1.37438,67.86160711120242,0.0006300371379800164,NORMAL,2.0,SELL,ACTIVE
2424,2026-03-23 10:05:03.225746,NZDUSD,0.57851,0.0012978583212574894,27.03342868264805,0.5818555,0.5840878,-0.0015773744765674724,-0.0012411796268286927,0.02011696884567775,0.57851,0.0027041486225789168,35.208184159343475,0.5849716,0.5946769,DOWN,0.57851,31.15825972514436,0.0006326869016019225,NORMAL,7.0,,
2425,2026-03-23 10:05:03.751626,USDCHF,0.79245,0.001351833400128675,67.47472381130119,0.7890555,0.7896822,0.00047508403118023956,3.7901922425813306e-05,1.2158331750378435,0.79245,0.002714702635101101,61.900314048998666,0.787003,0.77741985,UP,0.79245,70.87976033684456,0.0007443517909329032,NORMAL,2.0,SELL,ACTIVE
2426,2026-03-23 11:05:00.221347,EURUSD,1.1487,0.0018613765342166287,30.230408161446803,1.15395,1.1544644000000002,0.0,-0.0005527229797510101,-0.032447154867010886,1.1487,0.0037536510819403523,41.48618983862399,1.151746,1.1705025500000001,DOWN,1.1487,29.267031483529777,0.001060037027495999,NORMAL,2.0,,
2427,2026-03-23 11:05:00.559839,GBPUSD,1.32652,0.0026081174850514435,33.87454690972493,1.3312899999999999,1.3352994,0.0,-0.0016690692831258644,-0.05545018428929299,1.32652,0.004508761818101419,38.31151945820531,1.3333076,1.34680175,DOWN,1.32652,35.295507187908896,0.0013870751606560943,NORMAL,6.0,,
2429,2026-03-23 11:05:00.747290,USDJPY,159.604,0.2087161276633856,62.327378508444724,159.41305,158.78796,0.0,0.2120085872273086,0.8274145380118297,159.604,0.42056235956980803,59.66107643620241,159.08538000000001,156.59204,UP,159.604,56.98792046716897,0.10682662454082122,NORMAL,300.0,,
2428,2026-03-23 11:05:00.882645,EURUSD,1.14873,0.0018613765342166287,30.39197826965753,1.1539515,1.154465,-0.001330856629263355,-0.0005522443472723369,-0.03027866701537911,1.14873,0.0037536510819403523,41.53502350370312,1.1517466,1.1705027,DOWN,1.14873,29.53572141022387,0.001060037027495999,NORMAL,2.0,BUY,ACTIVE
2431,2026-03-23 11:05:01.163707,XAUUSD,4262.52,68.87293450395816,28.248854669483322,4402.8155,4556.4394,0.0,-93.30807545304918,0.22314669782167065,4262.52,91.2497202763031,13.66110839283877,4898.5844,5035.8531,DOWN,4262.52,47.49152467108391,40.5966488908862,NORMAL,18000.0,,
2430,2026-03-23 11:05:01.226161,GBPUSD,1.32679,0.002538405011629385,35.37317132169946,1.3310755,1.3353232,-0.002258858032549771,-0.001790856092839676,0.053912987031389865,1.32679,0.004566618982113906,38.651085499285394,1.333313,1.3468030999999998,DOWN,1.32679,37.67254849868561,0.0014184561321839784,NORMAL,6.0,,
2432,2026-03-23 11:05:01.767719,USDJPY,159.604,0.2087161276633856,62.327378508444724,159.41305,158.78796,0.2051608203097146,0.2120085872273086,0.8274145380118297,159.604,0.42056235956980803,59.66107643620241,159.08538000000001,156.59204,UP,159.604,56.98792046716897,0.10682662454082122,NORMAL,300.0,,
2433,2026-03-23 11:05:02.122264,XAUUSD,4284.14,66.47078612102239,31.985365374037798,4389.1410000000005,4547.6954000000005,-98.19901863536779,-94.20317349122217,0.28659383503437097,4284.13,92.90186373754909,16.658655967266867,4899.0166,5035.96115,DOWN,4284.13,50.84449986292784,40.26731420515084,NORMAL,18000.0,,
2434,2026-03-23 11:05:02.554323,AUDUSD,0.69207,0.0018990156767513897,20.796575146859666,0.6991665,0.7036827999999999,-0.002965584096955576,-0.002428507251089315,-0.022152176084524234,0.69207,0.003477927472207086,26.735999582828526,0.7065461999999999,0.70632085,UP,0.69207,22.460712545706755,0.0009012527379192484,NORMAL,2.0,BUY,ACTIVE
2435,2026-03-23 11:05:02.954918,USDCAD,1.37519,0.0014627468106471865,63.900693318922215,1.3724675000000002,1.3727246,0.00047025149792245813,8.318743903436396e-05,1.0566587253867226,1.37519,0.002640475510122658,62.57866261843785,1.3683830000000001,1.36537945,UP,1.37519,72.9971429790602,0.0005981109309487814,NORMAL,4.0,SELL,ACTIVE
2436,2026-03-23 11:05:03.449302,NZDUSD,0.57696,0.001340613339126856,22.84700732758847,0.58148,0.5840027999999999,-0.001785318643949374,-0.001356133925979313,-0.05861822400856443,0.57696,0.0026464543325954073,32.46589794610023,0.5846134,0.5945398000000001,DOWN,0.57696,22.22410206163535,0.000629571016896841,NORMAL,7.0,BUY,ACTIVE
2437,2026-03-23 11:05:03.881502,USDCHF,0.7932,0.0013485391776705063,69.9062693973232,0.7892965000000001,0.7897150000000001,0.0007373775910706204,0.00018379591655363618,1.1265817551581283,0.7932,0.0026140606035035354,63.586864959855035,0.7873326,0.7775131500000001,UP,0.7932,72.93618497496465,0.0007201225823290083,NORMAL,2.0,SELL,ACTIVE
2438,2026-03-23 12:05:03.453869,EURUSD,1.15586,0.002671584332792997,55.140421127214346,1.1543800000000002,1.15476,0.0,-0.00045464823411913883,0.6694089322167684,1.15584,0.004602937106765903,54.494427403693905,1.1518888,1.1705382500000001,DOWN,1.15583,58.33909900562088,0.0023889451244823506,HIGH,2.0,,
2439,2026-03-23 12:05:04.632082,EURUSD,1.15584,0.002671584332792997,55.09230341852415,1.154379,1.1547596,-0.0005068392800817723,-0.0004549673224381951,0.6672883811924145,1.15584,0.004602937106765903,54.494427403693905,1.1518888,1.1705382500000001,DOWN,1.15584,58.36496336660293,0.0023889451244823506,HIGH,2.0,,
2440,2026-03-23 12:05:04.923657,GBPUSD,1.33656,0.003590100572023206,56.296566149454776,1.331981,1.3357182,0.0,-0.0014459256498479253,0.8958904329084505,1.33658,0.005664476526400586,53.59697749326397,1.3335088,1.3468520499999999,DOWN,1.33658,64.04434378469813,0.0030005828831528893,HIGH,3.0,,
2441,2026-03-23 12:05:05.438627,GBPUSD,1.33658,0.0036322434291660537,57.56744465258311,1.3318404999999998,1.335662,-0.0009849377842614526,-0.001516587530839128,0.9531928545043175,1.33658,0.005664476526400586,53.59697749326397,1.3335088,1.3468520499999999,DOWN,1.33658,64.04434378469813,0.0030005828831528893,HIGH,3.0,,
2442,2026-03-23 12:05:05.766526,USDJPY,158.914,0.29086395527926684,42.620334133819604,159.3622,158.76972,0.0,0.18166000785499867,-0.055010457582576534,158.906,0.5088481061370395,48.36966451729459,159.07142,156.58855,UP,158.906,36.47397809954223,0.22931435665094393,NORMAL,300.0,,
2443,2026-03-23 12:05:06.245450,USDJPY,158.906,0.29086395527926684,42.45301288689608,159.3618,158.76956,0.10270443680451535,0.18153237252736337,-0.06180446452504195,158.906,0.5088481061370395,48.36966451729459,159.07142,156.58855,UP,158.906,36.47397809954223,0.22931435665094393,NORMAL,300.0,BUY,ACTIVE
2444,2026-03-23 12:05:06.672603,XAUUSD,4361.23,77.0715462960514,43.916541229553026,4386.369000000001,4543.4666,0.0,-89.39783454353315,0.4453341153332151,4361.64,104.85043953509458,25.887627412749822,4900.5668,5036.3487,DOWN,4361.11,55.00172485705629,53.666191355037554,NORMAL,21000.0,,
2445,2026-03-23 12:05:07.182933,XAUUSD,4361.64,77.0715462960514,43.94850963775152,4386.3895,4543.4748,-78.86381778411578,-89.39129323299173,0.44617890868814936,4361.64,104.85043953509458,25.887627412749822,4900.5668,5036.3487,DOWN,4361.11,55.00172485705629,53.666191355037554,NORMAL,21000.0,,
2446,2026-03-23 12:05:07.899855,AUDUSD,0.69869,0.002624763517198906,46.913799050633315,0.6987034999999999,0.703442,-0.0022736279999341358,-0.0024221069588734982,0.49889777990678474,0.69869,0.004254356327535399,40.13463948309709,0.7066785999999999,0.70635395,UP,0.69869,56.023392984480715,0.0023218738008450243,HIGH,2.0,BUY,ACTIVE
2447,2026-03-23 12:05:08.378802,USDCAD,1.37184,0.00186576489560096,46.41990859162619,1.372412,1.3726732,0.0003307944228168047,0.00013360228308428065,0.3838864162829839,1.3735,0.003111189967952799,56.84609921271232,1.3683492000000002,1.3653710000000001,UP,1.3735,50.54974093098346,0.0013516448790790495,NORMAL,4.0,,
2448,2026-03-23 12:05:09.010592,NZDUSD,0.58434,0.0018918960598014651,57.24467194638572,0.5815094999999999,0.5840596,-0.001326419961150016,-0.001353764922187239,0.8354303638214966,0.58434,0.0031771688123644315,51.12477919004335,0.584761,0.5945767,DOWN,0.58434,70.08889231803082,0.001525226217528691,HIGH,7.0,BUY,ACTIVE
2449,2026-03-23 12:05:09.536444,USDCHF,0.78796,0.0018533884200817895,44.31682643594073,0.789253,0.7896361999999999,0.000524664769994132,0.0002597554422274894,0.30636570894949544,0.78961,0.0031504893710762615,52.102297657634566,0.7872608,0.7774952,UP,0.78961,45.40213867125332,0.0014848961914093921,HIGH,4.0,,
2450,2026-03-23 13:05:01.576225,EURUSD,1.16041,0.0029651446355526585,62.816890044754786,1.1548745,1.155129,0.0,-0.00021258726395607355,0.9697814580235762,1.16041,0.004602937106765903,60.325167169160416,1.1519802,1.1705611,DOWN,1.16041,66.57738884106118,0.00250421111776998,HIGH,2.0,,
2451,2026-03-23 13:05:01.961587,GBPUSD,1.3422,0.0037935627760623605,65.31270670936853,1.3324010000000002,1.3359737999999999,0.0,-0.0011973763928722274,1.182902928677102,1.3422,0.005664476526400586,59.31685781364575,1.3336212,1.34688015,DOWN,1.3422,73.512156708656,0.003044625389951031,HIGH,6.0,,
2452,2026-03-23 13:05:02.289981,USDJPY,158.512,0.3108328564327886,35.58859279657382,159.30419999999998,158.74942,0.0,0.14172243599097026,-0.11900978752924775,158.513,0.5088481061370395,43.58947360379571,159.06356,156.58658499999999,UP,158.513,28.613313815662863,0.23030861483066828,HIGH,300.0,,
2453,2026-03-23 13:05:02.628227,XAUUSD,4454.74,75.76087462184364,52.88387118309514,4380.258500000001,4538.708,0.0,-84.33051679494494,0.67502432946798,4454.74,104.85043953509458,34.58807643940554,4902.4288,5036.8142,DOWN,4454.74,62.95211228931253,52.68192432391242,NORMAL,17000.0,,
2454,2026-03-23 18:05:01.561639,EURUSD,1.1605,0.0030113874573885592,60.11888009652648,1.1558655,1.1560876,0.0,0.0007269422840883864,0.8084936477944866,1.16049,0.0044342672461385,60.49106763024255,1.1520161999999998,1.1703439500000001,DOWN,1.16049,58.206371632592585,0.0016909233874152958,NORMAL,2.0,,
2455,2026-03-23 18:05:02.212342,GBPUSD,1.3409900000000001,0.0039735117556542,61.81700583420287,1.332594,1.3360509999999999,0.0,-0.0010895174501689266,1.0259930199012253,1.3409900000000001,0.005667333670302441,58.207719265144014,1.3335970000000001,1.3468741,DOWN,1.3409900000000001,67.46239068952815,0.003156053114173637,HIGH,6.0,,
2456,2026-03-23 18:05:02.889109,USDJPY,158.383,0.3106199910179056,36.165159823462304,159.11425,158.74638000000002,0.0,-0.02653171870381562,0.11971569639489668,158.383,0.486680251410373,42.09854998025835,159.05986000000001,156.604845,UP,158.383,37.703136174045035,0.17733888712221071,NORMAL,300.0,,
2457,2026-03-23 18:05:03.649297,XAUUSD,4442.2,81.76730319327223,51.04453217761654,4383.075,4539.8346,0.0,-82.80321437369864,0.6367659601384931,4424.18,103.60196293426718,33.193294665892466,4872.138,5030.49495,DOWN,4424.18,54.307610436520925,38.36208218411372,HIGH,13000.0,,
2458,2026-03-23 18:22:21.330783,EURUSD,1.16052,0.0033251815884642144,47.27648789426959,1.1558665,1.1700892,-0.0028925889779649605,-0.004466862729233548,0.8096510819235604,1.16052,0.004680671020419819,36.39276916376045,1.1763526,1.180059,DOWN,1.16052,57.91211842777438,0.0016848830308978534,NORMAL,2.0,,
2459,2026-03-23 18:22:23.512152,GBPUSD,1.34225,0.004274059160363865,59.97138346768148,1.3346870000000002,1.3368802,0.0020057359460037283,0.0007172830597543848,0.8272862648648978,1.34225,0.005704741916860384,59.347639484986146,1.3336312000000001,1.34658875,DOWN,1.34225,58.596022151684025,0.0022876719004763617,HIGH,6.0,,
2460,2026-03-23 18:22:29.526106,USDJPY,158.316,0.32069141958933356,35.06285745206969,159.1109,158.74504000000002,-0.15510009336665576,-0.027600664572761165,0.09134560232026545,158.337,0.49675168366440103,41.56007115296089,159.05894,156.604615,UP,158.337,36.36203190454109,0.1795656047053317,NORMAL,300.0,,
2461,2026-03-23 18:22:33.378990,XAUUSD,4411.47,77.68114563945971,48.688067172255735,4357.3075,4518.2868,-30.627780671202345,-52.672725642461074,0.6635258433021983,4411.47,104.87410625656685,32.61103518064343,4871.8838,5030.4314,DOWN,4411.47,52.02026556563442,37.67815398720168,NORMAL,4000.0,,
2462,2026-03-23 18:22:37.753594,AUDUSD,0.70065,0.003082347789497856,50.269727005602896,0.6987465,0.7032482,-0.00039961373879804363,-0.0011002425336838918,0.6521977577623161,0.70065,0.004291256312510028,44.45346001960915,0.7061744,0.7063589,DOWN,0.70065,50.24839336416036,0.0016780175786819727,HIGH,4.0,,
2463,2026-03-23 18:22:42.116261,USDCAD,1.373,0.002193231921117242,52.789322851366805,1.3722715,1.3725108,-2.252642905919977e-05,-4.253276496174296e-05,0.6247387541510818,1.373,0.003146740371149455,54.643184733243565,1.3688942,1.3654391000000001,UP,1.373,56.20809286698424,0.0012086160198293708,NORMAL,4.0,BUY,ACTIVE
2464,2026-03-23 18:22:48.528787,NZDUSD,0.5862,0.002284340295155016,58.35334346877627,0.5822875,0.5844826,0.0006446404395816785,-0.0001578428659727402,0.8182307254343194,0.5862,0.0032374823501725727,54.39770849361084,0.5845560000000001,0.59442165,DOWN,0.5862,58.728443093686444,0.0012820194543105136,HIGH,7.0,,
2465,2026-03-23 18:22:50.666401,USDCHF,0.78663,0.0021653843443540767,43.709413875698665,0.7887725000000001,0.788724,-0.0005728419844811539,-0.00024092912374377716,0.254039877622039,0.78664,0.003161070701814877,45.110401223247436,0.7875302000000001,0.7775920000000001,UP,0.78664,44.91413333460184,0.0011494999149357498,HIGH,4.0,,
2466,2026-03-23 18:26:22.582042,EURUSD,1.16125,0.0031156731716742744,61.4564472099155,1.155903,1.1561025999999999,0.0014826465899129282,0.0007389080960541947,0.8510518130863539,1.16125,0.004538552998556104,61.440016679139205,1.1520313999999998,1.17034775,DOWN,1.16125,61.06561941528041,0.0017264159161168831,HIGH,2.0,,
2467,2026-03-23 18:26:25.235852,GBPUSD,1.34304,0.004274059160363865,60.99984836273077,1.3347265,1.3368959999999999,0.0020687558890235547,0.00072988704835835,0.8562578470208668,1.34304,0.005704741916860384,60.20261139893804,1.333647,1.3465927,DOWN,1.34297,61.143508784754644,0.0023105428731461917,HIGH,5.0,,
2468,2026-03-23 18:26:27.832233,USDJPY,158.268,0.32426284816076295,34.31357973787232,159.1085,158.74408000000003,-0.15892915319571443,-0.0283664765385729,0.0716286989082528,158.268,0.500323113541717,40.77769531472244,159.05756000000002,156.60426999999999,UP,158.268,34.42942154956529,0.18313919418499236,NORMAL,300.0,,
2469,2026-03-23 18:26:28.191544,XAUUSD,4426.55,77.68114563945971,50.102823243999254,4358.0615,4518.588400000001,-29.42481770823815,-52.432133049868234,0.7053260563758491,4426.55,104.87410625656685,33.3192217661766,4872.185399999999,5030.5068,DOWN,4426.55,54.633881637012585,38.044089549918844,NORMAL,18000.0,,
2470,2026-03-23 18:26:28.592314,AUDUSD,0.70111,0.003082347789497856,51.31180064278322,0.6987695,0.7032574000000001,-0.0003629185821029113,-0.0010929035023448655,0.686163129539882,0.70111,0.004291256312510028,45.133326317169924,0.7061835999999999,0.7063612,DOWN,0.70111,52.358707056193154,0.0016780175786819727,HIGH,4.0,,
2471,2026-03-23 18:26:29.211743,USDCAD,1.37264,0.002204660492545809,51.41146018219241,1.3722535,1.3725036,-5.1244377777370786e-05,-4.827635470537717e-05,0.5665095602312443,1.37264,0.003158168946756859,53.71508149520165,1.368887,1.3654373000000002,UP,1.37264,53.700989184806375,0.0012286281209154541,NORMAL,2.0,,
2472,2026-03-23 18:26:29.690508,NZDUSD,0.58652,0.002284340295155016,59.42220597751047,0.5823035,0.584489,0.0006701675051088429,-0.0001527374528673073,0.8404987679225477,0.58652,0.0032374823501725727,55.14283720073293,0.5845624,0.5944232500000001,DOWN,0.58652,60.599261882776794,0.0012934549406454286,HIGH,7.0,,
2473,2026-03-23 18:26:30.262572,USDCHF,0.7863,0.0021846700586397906,42.82085088922523,0.788756,0.7887173999999999,-0.0005991667708058479,-0.00024619408100871594,0.22039458871538473,0.7863,0.0031803564231523782,44.338368457712534,0.7875234,0.7775903,UP,0.7863,42.930734964990336,0.0011723708876055718,HIGH,4.0,,
2474,2026-03-23 18:29:34.964490,EURUSD,1.16119,0.0031185303145314204,61.35275245417064,1.1559,1.1561014,0.0014778602651266404,0.0007379508310969372,0.8477125326239289,1.16119,0.004541410142457959,61.36676014137204,1.1520302,1.17034745,DOWN,1.16119,60.852995051049305,0.0017292747877006138,HIGH,2.0,,
2475,2026-03-23 18:29:37.550072,GBPUSD,1.34286,0.00427691630322101,60.78643658919244,1.3347175,1.3368924000000002,0.002054396914664691,0.0007270152534865773,0.8497319095294088,1.34286,0.005707599060762239,60.023554704937084,1.3336434,1.3465918,DOWN,1.34286,60.8430164013398,0.002314116462625859,HIGH,6.0,,
2476,2026-03-23 18:29:38.378590,USDJPY,158.268,0.3247628481607633,34.31357973787232,159.1085,158.74408000000003,-0.15892915319571443,-0.0283664765385729,0.0716286989082528,158.268,0.5008231137245415,40.77769531472244,159.05756000000002,156.60426999999999,UP,158.268,34.42942154956529,0.18363949671214508,NORMAL,300.0,,
2477,2026-03-23 18:29:38.971187,XAUUSD,4425.28,77.81043135374539,49.98062876775267,4357.998,4518.563,-29.5261282495494,-52.452395158130486,0.7018407623320202,4425.28,105.00339201812562,33.24466602978124,4872.16,5030.50045,DOWN,4425.28,54.435854583964684,38.32640311881195,NORMAL,18000.0,,
2478,2026-03-23 18:29:39.736407,AUDUSD,0.7008,0.003082347789497856,50.604851938246064,0.6987540000000001,0.7032512000000001,-0.0003876479268323241,-0.0010978493712907478,0.6633313428869956,0.7008,0.004291256312510028,44.672893900936835,0.7061774,0.70635965,DOWN,0.7008,50.91759877703722,0.0016787322965779016,HIGH,4.0,,
2479,2026-03-23 18:29:40.562657,USDCAD,1.37269,0.002204660492545809,51.610849223752325,1.372256,1.3725046,-4.725577378872359e-05,-4.747863390764773e-05,0.5746452668737059,1.37269,0.003158168946756859,53.856108738422755,1.368888,1.36543755,UP,1.37269,54.046403731396424,0.0012286281209154541,NORMAL,4.0,BUY,ACTIVE
2480,2026-03-23 18:29:41.283407,NZDUSD,0.58635,0.002284340295155016,58.84954426679959,0.582295,0.5844856,0.0006566062515476201,-0.00015544970357955187,0.8287286864402634,0.58635,0.0032374823501725727,54.74446424936971,0.584559,0.5944224,DOWN,0.58635,59.73609859817896,0.0012955990943332226,HIGH,5.0,,
2481,2026-03-23 18:29:42.074318,USDCHF,0.78636,0.002185384344354081,42.97971069750236,0.788759,0.7887185999999999,-0.0005943804460195601,-0.0002452368160514584,0.22644859527546696,0.78636,0.0031810707091278457,44.47268351816117,0.7875246000000001,0.7775906,UP,0.78636,43.267917643050765,0.0011730856055015085,HIGH,2.0,,
2482,2026-03-23 19:05:00.458836,EURUSD,1.16346,0.0032928160288171345,64.92302812594366,1.1560134999999998,1.1561468,0.0016589428862092692,0.000774167355313463,0.9655845118706178,1.16346,0.004715695920470937,63.95736231113494,1.1520756,1.1703588,DOWN,1.16346,68.0901043735807,0.0017161081254938534,HIGH,2.0,,
2483,2026-03-23 19:05:00.786958,GBPUSD,1.34486,0.004197646771358287,62.56214043127785,1.3354180000000002,1.3371024,0.0025757015311209663,0.0011292995175604611,0.8676953456922282,1.34486,0.00590045627413725,61.92687551197346,1.3336834,1.3466018,DOWN,1.34486,64.67314811148702,0.0021655030430278084,NORMAL,6.0,,
2484,2026-03-23 19:05:01.156589,USDJPY,158.159,0.324218563088054,34.044599087555284,159.04955,158.74248,-0.2070391787180199,-0.06656437879782795,0.09578430667585741,158.159,0.5176802627454682,39.60005584502122,159.05538,156.603725,UP,158.159,34.26035226720529,0.17566439984896914,NORMAL,300.0,,
2485,2026-03-23 19:05:01.573011,XAUUSD,4449.81,80.38471706803111,52.240918260121774,4359.224499999999,4519.0536,-27.56931913274002,-52.06103333476861,0.7678474926362807,4449.81,107.57767867369436,35.43405624889144,4872.6506,5030.6231,DOWN,4449.81,57.439814210166425,36.93493791639758,NORMAL,18000.0,,
2486,2026-03-23 19:05:01.911219,AUDUSD,0.70267,0.003175919218069279,54.602810580786844,0.6988475000000001,0.7032886,-0.00023847413765853975,-0.001068014613455991,0.7965414319376223,0.70267,0.004384827775295678,47.805438949584286,0.7062148,0.706369,DOWN,0.70267,58.45800656124596,0.0016326031189864692,HIGH,2.0,,
2487,2026-03-23 19:05:02.270515,USDCAD,1.37167,0.002291803349688666,47.826912543694164,1.3722050000000001,1.3724842000000002,-0.00012862329515628268,-6.375213818115954e-05,0.4081012150618168,1.37167,0.003245311835763348,51.118238715555854,1.3688676000000002,1.3654324500000001,UP,1.37167,47.486057121837675,0.0011907500761868454,NORMAL,2.0,,
2488,2026-03-23 19:05:02.578043,NZDUSD,0.58776,0.0023850545808693033,62.202791032437474,0.5823655000000001,0.5845138,0.000769084884026161,-0.00013295397708384368,0.922035421729305,0.58776,0.003338196672712861,57.44617334323772,0.5845872,0.59442945,DOWN,0.58776,65.76468006606042,0.0012682296502522553,HIGH,7.0,,
2489,2026-03-23 19:05:02.900626,USDCHF,0.78525,0.002190509952410423,40.65011149017997,0.7885655,0.7885576000000001,-0.000845822521600037,-0.00038360580901302126,0.15654151757423224,0.78525,0.0033139279005639666,42.1125927161768,0.7875024,0.77758505,UP,0.78525,38.67112467802519,0.0011308587159327126,NORMAL,4.0,,
2490,2026-03-23 20:05:00.479549,EURUSD,1.16173,0.003215472026758771,60.31875354184603,1.1562919999999999,1.1563105999999999,0.0,0.0009807626192976507,0.8236176231145321,1.16173,0.004715695920470937,62.01621695585391,1.1520409999999999,1.17035015,DOWN,1.16173,58.36438216016304,0.0015425413802708679,HIGH,6.0,,
2492,2026-03-23 20:05:00.745245,GBPUSD,1.34283,0.0040461822060571685,58.94811996810206,1.335874,1.3371178000000001,0.0,0.0013862402528246995,0.7693685526143388,1.34283,0.00590045627413725,59.99355515804919,1.3336428,1.34659165,DOWN,1.34283,55.47676538830349,0.0018148967808219699,NORMAL,9.0,,
2491,2026-03-23 20:05:00.802507,EURUSD,1.16119,0.0030189076983168166,58.99810458745875,1.1566105,1.156406,0.0018296804033506309,0.0011454407630028494,0.7669088753120892,1.16119,0.004715695920470937,61.36676014137204,1.1520302,1.17034745,DOWN,1.16119,55.407168956653145,0.0014054628764666559,NORMAL,6.0,,
2494,2026-03-23 20:05:01.208820,USDJPY,158.429,0.3222437677654397,40.861602648290386,159.00895,158.76002,0.0,-0.08848467008050961,0.23093146297744313,158.429,0.5176802627454682,42.65116572574947,159.06078000000002,156.605075,UP,158.429,47.02315046460313,0.15587730858842822,NORMAL,700.0,,
2493,2026-03-23 20:05:01.271308,GBPUSD,1.34284,0.0040461822060571685,58.966000716897966,1.3358744999999999,1.3371179999999998,0.002526481826360172,0.0013863997969842277,0.76971272948167,1.34284,0.00590045627413725,60.00356000855574,1.333643,1.3465916999999998,DOWN,1.34284,55.52194600016792,0.0018148967808219699,NORMAL,9.0,,
2496,2026-03-23 20:05:01.562847,XAUUSD,4410.39,78.75866584888603,48.452526159726055,4356.477,4515.3154,0.0,-46.549518538010155,0.6648220760409956,4410.39,108.25196463453143,32.562499385580296,4871.8622,5030.4259999999995,DOWN,4410.39,50.29009924994328,34.83827632812828,NORMAL,24000.0,,
2495,2026-03-23 20:05:01.641048,USDJPY,158.429,0.3222437677654397,40.861602648290386,159.00895,158.76002,-0.1927584278038239,-0.08848467008050961,0.23093146297744313,158.429,0.5176802627454682,42.65116572574947,159.06078000000002,156.605075,UP,158.429,47.02315046460313,0.15587730858842822,NORMAL,700.0,,
2497,2026-03-23 20:05:02.276255,XAUUSD,4392.04,74.36590400253704,46.82877040779486,4357.736,4511.2076,-23.925087776366126,-42.185452898502,0.6048620507547391,4392.04,108.96125060816624,31.75937678411249,4871.4952,5030.33425,DOWN,4392.04,46.93096840924305,33.40945446930725,NORMAL,25000.0,,
2498,2026-03-23 20:05:02.693143,AUDUSD,0.70164,0.0030497821310643243,52.128655066566566,0.6988805,0.7032270000000002,-0.00012234564644753032,-0.000879263726037202,0.712399557475029,0.70164,0.004384827775295678,46.02100193642519,0.7061942000000001,0.70636385,DOWN,0.70164,53.21150586791584,0.0014330625354804587,NORMAL,11.0,,
2499,2026-03-23 20:05:03.156303,USDCAD,1.37256,0.002220245967568048,51.18962344320927,1.372287,1.3724789999999998,-8.2258165593041e-05,-6.745334366353584e-05,0.5478920401741165,1.37256,0.003245311835763348,53.490967755193914,1.3688854000000001,1.3654369,UP,1.37256,53.237376661486536,0.0010673285670697997,NORMAL,9.0,,
2500,2026-03-23 20:05:03.572923,NZDUSD,0.58674,0.002313979253664353,58.79630620845273,0.5825410000000001,0.5845710000000001,0.0009009234092733909,7.305568822179719e-05,0.8148247509048304,0.58674,0.003338196672712861,55.5945407148205,0.5845668,0.59442435,DOWN,0.58674,58.26959585865862,0.0011254961449008757,HIGH,22.0,,
2501,2026-03-23 20:05:03.911159,USDCHF,0.78625,0.0021129225068300867,44.01215911207157,0.7884815,0.7884918000000001,-0.0008030614362602995,-0.0004548610370265705,0.26832164276750714,0.78625,0.0033139279005639666,44.22705743442733,0.7875224,0.77759005,UP,0.78625,46.438289197995445,0.000948532637402949,NORMAL,12.0,,
2502,2026-03-23 21:05:00.239083,EURUSD,1.16117,0.003036050555459675,58.947633064001955,1.1566095,1.1564056,0.0,0.0011451216746837488,0.7658710138062507,1.16117,0.004715695920470937,61.34227940145189,1.1520298,1.17034735,DOWN,1.16117,55.039165419776225,0.001281843288736365,NORMAL,25.0,,
2503,2026-03-23 21:05:00.546061,GBPUSD,1.3426,0.0038971181709306557,58.472111281072515,1.3363555,1.3371370000000002,0.0,0.001625512332783234,0.7362868825556748,1.3426,0.00590045627413725,59.76205414042658,1.3336382,1.3465905,DOWN,1.3426,53.6264088049031,0.0015889233528950226,NORMAL,150.0,,
2505,2026-03-23 21:05:00.947287,USDJPY,158.4,0.3024508455781123,40.29506837304804,158.95364999999998,158.7737,0.0,-0.11097697210831917,0.24575357481037705,158.4,0.5176802627454682,42.301101316911875,159.0602,156.60493,UP,158.4,45.620870631896075,0.12647082307665533,NORMAL,4100.0,,
2504,2026-03-23 21:05:00.994170,EURUSD,1.1613,0.002846230617824804,59.19200518028011,1.156903,1.156464,0.0018605292308366828,0.0012882031859143355,0.7496797106377923,1.1613,0.004715695920470937,61.50085190606374,1.1520324,1.170348,DOWN,1.1613,55.62916520891611,0.001165220065097194,NORMAL,25.0,,
2507,2026-03-23 21:05:01.290923,XAUUSD,4403.02,75.28661828825128,47.88099550190398,4358.285,4511.4272,0.0,-42.0102734113224,0.636283464708088,4403.02,108.96125060816624,32.235105628901366,4871.7148,5030.38915,DOWN,4403.02,48.94594273803321,30.397435989563768,NORMAL,161000.0,,
2506,2026-03-23 21:05:01.363727,GBPUSD,1.3426,0.0038971181709306557,58.472111281072515,1.3363555,1.3371370000000002,0.0025653698833867367,0.001625512332783234,0.7362868825556748,1.3426,0.00590045627413725,59.76205414042658,1.3336382,1.3465905,DOWN,1.3426,53.6264088049031,0.0015889233528950226,NORMAL,150.0,,
2508,2026-03-23 21:05:02.014773,USDJPY,158.4,0.3024508455781123,40.29506837304804,158.95364999999998,158.7737,-0.19941455628793392,-0.11097697210831917,0.24575357481037705,158.4,0.5176802627454682,42.301101316911875,159.0602,156.60493,UP,158.4,45.620870631896075,0.12647082307665533,NORMAL,3900.0,,
2509,2026-03-23 21:05:02.478160,XAUUSD,4405.77,75.28661828825128,48.15507824205444,4358.4225,4511.4821999999995,-22.829817121095402,-41.96639876744785,0.6440998224718711,4405.77,108.96125060816624,32.356494628578176,4871.7698,5030.4029,DOWN,4405.77,49.455354667164286,29.401022168139438,NORMAL,161000.0,,
2510,2026-03-23 21:05:02.880997,AUDUSD,0.70102,0.002905307897212795,50.72045118773259,0.698934,0.7031254000000001,-0.00011019415496815732,-0.0007322144841880605,0.6599289845352089,0.70102,0.004384827775295678,44.99867755309221,0.7061818000000001,0.7063607500000001,DOWN,0.70102,50.055268625975856,0.0012081381082302725,NORMAL,250.0,,
2511,2026-03-23 21:05:03.269228,USDCAD,1.37215,0.0021315549290682884,49.68410171228228,1.372275,1.3724606,-9.987389439736205e-05,-7.853232560520846e-05,0.47803805451438675,1.37215,0.003245311835763348,52.37112254500133,1.3688772,1.36543485,UP,1.37215,49.58072648148842,0.000991298037653202,NORMAL,250.0,,
2512,2026-03-23 21:05:03.732495,NZDUSD,0.58553,0.0022431337967699643,54.90948748354157,0.5826935,0.5845774,0.0008863928225317785,0.0002326598672205515,0.7095097525810775,0.58553,0.0033710538275841533,52.901021212150106,0.5845426,0.5944183000000001,DOWN,0.58553,49.42706135375557,0.0009674155878124886,NORMAL,229.0,,
2513,2026-03-23 21:05:04.118113,USDCHF,0.786,0.001996285184913648,43.299453926762055,0.7883625000000001,0.7884318,-0.0008440726941321142,-0.0005330862744305822,0.261131092290239,0.786,0.0033139279005639666,43.678781746666104,0.7875174000000001,0.7775888000000001,UP,0.786,44.63136773696893,0.0007935866855122748,NORMAL,58.0,,
2514,2026-03-23 22:05:00.123289,EURUSD,1.16129,0.0028533734749676604,59.17331066282375,1.1569025,1.1564638,0.0,0.001288043641754763,0.7491699802572455,1.16129,0.004715695920470937,61.488700222067074,1.1520321999999998,1.17034795,DOWN,1.16129,55.56218166655755,0.0010426868055528349,NORMAL,3.0,,
2515,2026-03-23 22:05:00.290951,GBPUSD,1.3428,0.0036479872811703037,58.832738370256834,1.3369175,1.3371392,0.0,0.0018221990747417783,0.7199884569959489,1.3428,0.0055075663556179415,59.878129352663684,1.3336808,1.346483,DOWN,1.3428,54.06138260049608,0.0013189229826421416,NORMAL,8.0,,
2516,2026-03-23 22:05:00.441697,USDJPY,158.379,0.29290333620008213,39.9469259571957,158.8952,158.78784000000002,0.0,-0.12986488823466932,0.26213573388504724,158.379,0.4832745206293679,42.06261158394623,159.05032,156.613395,UP,158.379,44.97993175300411,0.11319040920402769,NORMAL,700.0,,
2517,2026-03-23 22:05:00.613529,XAUUSD,4405.77,75.28661828825128,48.15507824205444,4358.4225,4511.4821999999995,0.0,-41.96639876744785,0.6440998224718711,4405.77,108.96125060816624,32.356494628578176,4871.7698,5030.4029,DOWN,4405.77,49.455354667164286,29.401022168139438,NORMAL,124000.0,,
2518,2026-03-23 22:05:01.181004,EURUSD,1.16129,0.0028533734749676604,59.17331066282375,1.1569025,1.1564638,0.00185973151003882,0.001288043641754763,0.7491699802572455,1.16129,0.004715695920470937,61.488700222067074,1.1520321999999998,1.17034795,DOWN,1.16129,55.56218166655755,0.0010426868055528349,NORMAL,3.0,,
2519,2026-03-23 22:05:01.503833,GBPUSD,1.3428,0.0036479872811703037,58.832738370256834,1.3369175,1.3371392,0.0025872480368778206,0.0018221990747417783,0.7199884569959489,1.3428,0.0055075663556179415,59.878129352663684,1.3336808,1.346483,DOWN,1.3428,54.06138260049608,0.0013189229826421416,NORMAL,8.0,,
2520,2026-03-23 22:05:01.826578,USDJPY,158.379,0.29290333620008213,39.9469259571957,158.8952,158.78784000000002,-0.20394874647226402,-0.12986488823466932,0.26213573388504724,158.379,0.4832745206293679,42.06261158394623,159.05032,156.613395,UP,158.379,44.97993175300411,0.11319040920402769,NORMAL,700.0,,
2521,2026-03-23 22:05:02.201491,XAUUSD,4380.31,72.79400269623329,45.75600207944156,4358.0565,4506.7682,-22.540893334135035,-38.08129768078529,0.567827168996713,4380.31,104.06329984788404,31.18560542220797,4855.9786,5027.81365,DOWN,4380.31,44.10030484672812,30.18636534705478,NORMAL,124000.0,,
2522,2026-03-23 22:05:02.570919,AUDUSD,0.70142,0.0027992144759833083,51.69137967481619,0.699017,0.7029972000000001,-5.53251578933045e-05,-0.0006011762200687007,0.6822130203293533,0.70142,0.004401970638706792,45.62392995247281,0.7061898000000001,0.7063627499999999,DOWN,0.70142,52.694969615854255,0.0010730021706663957,NORMAL,12.0,,
2523,2026-03-23 22:05:02.924783,USDCAD,1.37207,0.0020921581484205634,49.333004702916426,1.3723360000000002,1.372452,-9.395555992863791e-05,-8.110643115936882e-05,0.45202753291994835,1.37207,0.0032724547028309464,52.158060981519505,1.3688756,1.36543445,UP,1.37207,48.939218899249475,0.000930523989744897,NORMAL,9.0,,
2524,2026-03-23 22:05:03.294548,NZDUSD,0.58601,0.002273624239857828,56.20910950262862,0.58289,0.584576,0.0009237407303567258,0.0003720247577965132,0.7250986907112856,0.58601,0.0034431967111059236,53.964740390738726,0.5845522000000001,0.5944207,DOWN,0.58601,52.787133237457326,0.0010793459982299336,NORMAL,31.0,,
2525,2026-03-23 22:05:03.654018,USDCHF,0.78633,0.0018896627737463516,44.46672323896162,0.7882315,0.7883943999999999,-0.0008316102433688632,-0.0005913870796142489,0.3100131626281858,0.78633,0.003097932995154093,44.57308674829079,0.787655,0.77763725,UP,0.78633,48.54861656975806,0.0006456301777911221,NORMAL,12.0,,
2526,2026-03-23 23:05:00.135605,EURUSD,1.16135,0.002705683532878123,59.15984028646047,1.1572460000000002,1.1565256,0.0,0.0014085733275421555,0.7287601461151446,1.16135,0.004431003281854537,61.45699751872197,1.1521203999999998,1.17025685,DOWN,1.16135,55.33867182885928,0.0008857610115908282,NORMAL,3.0,,
2527,2026-03-23 23:05:00.302183,GBPUSD,1.3431899999999999,0.0034518555365968943,59.45594220669287,1.337526,1.3371572,0.0,0.0019852467410854647,0.7109428448065939,1.3431899999999999,0.0055454235123174765,60.369498274171754,1.3336886,1.34648495,DOWN,1.3431899999999999,55.54410829570693,0.0011343854589110406,NORMAL,9.0,,
2529,2026-03-23 23:05:00.474056,USDJPY,158.314,0.28109901626742195,38.7184170641621,158.8357,158.79936,0.0,-0.146855680332504,0.2596464847068463,158.314,0.49006023739626653,41.24074301391183,159.04902,156.61307,UP,158.314,42.24746029962278,0.10510326154229907,NORMAL,700.0,,
2528,2026-03-23 23:05:00.552229,EURUSD,1.16135,0.002705683532878123,59.15984028646047,1.1572460000000002,1.1565256,0.0018792048912046333,0.0014085733275421555,0.7287601461151446,1.16135,0.004431003281854537,61.45699751872197,1.1521203999999998,1.17025685,DOWN,1.16135,55.33867182885928,0.0008857610115908282,NORMAL,3.0,,
2530,2026-03-23 23:05:00.953071,GBPUSD,1.3431899999999999,0.0034518555365968943,59.45594220669287,1.337526,1.3371572,0.0026106339876568185,0.0019852467410854647,0.7109428448065939,1.3431899999999999,0.0055454235123174765,60.369498274171754,1.3336886,1.34648495,DOWN,1.3431899999999999,55.54410829570693,0.0011343854589110406,NORMAL,9.0,,
2531,2026-03-23 23:05:00.984144,XAUUSD,4405.53,74.15400269623329,48.13128923573528,4359.317499999999,4507.2726,0.0,-37.678927310414885,0.6399107862310144,4405.53,105.42330034516563,32.34504420180531,4856.483,5027.93975,DOWN,4405.53,49.448147025821406,30.130297605151178,NORMAL,25000.0,,
2532,2026-03-23 23:05:01.624264,USDJPY,158.314,0.28109901626742195,38.7184170641621,158.8357,158.79936,-0.21181941852441355,-0.146855680332504,0.2596464847068463,158.314,0.49006023739626653,41.24074301391183,159.04902,156.61307,UP,158.314,42.24746029962278,0.10510326154229907,NORMAL,700.0,,
2533,2026-03-23 23:05:01.957097,XAUUSD,4426.63,70.00147189140027,50.288166249706954,4363.689,4503.775,-15.493112368253605,-32.96900762682591,0.6858955770964605,4426.63,106.18472919500921,34.37524974128081,4856.905,5028.04525,DOWN,4426.63,54.42063701138846,28.151218641294033,NORMAL,25000.0,,
2534,2026-03-23 23:05:02.357877,AUDUSD,0.70129,0.0026985052787192017,51.51350997002038,0.6991195,0.7028312,-7.103975059696843e-05,-0.0005096993535247936,0.6646085683562029,0.70129,0.00418611546902566,45.8277257882434,0.705903,0.70637405,DOWN,0.70129,52.35449063848157,0.0009814234512919785,NORMAL,12.0,,
2535,2026-03-23 23:05:02.748564,USDCAD,1.37255,0.0020234325663905286,51.48060406003436,1.3723815,1.3724241999999998,-6.0464104171487065e-05,-7.86372250210626e-05,0.5306379074317248,1.37255,0.003119422163202999,53.3632722512981,1.3691544,1.36546035,UP,1.37255,53.305450861673215,0.0008384192177394907,NORMAL,9.0,BUY,ACTIVE
2536,2026-03-23 23:05:03.071412,NZDUSD,0.58603,0.002181936794153701,56.0987462346845,0.5830845,0.5845336,0.0008854776871783931,0.00046373870549627067,0.7116369219525603,0.58603,0.0032679682897157353,53.85638629702069,0.5844322,0.5943515,DOWN,0.58603,53.36372521206133,0.0009591137721663275,NORMAL,19.0,,
2537,2026-03-23 23:05:03.456777,USDCHF,0.78629,0.0017900440041930382,44.32767702567274,0.7880835,0.788356,-0.0008279781393955021,-0.0006398540095192086,0.32289063766025683,0.78629,0.0031229330042952964,44.455181162386864,0.7876542000000001,0.77763705,UP,0.78629,48.21544820350518,0.000568130489234136,NORMAL,12.0,,
2538,2026-03-24 00:05:00.349040,EURUSD,1.16111,0.002566348994815411,58.40583128453747,1.1575715,1.1565738,0.0,0.0014976462404642137,0.6954506257896537,1.16111,0.004446003287339264,60.96445960379978,1.1521156,1.17025565,DOWN,1.16111,52.35553053188182,0.0007733007230336481,NORMAL,2.0,,
2539,2026-03-24 00:05:00.630228,GBPUSD,1.34177,0.0033246821819420147,56.325474010844935,1.337963,1.3371314,0.0,0.0020638302151564487,0.6434027052805271,1.34177,0.0056125663940110124,58.27175924147513,1.3336602,1.34647785,DOWN,1.34177,44.49599625440535,0.0010233985237749314,NORMAL,6.0,,
2541,2026-03-24 00:05:00.859549,USDJPY,158.538,0.27983684163607614,44.81628637038606,158.80115,158.81797999999998,0.0,-0.15219886758780124,0.37419207756424605,158.538,0.5007030984306657,44.72252937306274,159.0535,156.61419,UP,158.538,58.12909345760273,0.10530688153453588,NORMAL,500.0,,
2540,2026-03-24 00:05:00.906412,EURUSD,1.16013,0.00247395671967553,55.44972967516976,1.1578095000000002,1.1566070000000002,0.0016993256902702036,0.0015338977999410654,0.6286885416101533,1.16013,0.00449886044952354,59.03260209871749,1.152096,1.1702507500000001,DOWN,1.16013,42.68604193552312,0.0007774743683470266,NORMAL,2.0,,
2543,2026-03-24 00:05:01.218666,XAUUSD,4444.04,71.3350433199717,52.063259439911,4364.5595,4504.1232,0.0,-32.69124124505954,0.7326357318236721,4444.04,107.39901535329635,35.970119579303,4857.2532,5028.1323,DOWN,4444.04,58.31861558112672,26.203102091963824,NORMAL,21000.0,,
2542,2026-03-24 00:05:01.265531,GBPUSD,1.34177,0.0033246821819420147,56.325474010844935,1.337963,1.3371314,0.0024196455929219596,0.0020638302151564487,0.6434027052805271,1.34177,0.0056125663940110124,58.27175924147513,1.3336602,1.34647785,DOWN,1.34177,44.49599625440535,0.0010233985237749314,NORMAL,6.0,,
2544,2026-03-24 00:05:01.879949,USDJPY,158.538,0.27983684163607614,44.81628637038606,158.80115,158.81797999999998,-0.18435680179419478,-0.15219886758780124,0.37419207756424605,158.538,0.5007030984306657,44.72252937306274,159.0535,156.61419,UP,158.538,58.12909345760273,0.10530688153453588,NORMAL,500.0,,
2545,2026-03-24 00:05:02.239237,XAUUSD,4431.34,67.73243818487174,50.674953631299516,4368.329,4499.8144,-11.447089466681064,-28.481467299640293,0.6821051413219283,4431.34,107.39901535329635,34.814503682209974,4856.9992,5028.0688,DOWN,4431.34,53.980798303272074,26.556641092873793,NORMAL,22000.0,,
2546,2026-03-24 00:05:02.655816,AUDUSD,0.70117,0.0026192753098310956,51.05089479365642,0.6992965,0.7026971999999999,7.466176701775851e-06,-0.00040039502240825863,0.6404854371629789,0.70117,0.004256829780596495,45.60803202725388,0.7059006,0.70637345,DOWN,0.70117,50.73122754588965,0.0008949463867668796,NORMAL,8.0,,
2547,2026-03-24 00:05:02.993992,USDCAD,1.37263,0.0019089016687911953,51.900963328045606,1.372421,1.372404,-3.1346691413469685e-05,-7.173182485227822e-05,0.5382944525637899,1.37263,0.003119422163202999,53.55891305319731,1.369156,1.36546075,UP,1.37263,53.954818076055105,0.0006931821495151691,NORMAL,5.0,,
2548,2026-03-24 00:05:03.363845,NZDUSD,0.58579,0.002102359676203938,55.0798297891678,0.5833315,0.5845094000000001,0.0008923309520415534,0.0005520098613580437,0.6754375328439446,0.58579,0.003300111158611568,53.387226461716324,0.5844274,0.5943503,DOWN,0.58579,50.677136646374805,0.0008133117334985686,NORMAL,9.0,,
2549,2026-03-24 00:05:03.723032,USDCHF,0.7869,0.0017178980038935413,46.840714905908634,0.7879955,0.7883416,-0.0007429337798228186,-0.0006566409037508827,0.39159201170581226,0.7869,0.0031386472957554827,46.200449377276534,0.7876664,0.7776401,UP,0.7869,56.29958206762964,0.0005097407078282124,NORMAL,9.0,,
2550,2026-03-24 01:05:00.092755,EURUSD,1.15956,0.002554671005389805,53.82730741239342,1.1577810000000002,1.1565956,0.0,0.0015248037828470297,0.5989583377035871,1.15956,0.004579574764750852,57.96426701837859,1.1520845999999998,1.1702479,DOWN,1.15956,39.43405611532979,0.0007955736731838798,NORMAL,2.0,,
2552,2026-03-24 01:05:00.233347,GBPUSD,1.33963,0.00329995998527267,51.99299541866984,1.3383535,1.3370392000000002,0.0,0.002030895211612478,0.5502901641044957,1.33963,0.005783995028122136,55.195267310497194,1.3336174,1.34646715,DOWN,1.33963,34.06988910715853,0.0010864966125151848,NORMAL,6.0,,
2551,2026-03-24 01:05:00.322037,EURUSD,1.15956,0.002554671005389805,53.82730741239342,1.1577810000000002,1.1565956,0.0016538556048000252,0.0015248037828470297,0.5989583377035871,1.15956,0.004579574764750852,57.96426701837859,1.1520845999999998,1.1702479,DOWN,1.15894,35.03296671546241,0.0007830331287095234,NORMAL,2.0,,
2553,2026-03-24 01:05:00.634288,USDJPY,158.522,0.2782566590702347,44.57066754691255,158.75055,158.83164,0.0,-0.15539690595203573,0.3840705718515027,158.522,0.511703102452796,44.46596794525034,159.05318,156.61411,UP,158.522,53.55123746719905,0.12588958075708404,NORMAL,500.0,,
2555,2026-03-24 01:05:00.831872,XAUUSD,4371.65,72.80100961344317,44.85036950338867,4365.3445,4498.6206,0.0,-29.433786387959493,0.5184943240732155,4371.65,107.74972976724875,30.806417858915054,4855.8054,5027.77035,DOWN,4371.65,40.1485580704972,29.168570246148004,NORMAL,21000.0,,
2554,2026-03-24 01:05:00.941374,GBPUSD,1.33966,0.00329995998527267,52.05249998518969,1.3383550000000002,1.3370398000000001,0.0020100383883197015,0.002031373844091107,0.5514103743085845,1.33966,0.005783995028122136,55.23614897070189,1.333618,1.3464672999999998,DOWN,1.33966,34.20826230301989,0.0010864966125151848,NORMAL,6.0,SELL,ACTIVE
2556,2026-03-24 01:05:01.545321,USDJPY,158.52,0.2782566590702347,44.52622476043518,158.75045,158.8316,-0.17058222180213534,-0.15542881478394455,0.3831184414001941,158.52,0.511703102452796,44.43373021495891,159.05314,156.6141,UP,158.52,53.41537729015045,0.12588958075708404,NORMAL,500.0,,
2557,2026-03-24 01:05:01.992912,XAUUSD,4353.53,70.84619260023804,43.26958428706469,4364.3,4492.5758,-19.360538593022284,-27.50899209962715,0.46841959978607756,4353.46,109.52615898822529,30.039226921847913,4855.4416,5027.6794,DOWN,4353.46,39.03867392447333,31.165265834404405,NORMAL,21000.0,,
2558,2026-03-24 01:05:02.534117,AUDUSD,0.69898,0.0026386638081084624,45.681369965368866,0.6993320000000001,0.702499,-0.00015796639186171912,-0.00035675943874910313,0.47340391832802275,0.69898,0.004359686961063171,42.018019921392614,0.7058568,0.7063625,DOWN,0.69851,34.977494559517964,0.0009504638953261635,NORMAL,8.0,,
2559,2026-03-24 01:05:02.903536,USDCAD,1.37378,0.0018980107332652908,56.70822309763929,1.3725485000000002,1.372429,0.0001200813734660855,-2.8391407410830624e-05,0.7219256090911239,1.37378,0.003220850771718747,56.20017567565931,1.369179,1.3654665,UP,1.37378,63.9604004386076,0.0006734906144410772,NORMAL,5.0,,
2560,2026-03-24 01:05:03.278614,NZDUSD,0.58431,0.002120507454434271,50.2481212368867,0.583466,0.5844469999999999,0.0007298689487645893,0.0005819657244234121,0.5610179879866661,0.58431,0.0034008254811518485,50.25016350056885,0.5843978,0.5943429,DOWN,0.58431,39.39451456856322,0.0008352134641524405,NORMAL,9.0,,
2561,2026-03-24 01:05:03.757577,USDCHF,0.78816,0.0017252420240235933,51.5250546826883,0.7879685000000001,0.7883556,-0.0005084702134990904,-0.0006109247144184552,0.5193552136772487,0.78816,0.0032479330500013283,49.47935007180774,0.7876916,0.7776464,UP,0.78816,67.08255524212845,0.0005684808744054065,NORMAL,9.0,BUY,ACTIVE
2562,2026-03-24 02:05:00.100314,EURUSD,1.15859,0.0025157659335762637,51.226079853180195,1.1580045,1.1565966,0.0,0.0014868581646469456,0.5335251698936805,1.15859,0.004639574786689759,56.23245988917984,1.1520652,1.17024305,DOWN,1.15859,36.8418388443972,0.0008603884583596265,NORMAL,5.0,,
2564,2026-03-24 02:05:00.344916,GBPUSD,1.33961,0.003150115904691977,51.951820096349856,1.3388754999999999,1.3369792,0.0,0.0019725237068227274,0.5308699140935528,1.33961,0.00544013820931903,55.13442388160026,1.3335882000000001,1.34633815,DOWN,1.33961,37.66516053899451,0.0009970668494430179,NORMAL,6.0,,
2563,2026-03-24 02:05:00.407541,EURUSD,1.15859,0.0025157659335762637,51.226079853180195,1.1580045,1.1565966,0.0013810244097951507,0.0014868581646469456,0.5335251698936805,1.15859,0.004639574786689759,56.23245988917984,1.1520652,1.17024305,DOWN,1.15859,36.8418388443972,0.0008603884583596265,NORMAL,5.0,SELL,ACTIVE
2565,2026-03-24 02:05:00.672931,USDJPY,158.619,0.26938118342235895,47.05491306146005,158.711,158.84668,0.0,-0.1531650807637756,0.45022253787577715,158.619,0.47965287426735587,46.02682394867915,159.05034,156.62323,UP,158.619,58.576671479904675,0.11911959550110746,NORMAL,500.0,,
2567,2026-03-24 02:05:00.870658,XAUUSD,4331.39,69.32758700634344,41.265098713057604,4365.6365,4486.5876,0.0,-26.45182293422824,0.3988623330631016,4331.39,103.89561526896969,29.075505365154683,4838.6774000000005,5024.537249999999,DOWN,4331.39,37.94646370723338,31.36867295265814,NORMAL,21000.0,,
2566,2026-03-24 02:05:00.964468,GBPUSD,1.3396,0.003150115904691977,51.932416673173115,1.3388749999999998,1.3369790000000001,0.0017522798529059358,0.001972364162663155,0.5304709743539436,1.3396,0.00544013820931903,55.122627305515294,1.333588,1.3463381,DOWN,1.3396,37.57597184285031,0.0009970668494430179,NORMAL,6.0,,
2568,2026-03-24 02:05:01.615007,USDJPY,158.62,0.26938118342235895,47.08338602022117,158.71105,158.8467,-0.14811470308765706,-0.1531491263478212,0.450735432711431,158.62,0.47965287426735587,46.04320617064115,159.05036,156.623235,UP,158.62,58.62951831871157,0.11911959550110746,NORMAL,500.0,BUY,ACTIVE
2569,2026-03-24 02:05:01.968833,XAUUSD,4331.66,70.30728088389453,41.82687943350859,4363.8075,4485.856,-24.833698719446147,-27.371772739830355,0.4056641621803272,4331.66,104.8753095047441,29.736535746482986,4837.9458,5024.35435,DOWN,4331.66,39.0441404881222,32.67897921318919,NORMAL,21000.0,,
2570,2026-03-24 02:05:02.416544,AUDUSD,0.69788,0.002674728638141531,43.240518022588844,0.6994005000000001,0.7022864,-0.0003688711236933262,-0.00036313847089463605,0.3829922746369569,0.69788,0.00448611557872013,40.53183777067458,0.7058348,0.706357,DOWN,0.69788,33.768507205465866,0.0010631071555837152,NORMAL,8.0,SELL,ACTIVE
2571,2026-03-24 02:05:02.801711,USDCAD,1.37443,0.0017988671094606278,59.135582693595886,1.372633,1.3724526,0.00029131407217941607,4.103800759555463e-05,0.8064916904977126,1.37443,0.0032358507772034736,57.564306522891194,1.369192,1.36546975,UP,1.37443,68.70161341136169,0.0006037646390493957,NORMAL,5.0,,
2572,2026-03-24 02:05:03.208024,NZDUSD,0.58371,0.002069042636260394,48.35597665557062,0.5836485,0.5843888,0.0005739028375284505,0.0005803531470444199,0.5045707044878974,0.58371,0.0034408254957777784,49.01475143727354,0.5843858,0.5943399,DOWN,0.58371,35.41344031341812,0.0008084202907959216,NORMAL,9.0,SELL,ACTIVE
2573,2026-03-24 02:05:03.561905,USDCHF,0.78814,0.0016743063692463986,51.33221064272998,0.7878935,0.7883452,-0.00038577406720863294,-0.0005630866077685115,0.5253010716277271,0.78814,0.0030524174088511916,49.40021175341929,0.7878646,0.7777016,UP,0.78814,60.83099637563496,0.0005637000402438212,NORMAL,9.0,,
2574,2026-03-24 03:05:00.072280,EURUSD,1.15905,0.0024455071424024535,52.45656034444611,1.1582979999999998,1.1566224,0.0,0.0014328708012314568,0.544647136117769,1.15905,0.004400370459725436,56.84931157799039,1.1520978000000002,1.17013425,DOWN,1.15905,43.80917152817009,0.0008088523406155058,NORMAL,11.0,,
2576,2026-03-24 03:05:00.291138,GBPUSD,1.33987,0.0030543423196629526,52.38063529885894,1.339446,1.3369384000000002,0.0,0.0019031850121844327,0.5193778827579283,1.33987,0.005550852535515794,55.43897282053146,1.3335934,1.34633945,DOWN,1.33987,41.9185119187113,0.0009571154397541321,NORMAL,6.0,,
2575,2026-03-24 03:05:00.332624,EURUSD,1.15905,0.0024455071424024535,52.45656034444611,1.1582979999999998,1.1566224,0.0012252176438658502,0.0014328708012314568,0.544647136117769,1.15905,0.004400370459725436,56.84931157799039,1.1520978000000002,1.17013425,DOWN,1.15905,43.80917152817009,0.0008088523406155058,NORMAL,11.0,,
2578,2026-03-24 03:05:00.613818,USDJPY,158.694,0.26071620093300707,49.1713426221053,158.66840000000002,158.86426,0.0,-0.1468249642596626,0.5154944323182485,158.694,0.48965287792383927,47.22849990973975,159.05184,156.623605,UP,158.694,61.25166944233768,0.11302657655297614,NORMAL,500.0,,
2577,2026-03-24 03:05:00.660701,GBPUSD,1.33987,0.0030543423196629526,52.38063529885894,1.339446,1.3369384000000002,0.0015964741082752365,0.0019031850121844327,0.5193778827579283,1.33987,0.005550852535515794,55.43897282053146,1.3335934,1.34633945,DOWN,1.33987,41.9185119187113,0.0009571154397541321,NORMAL,6.0,,
2579,2026-03-24 03:05:00.951894,XAUUSD,4368.9,73.36728088389447,45.84150883933396,4365.669499999999,4486.6008,0.0,-26.777630289687856,0.5095170331395049,4368.9,107.93531062362764,33.20839787427252,4838.6906,5024.54055,DOWN,4368.9,48.06404331251161,33.53480212563822,NORMAL,21000.0,,
2580,2026-03-24 03:05:01.368937,USDJPY,158.694,0.26071620093300707,49.1713426221053,158.66840000000002,158.86426,-0.12427247545116415,-0.1468249642596626,0.5154944323182485,158.694,0.48965287792383927,47.22849990973975,159.05184,156.623605,UP,158.694,61.25166944233768,0.11302657655297614,NORMAL,500.0,,
2581,2026-03-24 03:05:01.759522,XAUUSD,4351.96,69.9449240860653,44.30318554193568,4372.1185000000005,4480.7128,-23.146430500852148,-26.086362411692985,0.4352285885587176,4351.96,108.50102511619437,31.672609120430437,4838.3518,5024.45585,DOWN,4351.96,44.80120519580208,32.13654690353575,NORMAL,21000.0,,
2582,2026-03-24 03:05:02.098098,AUDUSD,0.6977,0.002680921490519178,43.50541184812677,0.699458,0.7020622,-0.0005827853304157804,-0.00041906556359660557,0.3620053542200736,0.6977,0.004294607294498344,40.85359877077005,0.7054694,0.70634215,DOWN,0.6977,39.36169684349222,0.0010769363152936127,NORMAL,8.0,,
2583,2026-03-24 03:05:02.420594,USDCAD,1.37465,0.0017484888465399615,59.335490931710105,1.3727325000000001,1.3724812,0.00044423711083907413,0.00012818722995364552,0.8064366924245553,1.37465,0.0030828307838628955,57.73323084469559,1.3695214000000002,1.3655146999999999,UP,1.37465,64.85371239886595,0.0005712633187043133,NORMAL,5.0,,
2584,2026-03-24 03:05:02.773511,NZDUSD,0.58394,0.0020204375499968882,49.19425865081354,0.583864,0.5843326000000001,0.0004548918841194016,0.0005534739998725236,0.5059027866737638,0.58394,0.0032610726277144736,49.554117554171995,0.5842392,0.59425825,DOWN,0.58394,41.85550041085947,0.0007731407073282564,NORMAL,9.0,,
2585,2026-03-24 03:05:03.181675,USDCHF,0.78852,0.0016085906081777903,52.87526102305607,0.787856,0.7883473999999999,-0.0002563667384445356,-0.0004991899273509998,0.5687611388491373,0.78852,0.003095988853354444,50.36943651074817,0.7878722,0.7777034999999999,UP,0.78852,63.12527470302993,0.000539702113902393,NORMAL,9.0,,
2586,2026-03-24 04:05:00.082771,EURUSD,1.15846,0.0023315423465165653,50.83725726791268,1.1585625,1.156635,0.0,0.0013448078239928578,0.4935917088766133,1.15846,0.0044089418914310015,56.0081946831574,1.152086,1.1701313,DOWN,1.15846,40.20904957159613,0.0007664178224366029,NORMAL,5.0,,
2588,2026-03-24 04:05:00.342824,GBPUSD,1.33963,0.002913062766217645,51.82225516347657,1.3398825,1.3368988,0.0,0.001802832045534779,0.4875801444090036,1.33963,0.005550852535515794,55.15799843828504,1.3335886000000001,1.34633825,DOWN,1.33963,40.65027751218607,0.000865037202582907,NORMAL,6.0,,
2587,2026-03-24 04:05:00.374065,EURUSD,1.15846,0.0023315423465165653,50.83725726791268,1.1585625,1.156635,0.0010219120403944792,0.0013448078239928578,0.4935917088766133,1.15846,0.0044089418914310015,56.0081946831574,1.152086,1.1701313,DOWN,1.15846,40.20904957159613,0.0007664178224366029,NORMAL,5.0,,
2589,2026-03-24 04:05:00.717888,GBPUSD,1.33963,0.002913062766217645,51.82225516347657,1.3398825,1.3368988,0.0014046110621270813,0.001802832045534779,0.4875801444090036,1.33963,0.005550852535515794,55.15799843828504,1.3335886000000001,1.34633825,DOWN,1.33963,40.65027751218607,0.000865037202582907,NORMAL,6.0,,
2590,2026-03-24 04:05:00.733509,USDJPY,158.753,0.2504966763765675,50.83142441276345,158.6361,158.87792,0.0,-0.13696342814899207,0.578373226185303,158.753,0.4934385935937931,48.13686186879698,159.05302,156.6239,UP,158.753,64.28897689195975,0.10109762893349272,NORMAL,500.0,,
2591,2026-03-24 04:05:01.009425,XAUUSD,4347.24,70.21420980035097,43.89906699574079,4371.882500000001,4480.6184,0.0,-26.16166725499808,0.4208937002972094,4347.24,108.50102511619437,31.23202948185248,4838.2573999999995,5024.43225,DOWN,4347.24,43.88806357744893,29.875408579144974,NORMAL,21000.0,,
2592,2026-03-24 04:05:01.566859,USDJPY,158.753,0.2504966763765675,50.83142441276345,158.6361,158.87792,-0.09987853726758544,-0.13696342814899207,0.578373226185303,158.753,0.4934385935937931,48.13686186879698,159.05302,156.6239,UP,158.753,64.28897689195975,0.10109762893349272,NORMAL,500.0,,
2593,2026-03-24 04:05:01.983053,XAUUSD,4352.79,66.45549073297896,44.53880380513163,4379.311500000001,4474.7006,-23.939600416494613,-25.7168709813144,0.40167027484838097,4352.79,108.50102511619437,31.749500940288257,4838.3684,5024.46,DOWN,4352.79,45.71566671979757,27.7143825160019,NORMAL,21000.0,,
2594,2026-03-24 04:05:02.337113,AUDUSD,0.69666,0.002560855669767808,40.713049286927316,0.699479,0.701813,-0.0008240012150267928,-0.0005116675086974452,0.27567929959705767,0.69666,0.004294607294498344,38.975872835367,0.7054486,0.7063369500000001,DOWN,0.69666,35.596005438540615,0.0009973189201956231,NORMAL,8.0,,
2595,2026-03-24 04:05:02.758853,USDCAD,1.37544,0.0016592090309707917,62.74731161294521,1.3728805,1.372526,0.0006221582916983159,0.00023361847933962458,0.8741137803661354,1.37544,0.003101402219224929,59.594169579376306,1.3695372000000001,1.3655186499999998,UP,1.37544,70.89605035800403,0.0005170290911414151,NORMAL,5.0,,
2596,2026-03-24 04:05:03.113031,NZDUSD,0.58331,0.0019232124188746688,47.05510267690597,0.5840585,0.5842266,0.0002934026065720685,0.000496992484745201,0.4380746360264731,0.58331,0.00328250120697837,48.18549541344373,0.5842266,0.5942551,DOWN,0.58331,37.09426813927846,0.0007048006729034091,NORMAL,9.0,,
2597,2026-03-24 04:05:03.435475,USDCHF,0.78849,0.0015356300545324422,52.783351509058896,0.7877194999999999,0.7883412,-0.00017434158191409477,-0.0004357518821952487,0.583923229217997,0.78849,0.003095988853354444,50.29312646019733,0.7878716,0.77770335,UP,0.78849,60.992519947440854,0.0005027271134580959,NORMAL,9.0,,
2598,2026-03-24 05:05:00.808323,EURUSD,1.1577600000000001,0.0022221464646225344,48.699481485197126,1.1587905,1.1566554,0.0008091089147721497,0.0012346047942854565,0.43192666976005134,1.1577600000000001,0.004447513334106004,54.74218569365182,1.152072,1.1701278000000002,DOWN,1.1577600000000001,35.43420155865613,0.0006832572838299019,NORMAL,2.0,,
2600,2026-03-24 05:05:01.474502,EURUSD,1.15767,0.002091278860006647,48.35361164150931,1.1592125000000002,1.1566868,0.0,0.0011221507582484607,0.3756372465158903,1.15767,0.004447513334106004,54.58355344157181,1.1520702,1.17012735,DOWN,1.15767,35.90916885244131,0.000660396733421061,NORMAL,2.0,,
2599,2026-03-24 05:05:01.703801,GBPUSD,1.33891,0.002814425629855148,50.1120311800329,1.3404695,1.3368493999999997,0.0011691914270532955,0.0016730406739751873,0.40459393495998286,1.33891,0.0055779954025833925,54.18143107423185,1.3335742000000002,1.34633465,DOWN,1.33891,38.60387853723863,0.0008129796590800986,NORMAL,6.0,,
2602,2026-03-24 05:05:02.214528,GBPUSD,1.33891,0.002814425629855148,50.1120311800329,1.3404695,1.3368493999999997,0.0,0.0016730406739751873,0.40459393495998286,1.33891,0.0055779954025833925,54.18143107423185,1.3335742000000002,1.34633465,DOWN,1.33891,38.60387853723863,0.0008129796590800986,NORMAL,6.0,,
2601,2026-03-24 05:05:02.308225,USDJPY,158.748,0.2370683423496699,50.670271266335895,158.5964,158.8868,-0.0822780117078139,-0.1260135813279929,0.6231094448262057,158.748,0.49608145170300677,48.06109658270878,159.05292,156.623875,UP,158.748,62.080261480857914,0.0882541905293813,NORMAL,300.0,,
2604,2026-03-24 05:05:02.771609,USDJPY,158.748,0.2370683423496699,50.670271266335895,158.5964,158.8868,0.0,-0.1260135813279929,0.6231094448262057,158.748,0.49608145170300677,48.06109658270878,159.05292,156.623875,UP,158.748,62.080261480857914,0.0882541905293813,NORMAL,300.0,,
2603,2026-03-24 05:05:02.896711,XAUUSD,4342.24,68.12906216155041,43.44676340886127,4378.784000000001,4474.4896,-24.78119585809054,-25.885190069633584,0.3650301274047452,4342.24,108.50102511619437,30.759073786716655,4838.1574,5024.40725,DOWN,4342.24,43.54515180587579,26.286013193631167,NORMAL,17000.0,,
2606,2026-03-24 05:05:03.312852,XAUUSD,4326.05,64.1441291500111,41.9966981885413,4382.092500000001,4467.2894,0.0,-26.282960464786505,0.27555776588943376,4326.05,108.50102511619437,29.181989821427067,4837.833600000001,5024.3263,DOWN,4326.05,39.76503552693989,24.947150666972036,NORMAL,18000.0,,
2605,2026-03-24 05:05:03.453595,AUDUSD,0.69636,0.002442937407641534,39.99853446613025,0.699468,0.7015746,-0.0009651116407229932,-0.0006012076171538457,0.25355847264480014,0.69636,0.004328893021320564,38.59036944496629,0.7054426,0.70633545,DOWN,0.69636,34.66805136548312,0.0008687452189252112,NORMAL,2.0,,
2607,2026-03-24 05:05:04.564016,USDCAD,1.37583,0.0015812553246769719,64.18713007083849,1.3730015,1.3725768,0.0007530764801944034,0.00033751007951058037,0.8861657691161609,1.37583,0.00313354508812077,60.35385414391116,1.369545,1.3655206000000002,UP,1.37583,73.36722766764248,0.0004396558871871409,NORMAL,2.0,,
2608,2026-03-24 05:05:05.058623,NZDUSD,0.58264,0.0018439523481387186,44.80342400258248,0.5842015,0.5841145999999999,0.0001239568246800271,0.0004207260934728961,0.36370664974559225,0.58264,0.0033253583655061467,46.824534700349446,0.5842132,0.5942517500000001,DOWN,0.58264,31.90349121916273,0.0006117920629784662,NORMAL,5.0,,
2609,2026-03-24 05:05:05.688722,USDCHF,0.78881,0.0014745136220658385,54.163281071532346,0.787523,0.7883450000000001,-6.397678118097438e-05,-0.0003590994260949579,0.6632806803982713,0.78881,0.003121703148471115,51.0951973773516,0.7878780000000001,0.77770495,UP,0.78881,62.76398087097769,0.0004567443803353474,NORMAL,4.0,,
2610,2026-03-24 06:05:00.105083,EURUSD,1.15816,0.0021319931457209297,49.96645631178217,1.159237,1.1566965999999999,0.0,0.0011299684220661382,0.412861128381791,1.15816,0.0044503704780078585,55.45851948433604,1.15208,1.1701298,DOWN,1.15816,41.50960092769002,0.0006375798599702799,NORMAL,2.0,,
2611,2026-03-24 06:05:00.302668,GBPUSD,1.34098,0.002771456452212422,54.8988601814338,1.3412549999999999,1.336881,0.0,0.0015925700347611004,0.4700473477512534,1.34098,0.005278597757589753,56.78842710443529,1.3336358000000001,1.34622045,DOWN,1.3409900000000001,56.45299875265775,0.0008881436392948745,NORMAL,6.0,,
2612,2026-03-24 06:05:00.474470,USDJPY,158.637,0.23985427707979498,47.443284528120486,158.54119999999998,158.88938,0.0,-0.11908917426819686,0.6277623666278302,158.636,0.46743277143617,46.31270698808486,159.04606,156.63216500000001,UP,158.636,51.44203148031392,0.09607407623620541,NORMAL,300.0,,
2614,2026-03-24 06:05:00.734585,XAUUSD,4335.68,65.19484343572539,42.949450444252854,4382.574,4467.482,0.0,-26.129319439145423,0.31092622111414725,4335.68,108.50102511619437,30.12859927120482,4838.0262,5024.37445,DOWN,4357.54,49.92267873394138,24.118121236506905,NORMAL,18000.0,,
2613,2026-03-24 06:05:00.828367,EURUSD,1.1586,0.0020637895536796337,51.45790788101105,1.1597475000000002,1.1567586,0.0006284536620748682,0.0010318352706376798,0.3415229320686495,1.1586,0.004186058297873156,56.18775335875372,1.1521540000000001,1.1700219,DOWN,1.1586,47.80449696303115,0.0006822902976744812,NORMAL,2.0,,
2615,2026-03-24 06:05:01.338814,GBPUSD,1.34098,0.002771456452212422,54.8988601814338,1.3412549999999999,1.336881,0.001210060697278026,0.0015925700347611004,0.4700473477512534,1.34098,0.005278597757589753,56.78842710443529,1.3336358000000001,1.34622045,DOWN,1.34098,56.3876896260729,0.0008881436392948745,NORMAL,6.0,,
2616,2026-03-24 06:05:01.864810,USDJPY,158.638,0.23985427707979498,47.47585194130508,158.54125,158.8894,-0.08371747195494095,-0.11907321985224245,0.6290107196468467,158.638,0.46743277143617,46.34760687176185,159.0461,156.63217500000002,UP,158.638,51.602805930789714,0.09607407623620541,NORMAL,300.0,,
2617,2026-03-24 06:05:02.234390,XAUUSD,4357.6,63.6871505372552,45.62769456746888,4388.3515,4460.9026,-24.619917737950345,-25.67925448352174,0.35766628810277823,4357.6,102.0959500948809,32.26408199653285,4822.0388,5021.42605,DOWN,4357.6,49.72173792951935,26.255937981497617,NORMAL,18000.0,,
2618,2026-03-24 06:05:02.578235,AUDUSD,0.69634,0.0023681867764834695,39.91237388072984,0.6995834999999999,0.7013297999999999,-0.001058956228808472,-0.0006900769976044143,0.22875208910956982,0.69634,0.004358893032290017,38.56494018303294,0.7054421999999999,0.7063353499999999,DOWN,0.69634,38.23768547597098,0.0008749134037474211,NORMAL,4.0,,
2619,2026-03-24 06:05:02.932286,USDCAD,1.37572,0.0015104513729143375,63.81751871809464,1.3730295,1.372636,0.0008259726317385585,0.00043264988340344177,0.860466470726158,1.37572,0.003141402233850867,60.14249186292032,1.3695428,1.36552005,UP,1.37572,66.59708868057396,0.0004278604062484809,NORMAL,4.0,,
2620,2026-03-24 06:05:03.348495,NZDUSD,0.5825,0.0017736700375573875,44.25363449483465,0.5844385,0.5839968,3.3737979270309637e-06,0.00034070178820986804,0.3061794217718599,0.5825,0.0033503583746473577,46.54980830369206,0.5842104,0.59425105,DOWN,0.5825,34.461779369130085,0.0006067496276038189,NORMAL,7.0,,
2621,2026-03-24 06:05:03.843030,USDCHF,0.78822,0.0014436299959999018,51.24818622680435,0.7872235,0.7883166,-5.9731151749842226e-05,-0.00030433118433134996,0.6917455535589612,0.78822,0.002938010037969132,49.56653740821055,0.7880114,0.77775965,UP,0.78822,52.906771340713185,0.00047972984617441393,NORMAL,4.0,,
2622,2026-03-24 07:05:00.156998,EURUSD,1.15816,0.0020787895536796526,49.92463115420682,1.1597255,1.1567498,0.0,0.0010248153276177319,0.2858378137785299,1.15816,0.004201058303357898,55.434805624022715,1.1521451999999999,1.1700197,DOWN,1.15816,43.13039456658313,0.0006718836190016303,NORMAL,2.0,,
2624,2026-03-24 07:05:00.401557,GBPUSD,1.34226,0.0027186993586870616,57.66328962693577,1.3415949999999999,1.3369252,0.0,0.0015330264664495294,0.5883265442911298,1.34226,0.005387883511835615,58.24560396065713,1.3336614,1.3462268499999999,DOWN,1.34226,65.99980265641932,0.0009926150717817878,NORMAL,6.0,,
2623,2026-03-24 07:05:00.448563,EURUSD,1.15972,0.0020234168304576246,55.094307591755474,1.15998,1.1568532,0.0006826136296413932,0.0009692661561136156,0.4569548843787669,1.15972,0.004273201186879661,57.84457974540064,1.1521763999999999,1.1700275,DOWN,1.15972,60.46896108248129,0.0007453951557829668,NORMAL,2.0,,
2626,2026-03-24 07:05:00.739825,USDJPY,158.582,0.2330024409618501,45.79612820960521,158.5221,158.89276,0.0,-0.11234571516159225,0.5917483136521123,158.582,0.472575630459504,45.49318903499076,159.04498,156.63189500000001,UP,158.584,46.341218811828156,0.0957662418225893,NORMAL,300.0,,
2625,2026-03-24 07:05:00.802447,GBPUSD,1.34226,0.0027186993586870616,57.66328962693577,1.3415949999999999,1.3369252,0.0012827268370778633,0.0015330264664495294,0.5883265442911298,1.34226,0.005387883511835615,58.24560396065713,1.3336614,1.3462268499999999,DOWN,1.34226,65.99980265641932,0.0009926150717817878,NORMAL,6.0,,
2627,2026-03-24 07:05:01.130478,USDJPY,158.584,0.2330024409618501,45.85586645456183,158.5222,158.8928,-0.08297871634198373,-0.11231380632967775,0.5946357761609807,158.584,0.472575630459504,45.52242023549321,159.04502,156.63190500000002,UP,158.584,46.341218811828156,0.0957662418225893,NORMAL,300.0,,
2628,2026-03-24 07:05:01.203312,XAUUSD,4384.99,66.19215053725524,48.75209838541982,4389.721,4461.4504,0.0,-25.242263030530314,0.47790798004148405,4407.88,105.38880844176549,36.864270003273106,4823.0444,5021.67745,DOWN,4407.88,62.06632065606781,26.54336227189056,NORMAL,17000.0,,
2629,2026-03-24 07:05:01.807906,XAUUSD,4408.29,63.06235407030836,51.187713275041574,4397.5345,4455.4436000000005,-16.776046070672237,-23.331911946251083,0.5592394072889573,4408.29,105.86380861544838,36.899214590346595,4823.0526,5021.6795,DOWN,4408.16,61.48166123793797,26.951791348705044,NORMAL,17000.0,,
2630,2026-03-24 07:05:02.427718,AUDUSD,0.69766,0.0023158673128570945,44.53414982016941,0.699868,0.7011252,-0.0010103778432410948,-0.000750435742230325,0.2770270148734177,0.69766,0.004151114952286756,41.109969457509614,0.7051000000000001,0.7063263499999999,DOWN,0.69766,50.903783349771544,0.0008670765337775246,NORMAL,2.0,,
2631,2026-03-24 07:05:02.797283,USDCAD,1.37588,0.0014614905605633065,64.50352363255047,1.3730559999999998,1.37269,0.0008933925021357148,0.0005236496892011518,0.8709680750419624,1.37588,0.0029713020207487485,60.48573246676798,1.369894,1.36556515,UP,1.37588,65.771025164565,0.00045039661693890707,NORMAL,2.0,,
2632,2026-03-24 07:05:03.172320,NZDUSD,0.58335,0.0016983058512012358,47.669610565472055,0.5847925,0.5839078,-1.4955058734833493e-05,0.0002748034672539831,0.2896580938942088,0.58335,0.0031610470441513065,48.40609367141385,0.5840706,0.59417025,DOWN,0.58335,47.324408104563965,0.0005857786886801934,NORMAL,7.0,,
2633,2026-03-24 07:05:03.510640,USDCHF,0.78794,0.0014069931595509341,49.819676058312304,0.7871309999999999,0.7882858,-6.353086183419343e-05,-0.00025834092040171434,0.6717023810329805,0.78794,0.0029837243403987718,48.81688635955335,0.7880058000000001,0.77775825,UP,0.78794,47.063829816562965,0.0005102583853628488,NORMAL,2.0,,
2634,2026-03-24 08:05:00.099751,EURUSD,1.16003,0.0021591311161719114,56.04018370582136,1.1599955,1.1568594,0.0,0.0009742120250594315,0.5057163693407064,1.16003,0.0044089155222176366,58.28125281386275,1.1521826,1.17002905,DOWN,1.16003,57.22203812992702,0.000899414300813488,NORMAL,2.0,,
2636,2026-03-24 08:05:00.313014,GBPUSD,1.34237,0.0027483330779645137,57.2759947456021,1.341606,1.3369886000000002,0.0,0.0015103730432251899,0.601129614619023,1.34237,0.005534312136805527,58.36625758061209,1.3336636000000002,1.3462273999999999,DOWN,1.34237,57.92877432086746,0.0011950435492426507,NORMAL,6.0,,
2635,2026-03-24 08:05:00.375644,EURUSD,1.16003,0.0021591311161719114,56.04018370582136,1.1599955,1.1568594,0.0007073429743704729,0.0009742120250594315,0.5057163693407064,1.16003,0.0044089155222176366,58.28125281386275,1.1521826,1.17002905,DOWN,1.16003,57.22203812992702,0.000899414300813488,NORMAL,2.0,,
2638,2026-03-24 08:05:00.714033,USDJPY,158.456,0.23154818497478008,42.248263241109534,158.51495,158.89152,0.0,-0.10999141783468411,0.4097446899728245,158.456,0.4829327771037186,43.724362111602005,159.04246,156.631265,UP,158.456,40.38717123900368,0.10551019021392939,NORMAL,300.0,,
2637,2026-03-24 08:05:00.776652,GBPUSD,1.34236,0.0027483330779645137,57.24817736413944,1.3416055,1.3369884,0.0013691838517522203,0.0015102134990656172,0.5998833030806119,1.34236,0.005534312136805527,58.35531789058701,1.3336634,1.3462273500000002,DOWN,1.34236,57.862393151382356,0.0011950435492426507,NORMAL,6.0,,
2639,2026-03-24 08:05:01.120146,USDJPY,158.459,0.23154818497478008,42.33044329322554,158.5151,158.89158,-0.09471895787183371,-0.10994355458682656,0.4140789033065776,158.459,0.4829327771037186,43.76487706847691,159.04252,156.63128,UP,158.459,40.55454237296126,0.10551019021392939,NORMAL,300.0,,
2640,2026-03-24 08:05:01.224121,XAUUSD,4409.85,63.85521121316553,51.351031017580844,4397.6125,4455.4748,0.0,-23.307023057361974,0.5673711436482578,4409.85,106.65666604821236,37.031821629397875,4823.0838,5021.6873,DOWN,4409.85,59.86766256102988,25.95529164965839,NORMAL,17000.0,,
2641,2026-03-24 08:05:01.781673,XAUUSD,4406.95,60.84958388161286,50.91899588543237,4399.379999999999,4449.3297999999995,-12.771252267316413,-21.105801662885774,0.5417220962522399,4406.95,107.16023766091381,36.78486180695213,4823.0258,5021.672799999999,DOWN,4406.95,57.9196109716489,25.65227976947327,NORMAL,18000.0,,
2642,2026-03-24 08:05:02.125344,AUDUSD,0.69826,0.002448407402755062,46.622282614866165,0.6999044999999999,0.7009358,-0.0008688588688919863,-0.000761229199471488,0.33201304483075667,0.69826,0.00440825790345345,42.30595196645583,0.7051120000000001,0.7063293500000001,DOWN,0.69826,51.85990621045049,0.0010938349960922108,NORMAL,2.0,,
2643,2026-03-24 08:05:02.723773,USDCAD,1.37442,0.0015715371531761224,55.29347860494495,1.373076,1.3726982,0.0007753027132308965,0.000563641832468648,0.6792950385587958,1.37442,0.0031748735237557123,56.39093394494692,1.3698648,1.3655578499999999,UP,1.37442,46.98049351811209,0.0006838354208425619,NORMAL,1.0,,
2644,2026-03-24 08:05:03.051984,NZDUSD,0.58449,0.0017703146169317648,52.326073118116675,0.5849925,0.5838483999999999,7.189297020293584e-05,0.00024162421684660698,0.41336084899389114,0.58449,0.0033424756819189143,50.924317318761204,0.5840934,0.59417595,DOWN,0.58449,55.96931474430445,0.0007292495597400364,NORMAL,7.0,,
2645,2026-03-24 08:05:03.562305,USDCHF,0.7864,0.0014490956889707616,43.258563094794,0.787091,0.7881870000000001,-0.0002851752452880385,-0.0002859163323875323,0.3471971880201152,0.7864,0.0030972958104973918,45.06800581015713,0.787975,0.7777505499999999,UP,0.7864,35.31606951057462,0.000600586435387654,NORMAL,4.0,,
2646,2026-03-24 09:05:00.159759,EURUSD,1.15923,0.0021377646078739156,52.46873734582439,1.159935,1.1569556,0.0,0.0009322660593926834,0.3827019081974952,1.15923,0.0044089155222176366,57.13539669909759,1.1521666,1.17002505,DOWN,1.15923,49.32522725359821,0.0009270341012802418,NORMAL,2.0,,
2648,2026-03-24 09:05:00.372909,GBPUSD,1.33936,0.002818758266273172,50.03032738982356,1.3413295,1.3369026,0.0,0.0013497944759000649,0.2564279071296719,1.33936,0.005612883594106467,54.6587414109524,1.3336034,1.34621235,DOWN,1.33936,42.60113576932678,0.001279723684774749,NORMAL,6.0,,
2647,2026-03-24 09:05:00.435551,EURUSD,1.15923,0.0020926181562910895,52.43837350709035,1.1598785,1.1570141999999999,0.000631917805475446,0.0008670909955038031,0.39352814255599494,1.15923,0.0044089155222176366,57.13539669909759,1.1521666,1.17002505,DOWN,1.15923,49.496365282036855,0.0009734431466684427,NORMAL,2.0,,
2650,2026-03-24 09:05:00.727292,USDJPY,158.641,0.22989678400719363,48.347322224256395,158.5341,158.89998,0.0,-0.09960278114655849,0.6603879877431648,158.641,0.4829327771037186,46.39987170402395,159.04616,156.63218999999998,UP,158.641,53.6273666770408,0.10683946639014333,NORMAL,300.0,,
2649,2026-03-24 09:05:00.774157,GBPUSD,1.33936,0.002818758266273172,50.03032738982356,1.3413295,1.3369026,0.0009244602635798405,0.0013497944759000649,0.2564279071296719,1.33936,0.005612883594106467,54.6587414109524,1.3336034,1.34621235,DOWN,1.33936,42.60113576932678,0.001279723684774749,NORMAL,6.0,,
2652,2026-03-24 09:05:01.149070,XAUUSD,4398.21,61.87958388161293,49.94900779496727,4398.943,4449.155,0.0,-21.245243258327307,0.495956975311067,4413.32,107.16023766091381,37.32479789065016,4823.1532,5021.704650000001,DOWN,4413.32,58.83519977521667,24.300018951100217,NORMAL,17000.0,,
2651,2026-03-24 09:05:01.237787,USDJPY,158.64,0.22989678400719363,48.31637380066653,158.53404999999998,158.89996,-0.07076390390969323,-0.09961873556250721,0.6589947294508903,158.64,0.4829327771037186,46.38246141097954,159.04614,156.63218500000002,UP,158.64,53.55422722467015,0.10683946639014333,NORMAL,300.0,,
2653,2026-03-24 09:05:01.810647,XAUUSD,4413.4,58.259613604354854,51.660483132535305,4396.3965,4443.9346,-9.212604203969931,-18.66104707138736,0.6020060389475115,4413.37,107.16023766091381,37.32899952698653,4823.154200000001,5021.7049,DOWN,4413.37,58.83202174615957,23.490641707092628,NORMAL,21000.0,,
2654,2026-03-24 09:05:02.180116,AUDUSD,0.69695,0.0024435211597011244,42.95683020352739,0.6996344999999999,0.7007204,-0.000875056896091575,-0.0007755708071715679,0.22068838970519614,0.69695,0.00440825790345345,39.629058789953,0.7050858000000001,0.7063227999999999,DOWN,0.69631,40.47483573106101,0.0010612102106945752,NORMAL,4.0,,
2655,2026-03-24 09:05:02.831074,USDCAD,1.37517,0.0015599987850921074,58.43123006176993,1.3733305,1.3727150000000001,0.0007616120623152867,0.000598513371315446,0.764058543352254,1.37517,0.0031748735237557123,58.55584040761822,1.3698797999999999,1.3655616000000002,UP,1.37517,53.93971576034859,0.0007056058432412021,NORMAL,2.0,,
2656,2026-03-24 09:05:03.169387,NZDUSD,0.58283,0.0018031492871509213,45.79411717066068,0.584888,0.583757,-1.4156751284244429e-05,0.00019365890641131898,0.16261243280000537,0.58283,0.003362475689231883,47.19026644494056,0.5840602,0.5941676499999999,DOWN,0.58283,42.228382743713325,0.0007773957612660473,NORMAL,7.0,,
2657,2026-03-24 09:05:03.513237,USDCHF,0.78693,0.00144109905812592,46.010017716992444,0.787131,0.7881474,-0.0002589731695618047,-0.00027108268557734486,0.4550591774782006,0.78693,0.0031087243861048037,46.29145954126815,0.7879856000000001,0.7777531999999999,UP,0.78693,43.433029337775785,0.0006326954564368091,NORMAL,4.0,,
2658,2026-03-24 10:05:00.082355,EURUSD,1.15897,0.0021583324420053774,51.63604625558684,1.1598655,1.157009,0.0,0.0008629428473556722,0.35364058966810785,1.15897,0.004416058381972266,56.7493186203555,1.1521614,1.17002375,DOWN,1.15897,48.54844750339048,0.0009947947618524013,NORMAL,2.0,,
2659,2026-03-24 10:05:00.404996,GBPUSD,1.33997,0.0028110918594985703,51.267986233212575,1.341159,1.3368664000000001,0.0,0.0012668624236432868,0.34253738762476815,1.33997,0.005322728598864357,55.454192747768595,1.3336834,1.3461067,DOWN,1.33997,47.26921333647945,0.00130116674363176,NORMAL,6.0,,
2660,2026-03-24 10:05:00.498725,EURUSD,1.1592500000000001,0.0020804923696172246,52.37589087632843,1.1597765,1.1570584,0.0006032320767532795,0.0008173824596169582,0.41067924434112535,1.1592500000000001,0.004157054173438314,57.02564097333075,1.1522774,1.16992755,DOWN,1.1592500000000001,50.29571404167213,0.000984635344803092,NORMAL,2.0,,
2661,2026-03-24 10:05:00.654969,USDJPY,158.707,0.226802115761783,50.60918298616655,158.5475,158.90806,0.0,-0.09147694869512327,0.7361871205898283,158.707,0.4587794112894278,47.61926140564241,159.03788,156.64078,UP,158.707,55.9311193314822,0.10716219159127413,NORMAL,300.0,,
2663,2026-03-24 10:05:00.899842,XAUUSD,4411.58,59.11032789006913,51.443382872463644,4396.3055,4443.8982,0.0,-18.69008410842423,0.5917152419029207,4411.58,107.16023766091381,37.17822918570648,4823.1184,5021.695949999999,DOWN,4411.58,57.47016738774391,22.721532168544844,NORMAL,17000.0,,
2662,2026-03-24 10:05:00.962470,GBPUSD,1.33995,0.0028110918594985703,51.22164571452414,1.341158,1.3368659999999999,0.0008780174054991985,0.0012665433353241861,0.34007776957927227,1.33995,0.005322728598864357,55.4212247859099,1.3336829999999997,1.3461066,DOWN,1.33995,47.16398263456088,0.00130116674363176,NORMAL,6.0,,
2664,2026-03-24 10:05:01.441287,USDJPY,158.709,0.226802115761783,50.6736153802734,158.54760000000002,158.90810000000002,-0.05830353341931982,-0.09144503986321445,0.738859140105714,158.709,0.4587794112894278,47.65503763513009,159.03792,156.64079,UP,158.709,56.04188496364679,0.10716219159127413,NORMAL,300.0,,
2665,2026-03-24 10:05:01.873321,XAUUSD,4420.43,56.62015140812543,52.3424531502912,4395.3465,4439.2172,-5.27869749365982,-15.8180130532777,0.6557714180483055,4420.43,100.45593079253389,38.08380245770907,4808.732800000001,5019.39035,DOWN,4420.43,58.91688800852895,22.297603956969866,NORMAL,18000.0,,
2666,2026-03-24 10:05:02.289655,AUDUSD,0.69608,0.002402606382987773,40.808655755859355,0.699259,0.7004696,-0.0010212417865819168,-0.0008331289346775398,0.17357325686153996,0.69608,0.004487543646729841,38.1846099804586,0.7050683999999999,0.7063184499999999,DOWN,0.69608,41.017757960460806,0.001059231065515872,NORMAL,4.0,,
2667,2026-03-24 10:05:02.893537,USDCAD,1.3743699999999999,0.0015285703004426718,54.21101871346662,1.373482,1.3727192,0.0006774933180269116,0.0006093315828799998,0.6351050028644908,1.3743699999999999,0.0031748735237557123,56.25228459915863,1.3698638,1.3655575999999998,UP,1.3743699999999999,46.6560064571905,0.0007125594163030874,NORMAL,1.0,,
2668,2026-03-24 10:05:03.231911,NZDUSD,0.58188,0.001779914133987081,42.71061747048668,0.5846665000000001,0.5836348,-0.00020546455956316212,0.00010706954085173747,0.08646682218001152,0.58188,0.0034353328587291136,45.22457130527675,0.5840412,0.5941629,DOWN,0.58188,37.41958142828783,0.0007683288373472269,NORMAL,5.0,,
2669,2026-03-24 10:05:03.559939,USDCHF,0.78673,0.0014289287172393784,45.420044601552036,0.7871805000000001,0.7880951999999999,-0.00032233342078125116,-0.0002864382457235412,0.39281940601137805,0.78673,0.002922386900180252,45.94642481767434,0.7880758,0.7777943999999999,UP,0.78673,42.58091459764953,0.0006303911297567038,NORMAL,4.0,,
2670,2026-03-24 11:05:00.083054,EURUSD,1.1585,0.0021047780839029396,49.88117853970599,1.159739,1.1570434,0.0,0.0008054166476511498,0.2930973701662404,1.1585,0.0041813398966040576,55.511099947910104,1.1522624000000001,1.1699238,DOWN,1.1585,44.68228870966316,0.0009469794624472705,NORMAL,2.0,,
2672,2026-03-24 11:05:00.436945,GBPUSD,1.34033,0.0027017281552486672,52.02764568356992,1.341281,1.3368504,0.0,0.0011890438858166146,0.3658743967752855,1.34033,0.005355585753735649,56.018208254007746,1.3336906,1.3461085,DOWN,1.34033,49.63689531664087,0.0012377050987343074,NORMAL,6.0,,
2671,2026-03-24 11:05:00.483982,EURUSD,1.15914,0.0020008653636241452,51.982961267167596,1.1597665000000001,1.1570916,0.0005039154494477227,0.0007451164080104645,0.3941591419010828,1.15914,0.0041813398966040576,56.79835721330799,1.1522752,1.169927,DOWN,1.15914,49.996686795617556,0.0009257458989820037,NORMAL,2.0,,
2673,2026-03-24 11:05:00.978433,GBPUSD,1.34033,0.0027017281552486672,52.02764568356992,1.341281,1.3368504,0.0008426700194101855,0.0011890438858166146,0.3658743967752855,1.34033,0.005355585753735649,56.018208254007746,1.3336906,1.3461085,DOWN,1.34033,49.63689531664087,0.0012377050987343074,NORMAL,6.0,,
2674,2026-03-24 11:05:00.994057,USDJPY,158.693,0.22058665851349146,50.158453835036134,158.54630000000003,158.91183999999998,0.0,-0.08335061374996967,0.7187056206955151,158.693,0.46499369927595535,47.36745190500292,159.0376,156.64071,UP,158.693,54.56472548482843,0.10079374591824883,NORMAL,300.0,,
2675,2026-03-24 11:05:01.301034,USDJPY,158.69,0.22058665851349146,50.05202346377553,158.54615,158.91178,-0.05006350758756639,-0.08339847699783291,0.714631888302388,158.691,0.46499369927595535,47.331281347167916,159.03756,156.6407,UP,158.691,54.423147450030854,0.10079374591824883,NORMAL,300.0,,
2676,2026-03-24 11:05:01.316557,XAUUSD,4416.71,56.936579979553954,51.86360992207992,4395.1605,4439.1428000000005,0.0,-15.877363480628064,0.6342034439518426,4416.71,100.77235947966396,37.88550872951719,4808.6584,5019.37175,DOWN,4416.71,57.14045872103373,20.63241405456643,NORMAL,17000.0,,
2677,2026-03-24 11:05:01.936872,XAUUSD,4410.07,53.37039569530012,50.96733544508686,4392.581,4433.2173999999995,-4.007594203152621,-13.503409625132978,0.6175507123204038,4410.07,101.15807390641403,37.53665021491715,4808.5256,5019.3385499999995,DOWN,4410.07,54.3659086843093,19.65753171652278,NORMAL,18000.0,,
2678,2026-03-24 11:05:02.337683,AUDUSD,0.69675,0.0023886447025702785,43.27290920904344,0.6989245,0.7002472000000001,-0.0009555305755224452,-0.0008422930235302934,0.2375831730637892,0.69675,0.004266290460939001,39.53650153968753,0.7047817999999999,0.7063223000000001,DOWN,0.69675,45.55935790981601,0.0010094667692104244,NORMAL,4.0,,
2679,2026-03-24 11:05:03.019507,USDCAD,1.37356,0.0015423969116355356,49.65345462785839,1.3736484999999998,1.3727411999999999,0.0005445339880620903,0.0005924153687597297,0.484274201211892,1.37356,0.0030452396671995945,53.99929559330496,1.3701420000000002,1.36558185,UP,1.37356,42.11081732085146,0.0007008282448488048,NORMAL,4.0,SELL,ACTIVE
2680,2026-03-24 11:05:03.342423,NZDUSD,0.58359,0.0016907058458503807,49.47491428500811,0.584452,0.5834454,-0.00016030520901921808,1.851225270473248e-05,0.3584934325310383,0.58359,0.003273523339306856,49.07866873113677,0.5839372,0.59409245,DOWN,0.58359,52.735071616271874,0.0007480875258376035,NORMAL,7.0,,
2681,2026-03-24 11:05:03.712237,USDCHF,0.78758,0.0014374746251916617,49.493196334668845,0.7872075,0.7880856,-0.000231150168422678,-0.0002661908866736249,0.5893093873501145,0.78758,0.003003815501383031,48.29653814656696,0.7880928,0.77779865,UP,0.78757,52.76846413752352,0.0006090209116752115,NORMAL,4.0,,
2682,2026-03-24 12:05:09.359451,EURUSD,1.15901,0.002005307925114577,51.5034584560729,1.1597870000000001,1.1571846,0.0,0.0007028179031166796,0.36734911448606694,1.15901,0.004259197067929546,56.532073983632905,1.1522726,1.1699263500000001,DOWN,1.15901,48.0345718457918,0.0009545598037505326,NORMAL,2.0,,
2684,2026-03-24 12:05:10.170883,GBPUSD,1.33931,0.0026948700217104987,49.53169221238957,1.3412095,1.336859,0.0,0.0010716049723912885,0.24076240888917377,1.3393,0.0054563000762759455,54.37070072781193,1.33367,1.34610335,DOWN,1.33933,42.86319378615598,0.0012915256826763668,NORMAL,6.0,,
2683,2026-03-24 12:05:10.384177,EURUSD,1.15901,0.002005307925114577,51.5034584560729,1.1597870000000001,1.1571846,0.00047643198412528065,0.0007028179031166796,0.36734911448606694,1.15901,0.004259197067929546,56.532073983632905,1.1522726,1.1699263500000001,DOWN,1.15901,48.0345718457918,0.0009545598037505326,NORMAL,2.0,,
2685,2026-03-24 12:05:11.232305,GBPUSD,1.33932,0.0026948700217104987,49.55618333773715,1.3412099999999998,1.3368592,0.0006466812275216505,0.0010717645165508167,0.24198224608406482,1.33932,0.0054563000762759455,54.40243034437998,1.3336704,1.34610345,DOWN,1.33932,42.80835555896976,0.0012915256826763668,NORMAL,6.0,,
2686,2026-03-24 12:05:11.711351,USDJPY,158.727,0.21865189719109906,51.155436975234736,158.552,158.9112,0.0,-0.07255452861368097,0.7517441857318797,158.727,0.4652079850685953,47.9748379601329,159.03828000000001,156.64088,UP,158.728,56.048875756347435,0.09963650516693905,NORMAL,300.0,,
2687,2026-03-24 12:05:12.299674,USDJPY,158.728,0.21865189719109906,51.1915154980735,158.55205,158.91122,-0.034076740775049075,-0.07253857419772088,0.7530334335532493,158.728,0.4652079850685953,47.99249010829963,159.0383,156.640885,UP,158.728,56.048875756347435,0.09963650516693905,NORMAL,300.0,,
2688,2026-03-24 12:05:12.956862,XAUUSD,4406.63,55.68487909315765,50.09213375928685,4396.7305,4428.2804,0.0,-10.302412659700579,0.5646780346815846,4406.63,104.32307506369067,37.35843072671965,4808.4568,5019.32135,DOWN,4406.68,50.519935642046896,23.791328223643113,NORMAL,10000.0,,
2689,2026-03-24 12:05:13.931374,XAUUSD,4406.63,55.68487909315765,50.09213375928685,4396.7305,4428.2804,-0.8654498318583137,-10.302412659700579,0.5646780346815846,4406.63,104.32307506369067,37.35843072671965,4808.4568,5019.32135,DOWN,4406.68,50.519935642046896,23.791328223643113,NORMAL,10000.0,,
2690,2026-03-24 12:05:15.057102,AUDUSD,0.6963,0.0022739844629304953,42.062145939778425,0.698646,0.6998268,-0.000953562766131677,-0.0008655146214266922,0.22403088510080968,0.6963,0.0043355762005589165,38.88962634633075,0.7047728,0.7063200500000001,DOWN,0.69631,42.042443068778724,0.0010274218729255248,NORMAL,4.0,,
2691,2026-03-24 12:05:16.522275,USDCAD,1.37506,0.0014967606023796188,56.935927171510336,1.373908,1.3728588000000002,0.0005523475123290211,0.0005710035126838412,0.7132366128807525,1.37506,0.003106668261089421,57.618350683674734,1.370172,1.3655893499999998,UP,1.37506,56.946681534477804,0.0007395171266736372,NORMAL,1.0,,
2692,2026-03-24 12:05:20.027411,NZDUSD,0.58274,0.0016902472650243213,45.96941053109848,0.5843405,0.5833766,-0.00021395752724806538,-2.2361094362205832e-05,0.24241287342321072,0.58274,0.003326380501491117,46.970404775579155,0.5839202,0.5940882,DOWN,0.58274,44.305861130817995,0.0007762770791142979,NORMAL,5.0,,
2693,2026-03-24 12:05:21.216487,USDCHF,0.78745,0.0014173488866575667,48.85538759706949,0.7872070000000001,0.7880661999999999,-0.00021306201759296872,-0.00025569274818513393,0.5582712631100456,0.78745,0.003006672645284886,47.95043470737716,0.7880902000000001,0.777798,UP,0.78745,51.754848038901216,0.0006450289769171507,NORMAL,2.0,,
2694,2026-03-24 13:05:00.882469,EURUSD,1.15854,0.0020538793536860065,49.74527607287642,1.1597635,1.1571752,0.0,0.0006953193276181029,0.29349102629845175,1.15854,0.004259197067929546,55.589841692292396,1.1522632,1.169924,DOWN,1.15854,44.156144126549876,0.0009873041339287425,NORMAL,2.0,,
2696,2026-03-24 13:05:01.132414,GBPUSD,1.3392,0.002607991550772015,49.254567177854604,1.341048,1.3368842,0.0,0.0009595181340179298,0.25241037048977905,1.3392,0.0054563000762759455,54.21260620912313,1.3336679999999999,1.34610285,DOWN,1.3392,42.943915179305066,0.0012838809187278517,NORMAL,6.0,,
2695,2026-03-24 13:05:01.205888,EURUSD,1.15854,0.0020538793536860065,49.74527607287642,1.1597635,1.1571752,0.00043893910663239666,0.0006953193276181029,0.29349102629845175,1.15854,0.004259197067929546,55.589841692292396,1.1522632,1.169924,DOWN,1.15854,44.156144126549876,0.0009873041339287425,NORMAL,2.0,,
2698,2026-03-24 13:05:01.511218,USDJPY,158.774,0.21403900657540811,52.595748669707355,158.5729,158.9141,0.0,-0.06027231605025599,0.7733425420333598,158.774,0.4696365581164669,48.79173888991423,159.03922,156.64111499999999,UP,158.774,56.73793913758583,0.102794076071042,NORMAL,300.0,,
2697,2026-03-24 13:05:01.589290,GBPUSD,1.3392,0.002607991550772015,49.254567177854604,1.341048,1.3368842,0.000514999840353525,0.0009595181340179298,0.25241037048977905,1.3392,0.0054563000762759455,54.21260620912313,1.3336679999999999,1.34610285,DOWN,1.3392,42.943915179305066,0.0012838809187278517,NORMAL,6.0,,
2699,2026-03-24 13:05:01.989919,USDJPY,158.774,0.21403900657540811,52.595748669707355,158.5729,158.9141,-0.016887055540166784,-0.06027231605025599,0.7733425420333598,158.774,0.4696365581164669,48.79173888991423,159.03922,156.64111499999999,UP,158.774,56.73793913758583,0.102794076071042,NORMAL,300.0,,
2700,2026-03-24 13:05:02.218903,XAUUSD,4386.23,57.937021950300554,47.73744815479665,4394.697,4427.467,0.0,-11.13628707305744,0.44372918080506835,4384.13,104.35093221673375,36.23322798696711,4808.0068,5019.20885,DOWN,4384.13,43.26536665173635,23.57185673035061,NORMAL,18000.0,,
2701,2026-03-24 13:05:02.682233,XAUUSD,4386.23,57.937021950300554,47.73744815479665,4394.697,4427.467,-3.7412378530589194,-11.13628707305744,0.44372918080506835,4384.13,104.35093221673375,36.23322798696711,4808.0068,5019.20885,DOWN,4384.13,43.26536665173635,23.57185673035061,NORMAL,18000.0,,
2702,2026-03-24 13:05:03.239532,AUDUSD,0.6958,0.0023254130343590704,40.73466182917153,0.698621,0.6998168000000001,-0.000993448806017816,-0.00087349182940392,0.1730398721719032,0.69629,0.004342719060313546,38.87549167740092,0.7047726,0.7063200000000001,DOWN,0.69629,43.71231630279398,0.0009858862654391388,NORMAL,2.0,,
2703,2026-03-24 13:05:04.181615,USDCAD,1.37531,0.001538189173808192,57.98961739854442,1.3739204999999999,1.3728638000000002,0.0005722905322722571,0.0005749921166724884,0.7548725737793444,1.37531,0.0031480968476662783,58.137196780021064,1.3701770000000002,1.3655906,UP,1.37531,58.519792585621865,0.0007150873578881769,NORMAL,2.0,,
2704,2026-03-24 13:05:04.879418,NZDUSD,0.58234,0.0017302472650243216,44.502513218122786,0.5843205,0.5833686,-0.00024586635915702093,-2.8742860743996942e-05,0.1861207617236288,0.58234,0.003326380501491117,46.0667098507746,0.5839122,0.5940862,DOWN,0.58234,41.67028791314714,0.0007768400163586976,NORMAL,5.0,,
2705,2026-03-24 13:05:05.374249,USDCHF,0.78889,0.0015109566192432504,54.97566817433773,0.7873865,0.7881178,2.7433577666213793e-05,-0.0001766036653510485,0.8166605688102165,0.78889,0.0031166726855061913,51.54344119195295,0.7881189999999999,0.7778052,UP,0.78889,61.337245352453216,0.0007609398413788061,NORMAL,4.0,,
2706,2026-03-24 14:05:00.081598,EURUSD,1.15735,0.0021302349100553713,45.48424717758149,1.1596199999999999,1.157201,0.0,0.0006077669153558392,0.13977854007979648,1.15735,0.004341339955107793,53.338939891707874,1.1522394,1.16991805,DOWN,1.15735,38.03705565547145,0.0011188435781547541,NORMAL,7.0,,
2707,2026-03-24 14:05:00.263580,GBPUSD,1.33871,0.0026483390930638283,48.39141136729022,1.3406369999999999,1.33684,0.0,0.0008037401257711943,0.22221611384150836,1.33871,0.005286564237706278,53.35863564012572,1.333635,1.34600615,DOWN,1.33871,45.86869117920307,0.0014239515066059706,NORMAL,6.0,,
2708,2026-03-24 14:05:00.419760,USDJPY,158.755,0.21026581222818583,51.73178844008196,158.60845,158.91822,0.0,-0.049501329332002526,0.7475551518179426,158.755,0.44674414218447533,48.45393939203013,159.03982,156.64846,UP,158.755,51.44832619709139,0.1041103213969571,NORMAL,300.0,,
2710,2026-03-24 14:05:00.591632,XAUUSD,4360.12,57.23310201507502,44.681604149496636,4393.5805,4421.1759999999995,0.0,-10.386685564390328,0.2815197174345225,4360.12,105.87164705849453,35.10493982683944,4807.5266,5019.0888,DOWN,4360.12,38.79980798925562,25.292500909307808,NORMAL,17000.0,,
2709,2026-03-24 14:05:00.654173,EURUSD,1.15856,0.002045932416479988,50.0851620888821,1.1593930000000001,1.1572372,0.00024710549611595134,0.0005406124092856365,0.3360490860042564,1.15856,0.00409910133726212,55.414006049861,1.152299,1.1698226,DOWN,1.15856,49.409663404805755,0.0011060675055327186,NORMAL,7.0,,
2711,2026-03-24 14:05:01.206137,GBPUSD,1.33865,0.0026483390930638283,48.23601491526441,1.3406339999999999,1.3368387999999998,0.0002728446170008336,0.0008027828608139368,0.21458476889913025,1.33865,0.005286564237706278,53.277085696169934,1.3336338,1.34600585,DOWN,1.33865,45.507201939872964,0.0014239515066059706,NORMAL,6.0,,
2712,2026-03-24 14:05:01.487296,USDJPY,158.755,0.21026581222818583,51.73178844008196,158.60845,158.91822,-0.008395730037335625,-0.049501329332002526,0.7475551518179426,158.755,0.44674414218447533,48.45393939203013,159.03982,156.64846,UP,158.755,51.44832619709139,0.1041103213969571,NORMAL,300.0,,
2713,2026-03-24 14:05:02.028833,XAUUSD,4396.9,54.421247789508385,49.42686633371504,4393.185,4416.635,-4.664994242915782,-8.968952428300684,0.5251938284018636,4396.9,99.5856090517771,37.487469691875724,4792.1284,5016.9056,DOWN,4396.9,51.03172811141927,25.187495272275115,NORMAL,4000.0,,
2714,2026-03-24 14:05:02.414055,AUDUSD,0.69556,0.002321403940068114,40.11335768828878,0.698323,0.6995942,-0.001082432053359783,-0.0009174496747648884,0.18179709737131314,0.69556,0.004419861945663551,37.870695416136535,0.7047579999999999,0.70631635,DOWN,0.69556,41.09146251760384,0.001086830986820511,NORMAL,4.0,,
2715,2026-03-24 14:05:02.892887,USDCAD,1.37565,0.001625257294046371,59.24390139053493,1.3740175000000001,1.3729079999999998,0.0005730685149716308,0.0005628649461898745,0.8002347269044559,1.37565,0.00314881113364173,58.822774490184166,1.3701838000000002,1.3655923,UP,1.37565,59.23819680760429,0.0008493259476323188,NORMAL,4.0,BUY,ACTIVE
2716,2026-03-24 14:05:03.293669,NZDUSD,0.58166,0.0017358928685429925,42.016927419013925,0.5840799999999999,0.5832808,-0.000356476513506343,-9.27579673648363e-05,0.11771754947392427,0.58166,0.0033849519514790884,44.6077062815506,0.5838986,0.5940828,DOWN,0.58166,39.270422578194136,0.0008468863396510116,NORMAL,7.0,,
2717,2026-03-24 14:05:03.608420,USDCHF,0.79036,0.0015767046158279103,60.179120284527016,0.7877465,0.7882236,0.0003318242935643756,-5.2326620576507554e-05,0.978395645917031,0.79036,0.0030564511784776037,54.5545687807625,0.788352,0.7778736,UP,0.79036,64.71698240102693,0.0008425188928384321,NORMAL,4.0,,
2718,2026-03-24 15:05:00.081624,EURUSD,1.15911,0.002116646702194277,52.06788290142675,1.1594205,1.1572482,0.0,0.0005493873380605715,0.43825072266591925,1.15911,0.004169815648832963,56.28058851283112,1.1523100000000002,1.16982535,DOWN,1.15911,52.94511059717623,0.0011000281764361947,NORMAL,2.0,,
2719,2026-03-24 15:05:00.232515,GBPUSD,1.33954,0.0028021822190694512,50.37796328129263,1.340516,1.336892,0.0,0.0007217768229531914,0.34779835323968855,1.33954,0.005554421478504907,54.45822502411195,1.3336516,1.3460103,DOWN,1.33954,49.61645834069949,0.001624963756441546,NORMAL,6.0,,
2720,2026-03-24 15:05:00.404348,USDJPY,158.702,0.21277743788535522,49.61300751669406,158.62135,158.91778,0.0,-0.04179064559106656,0.6427601482516978,158.702,0.46031557571827264,47.57181628513322,159.03876,156.648195,UP,158.702,48.27873382585583,0.11833153290327715,NORMAL,300.0,,
2721,2026-03-24 15:05:00.560562,XAUUSD,4416.32,55.842676360936935,51.94037575365947,4394.156000000001,4417.0234,0.0,-8.659117670465813,0.648866688264241,4416.32,101.0070381429485,39.14851875325009,4792.5168,5017.0027,DOWN,4416.32,56.3419383094518,25.10625091213924,NORMAL,18000.0,,
2722,2026-03-24 15:05:00.696265,EURUSD,1.15911,0.002116646702194277,52.06788290142675,1.1594205,1.1572482,0.00029098013999062644,0.0005493873380605715,0.43825072266591925,1.15911,0.004169815648832963,56.28058851283112,1.1523100000000002,1.16982535,DOWN,1.15911,52.94511059717623,0.0011000281764361947,NORMAL,2.0,,
2723,2026-03-24 15:05:01.190790,GBPUSD,1.3394300000000001,0.0028021822190694512,50.10166912144464,1.3405105000000002,1.3368897999999998,0.0003117583695160242,0.0007200218371982044,0.3318911153311872,1.3394300000000001,0.005554421478504907,54.315485943608714,1.3336493999999999,1.3460097500000001,DOWN,1.3394300000000001,49.01166309535521,0.001624963756441546,NORMAL,6.0,,
2724,2026-03-24 15:05:01.550056,USDJPY,158.701,0.21277743788535522,49.57336275414133,158.62130000000002,158.91776,-0.009432241111625217,-0.04180660000701529,0.6411083890721015,158.701,0.46031557571827264,47.555481071580985,159.03874,156.64819,UP,158.701,48.2126360855269,0.11833153290327715,NORMAL,300.0,,
2725,2026-03-24 15:05:01.935436,XAUUSD,4409.77,54.13034233515581,51.029276987475775,4392.16,4411.7726,-1.9888373592366406,-7.333485539843817,0.6253232153330865,4409.77,102.19703857806995,38.59823292770227,4792.3858,5016.96995,DOWN,4409.77,54.09443085069825,25.199878836228052,NORMAL,18000.0,,
2726,2026-03-24 15:05:02.336017,AUDUSD,0.69724,0.0022520179443489604,46.369992119862545,0.69809,0.6993952,-0.0009495939542109033,-0.0009144335164090672,0.3872106903079619,0.69724,0.004200586058709993,41.0590259696196,0.7044432,0.7063232,DOWN,0.69724,54.6023735261931,0.0010366232818677305,NORMAL,4.0,,
2727,2026-03-24 15:05:02.664389,USDCAD,1.3738299999999999,0.0016622287118185737,50.34508176872623,1.374057,1.3729384000000002,0.0003950828377865534,0.0005118224846232226,0.4523994058209768,1.3738299999999999,0.003076294007504273,54.55026845598206,1.3704606000000001,1.3656049,UP,1.3738299999999999,44.7407606408,0.0009314088227264617,NORMAL,4.0,,
2728,2026-03-24 15:05:03.080651,NZDUSD,0.58292,0.0016983801126266482,47.529944195193686,0.583859,0.5832042,-0.0003238890517454074,-0.00013438931244606094,0.32251733381352266,0.58292,0.003229649249071808,47.76657768917334,0.5837478,0.59400895,DOWN,0.58292,51.75465137966902,0.0008168690260774546,NORMAL,7.0,,
2729,2026-03-24 15:05:03.388100,USDCHF,0.79076,0.0015857155106157252,61.95064196934628,0.7879825,0.7883154,0.0005001283864197736,6.071708737544737e-05,0.9657912424300188,0.79076,0.0031435940674841008,55.54495513406279,0.78836,0.7778756,UP,0.79077,64.86819454922639,0.0008898170793757677,NORMAL,2.0,,
2730,2026-03-24 16:05:00.082177,EURUSD,1.15878,0.0021340801010171348,50.83566843581656,1.159284,1.157292,0.0,0.0004868252964478453,0.3934329740876124,1.15878,0.004249101392109355,55.7647290694912,1.1523034,1.1698237,DOWN,1.15878,49.80455782487249,0.001213729802195639,NORMAL,5.0,,
2731,2026-03-24 16:05:00.264335,GBPUSD,1.3381,0.0027748834891359177,46.99067236860179,1.3401935,1.3369234,0.0,0.0005738025658104202,0.18005789870811847,1.3381,0.00557442148581786,52.51603989989282,1.3336227999999999,1.3460031000000001,DOWN,1.3381,41.91645536507633,0.0015645972719100074,NORMAL,6.0,,
2732,2026-03-24 16:05:00.420492,USDJPY,158.904,0.21490047803640352,56.893273676763116,158.65625,158.91944,0.0,-0.026905079686009515,0.8983166655954468,158.904,0.46995843638702284,51.04257877444655,159.0428,156.649205,UP,158.904,60.498856608246015,0.11732963770356211,NORMAL,300.0,,
2734,2026-03-24 16:05:00.592329,XAUUSD,4415.82,54.68319947801294,51.88031647734156,4392.4625,4411.8936,0.0,-7.23696132331955,0.6653541768300477,4415.82,102.19703857806995,39.10686016685207,4792.5068,5017.0002,DOWN,4415.82,56.112896951146375,23.975115173420168,NORMAL,17000.0,,
2733,2026-03-24 16:05:00.712109,EURUSD,1.15878,0.0021340801010171348,50.83566843581656,1.159284,1.157292,0.0002480643094842083,0.0004868252964478453,0.3934329740876124,1.15878,0.004249101392109355,55.7647290694912,1.1523034,1.1698237,DOWN,1.15878,49.80455782487249,0.001213729802195639,NORMAL,5.0,,
2735,2026-03-24 16:05:01.253820,GBPUSD,1.33799,0.0027748834891359177,46.72880130210784,1.340188,1.3369212,6.566622100012687e-05,0.0005720475800554332,0.16563617569698041,1.33799,0.00557442148581786,52.36084590782153,1.3336206,1.3460025500000001,DOWN,1.33799,41.365661475207276,0.0015645972719100074,NORMAL,6.0,,
2736,2026-03-24 16:05:01.550526,USDJPY,158.906,0.21490047803640352,56.959647482899996,158.65635,158.91948,0.020097012994028773,-0.026873170854100695,0.9009375105803221,158.906,0.46995843638702284,51.07623545088638,159.04283999999998,156.649215,UP,158.906,60.59693307809628,0.11732963770356211,NORMAL,300.0,,
2737,2026-03-24 16:05:01.936133,XAUUSD,4405.58,52.13200155611399,50.39249967391937,4392.64,4406.3526,-1.264725291562172,-6.096631495885365,0.591677503142211,4405.58,102.19703857806995,38.240968007308865,4792.302,5016.9490000000005,DOWN,4405.66,51.335194032237816,23.397638789570344,NORMAL,17000.0,,
2738,2026-03-24 16:05:02.274463,AUDUSD,0.69674,0.0023109554381199444,44.606707484825556,0.6978395,0.6991687999999999,-0.0009602504632323372,-0.0009317655667423784,0.34581627436699464,0.69674,0.004323443246489629,39.9246337743026,0.7044332,0.7063207,DOWN,0.69674,50.68553859597194,0.0012137772112936933,NORMAL,4.0,,
2739,2026-03-24 16:05:02.633614,USDCAD,1.37657,0.0016316957478727323,63.5040546268533,1.3745144999999999,1.3731323999999998,0.0006820035570624938,0.0005663227862213471,0.9383641747828534,1.37657,0.003214865486744104,60.88783886399399,1.3705154000000002,1.3656186,UP,1.37657,65.19614231327128,0.0010114823512217318,NORMAL,4.0,,
2740,2026-03-24 16:05:02.972453,NZDUSD,0.58236,0.0017248223494798535,45.03782085284708,0.5836304999999999,0.583112,-0.0003883225792726819,-0.00019066428489970328,0.24047669826950285,0.58236,0.003311077850274595,46.299824666421635,0.5837366,0.59400615,DOWN,0.58236,46.58191855991395,0.0009287252763462216,NORMAL,5.0,,
2741,2026-03-24 16:05:03.310683,USDCHF,0.79124,0.001569235831286029,63.021628036956145,0.7882675,0.7883768000000001,0.0006939632766264081,0.00019604552750483994,0.9477179358326897,0.79124,0.003185736940036418,56.53312430192918,0.7883696,0.7778780000000001,UP,0.79124,64.31606369113256,0.000886886967652558,NORMAL,4.0,,
2742,2026-03-24 17:05:00.070566,EURUSD,1.15879,0.0021736356040057084,51.014849241806985,1.1591140000000002,1.1573652,0.0,0.0004086092865370357,0.4290141474912302,1.15699,0.004296958552465375,52.591481068552476,1.1522676,1.16981475,DOWN,1.15699,39.42169143695555,0.0011941753640265285,NORMAL,2.0,,
2743,2026-03-24 17:05:00.346449,GBPUSD,1.33698,0.0027612183419527367,44.369548747057266,1.3399044999999998,1.3370509999999998,0.0,0.0004399697660333134,0.054770620751125466,1.33698,0.005599421494959071,50.85052249531679,1.3336004,1.3459975,DOWN,1.33698,37.80867576570728,0.0014988182507429163,NORMAL,6.0,,
2744,2026-03-24 17:05:00.502490,USDJPY,159.037,0.2144228928705382,61.15353262224959,158.68990000000002,158.91786,0.0,-0.01303190160046561,1.0294558969667884,159.037,0.4765298673612836,53.18430748016608,159.04546,156.64987,UP,159.037,65.89576078973388,0.11432872707024044,NORMAL,300.0,,
2745,2026-03-24 17:05:00.664211,XAUUSD,4406.84,50.19287899598343,50.423278959111336,4393.3585,4402.4264,0.0,-4.68283961445515,0.59444215062465,4406.84,102.19703857806995,38.34883964756884,4792.3272,5016.9553,DOWN,4406.23,50.41928743143129,21.177084388054368,NORMAL,27000.0,,
2746,2026-03-24 17:05:00.705621,EURUSD,1.15699,0.002146947346576731,44.77118460160432,1.15889,1.1574354,1.0827366007104544e-05,0.00032905290243104946,0.06539396896686973,1.15699,0.004296958552465375,52.591481068552476,1.1522676,1.16981475,DOWN,1.15699,39.42169143695555,0.0011941753640265285,NORMAL,2.0,,
2747,2026-03-24 17:05:01.309420,GBPUSD,1.33685,0.0027705040562384484,44.081947762277444,1.339898,1.3370483999999998,-0.00011721898293282074,0.00043789569195922575,0.03944535811784366,1.33685,0.005608707212640088,50.65709626772527,1.3335978,1.34599685,DOWN,1.33685,37.28892397941368,0.001508109583390029,NORMAL,6.0,,
2748,2026-03-24 17:05:01.725898,USDJPY,159.044,0.21492289287053856,61.35595693650673,158.69025000000002,158.918,0.04218958567045661,-0.012920220688790415,1.0370246843200794,159.044,0.4770298675441081,53.29185118115124,159.0456,156.649905,UP,159.044,66.1777323507437,0.11482902959739318,NORMAL,300.0,SELL,ACTIVE
2749,2026-03-24 17:05:02.116286,XAUUSD,4404.16,51.04298103679976,49.99731494461583,4393.3445,4402.4208,0.05758079070619715,-4.665401574179595,0.5756672622746354,4404.16,102.19703857806995,38.11894505293968,4792.2735999999995,5016.9419,DOWN,4404.35,49.12568227986863,21.509212551307854,NORMAL,31000.0,,
2750,2026-03-24 17:05:02.579752,AUDUSD,0.69712,0.002254356580295056,46.399907820085794,0.6976444999999999,0.6990188,-0.0009082842282416292,-0.0009314089001818199,0.4214452583611521,0.69712,0.004323443246489629,40.79069673291778,0.7044408,0.7063226,DOWN,0.69712,53.77118800409524,0.001096383387114221,NORMAL,4.0,BUY,ACTIVE
2751,2026-03-24 17:05:02.933865,USDCAD,1.3766,0.0016991447274645726,63.42460024076934,1.3745515,1.3731472,0.0007281259099654047,0.000584609365064015,0.9176777365514387,1.3766,0.0032391512099098473,60.94556607158378,1.370516,1.3656187499999999,UP,1.3766,65.36325278050856,0.0009512572545033638,NORMAL,4.0,,
2752,2026-03-24 17:05:03.287732,NZDUSD,0.58201,0.0017196819775782339,44.18742983756764,0.583413,0.5830576,-0.00048100170804010745,-0.0002581767837727906,0.21416200724255138,0.58016,0.003433220752078772,41.43665624399019,0.5836926,0.59399515,DOWN,0.58016,31.861756857610544,0.0009052282387007045,NORMAL,5.0,,
2753,2026-03-24 17:05:03.599993,USDCHF,0.79191,0.0015601577617043736,65.11067063519195,0.7885530000000001,0.7884243999999999,0.0008433243072739627,0.0003243525655099554,0.9770670408759736,0.79191,0.0032014512314966046,57.841197590261714,0.7883830000000001,0.7778813499999999,UP,0.79191,66.49078044759673,0.0008271118920366489,NORMAL,2.0,,
2754,2026-03-24 18:05:00.089285,EURUSD,1.15674,0.0022055187751481627,43.714133701182526,1.1588505,1.1574195999999999,0.0,0.00031152022655986367,0.0312924747981316,1.15674,0.004389101443300106,52.12069876468605,1.1522626,1.1698135,DOWN,1.15674,39.763673043913045,0.0012075385229483506,NORMAL,2.0,,
2756,2026-03-24 18:05:00.255704,GBPUSD,1.33725,0.0027798558073234736,44.88943493790176,1.3396450000000002,1.3372088,0.0,0.00032406376215514046,0.09722997048870499,1.33725,0.005415330045951498,51.191908346300174,1.3336236,1.34589585,DOWN,1.33725,43.86378769431406,0.0016293521249856292,NORMAL,6.0,,
2755,2026-03-24 18:05:00.318190,EURUSD,1.15674,0.0022055187751481627,43.714133701182526,1.1588505,1.1574195999999999,-4.237447488719681e-05,0.00031152022655986367,0.0312924747981316,1.15674,0.004389101443300106,52.12069876468605,1.1522626,1.1698135,DOWN,1.15674,39.763673043913045,0.0012075385229483506,NORMAL,2.0,,
2757,2026-03-24 18:05:00.568131,USDJPY,159.093,0.2159028903185597,62.76119811471071,158.72965,158.91528,0.0,0.002788852212531145,1.0398611785271308,159.093,0.4592879233071792,54.05615185140553,159.04804000000001,156.662465,UP,159.093,62.439214215232134,0.1246423618721307,NORMAL,300.0,,
2759,2026-03-24 18:05:00.750565,XAUUSD,4384.79,52.653695322514054,47.31712432840314,4392.376,4402.033399999999,0.0,-4.974438611216573,0.4468583691568858,4384.79,102.19703857806995,36.40496589586876,4791.8862,5016.84505,DOWN,4384.79,42.40268506275052,21.61173402795888,NORMAL,17000.0,,
2758,2026-03-24 18:05:00.797376,GBPUSD,1.33725,0.0027798558073234736,44.88943493790176,1.3396450000000002,1.3372088,-0.0001893380311352999,0.00032406376215514046,0.09722997048870499,1.33725,0.005415330045951498,51.191908346300174,1.3336236,1.34589585,DOWN,1.33725,43.86378769431406,0.0016293521249856292,NORMAL,6.0,,
2760,2026-03-24 18:05:01.739815,USDJPY,159.095,0.2159028903185597,62.81864495416706,158.72975000000002,158.91532,0.06406161105425667,0.002820761044434284,1.0419506168557038,159.095,0.4592879233071792,54.08807240425505,159.04808,156.662475,UP,159.095,62.51816915654419,0.1246423618721307,NORMAL,300.0,SELL,ACTIVE
2761,2026-03-24 18:05:02.229648,XAUUSD,4390.03,50.15516606478342,48.046253348168385,4390.7205,4398.6264,-1.9769284165176941,-4.326945689085856,0.4950292043157086,4390.03,96.10597262408156,36.88812925175245,4776.7372,5014.63555,DOWN,4390.21,45.44486913550189,21.180160174134816,NORMAL,19000.0,,
2762,2026-03-24 18:05:02.620206,AUDUSD,0.69522,0.002176664602397261,40.78193987067919,0.6970014999999999,0.6986686,-0.001107476593925738,-0.0009962665741611583,0.1820195056936324,0.69522,0.00419442179551782,38.02386340141338,0.7041008,0.706302,DOWN,0.69522,42.543152981621745,0.0011397745897569916,NORMAL,2.0,,
2763,2026-03-24 18:05:03.021110,USDCAD,1.37829,0.00171139969591097,69.16141698740273,1.3749015,1.3732656,0.000977063169415704,0.0006713964222306324,1.1123993607620206,1.37829,0.003351294108057532,63.943472575604574,1.3705498,1.3656272,UP,1.3779,68.14079109403768,0.0008953208597867135,NORMAL,4.0,SELL,ACTIVE
2764,2026-03-24 18:05:03.437983,NZDUSD,0.57996,0.0017504189791797877,36.230918275675045,0.5831225,0.582975,-0.0007036012527369406,-0.00035517506787901496,-0.05941138016122179,0.57996,0.0034939350599931304,41.054090393989924,0.5836886,0.59399415,DOWN,0.57996,32.55701174827489,0.0009030903473583242,NORMAL,7.0,BUY,ACTIVE
2765,2026-03-24 18:05:03.760714,USDCHF,0.79154,0.0015508607787254893,63.94094275761545,0.7887895,0.7884632,0.0008917372759661424,0.00043055429392598206,0.8944090238937119,0.79154,0.003056347487482543,57.15882936477012,0.7885478,0.7779623999999999,UP,0.79154,60.532192871140495,0.0008495659702121186,NORMAL,4.0,,
2766,2026-03-24 19:05:00.116122,EURUSD,1.15828,0.0021755327401885975,49.43014497456814,1.1587355000000001,1.1575184,0.0,0.00026188519194949124,0.3698348604673695,1.15828,0.004199165579693143,54.99430180743799,1.1523932000000001,1.16970335,DOWN,1.15828,50.730869213444095,0.001214148447841311,NORMAL,2.0,,
2768,2026-03-24 19:05:00.579349,GBPUSD,1.33843,0.0027344579435350617,48.15784989628997,1.3394925,1.3373532,0.0,0.00024455205223848636,0.2909135655499975,1.33843,0.005541044377632989,53.046588767474425,1.3336472000000001,1.34590175,DOWN,1.33843,49.909135191237894,0.0015346558550902707,NORMAL,6.0,,
2767,2026-03-24 19:05:00.683493,EURUSD,1.15865,0.0020465661158894106,50.95647853780316,1.1586285,1.157573,2.3960576297721303e-05,0.00021430026881913726,0.5073724290226194,1.15865,0.004213451299202402,55.63025957537449,1.1524006,1.1697052000000001,DOWN,1.15865,53.01702970510455,0.0011538184199699519,NORMAL,2.0,,
2769,2026-03-24 19:05:01.058414,USDJPY,158.922,0.21950166345907152,55.45905756642447,158.7455,158.9059,0.0,0.012142430690481846,0.7915235677819207,158.922,0.4750022147673657,51.038100679103344,159.04462,156.66161,UP,158.922,51.53318148240795,0.12393111151235814,NORMAL,300.0,,
2771,2026-03-24 19:05:01.334630,XAUUSD,4414.69,52.33659463621199,51.6232243715437,4391.9535000000005,4399.1196,0.0,-3.9335097916500086,0.6617685525333421,4414.69,98.28740199314564,39.18020396923394,4777.2303999999995,5014.75885,DOWN,4397.72,48.23130594487586,20.71844162582975,NORMAL,17000.0,,
2770,2026-03-24 19:05:01.444134,GBPUSD,1.33841,0.0027344579435350617,48.09728311045017,1.3394914999999998,1.3373528000000001,-0.00014273695267030817,0.0002442329639193857,0.2873232541456811,1.33841,0.005541044377632989,53.016954494483116,1.3336468,1.34590165,DOWN,1.33841,49.81608017251822,0.0015346558550902707,NORMAL,6.0,,
2772,2026-03-24 19:05:02.433284,USDJPY,158.92,0.21950166345907152,55.375372834871065,158.7454,158.90586,0.057182955428515925,0.012110521858573024,0.7886182455233871,158.92,0.4750022147673657,51.004139096650334,159.04458,156.6616,UP,158.92,51.429404021413525,0.12393111151235814,NORMAL,300.0,,
2773,2026-03-24 19:05:02.927511,XAUUSD,4397.72,49.41683787648257,49.311682224426626,4388.528499999999,4395.503,-1.995046075713617,-3.867968615414237,0.570226586762186,4397.72,98.28740199314564,37.62121368830511,4776.891,5014.674,DOWN,4397.72,48.82167506322744,20.86725242538142,NORMAL,17000.0,,
2774,2026-03-24 19:05:03.484415,AUDUSD,0.69655,0.002291664602397261,45.481914416410376,0.6971014999999999,0.6987086000000001,-0.0009601141536857982,-0.0009582425191615924,0.3925465802536044,0.69655,0.004309421837567367,40.504246525001534,0.7041408,0.706312,DOWN,0.69712,56.41419282667439,0.0011743175975435333,NORMAL,2.0,,
2775,2026-03-24 19:05:04.010257,USDCAD,1.37671,0.001724565023754064,60.42054721907219,1.3750975,1.3733264,0.0009672005244580895,0.0007249412882601653,0.823193808322675,1.37671,0.0032473240723175636,59.80520967455671,1.3708586,1.3656742,UP,1.37671,53.76741690851091,0.0009450493703237649,NORMAL,2.0,,
2776,2026-03-24 19:05:04.593460,NZDUSD,0.58154,0.0017546747663812299,43.849484354720616,0.582908,0.5829364,-0.000680558622344285,-0.0004151463656666361,0.21577453943184,0.58154,0.0033736539733098866,45.10713396583203,0.5835772,0.5939057000000001,DOWN,0.58154,49.41775334032707,0.0009358834416938427,NORMAL,5.0,,
2777,2026-03-24 19:05:05.191778,USDCHF,0.79042,0.00154880949861244,57.48350365891176,0.7889480000000001,0.7884967999999999,0.000825135727825721,0.0005010466490819923,0.7227135991486426,0.79042,0.0031342046588080075,54.25561072172804,0.7885254,0.7779568,UP,0.79042,49.492302616929805,0.0008243396377366087,NORMAL,2.0,,
2778,2026-03-24 19:20:02.238782,EURUSD,1.15906,0.002148964075073099,52.55973530952733,1.158646,1.15758,5.297170445417443e-05,0.0002193366824846218,0.6404065160369888,1.15906,0.0042584513156565815,56.314300677231124,1.1524088000000001,1.16970725,DOWN,1.15906,55.097915664046965,0.0011615756064313996,NORMAL,2.0,,
2779,2026-03-24 19:20:04.433453,GBPUSD,1.33896,0.0027716008006779245,49.712908730473046,1.339519,1.3373637999999999,-9.886230879563307e-05,0.0002530078926943207,0.38842130300618816,1.33896,0.005541044377632989,53.81849940665969,1.3336578000000001,1.3459044,DOWN,1.33896,52.26935060542711,0.0014780747255247718,NORMAL,6.0,,
2780,2026-03-24 19:20:05.291499,USDJPY,158.897,0.2241445206019285,54.430840942479676,158.74425,158.9054,0.05534819759375864,0.011743570291621567,0.7547157156484978,158.897,0.47521650056000564,50.616804775639814,159.04412,156.661485,UP,158.897,50.274482307077285,0.12124428666564022,NORMAL,300.0,,
2781,2026-03-24 19:20:05.912679,XAUUSD,4408.22,50.01755216219684,50.93470579431627,4389.0535,4395.713,-1.1574392381062353,-3.7004472478927606,0.6453792976030334,4408.22,98.28740199314564,38.595101483082566,4777.101,5014.726500000001,DOWN,4408.22,52.52766389540693,20.378904585842147,NORMAL,17000.0,,
2782,2026-03-24 19:20:06.560651,AUDUSD,0.69768,0.0022432803961035816,49.9123872021619,0.6969485000000001,0.6985861999999998,-0.0008056558568021455,-0.0009270870100515196,0.690605554329835,0.69768,0.004363707571702556,42.97972669278929,0.7041634000000001,0.70631765,DOWN,0.69768,59.33467623675329,0.0011395830578373176,NORMAL,4.0,,
2783,2026-03-24 19:20:07.248194,USDCAD,1.37647,0.001664494052669598,58.83293757474749,1.3752855,1.3734335999999998,0.0009758986572583339,0.0007790894572164874,0.746066312412071,1.37647,0.0032637526497532256,59.13496317399686,1.3708538000000001,1.365673,UP,1.37647,51.06432023445393,0.0008645244547145993,NORMAL,4.0,,
2784,2026-03-24 19:20:07.678742,NZDUSD,0.5824,0.0017217898340886849,47.98365715405736,0.582761,0.5829013999999999,-0.0006105295300121716,-0.000454095363208103,0.4148508721002754,0.5824,0.0034250825635432206,47.27424814676893,0.5835944,0.5939099999999999,DOWN,0.5824,55.84396156465278,0.0008829446650962968,NORMAL,5.0,,
2785,2026-03-24 19:20:08.084210,USDCHF,0.7901,0.0015766666414695828,55.66968844867882,0.7889320000000001,0.7884903999999999,0.0007996086622985565,0.0004959412359765593,0.67817518080817,0.7901,0.0031584903819737507,53.44371738730338,0.788519,0.7779552,UP,0.7901,47.03833726999651,0.000804172445087895,NORMAL,4.0,,
2786,2026-03-24 20:10:45.064678,EURUSD,1.15823,0.0020240380697107317,49.17719457097721,1.15859,1.157619,0.0,0.0001676336355146055,0.37737482794583066,1.15823,0.0042584513156565815,54.906960602781524,1.1523922,1.1697031,DOWN,1.15823,49.31463008267986,0.0010175407185432916,NORMAL,10.0,,
2787,2026-03-24 20:10:45.756984,EURUSD,1.15823,0.0020240380697107317,49.17719457097721,1.15859,1.157619,-6.631543818524932e-06,0.0001676336355146055,0.37737482794583066,1.15823,0.0042584513156565815,54.906960602781524,1.1523922,1.1697031,DOWN,1.15823,49.31463008267986,0.0010175407185432916,NORMAL,10.0,,
2788,2026-03-24 20:14:45.769340,GBPUSD,1.33806,0.0026143436006295087,47.0647941515991,1.339382,1.3374376,0.0,0.00015111784161781603,0.2477030369500136,1.33806,0.005541044377632989,52.492231852679794,1.3336398,1.3458999,DOWN,1.33806,47.854161720518896,0.0012933890263969999,NORMAL,9.0,,
2789,2026-03-24 20:18:48.263734,GBPUSD,1.33806,0.0026143436006295087,47.0647941515991,1.339382,1.3374376,-0.000209855468101372,0.00015111784161781603,0.2477030369500136,1.33806,0.005541044377632989,52.492231852679794,1.3336398,1.3458999,DOWN,1.33813,48.22550759079375,0.0012933890263969999,NORMAL,9.0,,
2790,2026-03-24 20:18:50.168908,USDJPY,159.014,0.21295562627321654,59.040144035486584,158.77079999999998,158.90302000000003,0.0,0.024646995725749243,0.87783458839668,159.014,0.47521650056000564,52.65076897054765,159.04646,156.66207,UP,159.014,55.78323123201834,0.1047711123735487,NORMAL,700.0,BUY,ACTIVE
2791,2026-03-24 20:26:57.290065,XAUUSD,4430.15,49.10640047714198,54.30935820186227,4391.9385,4392.493399999999,0.0,-2.9003071979741715,0.7851379290391295,4430.15,98.89240221436283,40.5341512560152,4777.5396,5014.83615,DOWN,4430.15,60.40415984124499,19.311550281285776,NORMAL,25000.0,,
2792,2026-03-24 20:26:57.842086,USDJPY,158.696,0.2343841977017888,46.76111904024572,158.7549,158.89666,0.04514958635115818,0.019573491452246496,0.40250198645585555,158.696,0.487002219155145,47.46661278968962,159.0401,156.66048,UP,158.696,40.532745840949666,0.1267129517786592,NORMAL,700.0,,
2793,2026-03-24 20:39:10.526120,XAUUSD,4461.8,52.83282904857056,58.34155697024448,4393.521,4393.1264,3.325369810817392,-2.3953499330167967,0.9734628236461038,4459.31,102.61883214835345,42.93044107741958,4778.1228,5014.98195,DOWN,4459.31,67.3883344434015,22.724446714929034,NORMAL,64000.0,,
2794,2026-03-24 20:51:22.702638,AUDUSD,0.69946,0.002419474653524754,56.17933211555405,0.6969455,0.6984902,-0.0005889427787456603,-0.0008703071666393617,1.1079705425563025,0.6986,0.004617993378967394,44.84801549286798,0.7041818000000001,0.70632225,DOWN,0.6986,60.03831130297746,0.0012975000455961515,NORMAL,9.0,SELL,ACTIVE
2795,2026-03-24 20:59:28.921015,USDCAD,1.37634,0.0017592750897238076,58.03200073833797,1.3753905000000002,1.3735443999999999,0.0009399991560674614,0.0008108884910037791,0.6984609694423348,1.37644,0.003418752706428703,59.05223719672273,1.3708532,1.36567285,UP,1.37644,51.451798659991034,0.0009342207968126393,NORMAL,17.0,,
2796,2026-03-24 20:59:29.983401,NZDUSD,0.58203,0.0017217898340886849,46.280596196789624,0.5827424999999999,0.582894,-0.0006400451995278722,-0.0004599984971112431,0.33348468652254165,0.58203,0.0034250825635432206,46.363219865224714,0.583587,0.5939081500000001,DOWN,0.58203,52.66794614063431,0.0008091201648284492,NORMAL,45.0,,
2797,2026-03-24 20:59:33.395314,USDCHF,0.78814,0.001693282289527881,46.05020078415119,0.788936,0.7884831999999998,0.0006093712048419464,0.0005199035830260039,0.37889774450982133,0.78814,0.0033692047447353443,48.95655996484675,0.7884798000000001,0.7779454,UP,0.78814,33.99658908409015,0.0008844351723683756,NORMAL,16.0,,
2798,2026-03-24 21:05:02.084739,EURUSD,1.16053,0.002324752355425021,57.943519383161956,1.158705,1.157665,0.0,0.00020432879220976004,1.0391896880919043,1.16053,0.004511308550970485,58.602545185359844,1.1524382,1.1697146,DOWN,1.16053,62.44454054924881,0.0012801495470348436,NORMAL,25.0,,
2800,2026-03-24 21:05:02.865962,GBPUSD,1.34013,0.0028155639556865773,52.980402549252695,1.3395385000000002,1.3376366000000002,0.0,0.0001646066503849628,0.613751673875488,1.34013,0.0058017587586770055,55.43581882264494,1.3336812,1.34591025,DOWN,1.34013,56.68330507170063,0.0015004648433548907,NORMAL,96.0,,
2799,2026-03-24 21:05:02.944239,EURUSD,1.16053,0.002324752355425021,57.943519383161956,1.158705,1.157665,0.00017684423965724783,0.00020432879220976004,1.0391896880919043,1.16053,0.004511308550970485,58.602545185359844,1.1524382,1.1697146,DOWN,1.16053,62.44454054924881,0.0012801495470348436,NORMAL,25.0,SELL,ACTIVE
2802,2026-03-24 21:05:03.412650,USDJPY,158.679,0.24029553051900823,46.376798304636694,158.75785000000002,158.88248,0.0,0.020688578339867564,0.3666671219352094,158.679,0.5098593703699614,47.21806873456111,159.03976,156.660395,UP,158.679,41.31309340095739,0.14035457315527072,NORMAL,4100.0,,
2801,2026-03-24 21:05:03.751391,GBPUSD,1.34013,0.0028155639556865773,52.980402549252695,1.3395385000000002,1.3376366000000002,6.476131565280596e-05,0.0001646066503849628,0.613751673875488,1.34013,0.0058017587586770055,55.43581882264494,1.3336812,1.34591025,DOWN,1.34013,56.68330507170063,0.0015004648433548907,NORMAL,96.0,,
2803,2026-03-24 21:05:23.638951,USDJPY,158.681,0.24050981623329293,46.45141445857541,158.75795,158.88252,0.027605905947353904,0.020720487171776387,0.3698311203525148,158.681,0.5098593703699614,47.247174032536236,159.03979999999999,156.660405,UP,158.681,41.42006769325778,0.1405689885240493,NORMAL,3900.0,,
2804,2026-03-24 21:05:49.496155,XAUUSD,4474.85,52.83282904857056,59.80417985999753,4394.1735,4393.3874,0.0,-2.1871448048116062,1.0386335393636748,4474.85,102.61883214835345,44.13024961242683,4778.4336,5015.05965,DOWN,4474.85,70.56732492205715,23.355725891640507,NORMAL,161000.0,,
2805,2026-03-24 21:05:50.115838,XAUUSD,4474.85,52.83282904857056,59.80417985999753,4394.1735,4393.3874,4.366395451843346,-2.1871448048116062,1.0386335393636748,4474.85,102.61883214835345,44.13024961242683,4778.4336,5015.05965,DOWN,4474.85,70.56732492205715,23.355725891640507,NORMAL,161000.0,,
2806,2026-03-24 21:06:20.735597,AUDUSD,0.69877,0.0023295121782729816,53.640561824325765,0.6970259999999999,0.6984408000000001,-0.0004279097877735172,-0.000784635668074172,0.9010658248171256,0.69877,0.004617993378967394,45.17992176595124,0.7041852,0.7063231000000001,DOWN,0.69877,60.970733852429774,0.0013062854812342759,NORMAL,50.0,,
2807,2026-03-24 21:06:45.404224,USDCAD,1.3759700000000001,0.0016943268690292512,55.79051539065945,1.3754209999999998,1.3736035999999998,0.000847651868565169,0.0008128804827553793,0.6158351481866979,1.3759700000000001,0.003418752706428703,57.785766752305015,1.3708438,1.3656705,UP,1.3759700000000001,47.218755385234616,0.0009282102117914927,NORMAL,69.0,,
2808,2026-03-24 21:06:45.923304,NZDUSD,0.5834,0.001714502458984633,52.547999609248606,0.5826775,0.5829103999999999,-0.0003820275314563304,-0.00045362937220136,0.6778934222639255,0.5834,0.0036029397714335137,49.58843089528956,0.5836144,0.593915,DOWN,0.5834,61.143631607250065,0.0009236313927741637,NORMAL,45.0,BUY,ACTIVE
2809,2026-03-24 21:06:46.277506,USDCHF,0.78802,0.0015923335545616078,45.53027556668566,0.7889185000000001,0.7884690000000001,0.000438173667868913,0.000503685235322226,0.3639752910762172,0.78802,0.0033692047447353443,48.706188994986455,0.7884774,0.7779447999999999,UP,0.78802,33.283176222807526,0.0008412582062134008,NORMAL,36.0,SELL,ACTIVE
2810,2026-03-24 22:05:01.477855,EURUSD,1.16144,0.0021345568778919737,60.79234416613629,1.1589525,1.1578874000000001,0.0,0.00027497518634749186,1.0623164111254457,1.16144,0.004264072148853841,60.00571747628573,1.152622,1.1696210999999999,DOWN,1.16144,66.3162325429846,0.0011160971990757027,NORMAL,3.0,,
2811,2026-03-24 22:05:02.123466,EURUSD,1.16144,0.0021345568778919737,60.79234416613629,1.1589525,1.1578874000000001,0.0004728196404140128,0.00027497518634749186,1.0623164111254457,1.16144,0.004264072148853841,60.00571747628573,1.152622,1.1696210999999999,DOWN,1.16144,66.3162325429846,0.0011160971990757027,NORMAL,3.0,SELL,ACTIVE
2812,2026-03-24 22:05:02.123466,GBPUSD,1.3412899999999999,0.002688125713953886,56.18855383042959,1.3396569999999999,1.3378181999999998,0.0,0.00020474732307473856,0.7913864956547383,1.3412899999999999,0.005425204387945745,56.93219565011618,1.3338172,1.3458465999999998,DOWN,1.3412899999999999,62.50149286123909,0.001273578822448872,NORMAL,9.0,,
2813,2026-03-24 22:05:02.690773,GBPUSD,1.3412899999999999,0.002688125713953886,56.18855383042959,1.3396569999999999,1.3378181999999998,0.00029191970044362137,0.00020474732307473856,0.7913864956547383,1.3412899999999999,0.005425204387945745,56.93219565011618,1.3338172,1.3458465999999998,DOWN,1.3412899999999999,62.50149286123909,0.001273578822448872,NORMAL,9.0,BUY,ACTIVE
2814,2026-03-24 22:05:02.706430,USDJPY,158.643,0.23587135997173264,45.212119025055415,158.75455000000002,158.86838,0.0,0.01792545277374872,0.3143322327445296,158.643,0.47908369089802444,46.73262581850875,159.02542,156.66941,UP,158.643,41.38960044031355,0.12682717429617238,NORMAL,700.0,,
2815,2026-03-24 22:05:03.305863,USDJPY,158.643,0.23587135997173264,45.212119025055415,158.75455000000002,158.86838,0.009808563044884977,0.01792545277374872,0.3143322327445296,158.643,0.47908369089802444,46.73262581850875,159.02542,156.66941,UP,158.643,41.38960044031355,0.12682717429617238,NORMAL,700.0,SELL,ACTIVE
2816,2026-03-24 22:05:04.060476,XAUUSD,4474.85,52.83282904857056,59.80417985999753,4394.1735,4393.3874,0.0,-2.1871448048116062,1.0386335393636748,4474.85,102.61883214835345,44.13024961242683,4778.4336,5015.05965,DOWN,4479.53,71.4686728916673,22.62596872984375,NORMAL,26000.0,,
2817,2026-03-24 22:05:04.565262,XAUUSD,4474.85,52.83282904857056,59.80417985999753,4394.1735,4393.3874,4.366395451843346,-2.1871448048116062,1.0386335393636748,4479.53,96.22891313163328,44.50861828636495,4765.9168,5013.11045,DOWN,4479.53,71.4686728916673,22.62596872984375,NORMAL,26000.0,,
2818,2026-03-24 22:05:05.596396,AUDUSD,0.69923,0.0022072000839065482,55.34361196943995,0.697159,0.698396,-0.00023287293908225148,-0.0006714751450678088,0.92866311890051,0.69923,0.004329565183834118,46.09298153554652,0.7040054000000001,0.70633455,DOWN,0.69923,61.58305088987444,0.0012206916224128757,NORMAL,12.0,,
2819,2026-03-24 22:05:06.918497,USDCAD,1.37614,0.0016375892355271547,56.31736823707051,1.3754490000000001,1.3736804,0.0007801991275189213,0.0008011111632749968,0.6453711437536421,1.37614,0.0032388417092428278,57.902345779571014,1.3711072,1.36571245,UP,1.37614,50.01218325541131,0.0008615470675027725,NORMAL,9.0,SELL,ACTIVE
2820,2026-03-24 22:05:07.527273,NZDUSD,0.58352,0.0016553033037510268,53.02233041028259,0.5826819999999999,0.5829318,-0.0002604857842157804,-0.000412958489362071,0.705631969723395,0.58352,0.003386301146857951,49.84639646504388,0.583574,0.5938410000000001,DOWN,0.58352,61.58667184072827,0.0008233571111113175,NORMAL,23.0,,
2821,2026-03-24 22:05:08.037689,USDCHF,0.78792,0.0015477791169908736,45.61269379844196,0.7888715000000001,0.7884516,0.0002584218956754869,0.000447995530355851,0.3584207468023945,0.78792,0.0031685471877494686,48.619161627088644,0.7885354,0.77799795,UP,0.78792,35.58565063231967,0.0007219508978275104,NORMAL,12.0,,
2822,2026-03-24 23:05:00.126689,EURUSD,1.16125,0.0021866487146266853,60.29418151365775,1.1589715,1.1578950000000001,0.0,0.00028624036763658925,1.0028987640428766,1.16125,0.004296929303725165,59.66068674441331,1.1526296,1.169623,DOWN,1.16095,61.669571391314406,0.0009725235151810654,NORMAL,3.0,,
2823,2026-03-24 23:05:00.480720,GBPUSD,1.34124,0.0026152493874469656,55.546453753327,1.3397525,1.3379714,0.0,0.0002542284602356214,0.7518236601255307,1.34124,0.005499490129393895,56.847914412705705,1.3338162,1.34584635,DOWN,1.34124,59.731568812385426,0.0011450386976364223,NORMAL,9.0,,
2824,2026-03-24 23:05:00.621272,USDJPY,158.739,0.230457079157425,48.99544506826804,158.75705,158.85952,0.0,0.016676008568490733,0.4696710162635979,158.739,0.4850122644943674,48.349110890239714,159.02734,156.66989,UP,158.739,47.84072194722243,0.11294392751824275,NORMAL,700.0,,
2825,2026-03-24 23:05:00.787750,XAUUSD,4463.03,51.186912687958376,57.82389211303585,4401.207,4391.1812,0.0,-0.11141250167582695,0.9240966257225064,4463.03,97.4167707088283,43.38315029720981,4765.5868,5013.02795,DOWN,4463.03,63.078437530480834,21.91794216423205,NORMAL,25000.0,,
2826,2026-03-24 23:05:01.413152,EURUSD,1.16095,0.0020847452350105,58.47070258975409,1.1591155,1.1579743999999998,0.0005843315829714424,0.000347773140618075,0.8776764225656545,1.16095,0.004296929303725165,59.14081393695592,1.1526236,1.1696214999999999,DOWN,1.16095,60.69915189675069,0.0009700020633170692,NORMAL,3.0,,
2827,2026-03-24 23:05:01.735834,GBPUSD,1.34124,0.0026152493874469656,55.546453753327,1.3397525,1.3379714,0.0004208823536082651,0.0002542284602356214,0.7518236601255307,1.34124,0.005499490129393895,56.847914412705705,1.3338162,1.34584635,DOWN,1.34124,59.731568812385426,0.0011450386976364223,NORMAL,9.0,,
2828,2026-03-24 23:05:02.086334,USDJPY,158.74,0.230457079157425,49.03328871055823,158.75709999999998,158.85954,0.009077661946889748,0.01669196298444514,0.4712660778862988,158.74,0.4850122644943674,48.36543312856569,159.02736000000002,156.669895,UP,158.74,47.90350626176476,0.11294392751824275,NORMAL,700.0,,
2829,2026-03-24 23:05:02.424940,XAUUSD,4475.26,48.429990353104216,59.233560003876114,4407.7375,4391.1232,13.395478205216023,2.8645092294462415,0.9128814318765174,4475.26,97.4167707088283,44.16360550010898,4765.8314,5013.0891,DOWN,4475.26,64.84528098151279,21.011229243603122,NORMAL,25000.0,,
2830,2026-03-24 23:05:02.778645,AUDUSD,0.6994,0.0022136286553351143,56.051708321294456,0.6971849999999999,0.6984064000000001,-0.00019775504231167584,-0.0006599843292464443,0.941853968214595,0.6994,0.00433599375761328,46.3844252951582,0.7040158,0.70633715,DOWN,0.6994,62.201389950938086,0.0010696450839939077,NORMAL,12.0,,
2831,2026-03-24 23:05:03.164053,USDCAD,1.37637,0.0016508545416495978,57.4080761086578,1.3754625,1.3736858,0.00080101032223312,0.0008057839435283976,0.6895885655027311,1.37637,0.0032481274269238448,58.37521367441892,1.3711125999999998,1.3657138,UP,1.37637,52.77831923385788,0.0007718134034610226,NORMAL,9.0,SELL,ACTIVE
2832,2026-03-24 23:05:03.575490,NZDUSD,0.58356,0.0016740788139551126,53.198307383223295,0.5826855,0.5829332,-0.0002554471887498133,-0.0004115678642859745,0.7139279551325414,0.58356,0.003389158290759806,49.93513030946685,0.5835754,0.59384135,DOWN,0.58356,61.597726003445565,0.0007501303253028847,NORMAL,17.0,,
2833,2026-03-24 23:05:03.960970,USDCHF,0.78823,0.0014944173433282598,47.24260445928143,0.7888625,0.7884555999999999,0.00017125893309821727,0.0003925205755767018,0.40606746535298793,0.78823,0.0031978329127434544,49.311650934736086,0.7885416,0.7779995,UP,0.78823,40.67849005458323,0.000630624917994258,NORMAL,12.0,,
2834,2026-03-25 00:05:02.518858,EURUSD,1.16165,0.0019916511876117847,61.615086338473674,1.159318,1.1580996000000001,0.0,0.0004276769258951471,0.935362356868426,1.16165,0.004296929303725165,60.25515164609935,1.1526376,1.1696250000000001,DOWN,1.16165,63.776812093888864,0.0008765312326818837,NORMAL,5.0,,
2836,2026-03-25 00:05:03.404455,GBPUSD,1.34199,0.0025104866760987357,57.831630524208364,1.3398945,1.3381691999999998,0.0,0.0003186682352207128,0.8342354916021595,1.34199,0.005519490136706864,57.85132239208011,1.3338311999999999,1.3458501,DOWN,1.34199,62.9724287958932,0.001022466211699801,NORMAL,6.0,,
2835,2026-03-25 00:05:03.743135,EURUSD,1.16165,0.0019916511876117847,61.615086338473674,1.159318,1.1580996000000001,0.0007211268248381586,0.0004276769258951471,0.935362356868426,1.16165,0.004296929303725165,60.25515164609935,1.1526376,1.1696250000000001,DOWN,1.16165,63.776812093888864,0.0008765312326818837,NORMAL,5.0,,
2838,2026-03-25 00:05:04.742473,USDJPY,158.703,0.22385300207475115,47.59723615702386,158.75285000000002,158.8471,0.0,0.013065800261759445,0.41671601250265017,158.703,0.4850122644943674,47.75455856736213,159.02662,156.66971,UP,158.703,46.130394490119386,0.10255365086261906,NORMAL,500.0,,
2837,2026-03-25 00:05:05.081341,GBPUSD,1.34199,0.0025104866760987357,57.831630524208364,1.3398945,1.3381691999999998,0.0005611110958447796,0.0003186682352207128,0.8342354916021595,1.34199,0.005519490136706864,57.85132239208011,1.3338311999999999,1.3458501,DOWN,1.34199,62.9724287958932,0.001022466211699801,NORMAL,6.0,,
2839,2026-03-25 00:05:06.644695,USDJPY,158.703,0.22385300207475115,47.59723615702386,158.75285000000002,158.8471,0.000730949940816572,0.013065800261759445,0.41671601250265017,158.703,0.4850122644943674,47.75455856736213,159.02662,156.66971,UP,158.703,46.130394490119386,0.10255365086261906,NORMAL,500.0,,
2840,2026-03-25 00:05:08.931134,XAUUSD,4553.99,50.60713389931103,67.7540350291022,4421.643,4393.596399999999,26.653032054955474,8.533402398536646,1.0870072283296695,4553.52,102.33605822184215,49.87539960172136,4767.3966,5013.4803999999995,DOWN,4553.47,80.13839302971928,22.241006240996352,NORMAL,21000.0,,
2841,2026-03-25 00:05:12.260158,AUDUSD,0.69958,0.0020219443872167863,56.21470856782155,0.6974914999999999,0.6983416,0.00010163483190095413,-0.00040098024440246376,0.858444540079736,0.6996,0.0043674223405336604,46.78128393050551,0.7040198,0.70633815,DOWN,0.69959,59.14177690316483,0.0008957608457337996,NORMAL,8.0,,
2842,2026-03-25 00:05:14.967937,USDCAD,1.37544,0.0015063490690754191,51.94511579654462,1.3754620000000002,1.3738086,0.0006346866148059238,0.0007560873142293734,0.4953843588227747,1.37544,0.003258127430580329,56.39032358650655,1.371094,1.36570915,UP,1.37544,41.50035891155796,0.0006417736387681204,NORMAL,5.0,,
2843,2026-03-25 00:05:16.368637,NZDUSD,0.58387,0.001526067956930687,54.48478934715842,0.582761,0.5829776,-6.0767482738310896e-05,-0.00029821888297796196,0.7579439554413424,0.58387,0.0033991582944162906,50.65304951433058,0.5835816,0.5938429,DOWN,0.58387,60.67480503066674,0.0006398957275823189,NORMAL,9.0,,
2844,2026-03-25 00:05:17.457612,USDCHF,0.78775,0.0014316018188048141,44.86107805547193,0.7888054999999999,0.7884642000000001,4.980170056867461e-05,0.0003211688233670994,0.3453340080455042,0.78775,0.0031978329127434544,48.231315658887176,0.788532,0.7779971,UP,0.78775,37.85504532582931,0.0005851392018397449,NORMAL,9.0,,
2845,2026-03-25 01:05:00.325863,EURUSD,1.16259,0.0020587940447546536,64.66005534971848,1.159365,1.1581184,0.0,0.00044267407689230074,1.060632711551612,1.16198,0.004356929325664056,60.73255374524366,1.1526442000000001,1.16962665,DOWN,1.16198,60.71589826431811,0.0009398306441550031,NORMAL,2.0,,
2847,2026-03-25 01:05:00.544571,GBPUSD,1.34266,0.00247121721964269,59.32111443846554,1.3400775,1.3383715999999999,0.0,0.0004171107579883887,0.8695308696923472,1.34266,0.005619490173271677,58.695048617864266,1.3338446,1.34585345,DOWN,1.34266,62.04555741743705,0.001082404703297118,NORMAL,6.0,,
2846,2026-03-25 01:05:00.607044,EURUSD,1.16259,0.0020587940447546536,64.66005534971848,1.159365,1.1581184,0.0007961125798239266,0.00044267407689230074,1.060632711551612,1.16198,0.004356929325664056,60.73255374524366,1.1526442000000001,1.16962665,DOWN,1.16198,60.71589826431811,0.0009398306441550031,NORMAL,2.0,SELL,ACTIVE
2849,2026-03-25 01:05:00.883206,USDJPY,158.689,0.22288391008982247,47.38129342049708,158.753,158.83684,0.0,0.008061257564072614,0.3927816518986936,158.689,0.49222655284654393,47.519630613302525,159.02634,156.66964,UP,158.689,46.24203895752359,0.10805604345280706,NORMAL,500.0,,
2848,2026-03-25 01:05:00.956416,GBPUSD,1.34266,0.00247121721964269,59.32111443846554,1.3400775,1.3383715999999999,0.0007559976581759109,0.0004171107579883887,0.8695308696923472,1.34266,0.005619490173271677,58.695048617864266,1.3338446,1.34585345,DOWN,1.34266,62.04555741743705,0.001082404703297118,NORMAL,6.0,,
2850,2026-03-25 01:05:01.320545,USDJPY,158.689,0.22288391008982247,47.38129342049708,158.753,158.83684,-0.00831930638906897,0.008061257564072614,0.3927816518986936,158.689,0.49222655284654393,47.519630613302525,159.02634,156.66964,UP,158.689,46.24203895752359,0.10805604345280706,NORMAL,500.0,,
2851,2026-03-25 01:05:01.554907,XAUUSD,4560.64,51.07641961359672,68.32190391070708,4421.9755,4393.729399999999,0.0,8.639499264633423,1.1060470549794945,4560.64,102.80534410772134,50.33759231833931,4767.539000000001,5013.516,DOWN,4560.64,81.11542080139,21.43401216331639,NORMAL,21000.0,BUY,ACTIVE
2852,2026-03-25 01:05:01.882916,XAUUSD,4564.58,49.43458351874801,68.65754772315223,4433.659000000001,4395.2126,33.688309109045804,13.682318783373523,1.0292392300746336,4564.58,103.57463010329505,50.589711444055126,4767.6178,5013.5357,DOWN,4564.58,79.72207726704013,20.984117295362527,NORMAL,21000.0,,
2853,2026-03-25 01:05:02.590658,AUDUSD,0.69981,0.0021405158157882225,57.05072599643998,0.697503,0.6983462,0.00011998241024857581,-0.0003973107287329394,0.8910720847487885,0.69981,0.004439565224055423,47.191711251286485,0.704024,0.7063392000000001,DOWN,0.69981,59.025253917137654,0.0010044010231613624,NORMAL,8.0,,
2854,2026-03-25 01:05:03.236887,USDCAD,1.37539,0.0015783388649937822,51.67453083195434,1.3754565,1.3738064,0.0006270025862673556,0.0007537846965558538,0.4860387370352826,1.37539,0.0032916988714270894,56.25543853958151,1.371093,1.3657089,UP,1.37539,42.997833914165916,0.0006978238797874804,NORMAL,5.0,,
2855,2026-03-25 01:05:03.627426,NZDUSD,0.58395,0.0015974965283592584,54.854877675607334,0.582765,0.5829792,-5.438571635663081e-05,-0.00029694252970162595,0.7744759049450213,0.58395,0.0034498725986741646,50.83503445054532,0.5835832,0.5938433,DOWN,0.58395,59.06812310703664,0.0007145046065869795,NORMAL,9.0,,
2856,2026-03-25 01:05:04.075217,USDCHF,0.78742,0.0014018955664412062,43.37927306571233,0.78874,0.7884524,-7.820846945827409e-05,0.00023720903431769623,0.31073169187605754,0.78742,0.003236404355418457,47.47964668110359,0.7885253999999999,0.7779954499999999,UP,0.78742,36.76436374578449,0.0006026004743338197,NORMAL,9.0,,
2857,2026-03-25 02:05:00.089447,EURUSD,1.16178,0.001992859776251758,60.783452990745594,1.159524,1.1582248,0.0,0.0005199122610933927,0.8798777502949244,1.16178,0.0043812150488297995,60.444598273538894,1.1526402,1.16962565,DOWN,1.16178,57.344801412796855,0.0008910692186946306,NORMAL,2.0,,
2858,2026-03-25 02:05:00.412138,EURUSD,1.16178,0.001992859776251758,60.783452990745594,1.159524,1.1582248,0.000846095767128574,0.0005199122610933927,0.8798777502949244,1.16178,0.0043812150488297995,60.444598273538894,1.1526402,1.16962565,DOWN,1.16178,57.344801412796855,0.0008910692186946306,NORMAL,2.0,,
2859,2026-03-25 02:05:00.443254,GBPUSD,1.34123,0.0024241404794641203,54.177127710870316,1.3400195,1.3385326,0.0,0.0004495385494949802,0.6807638667388392,1.34123,0.005256669373740943,56.73465812009091,1.3339659999999998,1.34578855,DOWN,1.34123,49.604751728407145,0.0010781492438249433,NORMAL,6.0,,
2861,2026-03-25 02:05:00.781447,USDJPY,158.694,0.21515750834871342,47.61381033566853,158.75895,158.82124,0.0,0.004855444712445485,0.38814065330117187,158.694,0.4594246485099183,47.61163898222112,159.01484,156.67817499999998,UP,158.694,46.73345922525813,0.1015328277926594,NORMAL,500.0,,
2860,2026-03-25 02:05:00.828306,GBPUSD,1.34122,0.0024241404794641203,54.14216570445625,1.340019,1.3385324,0.0006563095445810685,0.0004493790053354521,0.6793858538903983,1.34122,0.005256669373740943,56.71585096913324,1.3339658,1.3457884999999998,DOWN,1.34122,49.5348684860962,0.0010781492438249433,NORMAL,6.0,,
2863,2026-03-25 02:05:01.099003,XAUUSD,4585.44,50.52815494731941,70.39982857099528,4434.702,4395.6298,0.0,14.015127900182744,1.0861143934437896,4589.79,97.39450088734658,52.16418149881554,4758.2465999999995,5012.6995,DOWN,4589.79,83.11620931211503,18.9984661201956,NORMAL,21000.0,,
2862,2026-03-25 02:05:01.130317,USDJPY,158.694,0.21515750834871342,47.61381033566853,158.75895,158.82124,-0.009690883617139434,0.004855444712445485,0.38814065330117187,158.694,0.4594246485099183,47.61163898222112,159.01484,156.67817499999998,UP,158.694,46.73345922525813,0.1015328277926594,NORMAL,500.0,,
2864,2026-03-25 02:05:01.656151,XAUUSD,4589.79,48.689052042919116,70.12226533739837,4447.3009999999995,4397.6472,42.118577789146,19.756816168573614,1.0044952075796938,4589.79,98.8538381556444,52.09176969211701,4758.4362,5012.7469,DOWN,4589.79,80.58726266239402,19.60298470390799,NORMAL,21000.0,SELL,ACTIVE
2865,2026-03-25 02:05:02.067046,AUDUSD,0.69866,0.0020875197881298777,51.93327766409531,0.6975874999999999,0.6982936000000001,0.00011663761660374306,-0.000298860660805212,0.684090116223556,0.69866,0.004440993796006342,45.11772118165396,0.704001,0.70633345,DOWN,0.69789,43.00007126174235,0.0009277763349990017,NORMAL,8.0,,
2866,2026-03-25 02:05:02.514757,USDCAD,1.3759700000000001,0.00152560037463708,55.03309706642234,1.375484,1.3739115999999998,0.0006080256334415335,0.000727313225813311,0.6015912902638197,1.3759700000000001,0.0032916988714270894,57.5847359537607,1.3711045999999998,1.3657118,UP,1.3759700000000001,50.37518867117619,0.0006410315872886141,NORMAL,5.0,,
2867,2026-03-25 02:05:02.853129,NZDUSD,0.58336,0.0015583896334764537,51.5886658637962,0.5827829999999999,0.5829812,-2.7015258478479964e-05,-0.00024410579340570585,0.6332829894102282,0.58336,0.0034498725986741646,49.471969526486625,0.5835714,0.59384035,DOWN,0.58336,51.02413250709544,0.0006556305142120832,NORMAL,9.0,,
2868,2026-03-25 02:05:03.488484,USDCHF,0.78816,0.00136905608720561,47.55556847502095,0.7887855,0.7884532,-4.930656907387032e-05,0.00019011673985019542,0.4090009665134212,0.78816,0.003018804004879367,49.151467126693646,0.7885926000000001,0.77805105,UP,0.78816,48.46415331046583,0.0005628394446926988,NORMAL,9.0,,
2869,2026-03-25 03:05:00.311210,EURUSD,1.1606,0.0019503595881521453,54.82996382513447,1.1595665,1.1583368,0.0,0.0005610540875794544,0.6767575143117236,1.1606,0.004138271069236255,58.176860590150035,1.1528174,1.1695373,DOWN,1.1606,46.93928269421571,0.0008504542906739035,NORMAL,2.0,,
2871,2026-03-25 03:05:00.607939,GBPUSD,1.33988,0.002379252894196302,49.746547466106,1.339813,1.3386460000000002,0.0,0.0004434412152204133,0.5112809496004309,1.33988,0.0053552408383548515,54.30367711885571,1.3339389999999998,1.3457818000000001,DOWN,1.33988,40.62515100272906,0.0010126704229403165,NORMAL,6.0,,
2870,2026-03-25 03:05:00.727966,EURUSD,1.1602999999999999,0.0018492624747127144,53.41263397493412,1.1595295,1.1584304,0.0006891715485657368,0.0005842525085516703,0.6342697970763161,1.1602999999999999,0.0041632710783774665,57.49739935983176,1.1528114,1.1695358,DOWN,1.1602999999999999,44.29378034322633,0.0008071810165731303,NORMAL,2.0,,
2873,2026-03-25 03:05:01.035222,USDJPY,158.814,0.20925850265033735,52.522863639394764,158.78045,158.81008,0.0,0.00608935728155038,0.5644535310905192,158.814,0.4678532230203816,49.66248397779106,159.01724000000002,156.678775,UP,158.814,56.9217549946507,0.09128183676660727,NORMAL,500.0,,
2872,2026-03-25 03:05:01.139657,GBPUSD,1.33989,0.002379252894196302,49.778333235413655,1.3398135,1.3386462000000001,0.0004817527328229154,0.0004436007593799414,0.5128802666071648,1.33989,0.0053552408383548515,54.32091827785663,1.3339391999999999,1.3457818499999998,DOWN,1.33989,40.68821734337232,0.0010126704229403165,NORMAL,6.0,,
2875,2026-03-25 03:05:01.540602,XAUUSD,4587.38,49.105480614347684,69.65900739981922,4447.1805,4397.599,0.0,19.718366026123267,0.9981836990440467,4587.38,99.27026687933933,51.92579293823933,4758.388,5012.73485,DOWN,4587.38,78.52071760087381,18.27092226095691,NORMAL,31000.0,,
2874,2026-03-25 03:05:01.691776,USDJPY,158.814,0.20925850265033735,52.522863639394764,158.78045,158.81008,0.004005064538006309,0.00608935728155038,0.5644535310905192,158.814,0.4678532230203816,49.66248397779106,159.01724000000002,156.678775,UP,158.814,56.9217549946507,0.09128183676660727,NORMAL,500.0,,
2876,2026-03-25 03:05:02.353133,XAUUSD,4575.8,46.91493608066973,67.40545416189326,4455.692,4399.7524,44.862948704404516,24.701716749813876,0.9017966985497686,4575.8,100.15812434683983,51.14280652087719,4758.1564,5012.67695,DOWN,4575.8,68.99653584235608,18.571513425516645,NORMAL,21000.0,,
2877,2026-03-25 03:05:02.764594,AUDUSD,0.69771,0.002037850007345089,47.901461214721714,0.6975135,0.698249,2.6127187140678743e-05,-0.00024050012825307888,0.5346480825266773,0.69771,0.004204647203010069,43.5572205108981,0.7037994000000001,0.7063558999999999,DOWN,0.69771,41.963844796468784,0.0008891819753868784,NORMAL,8.0,,
2878,2026-03-25 03:05:03.129432,USDCAD,1.3772,0.0015007105519589169,60.9823890406846,1.3756264999999999,1.3740294,0.000715568442664738,0.0007341540127733401,0.809155726990515,1.3772,0.0031174447863636635,59.99535593574139,1.371397,1.3657465,UP,1.3772,61.82977794930788,0.0006289697583877651,NORMAL,5.0,,
2879,2026-03-25 03:05:03.845581,NZDUSD,0.58257,0.0015317699657791557,47.56673051758907,0.582687,0.5829766,-9.714891916645652e-05,-0.00022186199690544424,0.47181859555629685,0.58257,0.003260953045722384,47.68576797647297,0.5835136,0.5937757,DOWN,0.58257,43.13932714288802,0.0006084313375946569,NORMAL,9.0,,
2880,2026-03-25 03:05:04.199630,USDCHF,0.78935,0.0013502969789358187,53.50496990196199,0.7889985,0.7884954000000001,8.719380314381464e-05,0.0001836996738764378,0.5549011921853232,0.78935,0.0030952326042539115,51.83877965257131,0.7886164000000001,0.778057,UP,0.78935,62.536149505910686,0.0005274604525919456,NORMAL,9.0,,
2881,2026-03-25 04:05:00.086398,EURUSD,1.16028,0.0018735481889984292,53.31640021541432,1.1595285,1.15843,0.0,0.0005839334202325697,0.6310097974794097,1.16028,0.0041632710783774665,57.452665813879214,1.152811,1.1695357,DOWN,1.16028,44.333848425436635,0.0007551019677408298,NORMAL,2.0,,
2883,2026-03-25 04:05:00.393331,GBPUSD,1.33985,0.0022586940139985956,49.65143325271784,1.3398555,1.3388044,0.0,0.00043313939654740583,0.49906556528415336,1.33985,0.005368812271888643,54.25201924636785,1.3339383999999999,1.3457816500000002,DOWN,1.33985,40.04323599222528,0.0008816732600344355,NORMAL,6.0,,
2882,2026-03-25 04:05:00.487235,EURUSD,1.16028,0.0018735481889984292,53.31640021541432,1.1595285,1.15843,0.0006875761069702335,0.0005839334202325697,0.6310097974794097,1.16028,0.0041632710783774665,57.452665813879214,1.152811,1.1695357,DOWN,1.16028,44.333848425436635,0.0007551019677408298,NORMAL,2.0,,
2884,2026-03-25 04:05:00.773065,USDJPY,158.815,0.1995053442977618,52.594607695713904,158.78789999999998,158.79564,0.0,0.006149445324288243,0.5534567456029426,158.815,0.4678532230203816,49.67917894605214,159.01726,156.67878000000002,UP,158.815,56.81292557307081,0.07921669062093133,NORMAL,500.0,,
2886,2026-03-25 04:05:00.955650,XAUUSD,4573.57,47.09850750924114,66.97878187282949,4455.5805,4399.7078,0.0,24.66613840223539,0.8957009252343805,4573.57,100.34169584253381,50.9947277937249,4758.1118,5012.6658,DOWN,4573.57,67.60712627765344,16.952868001189863,NORMAL,21000.0,,
2885,2026-03-25 04:05:01.002586,GBPUSD,1.33985,0.0022586940139985956,49.65143325271784,1.3398555,1.3388044,0.0003938466517698913,0.00043313939654740583,0.49906556528415336,1.33985,0.005368812271888643,54.25201924636785,1.3339383999999999,1.3457816500000002,DOWN,1.33985,40.04323599222528,0.0008816732600344355,NORMAL,6.0,SELL,ACTIVE
2887,2026-03-25 04:05:01.851619,USDJPY,158.815,0.1995053442977618,52.594607695713904,158.78789999999998,158.79564,0.0071556094610514265,0.006149445324288243,0.5534567456029426,158.815,0.4678532230203816,49.67917894605214,159.01726,156.67878000000002,UP,158.815,56.81292557307081,0.07921669062093133,NORMAL,500.0,BUY,ACTIVE
2888,2026-03-25 04:05:02.240396,XAUUSD,4573.35,44.56560391164229,66.66468809115378,4463.22,4404.0228,46.3370849745188,28.95769751726194,0.8523124434908498,4573.35,100.72598169733293,50.980165587555,4758.1074,5012.664699999999,DOWN,4573.35,66.62703053524088,15.791633087497592,NORMAL,21000.0,,
2889,2026-03-25 04:05:02.568585,AUDUSD,0.69729,0.001960095414983702,46.31555990178596,0.6974075,0.6981966,-7.626712601138674e-05,-0.00021390765885886463,0.47868588022066283,0.69729,0.004228932926175813,42.874934347665224,0.703791,0.7063538,DOWN,0.69729,40.62319100376238,0.0008334425775012602,NORMAL,8.0,,
2890,2026-03-25 04:05:03.016241,USDCAD,1.3771,0.0014293842880434698,60.14342886318387,1.3757810000000001,1.3741544,0.0007411577768972055,0.0007360653069086387,0.7619958263745628,1.3771,0.0031253019320937447,59.80150838701924,1.371395,1.3657460000000001,UP,1.3771,59.277130735547814,0.0005650121821922257,NORMAL,5.0,BUY,ACTIVE
2891,2026-03-25 04:05:03.338941,NZDUSD,0.58234,0.001460214968223504,46.41617594171899,0.582561,0.5829776,-0.00014172854526861567,-0.00020736693050970844,0.4399777045772052,0.58234,0.0032638101896242384,47.16355906767511,0.583509,0.59377455,DOWN,0.58234,41.35017228314254,0.0005494864184633271,NORMAL,9.0,,
2892,2026-03-25 04:05:03.980112,USDCHF,0.78932,0.001284357398807754,53.37335018725002,0.7891025,0.7884985999999999,0.00011521823743154691,0.0001687270333111103,0.5353127618375908,0.78932,0.0030952326042539115,51.774418628192294,0.7886158000000001,0.77805685,UP,0.78932,61.23713989692673,0.00046508308732615545,NORMAL,9.0,,
2893,2026-03-25 05:05:00.093131,EURUSD,1.16007,0.0017932947469271147,52.21994932663902,1.159595,1.15854,0.0,0.0005926152661753168,0.5829557442944722,1.16007,0.004185413943616823,56.9871320084138,1.1528068,1.16953465,DOWN,1.16007,42.62357188364016,0.0007010228748364553,NORMAL,6.0,,
2894,2026-03-25 05:05:00.540721,GBPUSD,1.33883,0.0021581750538150254,46.32743873354354,1.3397510000000001,1.3389384000000002,0.0,0.0003775289118565135,0.3457155398822487,1.33883,0.005425955149925679,52.55229723024997,1.333918,1.3457765499999998,DOWN,1.33887,32.613935878772295,0.0007773156074964136,NORMAL,6.0,,
2895,2026-03-25 05:05:00.603201,EURUSD,1.15948,0.0016929573670445583,49.34536466650247,1.1595809999999998,1.15863,0.000492272191754406,0.0005688452267897624,0.4823160292517464,1.15948,0.004203271093003389,55.71867847413869,1.152795,1.1695317,DOWN,1.15948,36.57613035679582,0.0006537480598521254,NORMAL,6.0,SELL,ACTIVE
2896,2026-03-25 05:05:00.764613,USDJPY,158.928,0.19714271766424898,57.15006279154094,158.80585000000002,158.78634,0.0,0.01038611532018844,0.7422412624927615,158.928,0.47542465436028936,51.496958576937885,159.01952,156.67934499999998,UP,158.928,63.29507239686924,0.07805011434003242,NORMAL,300.0,,
2898,2026-03-25 05:05:00.978009,XAUUSD,4570.94,44.592746768785155,66.421932061651,4463.0995,4403.9746,0.0,28.919247374811597,0.8457717662087408,4570.94,100.72598169733293,50.8211861134166,4758.0592,5012.65265,DOWN,4570.94,64.49389110254609,14.166206538507927,NORMAL,17000.0,,
2897,2026-03-25 05:05:01.009387,GBPUSD,1.33887,0.0021581750538150254,46.455593597389445,1.339753,1.3389392,0.000202312044317976,0.0003781670884947148,0.3519549588993026,1.33887,0.005425955149925679,52.616944089975846,1.3339188,1.34577675,DOWN,1.33887,32.613935878772295,0.0007773156074964136,NORMAL,6.0,,
2899,2026-03-25 05:05:01.566382,USDJPY,158.928,0.19714271766424898,57.15006279154094,158.80585000000002,158.78634,0.02324846481945997,0.01038611532018844,0.7422412624927615,158.928,0.47542465436028936,51.496958576937885,159.01952,156.67934499999998,UP,158.928,63.29507239686924,0.07805011434003242,NORMAL,300.0,,
2900,2026-03-25 05:05:02.014805,XAUUSD,4570.04,41.800407713871934,66.04099010043056,4471.0785,4407.6562,47.00247678276992,32.5572083561184,0.8069439653673017,4569.25,100.72598169733293,50.71029274026067,4758.0253999999995,5012.6442,DOWN,4569.25,62.29146488012057,13.23881586913581,NORMAL,17000.0,,
2901,2026-03-25 05:05:02.353282,AUDUSD,0.69767,0.0018593232935052778,48.041132188519235,0.6974959999999999,0.6981958,-7.066304838287962e-05,-0.00018028095898589276,0.5321363153842155,0.69767,0.004228932926175813,43.49130672555883,0.7037986,0.7063557,DOWN,0.69767,44.83629258853037,0.0007219660632894886,NORMAL,4.0,,
2902,2026-03-25 05:05:02.754069,USDCAD,1.37707,0.0013672343899179282,59.62594629134367,1.375886,1.3742618,0.0007361648382686603,0.0007336601419555314,0.7352825215450641,1.37707,0.0031253019320937447,59.742987257123346,1.3713944,1.3657458500000002,UP,1.37707,57.32928680101537,0.0004958142456689352,NORMAL,4.0,BUY,ACTIVE
2903,2026-03-25 05:05:03.128984,NZDUSD,0.5821,0.001383056756207543,45.17119602511674,0.582547,0.5829924,-0.00019161305539383555,-0.00020523723810760269,0.37927880456551416,0.5821,0.003279524481084425,46.630701849606375,0.5835042,0.59377335,DOWN,0.5821,39.167937820220246,0.0004829851377807759,NORMAL,5.0,,
2904,2026-03-25 05:05:03.498580,USDCHF,0.78963,0.0012463420744031233,55.00033026290554,0.7892615000000001,0.7885096,0.00017176820142750238,0.0001703563495554753,0.5649328380698471,0.78963,0.003114518325591413,52.431300359113564,0.788622,0.7780584,UP,0.78963,63.82233392422927,0.0004388079627737894,NORMAL,4.0,BUY,ACTIVE
2905,2026-03-25 06:05:00.912672,EURUSD,1.1596899999999999,0.0017101002241874167,50.368148015943966,1.1595914999999999,1.1586342,0.0005090243285066354,0.0005721956541402083,0.517246365572379,1.1596899999999999,0.004220413956414502,56.16363776028743,1.1527992,1.1695327500000001,DOWN,1.1596899999999999,40.36155451885157,0.0006187133948097045,NORMAL,4.0,SELL,ACTIVE
2906,2026-03-25 06:05:01.293050,GBPUSD,1.3379699999999999,0.002158509488746609,44.238023505754725,1.339556,1.3390231999999997,-6.433712325826235e-05,0.0002719249356028156,0.25169099821217017,1.3379699999999999,0.005192876686970929,51.219092489519646,1.333938,1.3456898999999998,DOWN,1.3379699999999999,32.267442231648545,0.0007875964408599704,NORMAL,6.0,,
2907,2026-03-25 06:05:01.527197,EURUSD,1.15937,0.0016487665347046257,48.92490152893089,1.159575,1.1587108000000002,0.0,0.0005269908706990662,0.4641258279272373,1.15937,0.003977782309766583,55.44079739224808,1.152944,1.1694347,DOWN,1.15937,37.63987082783936,0.0006225913781705681,NORMAL,4.0,,
2909,2026-03-25 06:05:01.756397,GBPUSD,1.33798,0.002158509488746609,44.274666348624265,1.3395565,1.3390233999999999,0.0,0.0002720844797623881,0.25309774602839863,1.33798,0.005192876686970929,51.23434384441432,1.3339382,1.34568995,DOWN,1.33798,32.390740304974486,0.0007875964408599704,NORMAL,6.0,,
2908,2026-03-25 06:05:01.912783,USDJPY,158.97,0.19169374803517059,58.27449694674912,158.82305,158.77908,0.038945723923404785,0.01692766667046109,0.7788079468436975,158.97,0.44970043289674133,52.08030655095818,159.01478,156.691235,UP,158.97,64.84412659756552,0.07085641966299595,NORMAL,300.0,,
2910,2026-03-25 06:05:02.167832,USDJPY,158.97,0.19169374803517059,58.27449694674912,158.82305,158.77908,0.0,0.01692766667046109,0.7788079468436975,158.97,0.44970043289674133,52.08030655095818,159.01478,156.691235,UP,158.97,64.84412659756552,0.07085641966299595,NORMAL,300.0,,
2911,2026-03-25 06:05:02.381475,XAUUSD,4550.04,40.78277655063613,61.974429316305084,4476.5405,4411.1586,0.0,34.773637999255286,0.7270407017819096,4550.04,95.35412291128901,49.45589046940275,4746.271,5011.4547999999995,DOWN,4550.04,49.366162479693635,13.595773135372761,NORMAL,17000.0,,
2912,2026-03-25 06:05:02.443927,XAUUSD,4553.13,43.126836285300485,62.639715855123484,4470.233,4407.318,45.6535309138244,32.2874191823293,0.7603814264723358,4553.13,101.89598212514137,49.67636791071409,4757.7029999999995,5012.5635999999995,DOWN,4553.13,51.832591145002446,13.345954039110255,NORMAL,17000.0,,
2913,2026-03-25 06:05:03.271967,AUDUSD,0.6974,0.0017855961194793875,46.90823649569217,0.6974874999999999,0.6981761999999999,-0.00012924159471761065,-0.0001737745106336619,0.4838265516146691,0.6974,0.004228932926175813,43.051553839497025,0.7037932000000001,0.70635435,DOWN,0.6974,43.567847068541916,0.0006567996538332338,NORMAL,2.0,,
2914,2026-03-25 06:05:03.616679,USDCAD,1.37743,0.0012930441783931747,61.37969610108963,1.376065,1.3743818,0.0007773904871346549,0.0007450865528716773,0.7761127998719342,1.37743,0.0031374447936766323,60.43418812264966,1.3714016,1.36574765,UP,1.37743,61.243615066773984,0.0004361718972622716,NORMAL,4.0,,
2915,2026-03-25 06:05:04.001755,NZDUSD,0.58137,0.0013587567838253649,41.61958534163279,0.582444,0.5829882,-0.0003143893121616559,-0.00023383232528308086,0.22478602743033496,0.58137,0.0033402387889987757,45.08147843845481,0.5834895999999999,0.5937697,DOWN,0.58137,32.68207612031928,0.00046068555654518923,NORMAL,7.0,,
2916,2026-03-25 06:05:04.402793,USDCHF,0.78968,0.0012053788650069766,54.874578790387375,0.7893875,0.7885298000000001,0.00023096611962569735,0.00018617972807096302,0.5537860053053677,0.78968,0.002940113942150681,52.441746203604914,0.7887058,0.7781220000000001,UP,0.78968,61.75172589855264,0.0004131232881387003,NORMAL,2.0,,
2917,2026-03-25 07:05:00.324862,EURUSD,1.15932,0.001669480820418936,48.66909116792566,1.1595725,1.1587098,0.0,0.0005261931499013368,0.45582654695729247,1.15932,0.003998496603055036,55.35165503865692,1.1529429999999998,1.16943445,DOWN,1.15932,39.40328253053689,0.0006107973766114902,NORMAL,2.0,,
2918,2026-03-25 07:05:00.559185,GBPUSD,1.33921,0.0021664220762851287,48.68672892225991,1.3395455000000003,1.3392094,0.0,0.0002057128180178112,0.447178439382742,1.33921,0.005295019581462145,53.04022701893053,1.3339628,1.3456961,DOWN,1.3392,47.92891621796619,0.0008578911172419635,NORMAL,6.0,,
2919,2026-03-25 07:05:00.944280,EURUSD,1.15932,0.001669480820418936,48.66909116792566,1.1595725,1.1587098,0.0003734537882167377,0.0005261931499013368,0.45582654695729247,1.15932,0.003998496603055036,55.35165503865692,1.1529429999999998,1.16943445,DOWN,1.15932,39.40328253053689,0.0006107973766114902,NORMAL,2.0,,
2920,2026-03-25 07:05:00.975563,USDJPY,158.976,0.18565950072653528,58.29279063500254,158.8352,158.76792,0.0,0.023863287014825638,0.7561467732760945,158.976,0.4534861485666952,52.18509413767116,159.0149,156.69126500000002,UP,158.971,60.31674296111209,0.07113677443271818,NORMAL,300.0,,
2921,2026-03-25 07:05:01.324574,GBPUSD,1.33923,0.0021664220762851287,48.75351820180115,1.3395465000000002,1.3392098000000001,-7.158009676677679e-05,0.00020603190633691185,0.4501630411692759,1.33923,0.005295019581462145,53.068486554703775,1.3339632000000001,1.3456962,DOWN,1.33923,48.21144838413496,0.0008578911172419635,NORMAL,6.0,,
2922,2026-03-25 07:05:01.402562,XAUUSD,4553.63,41.735633693493284,62.70494262315887,4476.719999999999,4411.2303999999995,0.0,34.8309143525315,0.7370620390870442,4553.63,96.3069804025567,49.69783323749443,4746.342799999999,5011.47275,DOWN,4553.63,51.44406152632561,14.22864159423124,NORMAL,17000.0,,
2923,2026-03-25 07:05:01.928548,USDJPY,158.969,0.18565950072653528,57.913595418650196,158.83485000000002,158.76778000000002,0.04881374560028462,0.023751606103144758,0.7447061191439381,158.969,0.4534861485666952,52.06288285318367,159.01476,156.69123,UP,158.969,60.046435956322505,0.07113677443271818,NORMAL,300.0,,
2924,2026-03-25 07:05:02.334766,XAUUSD,4549.45,39.14951700110089,61.59258397801521,4481.844,4414.9976,42.695830504721016,36.2992366143085,0.706630627516194,4549.45,96.3069804025567,49.41635349343122,4746.2591999999995,5011.45185,DOWN,4549.45,49.927678864575505,13.521697286527415,NORMAL,17000.0,,
2925,2026-03-25 07:05:02.741082,AUDUSD,0.6972,0.001717594355843109,46.11725641320234,0.6974525,0.6981565999999999,-0.00018935441024636734,-0.00018059191505761076,0.45344710111049424,0.6972,0.003980437631497098,42.79443168663057,0.7035678,0.70637145,DOWN,0.6972,43.47934560895223,0.0006266214592634191,NORMAL,4.0,SELL,ACTIVE
2926,2026-03-25 07:05:03.126390,USDCAD,1.37796,0.0012496124513651009,63.85796642169499,1.376315,1.3745154000000002,0.0008509256817583744,0.0007705939797886081,0.8602419099702008,1.37796,0.0029616068361503823,61.43588031238264,1.3717042000000002,1.3657871,UP,1.37796,65.83579770328684,0.0004152968797499592,NORMAL,4.0,,
2927,2026-03-25 07:05:03.501483,NZDUSD,0.58121,0.0013128251768174343,41.10084070716124,0.58232,0.5829838,-0.00040203515586634264,-0.0002706637745906332,0.22181835188361174,0.58121,0.0031527726936507044,44.815005089831615,0.5834054,0.5936970500000001,DOWN,0.58121,35.45701857994645,0.0004508949284835621,NORMAL,5.0,,
2928,2026-03-25 07:05:03.808624,USDCHF,0.78949,0.0011719334358738288,53.595615277869356,0.7894840000000001,0.7885205999999999,0.00024204851848685927,0.00019748112148176475,0.5011622691924218,0.78949,0.0029729710970219816,51.98536726266505,0.788702,0.77812105,UP,0.78949,54.69048122267928,0.00041372350960902724,NORMAL,4.0,,
2929,2026-03-25 08:05:00.092740,EURUSD,1.15928,0.0016768138230420643,48.44173956557087,1.1596055,1.1588333999999998,0.0,0.00048656211181065205,0.44274228443843705,1.15928,0.004074925202429573,55.280083945168705,1.1529422,1.1694342500000001,DOWN,1.15941,43.095490129858376,0.0006505760010823463,NORMAL,2.0,,
2931,2026-03-25 08:05:00.442610,GBPUSD,1.33963,0.002173922540223936,50.19223906730272,1.339557,1.33942,0.0,0.0001489056265885312,0.51148838177156,1.33963,0.005362162463155665,53.62661966200106,1.3339712,1.3456982,DOWN,1.33963,53.130228021778514,0.0009874658292196535,NORMAL,6.0,,
2930,2026-03-25 08:05:00.505135,EURUSD,1.15944,0.0016423985499676508,49.14300767998722,1.1596775,1.1589704,0.0002771357089230708,0.00045054805630437484,0.457394562107891,1.15944,0.004074925202429573,55.5650003528574,1.1529454,1.16943505,DOWN,1.15943,43.26061592837564,0.0007341889680238472,NORMAL,2.0,,
2932,2026-03-25 08:05:00.796713,USDJPY,159.116,0.18944912822565996,63.21242286575196,158.8582,158.76402,0.0,0.03632056275402802,0.8980921882158754,159.116,0.46505758136919667,54.37689144647667,159.0177,156.691965,UP,159.116,69.2262339140552,0.08023640357670762,NORMAL,300.0,,
2933,2026-03-25 08:05:00.999937,XAUUSD,4554.59,40.07237414395804,62.251545017164084,4482.101000000001,4415.100399999999,0.0,36.38124231231424,0.7209301439879291,4554.59,96.76269485490212,49.762932695166704,4746.362,5011.47755,DOWN,4554.59,51.656372112780005,13.201700119618566,NORMAL,14000.0,,
2934,2026-03-25 08:05:02.265595,GBPUSD,1.33966,0.002173922540223936,50.2938163017631,1.3395585,1.3394206,-6.635732716286924e-05,0.00014938425906715997,0.5159726999653141,1.33966,0.005362162463155665,53.66794496553186,1.3339717999999998,1.3456983500000002,DOWN,1.33966,53.36336300385028,0.0009874658292196535,NORMAL,6.0,,
2935,2026-03-25 08:05:02.639502,USDJPY,159.116,0.18944912822565996,63.21242286575196,158.8582,158.76402,0.07587502183619677,0.03632056275402802,0.8980921882158754,159.116,0.46505758136919667,54.37689144647667,159.0177,156.691965,UP,159.116,69.2262339140552,0.08023640357670762,NORMAL,300.0,,
2936,2026-03-25 08:05:02.998891,XAUUSD,4546.37,38.711388235716115,60.811813526650624,4488.2665,4418.3766,40.17660128049738,36.94656367860041,0.6800026941804204,4546.37,96.76269485490212,49.210979175441494,4746.1976,5011.43645,DOWN,4546.37,48.5004598848787,13.910461900170922,NORMAL,17000.0,,
2937,2026-03-25 08:05:03.336962,AUDUSD,0.6966,0.0016857763916502304,43.328203137158184,0.6974370000000001,0.6981644,-0.0002646477595449337,-0.0001975307192827156,0.3466073889588025,0.6966,0.004010437642466544,41.73973413004488,0.7035558000000001,0.7063684499999999,DOWN,0.6966,38.77743253150601,0.0006415164317860472,NORMAL,2.0,,
2938,2026-03-25 08:05:03.706686,USDCAD,1.37831,0.0012439258476961733,65.56539757073728,1.3764885000000002,1.3746146,0.0008944256939651396,0.0007930628867264962,0.8982579584765698,1.37831,0.003010178282481869,62.09995368458508,1.3717112,1.36578885,UP,1.37831,67.64921091647776,0.00045116382843635937,NORMAL,4.0,,
2939,2026-03-25 08:05:04.289884,NZDUSD,0.58127,0.001277215215208021,41.55589355345729,0.582225,0.5830076,-0.000446942564935604,-0.0003061748033148902,0.2624032964915872,0.58127,0.0031827727046201495,44.97430563093059,0.5834066,0.59369735,DOWN,0.58127,39.46991993774703,0.00045714078908856557,NORMAL,5.0,,
2940,2026-03-25 08:05:04.784415,USDCHF,0.79056,0.0012221014557603895,59.58457717471947,0.789574,0.7885436,0.00036041973649758585,0.0002358124342285099,0.6876822360332199,0.79056,0.003025113973230783,54.39357274989226,0.7887234000000001,0.7781264,UP,0.79056,65.91735774190897,0.0005197142786772954,NORMAL,2.0,,
2941,2026-03-25 09:05:00.083068,EURUSD,1.16056,0.0017128394698679127,53.801497882104286,1.1599205,1.1591682,0.0,0.00047354326433507834,0.6162484263620568,1.16056,0.004154210945705965,57.462101769104095,1.1529677999999999,1.1694406499999999,DOWN,1.16056,53.27978805150723,0.0008188679856874448,NORMAL,2.0,,
2943,2026-03-25 09:05:00.432422,GBPUSD,1.34081,0.002232060726126311,53.91802871822946,1.3397679999999998,1.3396796,0.0,0.00015426463886634233,0.6666051044053464,1.34081,0.005534305383242255,55.19838920875408,1.3339948000000001,1.3457041,DOWN,1.34081,56.89616976106444,0.001107103774936448,NORMAL,6.0,,
2942,2026-03-25 09:05:00.494863,EURUSD,1.16056,0.0017064108984393466,55.00644560889212,1.15986,1.159144,0.00036081166717605306,0.0004431945106724438,0.6316873303326715,1.16056,0.004154210945705965,57.462101769104095,1.1529677999999999,1.1694406499999999,DOWN,1.16056,53.447474500883374,0.0008781523899857491,NORMAL,2.0,,
2945,2026-03-25 09:05:00.770576,USDJPY,158.771,0.20459051702586764,48.21234437917542,158.83935,158.74078,0.0,0.03209164070209555,0.3872597872171936,158.771,0.4808433014269298,48.82840259705116,159.0108,156.69024,UP,158.772,41.027402633429965,0.10116841922331353,NORMAL,300.0,,
2944,2026-03-25 09:05:00.817473,GBPUSD,1.34081,0.002232060726126311,53.91802871822946,1.3397679999999998,1.3396796,0.00010613943441639684,0.00015426463886634233,0.6666051044053464,1.34081,0.005534305383242255,55.19838920875408,1.3339948000000001,1.3457041,DOWN,1.34081,56.89616976106444,0.001107103774936448,NORMAL,6.0,,
2946,2026-03-25 09:05:01.125016,XAUUSD,4563.03,37.32292172908331,62.75159276774917,4498.414,4423.8117999999995,0.0,37.97585552123992,0.7050385992745174,4563.03,97.08912354568871,50.335885398025134,4746.5307999999995,5011.5197499999995,DOWN,4563.03,54.69863941218585,12.781475939388898,NORMAL,17000.0,,
2947,2026-03-25 09:05:01.556940,USDJPY,158.772,0.20459051702586764,48.24806697247771,158.8394,158.7408,0.03714518326358984,0.03210759511804997,0.38880947643442965,158.772,0.4808433014269298,48.84372828252573,159.01082,156.690245,UP,158.772,41.027402633429965,0.10116841922331353,NORMAL,300.0,,
2948,2026-03-25 09:05:01.979462,XAUUSD,4563.03,37.945778871940405,63.062315546342504,4497.9455,4423.6244,40.298917908884505,37.740840792463445,0.7075597272434204,4563.03,97.08912354568871,50.335885398025134,4746.5307999999995,5011.5197499999995,DOWN,4563.03,54.38298581124761,13.917674673126294,NORMAL,17000.0,,
2949,2026-03-25 09:05:02.461148,AUDUSD,0.69877,0.0017836290983690866,54.155119888285526,0.6975985,0.6982294,-0.00014134880163607644,-0.0001851456178046787,0.7215444750401725,0.69877,0.004129723400368866,46.15508541827845,0.7035992,0.7063792999999999,DOWN,0.69877,61.49689294715111,0.0007395915859375684,NORMAL,2.0,BUY,ACTIVE
2950,2026-03-25 09:05:02.846615,USDCAD,1.3780299999999999,0.001222267878983182,63.166764869868736,1.3766695,1.3747113999999998,0.0009059959328749922,0.000815394225300915,0.8154727027468883,1.3780299999999999,0.0030280354318684504,61.570550197005524,1.3717055999999999,1.36578745,UP,1.3780299999999999,59.306688060983156,0.0004674894457715431,NORMAL,4.0,,
2951,2026-03-25 09:05:03.196716,NZDUSD,0.58306,0.0013331794345298905,52.868800786206656,0.5822675,0.583084,-0.0003175934549385362,-0.00030526765044873715,0.6961943691073137,0.58306,0.003275629881430341,49.337315756458985,0.5834424,0.5937063,DOWN,0.58306,65.77847222717497,0.0005189457227034295,NORMAL,5.0,,
2952,2026-03-25 09:05:03.587251,USDCHF,0.78927,0.0012904717599407645,51.770557849384154,0.7894375,0.7885128,0.0002354914689383092,0.0002186451072673318,0.46693207267932835,0.78927,0.003102256858580788,51.46675318307642,0.7886976,0.77811995,UP,0.78927,49.348099067085975,0.000634707192322856,NORMAL,2.0,,
2953,2026-03-25 10:05:00.093470,EURUSD,1.15948,0.0017621251841536325,49.13217128009727,1.1598060000000001,1.1591224,0.0,0.0004259637414417188,0.4382988258005562,1.15948,0.004154210945705965,55.635663094515515,1.1529462,1.16943525,DOWN,1.15948,43.523298115185,0.0008488891434469035,NORMAL,2.0,,
2955,2026-03-25 10:05:00.478678,GBPUSD,1.33987,0.0022166074089540015,50.729979575987024,1.3397089999999998,1.3398362,0.0,0.00011333292700047853,0.5260616353305406,1.33987,0.005186140651633989,53.981297137283036,1.3341037999999998,1.3456128,DOWN,1.33987,50.504303936902154,0.0010835169103454616,NORMAL,6.0,,
2954,2026-03-25 10:05:00.556963,EURUSD,1.16035,0.0017030958342651083,53.80893451424106,1.1598979999999999,1.1592786,0.0003129815545122039,0.00040872798781649376,0.5865175484348396,1.16035,0.003911052996984373,57.17579788752627,1.1531598,1.16934005,DOWN,1.16035,52.21875086663485,0.0008722756871980555,NORMAL,2.0,,
2957,2026-03-25 10:05:00.832697,USDJPY,158.89,0.20629323519749027,52.41229474203278,158.8533,158.73224,0.0,0.03609139004113299,0.5616313235654093,158.89,0.4511402041062023,50.72230044835504,159.00232,156.70149,UP,158.89,49.562007223764766,0.0976443701236425,NORMAL,300.0,,
2956,2026-03-25 10:05:00.905710,GBPUSD,1.33987,0.0022166074089540015,50.729979575987024,1.3397089999999998,1.3398362,2.554909948004891e-05,0.00011333292700047853,0.5260616353305406,1.33987,0.005186140651633989,53.981297137283036,1.3341037999999998,1.3456128,DOWN,1.33987,50.504303936902154,0.0010835169103454616,NORMAL,6.0,,
2958,2026-03-25 10:05:01.228413,XAUUSD,4555.89,38.1086360147976,62.07271062406072,4497.5885,4423.4816,0.0,37.62692626254897,0.6866336044596186,4555.89,97.08912354568871,49.85144176838588,4746.388,5011.48405,DOWN,4555.89,50.976471743741946,13.245042627655497,NORMAL,17000.0,,
2959,2026-03-25 10:05:01.691740,USDJPY,158.89,0.20629323519749027,52.41229474203278,158.8533,158.73224,0.044496085402983,0.03609139004113299,0.5616313235654093,158.89,0.4511402041062023,50.72230044835504,159.00232,156.70149,UP,158.89,49.562007223764766,0.0976443701236425,NORMAL,300.0,,
2960,2026-03-25 10:05:02.082561,XAUUSD,4559.76,37.81454976884266,62.33745819795502,4506.304,4430.1938,38.387829296055315,37.72920145614465,0.6803559508276589,4559.76,91.1998972376885,50.15417091407692,4735.440799999999,5009.7743,DOWN,4559.78,53.01304388081833,14.313890713067016,NORMAL,17000.0,,
2961,2026-03-25 10:05:02.452192,AUDUSD,0.69681,0.0017846964076692557,45.25726635984012,0.697588,0.6982446,-0.0002494595667299482,-0.0002071981511794763,0.347654169959705,0.69681,0.004131151972319793,42.085305551343474,0.70356,0.7063695,DOWN,0.69681,42.142010583989126,0.0007813033796835383,NORMAL,2.0,,
2962,2026-03-25 10:05:02.853102,USDCAD,1.37916,0.0011914936427292752,69.38231512709189,1.3769455,1.3748474,0.0010355464967584105,0.0008675933405610713,1.0009487904834293,1.37916,0.003071606876371695,63.62130878968132,1.3717282,1.3657930999999999,UP,1.37916,71.43639096214199,0.000464457160745857,NORMAL,4.0,SELL,ACTIVE
2963,2026-03-25 10:05:03.191411,NZDUSD,0.58176,0.0013417788626757237,45.73289123430586,0.5822415000000001,0.5831326,-0.0003479743442722505,-0.0003171275077319801,0.3802973993859333,0.58176,0.0032820584552095103,46.24162823233625,0.5834164,0.5936998,DOWN,0.58176,45.371352699250124,0.0005629176955194982,NORMAL,5.0,,
2964,2026-03-25 10:05:03.550689,USDCHF,0.78953,0.0013097237770878583,52.79706369389251,0.7894209999999999,0.7884954000000001,0.00028253288054580494,0.00024035713485750734,0.5218814195315336,0.78953,0.002917809926268331,51.99090094643426,0.7887588,0.7781887000000001,UP,0.78953,50.45127011445376,0.0006471193924970453,NORMAL,2.0,,
2965,2026-03-25 11:05:01.083763,EURUSD,1.1597,0.0017230958342650965,50.20005378464968,1.1598655,1.1592656,0.0,0.00039835761744609984,0.46823016138129275,1.1597,0.003931053004297326,55.89352714789671,1.1531468,1.1693368,DOWN,1.16104,58.814646860963066,0.0008573772239027638,NORMAL,2.0,,
2966,2026-03-25 11:05:01.328303,GBPUSD,1.34176,0.002171951777702196,56.444251009702455,1.3399475,1.3401547999999999,0.0,0.00015570831624288188,0.7870920599076978,1.34176,0.005293283547953447,56.588246911647545,1.3341415999999997,1.3456222500000001,DOWN,1.34176,63.822349068216056,0.0010411794911250678,NORMAL,6.0,,
2967,2026-03-25 11:05:01.818075,EURUSD,1.1597,0.0017230958342650965,50.20005378464968,1.1598655,1.1592656,0.0002611297026602344,0.00039835761744609984,0.46823016138129275,1.16104,0.003973910162825119,58.36313064293164,1.1531736000000001,1.1693434999999999,DOWN,1.16104,58.814646860963066,0.0008573772239027638,NORMAL,2.0,,
2968,2026-03-25 11:05:01.974226,USDJPY,158.827,0.20054269798950783,49.91834807505278,158.8497,158.71795999999998,0.0,0.036392811293193036,0.4618024420483965,158.827,0.4573544920927319,49.62490665718609,159.00106,156.701175,UP,158.827,44.16491454198643,0.0918249009641027,NORMAL,300.0,SELL,ACTIVE
2969,2026-03-25 11:05:02.344009,GBPUSD,1.34176,0.002171951777702196,56.444251009702455,1.3399475,1.3401547999999999,0.0002550104430130151,0.00015570831624288188,0.7870920599076978,1.34176,0.005293283547953447,56.588246911647545,1.3341415999999997,1.3456222500000001,DOWN,1.34176,63.822349068216056,0.0010411794911250678,NORMAL,6.0,BUY,ACTIVE
2970,2026-03-25 11:05:03.005316,XAUUSD,4553.05,37.81454976884266,61.35252852907076,4505.9685,4430.0596000000005,0.0,37.622147325090765,0.6593650570541756,4566.77,91.64275454247563,50.654956282508046,4735.581,5009.8093499999995,DOWN,4566.77,56.99740125461499,12.973983240828591,NORMAL,17000.0,,
2971,2026-03-25 11:05:03.453088,USDJPY,158.827,0.20054269798950783,49.91834807505278,158.8497,158.71795999999998,0.037470860973797926,0.036392811293193036,0.4618024420483965,158.827,0.4573544920927319,49.62490665718609,159.00106,156.701175,UP,158.827,44.16491454198643,0.0918249009641027,NORMAL,300.0,,
2972,2026-03-25 11:05:03.997974,XAUUSD,4566.94,35.998102336374316,63.420791303423016,4513.825500000001,4437.4308,37.66410058699603,37.70533227946594,0.6843670507572094,4566.94,91.64346882845105,50.66697592219763,4735.5844,5009.8102,DOWN,4566.94,57.07739096979098,12.974697958724473,NORMAL,18000.0,SELL,ACTIVE
2973,2026-03-25 11:05:04.768507,AUDUSD,0.69615,0.0018004833989581784,42.491741701846074,0.6975684999999999,0.6982354000000001,-0.000335273402405023,-0.0002320473894587796,0.22658777317138573,0.69615,0.003938212524308976,40.93089459294798,0.7033588000000001,0.7063733499999999,DOWN,0.69722,50.04952234644569,0.0007808912082255175,NORMAL,2.0,,
2974,2026-03-25 11:05:05.632905,USDCAD,1.37888,0.0011419730170180292,65.3342340917959,1.377293,1.3750492,0.001112059406219057,0.0009582779621314244,0.8306865259985707,1.37888,0.0029454716828551343,62.424323766731874,1.3720172000000002,1.36584335,UP,1.37888,56.563842665359495,0.0004658213123849156,NORMAL,4.0,,
2975,2026-03-25 11:05:06.138169,NZDUSD,0.58119,0.0013597130255458265,42.904464717003336,0.582176,0.5831632,-0.00039764763721295004,-0.0003333591689558144,0.26082657964938705,0.58119,0.003126911392920337,44.941808626172076,0.5833822,0.5936173,DOWN,0.58119,39.067770898075665,0.0005696047298737085,NORMAL,5.0,,
2976,2026-03-25 11:05:06.634247,USDCHF,0.78865,0.0012817843236223995,47.59604787643382,0.7892585,0.7884008,0.00017388827612807578,0.00022119213804039988,0.36886251595107067,0.78865,0.002982095664060004,49.83687830670335,0.7887411999999999,0.7781843,UP,0.78865,40.97512591014715,0.000625350135350608,NORMAL,4.0,SELL,ACTIVE
2977,2026-03-25 12:05:01.601600,EURUSD,1.16038,0.0016684869481441247,53.9094807304954,1.1600325,1.159498,0.0,0.00039185488442123066,0.5718472885435725,1.16066,0.003981767308555216,57.71750875954744,1.1531660000000001,1.1693416,DOWN,1.16067,55.85706589174471,0.0008324032433349361,NORMAL,8.0,,
2978,2026-03-25 12:05:01.997739,GBPUSD,1.34188,0.002126149099703058,56.85857743291539,1.340114,1.3404626000000002,0.0,0.00019233560797392893,0.781234872904465,1.34188,0.005326854988800207,56.74383121664019,1.334144,1.34562285,DOWN,1.34188,63.362685847419584,0.0010442140844379995,NORMAL,6.0,,
2979,2026-03-25 12:05:02.180069,EURUSD,1.16038,0.0016684869481441247,53.9094807304954,1.1600325,1.159498,0.00031989523437303546,0.00039185488442123066,0.5718472885435725,1.16066,0.003981767308555216,57.71750875954744,1.1531660000000001,1.1693416,DOWN,1.16067,55.85706589174471,0.0008324032433349361,NORMAL,8.0,,
2980,2026-03-25 12:05:02.659032,USDJPY,158.813,0.19413148486780693,49.294250380534834,158.84565,158.70224,0.0,0.0357507144301235,0.4447938613453786,158.813,0.45928306422648113,49.38745908925406,159.00078,156.701105,UP,158.813,42.84175230981611,0.08594154843206002,NORMAL,300.0,,
2981,2026-03-25 12:05:03.091435,GBPUSD,1.34188,0.002126149099703058,56.85857743291539,1.340114,1.3404626000000002,0.0003560755441287533,0.00019233560797392893,0.781234872904465,1.34188,0.005326854988800207,56.74383121664019,1.334144,1.34562285,DOWN,1.34188,63.362685847419584,0.0010442140844379995,NORMAL,6.0,,
2982,2026-03-25 12:05:04.336239,XAUUSD,4578.78,35.11844196540884,65.05468559518965,4522.781000000001,4444.2218,0.0,37.996084282111994,0.7010505950766421,4578.78,92.98061217451786,51.48994302802222,4735.8212,5009.8694,DOWN,4578.74,60.87348413169706,12.366037554283535,NORMAL,17000.0,,
2983,2026-03-25 12:05:04.763269,USDJPY,158.812,0.19413148486780693,49.25488399018074,158.8456,158.70222,0.031634748630267495,0.035734760014169094,0.4431920874078127,158.812,0.45928306422648113,49.370585469250884,159.00076,156.7011,UP,158.812,42.76392930310788,0.08594154843206002,NORMAL,300.0,SELL,ACTIVE
2984,2026-03-25 12:05:05.086415,XAUUSD,4578.73,35.11844196540884,65.04140508318739,4522.7785,4444.2208,38.395035312638356,37.9952865613141,0.7008861609862209,4578.73,92.98061217451786,51.48652539504978,4735.820199999999,5009.8691499999995,DOWN,4578.73,60.86637651003831,12.366037554283535,NORMAL,17000.0,,
2985,2026-03-25 12:05:07.022524,AUDUSD,0.69666,0.0016741412980812922,44.58577892771535,0.6976159999999999,0.6983826,-0.0003533365321194415,-0.0002661496636074752,0.309301595758663,0.69666,0.0039453553840636145,41.811414860699756,0.703369,0.7063759000000001,DOWN,0.69666,44.661389056254016,0.0007532459968587538,NORMAL,2.0,,
2986,2026-03-25 12:05:11.605864,USDCAD,1.37924,0.00113366882192491,67.53326627945577,1.3774264999999999,1.3751423999999997,0.0011678779666128847,0.0010088771653068993,0.841933203226588,1.37923,0.00295761454443799,63.51582187694521,1.3720242000000002,1.3658451,UP,1.37924,58.24453290788645,0.00046932961948226897,NORMAL,4.0,,
2987,2026-03-25 12:05:13.127195,NZDUSD,0.58235,0.001259803578149213,49.42101180472687,0.5822935,0.5833762,-0.0002589256924276917,-0.00030574654694008445,0.5144605516339691,0.58235,0.003156911403889782,47.80239506258776,0.5834054000000001,0.5936231,DOWN,0.58235,55.2905021507372,0.0005676172349380191,NORMAL,5.0,,
2988,2026-03-25 12:05:14.371696,USDCHF,0.78874,0.001227167076016717,48.08639709644188,0.7891440000000001,0.7883017999999999,0.00013010632970644753,0.00020450660030523927,0.40585035941112907,0.78874,0.0029835242360109317,50.048947559903645,0.7887429999999999,0.7781847500000001,UP,0.78876,42.50928007360051,0.0006077284386173555,NORMAL,4.0,,
2989,2026-03-25 13:05:00.852936,EURUSD,1.15974,0.0017411808014974619,50.054084331519526,1.1601905000000001,1.1597942,0.0,0.0003264763134632639,0.3880525734396675,1.15973,0.004051767334150591,55.96363763145005,1.1531474,1.16933695,DOWN,1.15973,46.91352848251812,0.0009404809624574516,NORMAL,2.0,,
2990,2026-03-25 13:05:01.219202,GBPUSD,1.33976,0.0022453527354385737,49.7625201543594,1.3400875,1.3404942,0.0,0.000146203564720058,0.4427496728633131,1.33976,0.005408283590003002,53.81989430797189,1.3341015999999999,1.34561225,DOWN,1.33976,46.23093390270837,0.0011207160811746784,NORMAL,6.0,,
2991,2026-03-25 13:05:01.303230,EURUSD,1.15973,0.0017411808014974619,50.00020198705546,1.16019,1.159794,0.00018917635130777377,0.0003263167693036914,0.3857189125565591,1.15973,0.004051767334150591,55.96363763145005,1.1531474,1.16933695,DOWN,1.15973,46.91352848251812,0.0009404809624574516,NORMAL,2.0,,
2992,2026-03-25 13:05:01.613445,USDJPY,158.976,0.2038925012548019,54.928481153666624,158.85139999999998,158.70738,0.0,0.04154941243819487,0.7117182239323834,158.976,0.46971163946824035,52.16626002686636,159.00404,156.70192,UP,158.976,55.02111786081276,0.09731428764675094,NORMAL,300.0,,
2993,2026-03-25 13:05:02.337093,GBPUSD,1.33976,0.0022453527354385737,49.7625201543594,1.3400875,1.3404942,0.00012313408116337854,0.000146203564720058,0.4427496728633131,1.33976,0.005408283590003002,53.81989430797189,1.3341015999999999,1.34561225,DOWN,1.33976,46.23093390270837,0.0011207160811746784,NORMAL,6.0,SELL,ACTIVE
2994,2026-03-25 13:05:02.430670,XAUUSD,4566.54,38.44054304951231,60.40115208526749,4528.304999999999,4449.7838,0.0,36.88781759389618,0.6469043051962623,4566.54,95.06775579482084,50.63868509141243,4735.5764,5009.8082,DOWN,4566.45,53.51568659705052,16.88599739013742,NORMAL,19000.0,,
2995,2026-03-25 13:05:02.920065,USDJPY,158.977,0.2038925012548019,54.9696536495006,158.85145,158.7074,0.05142226714852427,0.04156536685414928,0.7132676030009246,158.977,0.46971163946824035,52.18255270759883,159.00406,156.701925,UP,158.977,55.10589386054852,0.09731428764675094,NORMAL,300.0,,
2996,2026-03-25 13:05:03.364108,XAUUSD,4566.61,38.44054304951231,60.41097148911502,4528.3085,4449.785199999999,34.67991323419574,36.888934403013046,0.647154907408829,4566.61,95.06775579482084,50.64363832888173,4735.5778,5009.80855,DOWN,4566.61,53.579074291212024,16.88599739013742,NORMAL,17000.0,,
2997,2026-03-25 13:05:05.047020,AUDUSD,0.69659,0.0017584373278101751,45.260833655135,0.6976465,0.6983286,-0.0004204085570794769,-0.00030657409187452225,0.2791741248150767,0.69659,0.004000355404174262,41.68832269691189,0.7033676,0.7063755500000001,DOWN,0.69659,47.82443398459245,0.0009004567209078827,NORMAL,2.0,,
2998,2026-03-25 13:05:06.765811,USDCAD,1.37815,0.0011672332938282074,57.78600225588205,1.3774089999999999,1.3752282000000002,0.001028816318386916,0.001004568699626623,0.6431794290870034,1.37815,0.0030283288560088327,60.26431215533558,1.3720026,1.3658397,UP,1.37815,42.851248260775435,0.0005877452910456596,NORMAL,1.0,,
2999,2026-03-25 13:05:07.369610,NZDUSD,0.5815,0.0013726607210063498,44.61607430557886,0.5822510000000001,0.5833592,-0.00032673196023391693,-0.0003193078005013295,0.310844934469431,0.5815,0.003176911411202743,45.63853582422982,0.5833884,0.59361885,DOWN,0.5815,44.093813883209506,0.0006542337172630138,NORMAL,7.0,SELL,ACTIVE
3000,2026-03-25 13:05:07.718275,USDCHF,0.78939,0.0012938490195665397,51.821063376889384,0.7890915000000001,0.7883152,0.000194104822695218,0.00021391342427039685,0.5785898671791292,0.78939,0.0030156671049067644,51.63584557325839,0.7887559999999999,0.778188,UP,0.78939,50.58261877561265,0.0006649987152008455,NORMAL,4.0,,
3001,2026-03-25 14:05:00.083232,EURUSD,1.15826,0.0017940379443546022,42.27915423236416,1.1601165,1.1597646,0.0,0.0003028637778507034,0.07486674998327573,1.15826,0.004087481632923738,52.72309019603275,1.153118,1.1693296,DOWN,1.15667,24.912708062409166,0.0009732452702721336,NORMAL,2.0,,
3003,2026-03-25 14:05:00.249572,GBPUSD,1.33619,0.002313337744131735,39.92342783031096,1.339852,1.3403076,0.0,1.451431803156059e-05,-0.023149060800131998,1.33619,0.0052403960030336545,48.201281302268725,1.3342489999999998,1.3454917,DOWN,1.33619,26.383529062057633,0.0011684106345748633,NORMAL,6.0,,
3002,2026-03-25 14:05:00.312153,EURUSD,1.15826,0.0017940379443546022,42.27915423236416,1.1601165,1.1597646,7.191139404283398e-05,0.0003028637778507034,0.07486674998327573,1.15826,0.004087481632923738,52.72309019603275,1.153118,1.1693296,DOWN,1.15667,24.912708062409166,0.0009732452702721336,NORMAL,2.0,,
3005,2026-03-25 14:05:00.577619,USDJPY,159.186,0.20301242463456087,61.847216558919904,158.87075,158.72432,0.0,0.05150610391807147,0.95347319040007,159.186,0.4451352907079857,55.40179716307387,159.00158,156.713405,UP,159.186,67.36363640339314,0.09758097537508553,NORMAL,300.0,,
3004,2026-03-25 14:05:00.661181,GBPUSD,1.33621,0.002313337744131735,39.97007152671601,1.3398530000000002,1.340308,-0.0003453594778393132,1.4833406350616836e-05,-0.021089357821077286,1.33621,0.0052403960030336545,48.23119427938762,1.3342494,1.3454918,DOWN,1.33621,26.45307516823449,0.0011684106345748633,NORMAL,6.0,BUY,ACTIVE
3007,2026-03-25 14:05:00.957923,XAUUSD,4570.31,38.80268590665514,60.923155179932365,4528.4935,4449.8592,0.0,36.94796574204443,0.6603644021620572,4546.16,90.00220041478968,49.08372881293012,4724.7828,5008.2251,DOWN,4546.16,44.374698917430926,17.33341224780112,NORMAL,17000.0,,
3006,2026-03-25 14:05:00.989318,USDJPY,159.185,0.20301242463456087,61.818937852200655,158.8707,158.7243,0.08027645958119933,0.051490149502122745,0.9523548323973373,159.185,0.4451352907079857,55.38653416523478,159.00156,156.7134,UP,159.185,67.31603760000493,0.09758097537508553,NORMAL,300.0,,
3008,2026-03-25 14:05:01.499511,XAUUSD,4546.12,37.27861650515941,57.330931928950825,4535.089,4454.8877999999995,30.55754444820741,35.34236923256472,0.5494411567946865,4546.12,89.50220023196556,49.17634782268759,4724.2688,5008.0966,DOWN,4546.17,44.69865122920546,17.591072658783904,NORMAL,17000.0,,
3009,2026-03-25 14:05:02.079839,AUDUSD,0.69607,0.0017634373278101762,42.151248104679496,0.6976205,0.6983182000000001,-0.00046189003856089705,-0.0003148703881708063,0.18371128324917585,0.69607,0.004000355404174262,40.796127690517004,0.7033572000000001,0.70637295,DOWN,0.69491,34.45103679409738,0.0009050079256290209,NORMAL,2.0,,
3010,2026-03-25 14:05:02.418263,USDCAD,1.37832,0.001209376150971071,59.17738786472163,1.3774175,1.3752316000000002,0.0010423775719481387,0.0010072809503388677,0.6736242808828495,1.37832,0.003070471728561158,60.75386799320815,1.372006,1.3658405500000002,UP,1.37832,44.682855107407256,0.0006147100582409044,NORMAL,4.0,,
3011,2026-03-25 14:05:02.975252,NZDUSD,0.58165,0.0013324706695058946,45.38572244643237,0.5823240000000001,0.5833742,-0.0003221957144164955,-0.0003177155827145848,0.31143179958543094,0.58165,0.003176911411202743,45.98347584052103,0.5833914,0.5936196,DOWN,0.58165,46.31965743513777,0.0006769179159924127,NORMAL,5.0,SELL,ACTIVE
3012,2026-03-25 14:05:03.469992,USDCHF,0.79196,0.0013757169467403527,63.87563865174968,0.789254,0.7884885999999999,0.0005244499608411113,0.0003037175976814288,1.0609168979375658,0.79197,0.002952660261834882,57.47602707558388,0.78887,0.7782666500000001,UP,0.79197,71.53148274400249,0.0007115100517695535,NORMAL,2.0,SELL,ACTIVE
3013,2026-03-25 15:05:00.080936,EURUSD,1.15831,0.0018689025809823323,44.211630914952686,1.1600724999999998,1.1596862000000001,0.0,0.00020883032456098656,0.12910380504773886,1.15831,0.003998528895667054,52.75188021472127,1.1533582,1.1692204,DOWN,1.15831,40.404154479890224,0.0009322468536277294,NORMAL,2.0,,
3015,2026-03-25 15:05:00.278524,GBPUSD,1.3389199999999999,0.0023245789256733417,48.08136146643684,1.34,1.3403015999999999,0.0,2.2161392815386345e-06,0.32360098469330884,1.3389199999999999,0.005388253199954486,52.37737863203074,1.3343035999999997,1.34550535,DOWN,1.3389199999999999,48.0634679044548,0.0012268927162220136,NORMAL,6.0,,
3014,2026-03-25 15:05:00.387993,EURUSD,1.15831,0.0018689025809823323,44.211630914952686,1.1600724999999998,1.1596862000000001,-0.00010540035469475129,0.00020883032456098656,0.12910380504773886,1.15831,0.003998528895667054,52.75188021472127,1.1533582,1.1692204,DOWN,1.15831,40.404154479890224,0.0009322468536277294,NORMAL,2.0,,
3017,2026-03-25 15:05:00.673952,USDJPY,159.064,0.20217480246678596,56.98845289114163,158.86785,158.73378,0.0,0.05415685409601393,0.7934203110166237,159.064,0.4558495803399315,53.26352789577523,158.99914,156.712795,UP,159.064,56.59061219185496,0.09743060202140241,NORMAL,300.0,,
3016,2026-03-25 15:05:00.767829,GBPUSD,1.33887,0.0023245789256733417,47.925094377835975,1.3399975000000002,1.3403006,-0.00019583127657307742,1.418418483853601e-06,0.31607058931025805,1.33887,0.005388253199954486,52.30515239045533,1.3343026,1.3455051,DOWN,1.33887,47.69746608385803,0.0012268927162220136,NORMAL,6.0,,
3018,2026-03-25 15:05:01.199942,XAUUSD,4566.4,38.44075936230224,60.61509895774374,4536.103,4455.2934,0.0,35.66592478812022,0.6348392085454732,4566.4,90.66434351404388,50.73159491193932,4724.6744,5008.198,DOWN,4566.4,53.55061131079045,17.212423086548302,NORMAL,17000.0,,
3019,2026-03-25 15:05:01.246654,USDJPY,159.063,0.20217480246678596,56.95588109425651,158.8678,158.73376,0.073295467343371,0.05414089968005952,0.7921069360165701,159.063,0.4558495803399315,53.245593938471515,158.99912,156.71279,UP,159.063,56.515734543749886,0.09743060202140241,NORMAL,300.0,,
3020,2026-03-25 15:05:02.434200,XAUUSD,4564.03,37.042286754790894,59.9680535906222,4544.867499999999,4459.0088,31.073523705901607,34.75650667993865,0.6075019975878949,4564.03,91.58220099251389,50.5547720948235,4724.6269999999995,5008.1861499999995,DOWN,4564.03,52.291935628394896,16.52175649651569,NORMAL,17000.0,,
3021,2026-03-25 15:05:03.033218,AUDUSD,0.69659,0.0018764060901094478,46.79664978461004,0.6975545000000001,0.6981636,-0.0005340027129315805,-0.0003754170810431961,0.32040437244599324,0.69688,0.003928289210752626,43.726315062042154,0.7031971999999999,0.7063633500000001,DOWN,0.69688,53.03537206588582,0.0009191169388703056,NORMAL,4.0,,
3022,2026-03-25 15:05:03.585362,USDCAD,1.37921,0.0012587574463098802,64.83667287343354,1.3775594999999998,1.3754345999999997,0.0010838276924340917,0.0010308865950542276,0.7983886749863522,1.37921,0.0029411523091923053,63.170843642396385,1.3722632,1.3658982499999999,UP,1.37921,55.816452785602415,0.0006747081471489725,NORMAL,2.0,,
3023,2026-03-25 15:05:04.246325,NZDUSD,0.58198,0.0014108656216840448,48.447910326059365,0.582302,0.583293,-0.00035285371304805135,-0.00033584748228553693,0.4139038599417349,0.58198,0.00308840753979875,47.337506105441264,0.5833780000000001,0.5935320000000001,DOWN,0.58198,51.96238785258559,0.0007245434422345637,NORMAL,7.0,,
3024,2026-03-25 15:05:04.704365,USDCHF,0.79053,0.0013836759403405255,56.040474623852134,0.789194,0.7885311999999999,0.0004333594397779583,0.00031011776097252056,0.8078918865833709,0.79053,0.003045517438645073,53.827396606093366,0.7888412000000001,0.7782594500000001,UP,0.79053,55.34256079452937,0.0006706911652567544,NORMAL,2.0,,
3025,2026-03-25 16:05:00.103203,EURUSD,1.15778,0.0019235728047897192,42.275230106384406,1.1600475000000001,1.159648,0.0,0.00012888162225508263,0.04005851132297868,1.15778,0.0040321003365138145,51.74877575873546,1.1533476,1.16921775,DOWN,1.15778,40.21005734438129,0.0009729875199252075,NORMAL,2.0,,
3027,2026-03-25 16:05:00.269558,GBPUSD,1.33673,0.0024817217828161974,42.11089256373646,1.3398905,1.3402578,0.0,-3.272403165862892e-05,0.030449951453293968,1.33673,0.005388253199954486,49.02217700233244,1.3342597999999999,1.3454944,DOWN,1.33673,34.71974362380108,0.001328803300502045,NORMAL,6.0,,
3026,2026-03-25 16:05:00.332041,EURUSD,1.15778,0.0019235728047897192,42.275230106384406,1.1600475000000001,1.159648,-0.00020814395619916937,0.00012888162225508263,0.04005851132297868,1.15778,0.0040321003365138145,51.74877575873546,1.1533476,1.16921775,DOWN,1.15778,40.21005734438129,0.0009729875199252075,NORMAL,2.0,,
3028,2026-03-25 16:05:00.582020,USDJPY,159.115,0.21096051675249958,58.58667867809625,158.8704,158.7348,0.0,0.05497052930969459,0.8583850783752954,159.115,0.4558495803399315,54.194458947326424,159.00016,156.71305,UP,159.115,59.479999732635335,0.1014393836303561,NORMAL,300.0,,
3029,2026-03-25 16:05:00.654871,GBPUSD,1.33673,0.0024817217828161974,42.11089256373646,1.3398905,1.3402578,-0.00036654352728549,-3.272403165862892e-05,0.030449951453293968,1.33673,0.005388253199954486,49.02217700233244,1.3342597999999999,1.3454944,DOWN,1.33673,34.71974362380108,0.001328803300502045,NORMAL,6.0,,
3030,2026-03-25 16:05:00.826744,XAUUSD,4562.54,39.67800104050515,59.61049226320313,4544.793,4458.979,0.0,34.73273460016659,0.5996336514021281,4562.54,92.1436297692278,50.442953729853606,4724.5972,5008.1787,DOWN,4562.54,51.659455932348486,17.755088019948868,NORMAL,17000.0,,
3031,2026-03-25 16:05:01.337539,USDJPY,159.115,0.21096051675249958,58.58667867809625,158.8704,158.7348,0.07744361549154632,0.05497052930969459,0.8583850783752954,159.115,0.4558495803399315,54.194458947326424,159.00016,156.71305,UP,159.115,59.479999732635335,0.1014393836303561,NORMAL,300.0,,
3032,2026-03-25 16:05:01.707027,XAUUSD,4562.54,39.67800104050515,59.61049226320313,4544.793,4458.979,30.9546633070413,34.73273460016659,0.5996336514021281,4562.54,92.1436297692278,50.442953729853606,4724.5972,5008.1787,DOWN,4562.54,51.659455932348486,17.755088019948868,NORMAL,17000.0,,
3033,2026-03-25 16:05:02.081939,AUDUSD,0.69636,0.0019364076959179617,45.80537806148454,0.6975330000000001,0.6980330000000001,-0.000518425372525777,-0.00040350819802916903,0.28414029302528054,0.69636,0.003944717788188273,42.573265946268435,0.7031868,0.7063607500000001,DOWN,0.69636,49.572318300314045,0.0009770252133385398,NORMAL,4.0,,
3034,2026-03-25 16:05:02.420385,USDCAD,1.37974,0.0012994584450428572,67.44335535072872,1.3777365000000001,1.3756152,0.0011203877755481262,0.0010518500790163026,0.8449566163128015,1.37974,0.00302972377014973,64.16680329838059,1.3722737999999999,1.3659009,UP,1.37974,58.578401704520736,0.0006924299632317585,NORMAL,4.0,,
3035,2026-03-25 16:05:02.805536,NZDUSD,0.5819,0.001431875220135181,48.0098269403689,0.5823050000000001,0.5832158,-0.00032362778716099605,-0.00033314827260534825,0.39155974444332964,0.5819,0.003107693261136251,47.13054578199546,0.5833764,0.5935316,DOWN,0.5819,51.26528708271312,0.0007169511309574004,NORMAL,7.0,BUY,ACTIVE
3036,2026-03-25 16:05:03.222265,USDCHF,0.79199,0.001497961654626243,61.737512284536535,0.7892669999999999,0.7885603999999999,0.0005498266762451465,0.0003334112082659582,1.0579383392811788,0.79199,0.003054803156326098,57.51770946275744,0.7888704000000001,0.7782667499999999,UP,0.79199,65.60810644727658,0.0007585187224953235,NORMAL,2.0,SELL,ACTIVE
3037,2026-03-25 17:05:00.233898,EURUSD,1.1571500000000001,0.001961174747304737,40.34164697924807,1.159834,1.1595444,0.0,1.2359937671665663e-05,0.039188940883427933,1.1571500000000001,0.004104957506011044,50.49388327186411,1.153335,1.1692145999999999,DOWN,1.1571500000000001,40.629710178115516,0.0010826753235582353,NORMAL,5.0,,
3039,2026-03-25 17:05:00.561982,GBPUSD,1.3376299999999999,0.002327147863754798,44.87312826838832,1.3395945,1.3401206,0.0,-0.00017796731775155002,0.21628627680788484,1.3376299999999999,0.005388253199954486,50.44111363097759,1.3342777999999997,1.3454989,DOWN,1.3376299999999999,43.93835112885781,0.0012042924144496999,NORMAL,6.0,,
3038,2026-03-25 17:05:00.593337,EURUSD,1.1571500000000001,0.001961174747304737,40.34164697924807,1.159834,1.1595444,-0.0004026726696080285,1.2359937671665663e-05,0.039188940883427933,1.1571500000000001,0.004104957506011044,50.49388327186411,1.153335,1.1692145999999999,DOWN,1.1571500000000001,40.629710178115516,0.0010826753235582353,NORMAL,5.0,,
3040,2026-03-25 17:05:00.978536,USDJPY,159.263,0.200482719619684,62.76141902596137,158.9357,158.76414,0.0,0.07388921089096043,0.9219258264805168,159.263,0.4624924399117369,56.5464912902528,159.00312,156.71379000000002,UP,159.264,65.62581728672689,0.10190335074686144,NORMAL,300.0,,
3041,2026-03-25 17:05:01.009739,GBPUSD,1.3376299999999999,0.002327147863754798,44.87312826838832,1.3395945,1.3401206,-0.0004767699541488035,-0.00017796731775155002,0.21628627680788484,1.3376299999999999,0.005388253199954486,50.44111363097759,1.3342777999999997,1.3454989,DOWN,1.3376299999999999,43.93835112885781,0.0012042924144496999,NORMAL,6.0,,
3042,2026-03-25 17:05:01.207583,XAUUSD,4553.38,35.6024600808437,57.34474071959828,4556.1255,4462.361999999999,0.0,32.09217914023524,0.4690984185903087,4553.38,92.1436297692278,49.74426524318692,4724.414,5008.1329,DOWN,4553.38,47.64494146197038,15.27019594098396,NORMAL,17000.0,,
3043,2026-03-25 17:05:01.728615,USDJPY,159.265,0.200482719619684,62.81792169692294,158.9358,158.76418,0.11013718205146006,0.07392111972286355,0.9239857923953261,159.265,0.4624924399117369,56.57544117117472,159.00316,156.7138,UP,159.265,65.68204340271166,0.10190335074686144,NORMAL,300.0,,
3044,2026-03-25 17:05:02.156764,XAUUSD,4553.71,36.018174366557965,57.45603080822969,4556.306,4462.4342,26.889519802883115,32.17971179337939,0.4707525843477163,4553.71,92.1436297692278,49.76977825528613,4724.4206,5008.13455,DOWN,4553.71,47.55544684409021,15.482098987329934,NORMAL,17000.0,,
3045,2026-03-25 17:05:02.854964,AUDUSD,0.69636,0.0018930928604952459,46.10507738746842,0.6973755,0.697862,-0.0005194423122769631,-0.00043014117472487285,0.30948236960103365,0.69636,0.003944717788188273,42.573265946268435,0.7031868,0.7063607500000001,DOWN,0.69636,50.501209367388554,0.0009836663518922853,NORMAL,2.0,,
3046,2026-03-25 17:05:03.240230,USDCAD,1.3804699999999999,0.0013035787601928443,70.72741238894696,1.3779705,1.3758287999999999,0.0011875042566298344,0.0010806401737983146,0.9121601015599097,1.3804699999999999,0.003047580919536296,65.45357093382079,1.3722884,1.36590455,UP,1.3804699999999999,60.479219698828416,0.0007707987898678368,NORMAL,2.0,,
3047,2026-03-25 17:05:03.682892,NZDUSD,0.58193,0.0014188841329826661,48.607051409538066,0.582207,0.5830922,-0.00032915756444029665,-0.00033924243866464575,0.4248864801836018,0.58193,0.003107693261136251,47.20834624961058,0.583377,0.59353175,DOWN,0.58193,52.34284647017661,0.0007265470001241315,NORMAL,5.0,BUY,ACTIVE
3048,2026-03-25 17:05:04.042249,USDCHF,0.79153,0.0014176921555560129,59.46559171497327,0.789636,0.788759,0.0006732585094177956,0.00044577113009512334,0.8696033395629696,0.79153,0.003071231733761744,56.518253988639366,0.7888612,0.7782644500000001,UP,0.79152,57.41193074701707,0.0007401333187209119,NORMAL,4.0,,
3049,2026-03-25 18:05:00.237544,EURUSD,1.15785,0.0019310908367829772,44.47116618831311,1.1596545,1.1595216,0.0,-8.907515438628693e-05,0.20499245757086845,1.15785,0.004104957506011044,51.883695674828104,1.153349,1.1692181,DOWN,1.15785,48.28953094380078,0.001002725986150341,NORMAL,2.0,,
3051,2026-03-25 18:05:00.482299,GBPUSD,1.33822,0.002290974036751884,46.78785703774582,1.3394559999999998,1.3400998000000002,0.0,-0.00021802504440425664,0.31173576273250725,1.33822,0.005047204452729308,51.30529265744344,1.3344956,1.34539945,DOWN,1.33822,48.50152336524235,0.0011392163797285977,NORMAL,6.0,,
3050,2026-03-25 18:05:00.674030,EURUSD,1.15779,0.0018540741443597024,44.1948783167135,1.159472,1.1594948,-0.000498382440849543,-0.0001714471529894992,0.22473857869129693,1.15779,0.003847460487232261,51.76208477938089,1.1535462,1.16910165,DOWN,1.15779,47.81231144071722,0.000981346883394541,NORMAL,2.0,,
3053,2026-03-25 18:05:00.988617,USDJPY,159.265,0.19432068862644164,62.83960786378345,158.9643,158.77552000000003,0.0,0.08245310439738271,0.8812709944677284,159.265,0.4322429742766127,56.5865647425132,159.00618,156.72540999999998,UP,159.265,62.82104390637168,0.09355593421041658,NORMAL,300.0,,
3052,2026-03-25 18:05:01.066905,GBPUSD,1.33822,0.002290974036751884,46.78785703774582,1.3394559999999998,1.3400998000000002,-0.000428671905430944,-0.00021802504440425664,0.31173576273250725,1.33822,0.005047204452729308,51.30529265744344,1.3344956,1.34539945,DOWN,1.33822,48.50152336524235,0.0011392163797285977,NORMAL,6.0,,
3055,2026-03-25 18:05:01.358395,XAUUSD,4562.93,36.987460080843725,59.271042117382954,4556.767,4462.6186,0.0,32.32681150847904,0.5693127246756481,4562.93,92.1436297692278,50.472270458867406,4724.605,5008.18065,DOWN,4562.93,53.435829568025305,15.77320709475938,NORMAL,17000.0,,
3054,2026-03-25 18:05:01.390016,USDJPY,159.265,0.19432068862644164,62.83960786378345,158.9643,158.77552000000003,0.11721921973361304,0.08245310439738271,0.8812709944677284,159.265,0.4322429742766127,56.5865647425132,159.00618,156.72540999999998,UP,159.265,62.82104390637168,0.09355593421041658,NORMAL,300.0,,
3056,2026-03-25 18:05:01.925878,XAUUSD,4551.98,36.070498646497725,56.95180133652778,4559.5244999999995,4464.1792,24.753266936925684,30.65523877650454,0.37068600015478465,4552.08,87.24051170702184,49.652106823853686,4713.366,5006.234,DOWN,4552.08,47.13622061209277,16.406136924615648,NORMAL,7000.0,,
3057,2026-03-25 18:05:02.303135,AUDUSD,0.69673,0.0018414433704598714,48.27526341643678,0.697224,0.6978025999999999,-0.00049379692874163,-0.00044823300928892,0.4031046313609958,0.69673,0.003944717788188273,43.3984843285809,0.7031942,0.7063626,DOWN,0.69673,53.99914373813255,0.000882577284038329,NORMAL,2.0,,
3058,2026-03-25 18:05:02.844871,USDCAD,1.38021,0.001286180277321931,65.83395511427585,1.3782235,1.3760048,0.0012254055915221773,0.001115336847086668,0.8254584757189093,1.38021,0.003049009491487231,65.00600336555372,1.3722832,1.3659032500000001,UP,1.38021,55.38840338651945,0.0007337767348047699,NORMAL,4.0,,
3059,2026-03-25 18:05:03.276835,NZDUSD,0.58232,0.0013861066949124809,50.926028272052584,0.5821305000000001,0.5830491999999999,-0.00028089159688671206,-0.0003308907888275993,0.5545242181837414,0.58232,0.0031112646910135657,48.199306661696625,0.5833847999999999,0.5935336999999999,DOWN,0.58232,57.05478509338728,0.000663743605754418,NORMAL,5.0,BUY,ACTIVE
3060,2026-03-25 18:05:03.672738,USDCHF,0.79119,0.0014009182260775236,57.31396206307064,0.789776,0.7888242,0.0006477945329489421,0.0004800493149394032,0.7879288421854931,0.79119,0.0028832865809309376,55.52123746238865,0.7889390000000001,0.77833315,UP,0.79119,53.55513946609922,0.0006867828471690537,NORMAL,2.0,,
