id,time,scan_number,symbol,sma_fast,sma_slow,sma_gap_pct,sma_prev_fast,sma_prev_slow,crossover,cross_distance,price,rsi,atr,macd,macd_signal,bb_position,h1_trend,h4_trend,volatility,signal_generated,signal_action,signal_status,rejection_reason,news_blocked,news_event,upcoming_news
1,2026-03-17 12:55:56.004651,1,EURUSD,1.1472784444444444,1.1524498333333333,-0.4487300652325349,1.1471031111111112,1.1525435833333333,NONE,51.71388888888906,1.15219,69.2062553157282,0.0015858010741040245,0.0,0.0007836284197794733,0.9707573783666841,UP,DOWN,NORMAL,0,,,No SMA crossover (fast below slow by 0.449%) | Distance to cross: 51.7 pips,0,,"[{""name"": ""ADP Weekly Employment Change"", ""impact"": ""LOW"", ""time"": ""2026-03-17 12:15:00"", ""currency"": ""USD""}, {""name"": ""Pending Home Sales m/m"", ""impact"": ""MEDIUM"", ""time"": ""2026-03-17 14:00:00"", ""currency"": ""USD""}, {""name"": ""German Buba President Nagel Speaks"", ""impact"": ""LOW"", ""time"": ""2026-03-17 15:15:00"", ""currency"": ""EUR""}]"
2,2026-03-17 12:55:56.004651,1,GBPUSD,1.3313315000000001,1.3316606666666668,-0.0247185093700082,1.3311855,1.3317471111111112,NONE,3.291666666667137,1.33323,63.20368203790494,0.0018470357859965824,0.0,0.0008215530631393161,0.8497448872864568,UP,DOWN,NORMAL,0,,,No SMA crossover (fast below slow by 0.025%) | Distance to cross: 3.3 pips,0,,"[{""name"": ""ADP Weekly Employment Change"", ""impact"": ""LOW"", ""time"": ""2026-03-17 12:15:00"", ""currency"": ""USD""}, {""name"": ""Pending Home Sales m/m"", ""impact"": ""MEDIUM"", ""time"": ""2026-03-17 14:00:00"", ""currency"": ""USD""}]"
3,2026-03-17 12:55:56.004651,1,USDJPY,159.101,158.754275,0.21840356739999106,159.1378,158.74693125000002,NONE,34.67249999999922,159.049,34.81276542995859,0.1852677417072479,0.0,-0.02139066947571488,0.2490653222620165,DOWN,UP,NORMAL,0,,,No SMA crossover (fast above slow by 0.218%) | Distance to cross: 34.7 pips,0,,"[{""name"": ""ADP Weekly Employment Change"", ""impact"": ""LOW"", ""time"": ""2026-03-17 12:15:00"", ""currency"": ""USD""}, {""name"": ""Pending Home Sales m/m"", ""impact"": ""MEDIUM"", ""time"": ""2026-03-17 14:00:00"", ""currency"": ""USD""}]"
4,2026-03-17 12:55:56.004651,1,XAUUSD,5010.38325,5022.8589999999995,-0.2483794587902947,5011.014,5024.1812,NONE,1247.5749999999607,5021.26,49.05999102962707,18.967496541949767,0.0,-2.932301188014597,0.664691628965569,DOWN,UP,NORMAL,0,,,No SMA crossover (fast below slow by 0.248%) | Distance to cross: 1247.6 pips,0,,"[{""name"": ""ADP Weekly Employment Change"", ""impact"": ""LOW"", ""time"": ""2026-03-17 12:15:00"", ""currency"": ""USD""}, {""name"": ""Pending Home Sales m/m"", ""impact"": ""MEDIUM"", ""time"": ""2026-03-17 14:00:00"", ""currency"": ""USD""}]"
5,2026-03-17 13:05:01.696834,2,EURUSD,1.1474875555555555,1.1523694166666667,-0.4236368165021635,1.1472820000000001,1.1524511666666666,NONE,48.81861111111218,1.15343,75.17286772662456,0.0015752367500288813,0.0,0.0008486765241232359,1.0824120938312731,UP,DOWN,NORMAL,0,,,No SMA crossover (fast below slow by 0.424%) | Distance to cross: 48.8 pips | RSI overbought (75.2),0,,"[{""name"": ""ADP Weekly Employment Change"", ""impact"": ""LOW"", ""time"": ""2026-03-17 12:15:00"", ""currency"": ""USD""}, {""name"": ""Pending Home Sales m/m"", ""impact"": ""MEDIUM"", ""time"": ""2026-03-17 14:00:00"", ""currency"": ""USD""}, {""name"": ""German Buba President Nagel Speaks"", ""impact"": ""LOW"", ""time"": ""2026-03-17 15:15:00"", ""currency"": ""EUR""}]"
6,2026-03-17 13:05:01.696834,2,GBPUSD,1.3315370000000002,1.3315863333333333,-0.003704854285311601,1.3313295,1.3316602222222222,NONE,0.4933333333312362,1.33436,68.68956948582685,0.0018247959866634087,0.0,0.0008770705262544111,0.9751927319532638,UP,DOWN,NORMAL,0,,,No SMA crossover (fast below slow by 0.004%) | Distance to cross: 0.5 pips,0,,"[{""name"": ""ADP Weekly Employment Change"", ""impact"": ""LOW"", ""time"": ""2026-03-17 12:15:00"", ""currency"": ""USD""}, {""name"": ""Pending Home Sales m/m"", ""impact"": ""MEDIUM"", ""time"": ""2026-03-17 14:00:00"", ""currency"": ""USD""}]"
7,2026-03-17 13:05:01.696834,2,USDJPY,159.0718,158.76086875000001,0.1958487960213947,159.0978,158.75417499999998,NONE,31.093124999998167,158.976,29.84607205139008,0.1777486172995862,0.0,-0.027903622301236587,0.16442250083092888,DOWN,UP,NORMAL,0,,,No SMA crossover (fast above slow by 0.196%) | Distance to cross: 31.1 pips | RSI oversold (29.8),0,,"[{""name"": ""ADP Weekly Employment Change"", ""impact"": ""LOW"", ""time"": ""2026-03-17 12:15:00"", ""currency"": ""USD""}, {""name"": ""Pending Home Sales m/m"", ""impact"": ""MEDIUM"", ""time"": ""2026-03-17 14:00:00"", ""currency"": ""USD""}]"
8,2026-03-17 13:05:01.696834,2,XAUUSD,5010.156499999999,5021.214199999999,-0.220219643288675,5010.1435,5022.6672,NONE,1105.7700000000295,5016.96,48.15914193983396,17.416017444120264,0.0,-2.9474160247036916,0.5693138047459059,DOWN,UP,NORMAL,0,,,No SMA crossover (fast below slow by 0.220%) | Distance to cross: 1105.8 pips,0,,"[{""name"": ""ADP Weekly Employment Change"", ""impact"": ""LOW"", ""time"": ""2026-03-17 12:15:00"", ""currency"": ""USD""}, {""name"": ""Pending Home Sales m/m"", ""impact"": ""MEDIUM"", ""time"": ""2026-03-17 14:00:00"", ""currency"": ""USD""}]"
9,2026-03-17 13:35:01.578928,3,EURUSD,1.1474953333333333,1.1523723333333333,-0.4232139091618843,1.1472820000000001,1.1524511666666666,NONE,48.7700000000002,1.15378,76.48316742018265,0.0016005938928860238,0.0,0.0008542605697072975,1.123290936355332,UP,DOWN,NORMAL,0,,,No SMA crossover (fast below slow by 0.423%) | Distance to cross: 48.8 pips | RSI overbought (76.5),0,,"[{""name"": ""Pending Home Sales m/m"", ""impact"": ""MEDIUM"", ""time"": ""2026-03-17 14:00:00"", ""currency"": ""USD""}, {""name"": ""German Buba President Nagel Speaks"", ""impact"": ""LOW"", ""time"": ""2026-03-17 15:15:00"", ""currency"": ""EUR""}]"
10,2026-03-17 13:35:01.578928,3,GBPUSD,1.3315945,1.3315991111111112,-0.0003462837330460462,1.3313295,1.3316602222222222,NONE,0.04611111111163524,1.33551,72.79632508692657,0.0018786055104729363,0.0,0.0008954181046020107,1.105486740708071,UP,DOWN,NORMAL,0,,,No SMA crossover (fast below slow by 0.000%) | Distance to cross: 0.0 pips | RSI overbought (72.8),0,,"[{""name"": ""Pending Home Sales m/m"", ""impact"": ""MEDIUM"", ""time"": ""2026-03-17 14:00:00"", ""currency"": ""USD""}]"
11,2026-03-17 13:35:01.578928,3,USDJPY,159.0352,158.759725,0.1735169294353465,159.0978,158.75417499999998,NONE,27.547500000000014,158.793,21.798033174423082,0.191034331585301,0.0,-0.030823280420893828,-0.0619943121228317,DOWN,UP,NORMAL,0,,,No SMA crossover (fast above slow by 0.174%) | Distance to cross: 27.5 pips | RSI oversold (21.8),0,,"[{""name"": ""Pending Home Sales m/m"", ""impact"": ""MEDIUM"", ""time"": ""2026-03-17 14:00:00"", ""currency"": ""USD""}]"
12,2026-03-17 13:35:01.578928,3,XAUUSD,5010.3195,5021.3446,-0.21956469587848534,5010.1435,5022.6672,NONE,1102.5100000000748,5023.48,49.66910803982499,18.82030315840597,0.0,-2.8433932326807034,0.7028125097953936,DOWN,UP,NORMAL,0,,,No SMA crossover (fast below slow by 0.220%) | Distance to cross: 1102.5 pips,0,,"[{""name"": ""Pending Home Sales m/m"", ""impact"": ""MEDIUM"", ""time"": ""2026-03-17 14:00:00"", ""currency"": ""USD""}]"
13,2026-03-17 14:05:03.341748,4,EURUSD,1.1476766666666667,1.1522683333333332,-0.3984893565011521,1.1474786666666668,1.1523660833333333,NONE,45.91666666666549,1.15311,73.89862017782738,0.001563786968140093,0.0,0.0009088937166628052,0.9933313283564644,UP,DOWN,NORMAL,0,,,No SMA crossover (fast below slow by 0.398%) | Distance to cross: 45.9 pips | RSI overbought (73.9),0,,"[{""name"": ""Pending Home Sales m/m"", ""impact"": ""MEDIUM"", ""time"": ""2026-03-17 14:00:00"", ""currency"": ""USD""}, {""name"": ""German Buba President Nagel Speaks"", ""impact"": ""LOW"", ""time"": ""2026-03-17 15:15:00"", ""currency"": ""EUR""}]"
14,2026-03-17 14:05:03.341748,4,GBPUSD,1.3316305,1.3315143333333335,0.008724402265776553,1.3315515,1.3315895555555557,BULLISH,1.161666666664729,1.33479,70.4482016419847,0.0018361322321964319,0.0,0.0009571411935923033,0.9809863464755475,UP,DOWN,NORMAL,0,,,RSI overbought (70.4),0,,"[{""name"": ""Pending Home Sales m/m"", ""impact"": ""MEDIUM"", ""time"": ""2026-03-17 14:00:00"", ""currency"": ""USD""}]"
15,2026-03-17 14:05:03.341748,4,USDJPY,159.0052,158.76709375000002,0.14997204041217582,159.05180000000001,158.76024375,NONE,23.81062499999871,158.897,27.804907070699585,0.18608800177818774,0.0,-0.038533501737389064,0.0840128170397235,DOWN,UP,NORMAL,0,,,No SMA crossover (fast above slow by 0.150%) | Distance to cross: 23.8 pips | RSI oversold (27.8),0,,"[{""name"": ""Pending Home Sales m/m"", ""impact"": ""MEDIUM"", ""time"": ""2026-03-17 14:00:00"", ""currency"": ""USD""}]"
16,2026-03-17 14:05:03.341748,4,XAUUSD,5009.94475,5019.5262,-0.19088355390994047,5010.148,5021.2074,NONE,958.1450000000586,5010.85,46.77199392470509,18.412504748021465,0.0,-2.850067181433022,0.4019834238649298,DOWN,UP,NORMAL,0,,,No SMA crossover (fast below slow by 0.191%) | Distance to cross: 958.1 pips,0,,"[{""name"": ""Pending Home Sales m/m"", ""impact"": ""MEDIUM"", ""time"": ""2026-03-17 14:00:00"", ""currency"": ""USD""}]"
17,2026-03-17 14:35:01.405190,5,EURUSD,1.1476651111111111,1.152264,-0.3991176404789892,1.1474786666666668,1.1523660833333333,NONE,45.98888888888819,1.15259,67.58577717881198,0.0016037869681401013,0.0,0.0009005974203664989,0.9210368407826919,UP,DOWN,NORMAL,0,,,No SMA crossover (fast below slow by 0.399%) | Distance to cross: 46.0 pips,0,,"[{""name"": ""Pending Home Sales m/m"", ""impact"": ""MEDIUM"", ""time"": ""2026-03-17 14:00:00"", ""currency"": ""USD""}, {""name"": ""German Buba President Nagel Speaks"", ""impact"": ""LOW"", ""time"": ""2026-03-17 15:15:00"", ""currency"": ""EUR""}]"
18,2026-03-17 14:35:01.405190,5,GBPUSD,1.331632,1.3315146666666666,0.008812019594724904,1.3315515,1.3315895555555557,BULLISH,1.1733333333330265,1.3348200000000001,70.57579881216373,0.0018661322321964382,0.0,0.0009576198260709764,0.9844257245403155,UP,DOWN,NORMAL,0,,,RSI overbought (70.6),0,,"[{""name"": ""Pending Home Sales m/m"", ""impact"": ""MEDIUM"", ""time"": ""2026-03-17 14:00:00"", ""currency"": ""USD""}]"
19,2026-03-17 14:35:01.405190,5,USDJPY,159.017,158.76746250000002,0.1571716874923122,159.05180000000001,158.76024375,NONE,24.9537499999974,158.956,35.017566836582034,0.19423085892104316,0.0,-0.0375921911960788,0.16056844643834936,DOWN,UP,NORMAL,0,,,No SMA crossover (fast above slow by 0.157%) | Distance to cross: 25.0 pips,0,,"[{""name"": ""Pending Home Sales m/m"", ""impact"": ""MEDIUM"", ""time"": ""2026-03-17 14:00:00"", ""currency"": ""USD""}]"
20,2026-03-17 14:35:01.405190,5,XAUUSD,5009.918,5019.504800000001,-0.1909909519361541,5010.148,5021.2074,NONE,958.6800000000949,5009.78,46.537580701122586,19.771076176592924,0.0,-2.8671384065042536,0.37696241605071906,DOWN,UP,NORMAL,0,,,No SMA crossover (fast below slow by 0.191%) | Distance to cross: 958.7 pips,0,,"[{""name"": ""Pending Home Sales m/m"", ""impact"": ""MEDIUM"", ""time"": ""2026-03-17 14:00:00"", ""currency"": ""USD""}]"
21,2026-03-17 15:05:01.270052,6,EURUSD,1.147907111111111,1.1521783333333333,-0.37070843103474854,1.1476813333333333,1.1522700833333335,NONE,42.71222222222315,1.15374,77.03718201158571,0.001573103249890193,0.0,0.0009918203167441398,1.0015566225913377,UP,DOWN,NORMAL,0,,,No SMA crossover (fast below slow by 0.371%) | Distance to cross: 42.7 pips | RSI overbought (77.0),0,,"[{""name"": ""German Buba President Nagel Speaks"", ""impact"": ""LOW"", ""time"": ""2026-03-17 15:15:00"", ""currency"": ""EUR""}]"
22,2026-03-17 15:05:01.270052,6,GBPUSD,1.3317700000000001,1.3314425555555556,0.024593208552502504,1.3316305,1.3315143333333335,NONE,3.274444444445468,1.3354,73.20465751076934,0.0018418946429081691,0.0,0.0010453703854956585,0.9940767521156267,UP,DOWN,NORMAL,0,,,No SMA crossover (fast above slow by 0.025%) | Distance to cross: 3.3 pips | RSI overbought (73.2),0,,
23,2026-03-17 15:05:01.270052,6,USDJPY,158.96519999999998,158.770875,0.12239335457462971,159.01219999999998,158.7673125,NONE,19.43249999999921,158.885,29.417721345387037,0.18567865471239842,0.0,-0.047060535029719436,0.10603370031368918,DOWN,UP,NORMAL,0,,,No SMA crossover (fast above slow by 0.122%) | Distance to cross: 19.4 pips | RSI oversold (29.4),0,,
24,2026-03-17 15:05:01.270052,6,XAUUSD,5009.616749999999,5017.6152,-0.15940740134877138,5009.86575,5019.463,NONE,799.8450000000958,5015.26,48.003502393522545,18.503779579936868,0.0,-2.7736936544207706,0.5125682464395072,DOWN,UP,NORMAL,0,,,No SMA crossover (fast below slow by 0.159%) | Distance to cross: 799.8 pips,0,,
25,2026-03-17 15:35:00.687776,7,EURUSD,1.147876222222222,1.15216675,-0.3723877448969805,1.1476813333333333,1.1522700833333335,NONE,42.9052777777783,1.15235,61.80733715099297,0.001610603249890193,0.0,0.0009696436785675102,0.8228966887775491,UP,DOWN,NORMAL,0,,,No SMA crossover (fast below slow by 0.372%) | Distance to cross: 42.9 pips,0,,"[{""name"": ""German Buba President Nagel Speaks"", ""impact"": ""LOW"", ""time"": ""2026-03-17 15:15:00"", ""currency"": ""EUR""}]"
26,2026-03-17 15:35:00.687776,7,GBPUSD,1.3316919999999999,1.3314252222222223,0.020037007961464712,1.3316305,1.3315143333333335,NONE,2.667777777776159,1.33384,60.72029537836135,0.0018876089286224585,0.0,0.0010204814966067398,0.8153764104905712,UP,DOWN,NORMAL,0,,,No SMA crossover (fast above slow by 0.020%) | Distance to cross: 2.7 pips,0,,
27,2026-03-17 15:35:00.687776,7,USDJPY,159.00439999999998,158.7721,0.14631034041873908,159.01219999999998,158.7673125,NONE,23.229999999998086,159.081,48.16805083528659,0.19603579756953998,0.0,-0.043933469502654844,0.36906764736073466,DOWN,UP,NORMAL,0,,,No SMA crossover (fast above slow by 0.146%) | Distance to cross: 23.2 pips,0,,
28,2026-03-17 15:35:00.687776,7,XAUUSD,5009.072999999999,5017.1802,-0.16158877450724962,5009.86575,5019.463,NONE,810.7200000000375,4993.51,43.10915996322053,20.583779579936795,0.0,-3.120702201429361,0.048977609779817806,DOWN,UP,NORMAL,0,,,No SMA crossover (fast below slow by 0.162%) | Distance to cross: 810.7 pips,0,,
29,2026-03-17 16:05:01.395622,8,EURUSD,1.148096888888889,1.1520583333333334,-0.3438579740126986,1.1478791111111113,1.1521678333333332,NONE,39.614444444444615,1.15202,57.580467311605894,0.0015891403787206457,0.0,0.001011953869297199,0.7454214707706354,UP,DOWN,NORMAL,0,,,No SMA crossover (fast below slow by 0.344%) | Distance to cross: 39.6 pips,0,,"[{""name"": ""German Buba President Nagel Speaks"", ""impact"": ""LOW"", ""time"": ""2026-03-17 15:15:00"", ""currency"": ""EUR""}]"
30,2026-03-17 16:05:01.395622,8,GBPUSD,1.331813,1.331351,0.034701592592784505,1.3317135,1.33143,NONE,4.619999999999624,1.33357,57.489206464310314,0.0018543214286200328,0.0,0.0010770666227128524,0.7464823612342979,UP,DOWN,NORMAL,0,,,No SMA crossover (fast above slow by 0.035%) | Distance to cross: 4.6 pips,0,,
31,2026-03-17 16:05:01.395622,8,USDJPY,158.9942,158.77613125,0.13734353412142022,158.9942,158.77178125,NONE,21.80687500000147,159.1,50.557255002252944,0.19043630182477916,0.0,-0.048877368167203734,0.39377227904503903,DOWN,UP,NORMAL,0,,,No SMA crossover (fast above slow by 0.137%) | Distance to cross: 21.8 pips,0,,
32,2026-03-17 16:05:01.395622,8,XAUUSD,5009.08625,5014.7776,-0.11349157338503019,5009.181500000001,5017.267,NONE,569.1350000000057,4993.8,43.12635164147018,20.906300864435625,0.0,-3.379628961997364,0.09110822422368285,DOWN,UP,NORMAL,0,,,No SMA crossover (fast below slow by 0.113%) | Distance to cross: 569.1 pips,0,,
33,2026-03-17 16:35:01.249037,9,EURUSD,1.1481175555555556,1.1520660833333334,-0.34273448675385726,1.1478791111111113,1.1521678333333332,NONE,39.48527777777766,1.15295,66.67080909178799,0.001612354664434933,0.0,0.00102679147613478,0.8726965742782667,UP,DOWN,NORMAL,0,,,No SMA crossover (fast below slow by 0.343%) | Distance to cross: 39.5 pips,0,,"[{""name"": ""API Weekly Statistical Bulletin"", ""impact"": ""LOW"", ""time"": ""2026-03-17 20:30:00"", ""currency"": ""USD""}]"
34,2026-03-17 16:35:01.249037,9,GBPUSD,1.3318585,1.3313611111111112,0.03735942748648668,1.3317135,1.33143,NONE,4.973888888888389,1.33448,66.05778061732929,0.0018809880952866944,0.0,0.0010915851412313772,0.8561874501766988,UP,DOWN,NORMAL,0,,,No SMA crossover (fast above slow by 0.037%) | Distance to cross: 5.0 pips,0,,"[{""name"": ""API Weekly Statistical Bulletin"", ""impact"": ""LOW"", ""time"": ""2026-03-17 20:30:00"", ""currency"": ""USD""}]"
35,2026-03-17 16:35:01.249037,9,USDJPY,158.9558,158.77493124999998,0.11391518080095554,158.9942,158.77178125,NONE,18.086875000003033,158.908,35.082763523144095,0.20115058753906528,0.0,-0.05194061603045068,0.12920650704279882,DOWN,UP,NORMAL,0,,,No SMA crossover (fast above slow by 0.114%) | Distance to cross: 18.1 pips,0,,"[{""name"": ""API Weekly Statistical Bulletin"", ""impact"": ""LOW"", ""time"": ""2026-03-17 20:30:00"", ""currency"": ""USD""}]"
36,2026-03-17 16:35:01.249037,9,XAUUSD,5009.306750000001,5014.954000000001,-0.11260821136145985,5009.181500000001,5017.267,NONE,564.7249999999985,5002.62,45.25312570921146,21.95201515014987,0.0,-3.2389110132792074,0.257623357408473,DOWN,UP,NORMAL,0,,,No SMA crossover (fast below slow by 0.113%) | Distance to cross: 564.7 pips,0,,"[{""name"": ""API Weekly Statistical Bulletin"", ""impact"": ""LOW"", ""time"": ""2026-03-17 20:30:00"", ""currency"": ""USD""}]"
37,2026-03-17 17:05:01.257310,10,EURUSD,1.1483662222222222,1.1519683333333333,-0.3126918515796369,1.148114,1.15206475,NONE,36.021111111110834,1.15295,66.84393717213098,0.0015724746509091937,0.0,0.0010698670574664244,0.8393976139976447,UP,DOWN,NORMAL,0,,,No SMA crossover (fast below slow by 0.313%) | Distance to cross: 36.0 pips,0,,"[{""name"": ""API Weekly Statistical Bulletin"", ""impact"": ""LOW"", ""time"": ""2026-03-17 20:30:00"", ""currency"": ""USD""}]"
38,2026-03-17 17:05:01.257310,10,GBPUSD,1.3320335,1.3312986666666666,0.0551967302103106,1.3318699999999999,1.3313636666666666,NONE,7.348333333334622,1.335,69.11650582158526,0.0018151360544680613,0.0,0.0011603037561324482,0.8737170080282767,UP,DOWN,NORMAL,0,,,No SMA crossover (fast above slow by 0.055%) | Distance to cross: 7.3 pips,0,,"[{""name"": ""API Weekly Statistical Bulletin"", ""impact"": ""LOW"", ""time"": ""2026-03-17 20:30:00"", ""currency"": ""USD""}]"
39,2026-03-17 17:05:01.257310,10,USDJPY,158.9424,158.7769125,0.10422642523671907,158.96280000000002,158.77515,NONE,16.548749999998336,158.931,36.30811074739487,0.1895684027148454,0.0,-0.05765794270228705,0.16982209859478678,DOWN,UP,NORMAL,0,,,No SMA crossover (fast above slow by 0.104%) | Distance to cross: 16.5 pips,0,,"[{""name"": ""API Weekly Statistical Bulletin"", ""impact"": ""LOW"", ""time"": ""2026-03-17 20:30:00"", ""currency"": ""USD""}]"
40,2026-03-17 17:05:01.257310,10,XAUUSD,5008.7705,5013.004599999999,-0.08446232026197766,5009.291749999999,5014.942,NONE,423.4099999999671,5004.87,45.87074398706019,19.558870128699862,0.0,-3.411166144590632,0.3111040173696379,UP,UP,NORMAL,0,,,No SMA crossover (fast below slow by 0.084%) | Distance to cross: 423.4 pips,0,,"[{""name"": ""API Weekly Statistical Bulletin"", ""impact"": ""LOW"", ""time"": ""2026-03-17 20:30:00"", ""currency"": ""USD""}]"
41,2026-03-17 17:35:00.967749,11,EURUSD,1.148378,1.1519727499999999,-0.31205165226347414,1.148114,1.15206475,NONE,35.9474999999998,1.15348,70.40818777745072,0.0015914032223377623,0.0,0.0010783228979222587,0.9037762972892515,UP,DOWN,NORMAL,0,,,No SMA crossover (fast below slow by 0.312%) | Distance to cross: 35.9 pips | RSI overbought (70.4),0,,"[{""name"": ""API Weekly Statistical Bulletin"", ""impact"": ""LOW"", ""time"": ""2026-03-17 20:30:00"", ""currency"": ""USD""}]"
42,2026-03-17 17:35:00.967749,11,GBPUSD,1.3320305000000001,1.3312979999999999,0.05502149030496905,1.3318699999999999,1.3313636666666666,NONE,7.325000000002468,1.33494,68.76987364165609,0.0018308503401823443,0.0,0.0011593464911751462,0.8674028046084326,UP,DOWN,NORMAL,0,,,No SMA crossover (fast above slow by 0.055%) | Distance to cross: 7.3 pips,0,,"[{""name"": ""API Weekly Statistical Bulletin"", ""impact"": ""LOW"", ""time"": ""2026-03-17 20:30:00"", ""currency"": ""USD""}]"
43,2026-03-17 17:35:00.967749,11,USDJPY,158.9452,158.777,0.10593473865863005,158.96280000000002,158.77515,NONE,16.8200000000013,158.945,37.42233790783045,0.1931398312862748,0.0,-0.0574345808789196,0.18761466221450154,DOWN,UP,NORMAL,0,,,No SMA crossover (fast above slow by 0.106%) | Distance to cross: 16.8 pips,0,,"[{""name"": ""API Weekly Statistical Bulletin"", ""impact"": ""LOW"", ""time"": ""2026-03-17 20:30:00"", ""currency"": ""USD""}]"
44,2026-03-17 17:35:00.967749,11,XAUUSD,5008.751249999999,5012.9892,-0.08453938021651108,5009.291749999999,5014.942,NONE,423.79500000006374,5004.1,45.66359644766573,19.890298700128522,0.0,-3.4234510448754265,0.29528701426476583,UP,UP,NORMAL,0,,,No SMA crossover (fast below slow by 0.085%) | Distance to cross: 423.8 pips,0,,"[{""name"": ""API Weekly Statistical Bulletin"", ""impact"": ""LOW"", ""time"": ""2026-03-17 20:30:00"", ""currency"": ""USD""}]"
45,2026-03-17 18:05:01.468616,12,EURUSD,1.148673111111111,1.1519098333333335,-0.2809874634767409,1.1483873333333334,1.1519762500000001,NONE,32.367222222224875,1.15446,75.698658086244,0.001572896474601211,0.0,0.0011542634645874566,0.9531045815177602,UP,DOWN,NORMAL,0,,,No SMA crossover (fast below slow by 0.281%) | Distance to cross: 32.4 pips | RSI overbought (75.7),0,,"[{""name"": ""API Weekly Statistical Bulletin"", ""impact"": ""LOW"", ""time"": ""2026-03-17 20:30:00"", ""currency"": ""USD""}]"
46,2026-03-17 18:05:01.468616,12,GBPUSD,1.33233,1.33128,0.07887146205155905,1.3320775,1.3313084444444443,NONE,10.499999999999954,1.33639,75.73688020289119,0.0017983381924639085,0.0,0.0012617518781604586,0.9479299101029032,UP,DOWN,NORMAL,0,,,No SMA crossover (fast above slow by 0.079%) | Distance to cross: 10.5 pips | RSI overbought (75.7),0,,"[{""name"": ""API Weekly Statistical Bulletin"", ""impact"": ""LOW"", ""time"": ""2026-03-17 20:30:00"", ""currency"": ""USD""}]"
47,2026-03-17 18:05:01.468616,12,USDJPY,158.9624,158.7786625,0.11571926423048597,158.95,158.77714999999998,NONE,18.373750000000655,158.938,37.68479022382531,0.18297678211276447,0.0,-0.062183268804599796,0.1985513332728774,DOWN,UP,NORMAL,0,,,No SMA crossover (fast above slow by 0.116%) | Distance to cross: 18.4 pips,0,,"[{""name"": ""API Weekly Statistical Bulletin"", ""impact"": ""LOW"", ""time"": ""2026-03-17 20:30:00"", ""currency"": ""USD""}]"
48,2026-03-17 18:05:01.468616,12,XAUUSD,5008.471,5012.2506,-0.07540724320529295,5008.71075,5012.9568,NONE,377.9600000000755,5006.44,46.34045142716001,18.44801113072247,0.0,-3.5709180656628656,0.34337631347554876,UP,UP,NORMAL,0,,,No SMA crossover (fast below slow by 0.075%) | Distance to cross: 378.0 pips,0,,"[{""name"": ""API Weekly Statistical Bulletin"", ""impact"": ""LOW"", ""time"": ""2026-03-17 20:30:00"", ""currency"": ""USD""}]"
49,2026-03-17 18:35:01.078163,13,EURUSD,1.1486631111111112,1.1519060833333334,-0.28153095717993654,1.1483873333333334,1.1519762500000001,NONE,32.42972222222251,1.15401,73.36992452218973,0.0015814679031726402,0.0,0.001147083977407936,0.9067961663769321,UP,DOWN,NORMAL,0,,,No SMA crossover (fast below slow by 0.282%) | Distance to cross: 32.4 pips | RSI overbought (73.4),0,,"[{""name"": ""API Weekly Statistical Bulletin"", ""impact"": ""LOW"", ""time"": ""2026-03-17 20:30:00"", ""currency"": ""USD""}]"
50,2026-03-17 18:35:01.078163,13,GBPUSD,1.332297,1.3312726666666665,0.07694391682346435,1.3320775,1.3313084444444443,NONE,10.243333333335158,1.3357299999999999,71.45092238520712,0.0018102429543686745,0.0,0.0012512219636304923,0.8887354261954027,UP,DOWN,NORMAL,0,,,No SMA crossover (fast above slow by 0.077%) | Distance to cross: 10.2 pips | RSI overbought (71.5),0,,"[{""name"": ""API Weekly Statistical Bulletin"", ""impact"": ""LOW"", ""time"": ""2026-03-17 20:30:00"", ""currency"": ""USD""}]"
51,2026-03-17 18:35:01.078163,13,USDJPY,158.97660000000002,158.77910624999998,0.12438270668250163,158.95,158.77714999999998,NONE,19.74937500000351,159.009,45.099391134366954,0.18790535354133708,0.0,-0.06105050527183092,0.2904635563926139,DOWN,UP,NORMAL,0,,,No SMA crossover (fast above slow by 0.124%) | Distance to cross: 19.7 pips,0,,"[{""name"": ""API Weekly Statistical Bulletin"", ""impact"": ""LOW"", ""time"": ""2026-03-17 20:30:00"", ""currency"": ""USD""}]"
52,2026-03-17 18:35:01.078163,13,XAUUSD,5008.378,5012.1762,-0.07577945883068075,5008.71075,5012.9568,NONE,379.8200000000179,5002.72,45.291635948876234,18.96943970215099,0.0,-3.63026849301323,0.2668640406112982,UP,UP,NORMAL,0,,,No SMA crossover (fast below slow by 0.076%) | Distance to cross: 379.8 pips,0,,"[{""name"": ""API Weekly Statistical Bulletin"", ""impact"": ""LOW"", ""time"": ""2026-03-17 20:30:00"", ""currency"": ""USD""}]"
53,2026-03-17 18:55:02.943068,1,EURUSD,1.152226,1.1505926666666668,0.1419558268231462,1.1521235555555556,1.1505356666666666,NONE,16.333333333331534,1.1542,67.1079064891257,0.000836868367575984,0.0006233758588347627,0.0005659000500860784,0.8661010062115628,UP,DOWN,NORMAL,0,,,,0,,"[{""name"": ""API Weekly Statistical Bulletin"", ""impact"": ""LOW"", ""time"": ""2026-03-17 20:30:00"", ""currency"": ""USD""}]"
54,2026-03-17 18:55:02.943068,1,GBPUSD,1.3349405,1.3322383333333332,0.20282907337652753,1.3348745000000002,1.3321978888888888,NONE,27.021666666668942,1.33597,68.28107980598908,0.0008851795925552019,0.0006750107518453952,0.0006243601422846162,0.8700895219064864,UP,DOWN,NORMAL,0,,,,0,,"[{""name"": ""API Weekly Statistical Bulletin"", ""impact"": ""LOW"", ""time"": ""2026-03-17 20:30:00"", ""currency"": ""USD""}]"
55,2026-03-17 18:55:02.943068,1,USDJPY,158.981,159.18304374999997,-0.12692542197979742,158.9752,159.18675624999997,NONE,20.2043749999973,158.995,53.93203179976252,0.08774199010322654,-0.014662284349270749,-0.025018281776178528,0.6092734594082646,DOWN,UP,NORMAL,0,,,,0,,"[{""name"": ""API Weekly Statistical Bulletin"", ""impact"": ""LOW"", ""time"": ""2026-03-17 20:30:00"", ""currency"": ""USD""}]"
56,2026-03-17 18:55:02.943068,1,XAUUSD,5007.0472500000005,5009.435,-0.04766505603925131,5007.4892500000005,5009.5312,NONE,238.7749999999869,5007.13,49.87355991578021,7.809089474625209,-1.6899452526067762,-2.6626031497176617,0.6383772895723198,DOWN,DOWN,NORMAL,0,,,,0,,"[{""name"": ""API Weekly Statistical Bulletin"", ""impact"": ""LOW"", ""time"": ""2026-03-17 20:30:00"", ""currency"": ""USD""}]"
57,2026-03-17 18:55:02.943068,1,AUDUSD,0.7103265,0.7092378,0.15350281668573537,0.7103504999999999,0.709156,NONE,10.886999999999425,0.71062,55.61084382623698,0.0006949173101715832,0.0004036537994768219,0.00044311944442543586,0.622769540223088,UP,DOWN,NORMAL,0,,,,0,,
58,2026-03-17 18:55:02.943068,1,USDCAD,1.369964,1.3697173999999999,0.018003713758772195,1.3699379999999999,1.3697214,NONE,2.4660000000009674,1.36951,46.6841036134105,0.0007271143782821284,-7.055963229674056e-05,3.294244020073529e-05,0.37163406670499766,UP,UP,NORMAL,0,,,,0,,
59,2026-03-17 18:55:02.943068,1,NZDUSD,0.5858425,0.5846936,0.19649607931402158,0.5858295,0.5846102000000001,NONE,11.489000000000082,0.58617,58.05327972021283,0.0005273143432834006,0.00040421855549943597,0.00042649834293842775,0.6789582330151346,UP,DOWN,NORMAL,0,,,,0,,"[{""name"": ""Current Account"", ""impact"": ""LOW"", ""time"": ""2026-03-17 21:45:00"", ""currency"": ""NZD""}]"
60,2026-03-17 18:55:02.943068,1,USDCHF,0.7854019999999999,0.7864140000000001,-0.1286853998021556,0.7854955,0.7865112,NONE,10.12000000000124,0.78467,34.11218039111152,0.0004959172990745649,-0.0005390179135024153,-0.0005217367754234638,0.22182369172360888,DOWN,UP,NORMAL,0,,,,0,,
61,2026-03-17 19:02:03.529281,2,EURUSD,1.1523164444444445,1.1506388333333333,0.1457982350770535,1.1522193333333335,1.1505901666666667,NONE,16.77611111111199,1.15385,58.14705836104138,0.0008175669462850038,0.0005748996231083048,0.0005638709048614581,0.7272480941738922,UP,DOWN,NORMAL,0,,,,0,,"[{""name"": ""API Weekly Statistical Bulletin"", ""impact"": ""LOW"", ""time"": ""2026-03-17 20:30:00"", ""currency"": ""USD""}]"
62,2026-03-17 19:02:03.529281,2,GBPUSD,1.3349665,1.3322722222222223,0.20223177612182014,1.334922,1.332234222222222,NONE,26.942777777776428,1.33557,58.69074975368834,0.0008593320382611935,0.0006190373003815974,0.0006185730667814827,0.7207042572390665,UP,DOWN,NORMAL,0,,,,0,,"[{""name"": ""API Weekly Statistical Bulletin"", ""impact"": ""LOW"", ""time"": ""2026-03-17 20:30:00"", ""currency"": ""USD""}]"
63,2026-03-17 19:02:03.529281,2,USDJPY,159.0092,159.1803,-0.10748817535838015,158.9912,159.1833625,NONE,17.10999999999956,159.059,66.82423124966354,0.08483184795299456,-0.004125636633858676,-0.020188812576779132,0.8915402047018414,DOWN,UP,NORMAL,0,,,,0,,"[{""name"": ""API Weekly Statistical Bulletin"", ""impact"": ""LOW"", ""time"": ""2026-03-17 20:30:00"", ""currency"": ""USD""}]"
64,2026-03-17 19:02:03.529281,2,XAUUSD,5006.660000000001,5009.1016,-0.04874327164773815,5006.963000000001,5009.3676000000005,NONE,244.15999999991982,5001.72,47.015313836155805,7.1063624068216535,-1.9278942608352736,-2.558674477354304,0.4824439825755885,DOWN,DOWN,NORMAL,0,,,,0,,"[{""name"": ""API Weekly Statistical Bulletin"", ""impact"": ""LOW"", ""time"": ""2026-03-17 20:30:00"", ""currency"": ""USD""}]"
65,2026-03-17 19:02:03.529281,2,AUDUSD,0.710297,0.7092981999999999,0.1408152452663883,0.7103185,0.7092345999999999,NONE,9.988000000000774,0.71027,51.62360872076344,0.0006711477063838159,0.0003400461557980794,0.0004204626214577914,0.4885166351905206,UP,DOWN,NORMAL,0,,,,0,,
66,2026-03-17 19:02:03.529281,2,USDCAD,1.3700465000000002,1.3697266,0.02335502574019236,1.3699715,1.3697203999999998,NONE,3.1990000000026164,1.36981,49.80302957475409,0.0006978306982007587,-5.134785819715937e-05,1.7998910435671487e-05,0.42526640954541245,UP,UP,NORMAL,0,,,,0,,
67,2026-03-17 19:02:03.529281,2,NZDUSD,0.5858535,0.5847694,0.185389317566896,0.5858365,0.5846912000000001,NONE,10.841000000000323,0.58598,55.02039293490532,0.0005028633187631593,0.0003584426091154391,0.00041135557224220015,0.5699084969977302,UP,DOWN,NORMAL,0,,,,0,,"[{""name"": ""Current Account"", ""impact"": ""LOW"", ""time"": ""2026-03-17 21:45:00"", ""currency"": ""NZD""}]"
68,2026-03-17 19:02:03.529281,2,USDCHF,0.7853304999999999,0.7863314,-0.12728729896835891,0.7854095,0.786417,NONE,10.009000000000823,0.78482,36.599886372331,0.00047432116546720427,-0.0005043879726495115,-0.0005163524849541582,0.2936226556419113,DOWN,UP,NORMAL,1,BUY,ACTIVE,,0,,
69,2026-03-17 19:17:03.160853,3,EURUSD,1.152428888888889,1.1506883333333335,0.15126211895390831,1.1523195555555554,1.1506399999999999,NONE,17.40555555555412,1.15396,60.60901226061859,0.0008009701675911488,0.0005665155375540465,0.0005661867259868684,0.7387090475584969,UP,DOWN,NORMAL,0,,,,0,,"[{""name"": ""API Weekly Statistical Bulletin"", ""impact"": ""LOW"", ""time"": ""2026-03-17 20:30:00"", ""currency"": ""USD""}]"
70,2026-03-17 19:17:03.160853,3,GBPUSD,1.3350680000000001,1.332327,0.20573027492500748,1.3349885000000001,1.3322771111111111,NONE,27.410000000001045,1.3360699999999999,68.20966259178523,0.0008433320999312845,0.000658239532731475,0.0006321223143874396,0.8389320456820036,UP,DOWN,NORMAL,0,,,,0,,"[{""name"": ""API Weekly Statistical Bulletin"", ""impact"": ""LOW"", ""time"": ""2026-03-17 20:30:00"", ""currency"": ""USD""}]"
71,2026-03-17 19:17:03.160853,3,USDJPY,159.02239999999998,159.17706249999998,-0.09716381089769176,159.00459999999998,159.18015625,NONE,15.46625000000006,159.022,57.17107942925633,0.08200202207880083,-0.003379032997770537,-0.01712041791453858,0.6935493126800331,DOWN,UP,NORMAL,0,,,,0,,"[{""name"": ""API Weekly Statistical Bulletin"", ""impact"": ""LOW"", ""time"": ""2026-03-17 20:30:00"", ""currency"": ""USD""}]"
72,2026-03-17 19:17:03.160853,3,XAUUSD,5006.269249999999,5008.9406,-0.05333163663391276,5006.6585,5009.100399999999,NONE,267.13500000005297,5002.1,47.24969530086103,6.649331042581797,-1.8551099853593769,-2.418727390921149,0.5110035798061913,DOWN,DOWN,NORMAL,0,,,,0,,"[{""name"": ""API Weekly Statistical Bulletin"", ""impact"": ""LOW"", ""time"": ""2026-03-17 20:30:00"", ""currency"": ""USD""}]"
73,2026-03-17 19:17:03.160853,3,AUDUSD,0.7103125,0.7093664,0.13337254203188378,0.7103029999999999,0.7093006,NONE,9.461000000000608,0.71041,53.253246706675995,0.0006337698089890525,0.0003148947965652127,0.00040088068041088784,0.5414363008170058,UP,DOWN,NORMAL,0,,,,0,,
74,2026-03-17 19:17:03.160853,3,USDCAD,1.3700665,1.3697232,0.02506345807679664,1.3700315,1.3697206,NONE,3.4330000000015737,1.36957,47.36002491877966,0.0006602305462884492,-8.270808345600678e-05,-5.97154817172995e-06,0.3365633286023414,UP,UP,NORMAL,0,,,,0,,
75,2026-03-17 19:17:03.160853,3,NZDUSD,0.585888,0.5848424,0.17878320723668117,0.5858555,0.5847701999999999,NONE,10.455999999999799,0.58602,55.69038619796236,0.00047730165313721073,0.00033164788628115005,0.0003959245763605512,0.5750845544747769,UP,DOWN,NORMAL,0,,,,0,,"[{""name"": ""Current Account"", ""impact"": ""LOW"", ""time"": ""2026-03-17 21:45:00"", ""currency"": ""NZD""}]"
76,2026-03-17 19:17:03.160853,3,USDCHF,0.7852210000000001,0.7862444000000001,-0.13016308923790204,0.7853245,0.7863290000000001,NONE,10.234000000000076,0.78467,34.748583339758255,0.00045610434752566594,-0.0005002398264946084,-0.0005146615771938781,0.24655752674073708,DOWN,UP,NORMAL,0,,,,0,,
77,2026-03-17 19:32:03.360514,4,EURUSD,1.1525082222222223,1.1507270833333334,0.15478378102733165,1.1524248888888888,1.150686833333333,NONE,17.81138888888867,1.15368,51.203664117611275,0.0007877594983404521,0.0005113184070695276,0.0005529156263059821,0.6314210216251042,UP,DOWN,NORMAL,0,,,,0,,"[{""name"": ""API Weekly Statistical Bulletin"", ""impact"": ""LOW"", ""time"": ""2026-03-17 20:30:00"", ""currency"": ""USD""}]"
78,2026-03-17 19:32:03.360514,4,GBPUSD,1.335065,1.3323662222222221,0.2025552534104775,1.335054,1.3323238888888889,NONE,26.987777777778277,1.33572,57.92275397224669,0.0008338537006148368,0.0006087869079440811,0.0006238814439249472,0.7242132278521685,UP,DOWN,NORMAL,1,SELL,ACTIVE,,0,,"[{""name"": ""API Weekly Statistical Bulletin"", ""impact"": ""LOW"", ""time"": ""2026-03-17 20:30:00"", ""currency"": ""USD""}]"
79,2026-03-17 19:32:03.360514,4,USDJPY,159.0224,159.1739625,-0.09521814850841762,159.0186,159.17694375000002,NONE,15.156249999998295,159.011,54.0908880522898,0.07995085723643829,-0.003365801950110381,-0.01461200184415999,0.6221960947041112,DOWN,UP,NORMAL,0,,,,0,,"[{""name"": ""API Weekly Statistical Bulletin"", ""impact"": ""LOW"", ""time"": ""2026-03-17 20:30:00"", ""currency"": ""USD""}]"
80,2026-03-17 19:32:03.360514,4,XAUUSD,5005.83,5008.588400000001,-0.05507340151969005,5006.21175,5008.8946,NONE,275.840000000062,4999.08,45.62168262581547,6.239222526294634,-2.1557640660112156,-2.3954908512954427,0.4106127802434751,DOWN,DOWN,NORMAL,0,,,,0,,"[{""name"": ""API Weekly Statistical Bulletin"", ""impact"": ""LOW"", ""time"": ""2026-03-17 20:30:00"", ""currency"": ""USD""}]"
81,2026-03-17 19:32:03.360514,4,AUDUSD,0.7102885,0.7094336,0.12050458281084964,0.7103065,0.7093640000000001,NONE,8.548999999999918,0.71031,52.00985911900112,0.0006123270675306556,0.00026873277479344537,0.00037291947535578727,0.5092420759601296,UP,DOWN,NORMAL,0,,,,0,,"[{""name"": ""MI Leading Index m/m"", ""impact"": ""LOW"", ""time"": ""2026-03-17 23:30:00"", ""currency"": ""AUD""}]"
82,2026-03-17 19:32:03.360514,4,USDCAD,1.370112,1.3697416000000002,0.027041596750786486,1.370079,1.3697282000000002,NONE,3.703999999997709,1.3697300000000001,49.1396355883116,0.0006538875480841678,-5.9424535383323374e-05,-1.3471262423130876e-05,0.3673780755438168,UP,UP,NORMAL,0,,,,0,,
83,2026-03-17 19:32:03.360514,4,NZDUSD,0.5858844999999999,0.58491,0.16660682840092975,0.5858814999999999,0.5848397999999999,NONE,9.744999999998782,0.58587,53.054558491028175,0.0004621372493416916,0.0002844028618583794,0.00037196097420086447,0.4917256270752682,UP,DOWN,NORMAL,0,,,,0,,"[{""name"": ""Current Account"", ""impact"": ""LOW"", ""time"": ""2026-03-17 21:45:00"", ""currency"": ""NZD""}]"
84,2026-03-17 19:32:03.360514,4,USDCHF,0.7851765,0.7861752,-0.12703275300466207,0.7852265,0.7862466,NONE,9.98699999999908,0.78489,39.468592905285895,0.00044485199617179394,-0.0004594643739901372,-0.0005022181479491404,0.36210459185327537,DOWN,UP,NORMAL,0,,,,0,,
85,2026-03-17 19:47:03.188945,5,EURUSD,1.1525662222222224,1.1507573333333334,0.15719116763299393,1.152508,1.150727,NONE,18.08888888888971,1.15365,50.18284284249785,0.0007708114550323703,0.00047048664382431937,0.0005363021944819915,0.6133217898033931,UP,DOWN,NORMAL,0,,,,0,,"[{""name"": ""API Weekly Statistical Bulletin"", ""impact"": ""LOW"", ""time"": ""2026-03-17 20:30:00"", ""currency"": ""USD""}]"
86,2026-03-17 19:47:03.188945,5,GBPUSD,1.3351115,1.3324113333333332,0.2026526342966289,1.3350625,1.3323656666666666,NONE,27.001666666668367,1.3357700000000001,58.909401001889854,0.0008076611207669601,0.0005815131729394185,0.000614769613089658,0.7219860934235531,UP,DOWN,NORMAL,0,,,,0,,"[{""name"": ""API Weekly Statistical Bulletin"", ""impact"": ""LOW"", ""time"": ""2026-03-17 20:30:00"", ""currency"": ""USD""}]"
87,2026-03-17 19:47:03.188945,5,USDJPY,159.03119999999998,159.17121875,-0.08796737946697683,159.0254,159.17405624999998,NONE,14.001875000002428,159.045,61.567825031876794,0.07626559192362925,0.0015065181837599084,-0.011196844847123076,0.7844705773465133,DOWN,UP,NORMAL,0,,,,0,,"[{""name"": ""API Weekly Statistical Bulletin"", ""impact"": ""LOW"", ""time"": ""2026-03-17 20:30:00"", ""currency"": ""USD""}]"
88,2026-03-17 19:47:03.188945,5,XAUUSD,5005.6717499999995,5008.354,-0.05355551943813775,5005.900500000001,5008.6448,NONE,268.22500000007494,5001.37,47.00689794400391,6.384843798048545,-1.866640295799698,-2.2537275778031605,0.5264380335617985,DOWN,DOWN,NORMAL,0,,,,0,,"[{""name"": ""API Weekly Statistical Bulletin"", ""impact"": ""LOW"", ""time"": ""2026-03-17 20:30:00"", ""currency"": ""USD""}]"
89,2026-03-17 19:47:03.188945,5,AUDUSD,0.7102925,0.7094999999999999,0.11169837914025157,0.710287,0.709433,NONE,7.925000000000848,0.71033,52.288192048798344,0.0005829261545437753,0.00023675113529908476,0.00034530290136154375,0.5161245173066547,UP,DOWN,NORMAL,0,,,,0,,"[{""name"": ""MI Leading Index m/m"", ""impact"": ""LOW"", ""time"": ""2026-03-17 23:30:00"", ""currency"": ""AUD""}]"
90,2026-03-17 19:47:03.188945,5,USDCAD,1.370092,1.369759,0.024310845922541027,1.37011,1.3697407999999998,NONE,3.3300000000013874,1.36972,49.0686814602143,0.0006216710905679538,-5.939144697242327e-05,-2.3165840643585934e-05,0.37199331064125507,UP,UP,NORMAL,0,,,,0,,
91,2026-03-17 19:47:03.188945,5,NZDUSD,0.5858789999999999,0.58497,0.15539258423507832,0.5858765,0.5849068,NONE,9.089999999999376,0.58571,50.34513974039689,0.00044723969071524335,0.00022965340689873326,0.0003414572954982651,0.40368856551486604,UP,DOWN,NORMAL,0,,,,0,,"[{""name"": ""Current Account"", ""impact"": ""LOW"", ""time"": ""2026-03-17 21:45:00"", ""currency"": ""NZD""}]"
92,2026-03-17 19:47:03.188945,5,USDCHF,0.785111,0.7861128,-0.12743718204307852,0.785174,0.7861741999999999,NONE,10.017999999999416,0.78484,38.34877215245141,0.00042067889440441686,-0.0004362248017942827,-0.0004896576553563347,0.3581096355882947,DOWN,UP,NORMAL,0,,,,0,,
93,2026-03-17 20:02:03.310410,6,EURUSD,1.1526202222222222,1.1507849166666666,0.1594829345584102,1.152564222222222,1.1507565833333333,NONE,18.353055555555553,1.15355,46.858658119700635,0.0007569049234750958,0.00042023892509512883,0.0005119408226559099,0.565940536436801,UP,DOWN,NORMAL,0,,,,0,,"[{""name"": ""API Weekly Statistical Bulletin"", ""impact"": ""LOW"", ""time"": ""2026-03-17 20:30:00"", ""currency"": ""USD""}]"
94,2026-03-17 20:02:03.310410,6,GBPUSD,1.3351264999999999,1.3324435555555556,0.20135520437303922,1.3350905000000002,1.3324066666666667,NONE,26.829444444442796,1.33524,44.355253312754854,0.0007995185277145698,0.0004884957317972116,0.0005841541530704553,0.5396413035400041,UP,DOWN,NORMAL,0,,,,0,,"[{""name"": ""API Weekly Statistical Bulletin"", ""impact"": ""LOW"", ""time"": ""2026-03-17 20:30:00"", ""currency"": ""USD""}]"
95,2026-03-17 20:02:03.310410,6,USDJPY,159.02939999999998,159.16820625,-0.08720727164695055,159.03040000000001,159.17119375,NONE,13.8806250000016,159.041,60.76550796487091,0.07324662107194115,0.0038037523733578382,-0.00824777953408101,0.7422040743191466,DOWN,UP,NORMAL,0,,,,0,,"[{""name"": ""API Weekly Statistical Bulletin"", ""impact"": ""LOW"", ""time"": ""2026-03-17 20:30:00"", ""currency"": ""USD""}, {""name"": ""Trade Balance"", ""impact"": ""LOW"", ""time"": ""2026-03-17 23:50:00"", ""currency"": ""JPY""}]"
96,2026-03-17 20:02:03.310410,6,XAUUSD,5005.562,5007.883,-0.04634692943105725,5005.64325,5008.3312,NONE,232.09999999999127,5000.8,46.750729528014865,6.088845704449783,-1.910778290662165,-2.199688147725439,0.5208284353127216,DOWN,DOWN,NORMAL,0,,,,0,,"[{""name"": ""API Weekly Statistical Bulletin"", ""impact"": ""LOW"", ""time"": ""2026-03-17 20:30:00"", ""currency"": ""USD""}]"
97,2026-03-17 20:02:03.310410,6,AUDUSD,0.710341,0.7095791999999999,0.10735940399607907,0.710297,0.7095018000000001,NONE,7.618000000001457,0.71035,52.37972851230825,0.0005602681639130943,0.00021800983980524435,0.00032099300699901074,0.5041016706918378,UP,DOWN,NORMAL,0,,,,0,,"[{""name"": ""MI Leading Index m/m"", ""impact"": ""LOW"", ""time"": ""2026-03-17 23:30:00"", ""currency"": ""AUD""}]"
98,2026-03-17 20:02:03.310410,6,USDCAD,1.3699935,1.3697713999999999,0.01621438438561536,1.3700935,1.3697596,NONE,2.221000000002249,1.36943,45.720352360322245,0.0006185925432824933,-7.747490854770334e-05,-3.364474824147086e-05,0.28890001376173435,UP,UP,NORMAL,0,,,,0,,
99,2026-03-17 20:02:03.310410,6,NZDUSD,0.5858955,0.5850338,0.14729063517355154,0.5858765,0.584969,NONE,8.616999999999653,0.58556,47.756559293037334,0.0004364164475008912,0.00017909598834497942,0.0003083468574294422,0.29823717317918996,UP,DOWN,NORMAL,0,,,,0,,"[{""name"": ""Westpac Consumer Sentiment"", ""impact"": ""LOW"", ""time"": ""2026-03-17 19:05:00"", ""currency"": ""NZD""}, {""name"": ""Current Account"", ""impact"": ""LOW"", ""time"": ""2026-03-17 21:45:00"", ""currency"": ""NZD""}]"
100,2026-03-17 20:02:03.310410,6,USDCHF,0.785067,0.7860634000000001,-0.12675822331889758,0.7851245,0.7861182,NONE,9.964000000001194,0.78504,43.16650743921864,0.00041894672847757667,-0.00037733713588350426,-0.00046374739761562367,0.48318139164416524,DOWN,UP,NORMAL,0,,,,0,,
101,2026-03-17 20:17:02.775589,7,EURUSD,1.1526811111111113,1.1508216666666666,0.16157537682015333,1.1526244444444445,1.1507865,NONE,18.594444444446356,1.15373,53.19538189054161,0.0007454465843713878,0.000407768113160234,0.0004935313519818509,0.6135016615755693,UP,DOWN,NORMAL,0,,,,0,,"[{""name"": ""API Weekly Statistical Bulletin"", ""impact"": ""LOW"", ""time"": ""2026-03-17 20:30:00"", ""currency"": ""USD""}]"
102,2026-03-17 20:17:02.775589,7,GBPUSD,1.3351955,1.3324852222222223,0.2034002128186948,1.3351335,1.332445111111111,NONE,27.102777777776588,1.33534,46.893948123401735,0.0007834190059866771,0.00045290156848931673,0.0005596905307411203,0.5534382689765618,UP,DOWN,NORMAL,0,,,,0,,"[{""name"": ""API Weekly Statistical Bulletin"", ""impact"": ""LOW"", ""time"": ""2026-03-17 20:30:00"", ""currency"": ""USD""}]"
103,2026-03-17 20:17:02.775589,7,USDJPY,159.02619999999996,159.1645375,-0.08691477522122928,159.0268,159.168125,NONE,13.83375000000342,159.033,57.70059841168151,0.07056573997496647,0.004371378137875581,-0.005889873925615567,0.7021811808669738,DOWN,UP,NORMAL,0,,,,0,,"[{""name"": ""API Weekly Statistical Bulletin"", ""impact"": ""LOW"", ""time"": ""2026-03-17 20:30:00"", ""currency"": ""USD""}, {""name"": ""Trade Balance"", ""impact"": ""LOW"", ""time"": ""2026-03-17 23:50:00"", ""currency"": ""JPY""}]"
104,2026-03-17 20:17:02.775589,7,XAUUSD,5005.64075,5007.5948,-0.03902172755671604,5005.635,5007.9414,NONE,195.40500000002794,5003.95,48.74359418824759,5.843092236467105,-1.4212086218612967,-2.0067227268831425,0.6554346573007832,DOWN,DOWN,NORMAL,0,,,,0,,"[{""name"": ""API Weekly Statistical Bulletin"", ""impact"": ""LOW"", ""time"": ""2026-03-17 20:30:00"", ""currency"": ""USD""}]"
105,2026-03-17 20:17:02.775589,7,AUDUSD,0.710421,0.709657,0.10765764305854617,0.7103455000000001,0.709581,NONE,7.639999999999869,0.71049,54.38728663349926,0.0005437694175111363,0.00021192831966621029,0.00030032878748115975,0.5387305784591929,UP,DOWN,NORMAL,0,,,,0,,"[{""name"": ""MI Leading Index m/m"", ""impact"": ""LOW"", ""time"": ""2026-03-17 23:30:00"", ""currency"": ""AUD""}]"
106,2026-03-17 20:17:02.775589,7,USDCAD,1.3698655,1.3697746000000002,0.006636128308977463,1.369988,1.3697692000000001,NONE,0.9089999999978282,1.36921,43.396182110985585,0.0006092032799868052,-0.00011695974517200725,-5.171173623153222e-05,0.21093633663497335,UP,UP,NORMAL,0,,,,0,,
107,2026-03-17 20:17:02.775589,7,NZDUSD,0.5859315,0.5850994,0.14221515181864863,0.5858995,0.5850354,NONE,8.321000000000023,0.58566,49.529605493082535,0.000421366293087563,0.00015347391065445581,0.0002783933506955315,0.3128536513084828,UP,DOWN,NORMAL,0,,,,0,,"[{""name"": ""Current Account"", ""impact"": ""LOW"", ""time"": ""2026-03-17 21:45:00"", ""currency"": ""NZD""}]"
108,2026-03-17 20:17:02.775589,7,USDCHF,0.7850155,0.7860058,-0.12599143670441104,0.7850619999999999,0.7860613999999999,NONE,9.902999999999995,0.78495,41.825183563728785,0.00041121583970877396,-0.0003571133285211747,-0.00044369693707308323,0.45368933164513664,DOWN,UP,NORMAL,0,,,,0,,
109,2026-03-17 20:47:04.226468,9,EURUSD,1.152782,1.1509098333333332,0.16266840480843803,1.1527164444444444,1.150867,NONE,18.721666666667858,1.15399,61.51994375741015,0.0007120479081718736,0.0003830756779084066,0.00045367458430515607,0.6828390721665284,UP,DOWN,NORMAL,0,,,,0,,"[{""name"": ""API Weekly Statistical Bulletin"", ""impact"": ""LOW"", ""time"": ""2026-03-17 20:30:00"", ""currency"": ""USD""}]"
110,2026-03-17 20:47:04.226468,9,GBPUSD,1.3353185,1.3325677777777778,0.2064226876931881,1.335257,1.3325257777777777,NONE,27.507222222222794,1.3355000000000001,52.77766385057561,0.0007411283501012853,0.0003891242130418249,0.0005004889781727123,0.5774357106981954,UP,DOWN,NORMAL,0,,,,0,,"[{""name"": ""API Weekly Statistical Bulletin"", ""impact"": ""LOW"", ""time"": ""2026-03-17 20:30:00"", ""currency"": ""USD""}]"
111,2026-03-17 20:47:04.226468,9,USDJPY,159.026,159.1574375,-0.08258332256698697,159.02839999999998,159.1608625,NONE,13.143749999997567,159.014,50.50388754637181,0.06566747113001711,0.003625812611630863,-0.0023212421140745886,0.615983119943259,DOWN,UP,NORMAL,0,,,,0,,"[{""name"": ""API Weekly Statistical Bulletin"", ""impact"": ""LOW"", ""time"": ""2026-03-17 20:30:00"", ""currency"": ""USD""}, {""name"": ""Trade Balance"", ""impact"": ""LOW"", ""time"": ""2026-03-17 23:50:00"", ""currency"": ""JPY""}]"
112,2026-03-17 20:47:04.226468,9,XAUUSD,5005.868,5006.9048,-0.020707403903502567,5005.7495,5007.227,NONE,103.67999999998574,5004.99,49.47770269463823,5.087373888016637,-0.9581854754151209,-1.6740965490608883,0.7523987941813521,DOWN,DOWN,NORMAL,0,,,,0,,"[{""name"": ""API Weekly Statistical Bulletin"", ""impact"": ""LOW"", ""time"": ""2026-03-17 20:30:00"", ""currency"": ""USD""}]"
113,2026-03-17 20:47:04.226468,9,AUDUSD,0.710505,0.7098043999999999,0.09870324838788859,0.7104795,0.7097378000000001,NONE,7.006000000001622,0.71045,53.517441818158666,0.0005004987032913033,0.00017786640849237756,0.00025688894323349265,0.4564233975279786,UP,DOWN,LOW,0,,,,0,,"[{""name"": ""MI Leading Index m/m"", ""impact"": ""LOW"", ""time"": ""2026-03-17 23:30:00"", ""currency"": ""AUD""}]"
114,2026-03-17 20:47:04.226468,9,USDCAD,1.369666,1.3697718,-0.00772391430456115,1.369753,1.36977,NONE,1.0580000000004475,1.36898,41.51106165576345,0.0005725455395221485,-0.00018231561674952879,-9.139632213849644e-05,0.11311311286509625,DOWN,UP,NORMAL,0,,,,0,,
115,2026-03-17 20:47:04.226468,9,NZDUSD,0.585959,0.5852298,0.12460062696738707,0.5859595000000001,0.5851704,NONE,7.291999999999854,0.5857,50.46097689448469,0.00038774149032258363,0.0001056485950580166,0.00021827023786199557,0.2909159348063031,UP,DOWN,NORMAL,0,,,,0,,"[{""name"": ""Current Account"", ""impact"": ""LOW"", ""time"": ""2026-03-17 21:45:00"", ""currency"": ""NZD""}]"
116,2026-03-17 20:47:04.226468,9,USDCHF,0.7849275,0.7858984,-0.12354014208452349,0.784972,0.7859452,NONE,9.708999999999968,0.78476,39.358659504083086,0.00038804179181885673,-0.0003270249130093994,-0.0004023584741425265,0.3444392118686724,DOWN,UP,NORMAL,0,,,,0,,
117,2026-03-17 21:02:04.264996,10,EURUSD,1.1528248888888888,1.1509420000000001,0.16359546257662472,1.152781111111111,1.1509095,NONE,18.828888888886564,1.15361,46.20951363242317,0.000757574258390225,0.00034138722577137237,0.0004307065712878383,0.48047349079106844,UP,DOWN,NORMAL,0,,,,0,,"[{""name"": ""API Weekly Statistical Bulletin"", ""impact"": ""LOW"", ""time"": ""2026-03-17 20:30:00"", ""currency"": ""USD""}]"
118,2026-03-17 21:02:04.264996,10,GBPUSD,1.3353730000000001,1.3326075555555557,0.20752129409108677,1.335302,1.332564111111111,NONE,27.65444444444487,1.33541,50.855169304141086,0.0007445440068991812,0.00033740133866921873,0.0004636594844600092,0.518604042737143,UP,DOWN,NORMAL,0,,,,0,,"[{""name"": ""API Weekly Statistical Bulletin"", ""impact"": ""LOW"", ""time"": ""2026-03-17 20:30:00"", ""currency"": ""USD""}]"
119,2026-03-17 21:02:04.264996,10,USDJPY,159.0036,159.15396875000002,-0.09448005047000287,159.012,159.157,NONE,15.03687500000126,158.999,49.25777403022665,0.06994632523297513,-0.002123577443569502,-0.0031751564734205967,0.5554177075216192,DOWN,UP,NORMAL,0,,,,0,,"[{""name"": ""API Weekly Statistical Bulletin"", ""impact"": ""LOW"", ""time"": ""2026-03-17 20:30:00"", ""currency"": ""USD""}, {""name"": ""Trade Balance"", ""impact"": ""LOW"", ""time"": ""2026-03-17 23:50:00"", ""currency"": ""JPY""}]"
120,2026-03-17 21:02:04.264996,10,XAUUSD,5005.89,5006.9224,-0.02061945278001617,5005.7495,5007.227,NONE,103.24000000000524,5005.87,50.068953251757314,5.528802459445229,-0.8879860452161665,-1.6600566630210976,0.8246670144318026,DOWN,DOWN,NORMAL,0,,,,0,,"[{""name"": ""API Weekly Statistical Bulletin"", ""impact"": ""LOW"", ""time"": ""2026-03-17 20:30:00"", ""currency"": ""USD""}]"
121,2026-03-17 21:02:04.264996,10,AUDUSD,0.7104995,0.7098456,0.0921186241064233,0.7104820000000001,0.7097952,NONE,6.5389999999998505,0.71027,50.79016445003809,0.0005160753265256,0.00012248265798098235,0.00022413646111175164,0.3169333000894191,UP,DOWN,NORMAL,0,,,,0,,"[{""name"": ""MI Leading Index m/m"", ""impact"": ""LOW"", ""time"": ""2026-03-17 23:30:00"", ""currency"": ""AUD""}]"
122,2026-03-17 21:02:04.264996,10,USDCAD,1.3695625,1.3697696000000001,-0.015119331017429983,1.369651,1.3697658,NONE,2.0710000000012663,1.36898,42.68592752275488,0.0005802718785358875,-0.00022412190329079706,-0.00012177049819802235,0.15143729072333506,DOWN,UP,NORMAL,0,,,,0,,
123,2026-03-17 21:02:04.264996,10,NZDUSD,0.585958,0.5852731999999999,0.11700518663763197,0.585953,0.5852274,NONE,6.848000000000409,0.58562,48.92936835887715,0.0003863722001975042,7.606031311513384e-05,0.00018829662898101114,0.2270468714932274,UP,DOWN,NORMAL,0,,,,0,,"[{""name"": ""Current Account"", ""impact"": ""LOW"", ""time"": ""2026-03-17 21:45:00"", ""currency"": ""NZD""}]"
124,2026-03-17 21:02:04.264996,10,USDCHF,0.7848149999999999,0.7858366000000001,-0.1300015804812575,0.7848935,0.7858848,NONE,10.21600000000178,0.78425,34.795259312360045,0.0004306306434236352,-0.00039761460453602293,-0.00041008890250042625,-0.006731552267125165,DOWN,UP,NORMAL,1,BUY,ACTIVE,,0,,
125,2026-03-17 21:14:32.352621,1,EURUSD,1.1528217777777776,1.1509408333333333,0.16342668449747794,1.152781111111111,1.1509095,NONE,18.809444444443102,1.15347,42.14675511365854,0.000757574258390225,0.0003302191346035155,0.0004284729530542669,0.4096356026936825,UP,DOWN,NORMAL,0,,,,0,,"[{""name"": ""API Weekly Statistical Bulletin"", ""impact"": ""LOW"", ""time"": ""2026-03-17 20:30:00"", ""currency"": ""USD""}]"
126,2026-03-17 21:14:32.352621,1,GBPUSD,1.33538,1.3326091111111111,0.20792960709825475,1.335302,1.332564111111111,NONE,27.708888888888783,1.33555,54.278091599361225,0.000768829721184896,0.00034856942983729766,0.000465893102693625,0.5852155540227234,UP,DOWN,NORMAL,0,,,,0,,"[{""name"": ""API Weekly Statistical Bulletin"", ""impact"": ""LOW"", ""time"": ""2026-03-17 20:30:00"", ""currency"": ""USD""}]"
127,2026-03-17 21:14:32.352621,1,USDJPY,158.9986,159.15381250000002,-0.09752358272913168,159.012,159.157,NONE,15.521250000000464,158.974,43.36283447699056,0.07108918237583163,-0.004117879437870897,-0.0035740168722808757,0.4101845719272585,DOWN,UP,NORMAL,1,SELL,ACTIVE,,0,,"[{""name"": ""API Weekly Statistical Bulletin"", ""impact"": ""LOW"", ""time"": ""2026-03-17 20:30:00"", ""currency"": ""USD""}, {""name"": ""Trade Balance"", ""impact"": ""LOW"", ""time"": ""2026-03-17 23:50:00"", ""currency"": ""JPY""}]"
128,2026-03-17 21:14:32.352621,1,XAUUSD,5005.89,5006.9224,-0.02061945278001617,5005.7495,5007.227,NONE,103.24000000000524,5005.87,50.068953251757314,5.528802459445229,-0.8879860452161665,-1.6600566630210976,0.8246670144318026,DOWN,DOWN,NORMAL,0,,,,0,,"[{""name"": ""API Weekly Statistical Bulletin"", ""impact"": ""LOW"", ""time"": ""2026-03-17 20:30:00"", ""currency"": ""USD""}]"
129,2026-03-17 21:14:32.352621,1,AUDUSD,0.7104630000000001,0.7098309999999999,0.08903527741112857,0.7104820000000001,0.7097952,NONE,6.32000000000188,0.70954,41.09760819555554,0.0005925038979541646,6.424903974733276e-05,0.00021248973746502173,-0.11125813701094305,UP,DOWN,NORMAL,1,BUY,ACTIVE,,0,,"[{""name"": ""MI Leading Index m/m"", ""impact"": ""LOW"", ""time"": ""2026-03-17 23:30:00"", ""currency"": ""AUD""}]"
130,2026-03-17 21:14:32.352621,1,USDCAD,1.3695615,1.3697692000000001,-0.0151631384323748,1.369651,1.3697658,NONE,2.0770000000003286,1.36896,42.41730623741864,0.0005859861642501631,-0.0002257173448860783,-0.0001220895865170786,0.1413460388825941,DOWN,UP,NORMAL,0,,,,0,,
131,2026-03-17 21:14:32.352621,1,NZDUSD,0.585963,0.5852752,0.11751736618944664,0.585953,0.5852274,NONE,6.878000000000162,0.58572,50.99083601571324,0.000427086485911795,8.403752109231721e-05,0.00018989207057644783,0.3005568622220212,UP,DOWN,NORMAL,0,,,,0,,"[{""name"": ""Current Account"", ""impact"": ""LOW"", ""time"": ""2026-03-17 21:45:00"", ""currency"": ""NZD""}]"
132,2026-03-17 21:14:32.352621,1,USDCHF,0.7848149999999999,0.7858366000000001,-0.1300015804812575,0.7848935,0.7858848,NONE,10.21600000000178,0.78425,34.795259312360045,0.0004670592148522074,-0.00039761460453602293,-0.00041008890250042625,-0.006731552267125165,DOWN,UP,NORMAL,1,BUY,ACTIVE,,0,,
133,2026-03-17 21:17:03.213434,2,EURUSD,1.1528757777777778,1.1509760833333333,0.1650507314576683,1.152821111111111,1.1509405833333335,NONE,18.996944444444885,1.15347,42.605596698379884,0.0007401608920191454,0.0002856963993378425,0.0003995347363280791,0.38904548845151576,UP,DOWN,NORMAL,0,,,,0,,"[{""name"": ""API Weekly Statistical Bulletin"", ""impact"": ""LOW"", ""time"": ""2026-03-17 20:30:00"", ""currency"": ""USD""}]"
134,2026-03-17 21:17:03.213434,2,GBPUSD,1.3354184999999998,1.3326535555555556,0.2074766118259105,1.335374,1.3326077777777776,NONE,27.64944444444195,1.3354599999999999,52.25926417613975,0.0007398378296998979,0.00031887793440876777,0.00043495844510504147,0.5225547545602247,UP,DOWN,NORMAL,0,,,,0,,"[{""name"": ""API Weekly Statistical Bulletin"", ""impact"": ""LOW"", ""time"": ""2026-03-17 20:30:00"", ""currency"": ""USD""}]"
135,2026-03-17 21:17:03.213434,2,USDJPY,158.98899999999998,159.15113125,-0.10187250868191101,158.9992,159.15383125,NONE,16.213125000001583,158.977,44.14155200817736,0.07008281220613054,-0.005338895276622679,-0.00388870195485865,0.3954466998935966,DOWN,UP,NORMAL,0,,,,0,,"[{""name"": ""API Weekly Statistical Bulletin"", ""impact"": ""LOW"", ""time"": ""2026-03-17 20:30:00"", ""currency"": ""USD""}, {""name"": ""Trade Balance"", ""impact"": ""LOW"", ""time"": ""2026-03-17 23:50:00"", ""currency"": ""JPY""}]"
136,2026-03-17 21:17:03.213434,2,XAUUSD,5005.89,5006.9224,-0.02061945278001617,5005.7495,5007.227,NONE,103.24000000000524,5005.87,50.068953251757314,5.528802459445229,-0.8879860452161665,-1.6600566630210976,0.8246670144318026,DOWN,DOWN,NORMAL,0,,,,0,,"[{""name"": ""API Weekly Statistical Bulletin"", ""impact"": ""LOW"", ""time"": ""2026-03-17 20:30:00"", ""currency"": ""USD""}]"
137,2026-03-17 21:17:03.213434,2,AUDUSD,0.7104445,0.7098648,0.0816634378828295,0.7104644999999999,0.7098316,NONE,5.797000000000718,0.70996,47.32643417507124,0.0005780393338145816,3.860215238515874e-05,0.00017809512643196992,0.18935830614156982,UP,DOWN,NORMAL,0,,,,0,,"[{""name"": ""MI Leading Index m/m"", ""impact"": ""LOW"", ""time"": ""2026-03-17 23:30:00"", ""currency"": ""AUD""}]"
138,2026-03-17 21:17:03.213434,2,USDCAD,1.3694890000000002,1.369769,-0.020441402893468602,1.369561,1.369769,NONE,2.7999999999983594,1.3689200000000001,41.963595137843306,0.0005462728668037052,-0.0002422062098803579,-0.0001462405465173925,0.14325725431970496,DOWN,UP,NORMAL,0,,,,0,,
139,2026-03-17 21:17:03.213434,2,NZDUSD,0.5859495,0.5853138000000001,0.10860840800266552,0.5859625,0.585275,NONE,6.356999999999058,0.58571,50.792208610579245,0.00040433541038747896,7.223438967152163e-05,0.00016623289906782232,0.30697082857215086,UP,DOWN,NORMAL,0,,,,0,,"[{""name"": ""Current Account"", ""impact"": ""LOW"", ""time"": ""2026-03-17 21:45:00"", ""currency"": ""NZD""}]"
140,2026-03-17 21:17:03.213434,2,USDCHF,0.7847765,0.7857836,-0.12816505714805432,0.7848145,0.7858364,NONE,10.071000000000385,0.78433,36.526500127614355,0.00044512641379133893,-0.0004001231805202954,-0.00040822339343204035,0.11744373374205093,DOWN,UP,NORMAL,0,,,,0,,
141,2026-03-17 21:32:02.935926,3,EURUSD,1.1529393333333333,1.1510131666666665,0.1673453199710097,1.1528804444444443,1.1509778333333331,NONE,19.261666666667843,1.15374,52.05553857246216,0.0007224510642429465,0.00028390554726520634,0.00037908924039582574,0.5184055263239024,UP,DOWN,NORMAL,0,,,,0,,
142,2026-03-17 21:32:02.935926,3,GBPUSD,1.335468,1.3327039999999999,0.20739789180494778,1.3354195,1.3326537777777778,NONE,27.640000000002107,1.33547,52.46448492666408,0.0007176006541359598,0.000301510898295998,0.0004085242063985133,0.5012314413799406,UP,DOWN,NORMAL,0,,,,0,,
143,2026-03-17 21:32:02.935926,3,USDJPY,158.9718,159.1484125,-0.11097346007143143,158.9864,159.15105,NONE,17.66125000000045,158.97,43.258410240335,0.07366363174242803,-0.007781267861787455,-0.004833141062170287,0.3495977789553044,DOWN,UP,NORMAL,0,,,,0,,"[{""name"": ""Trade Balance"", ""impact"": ""LOW"", ""time"": ""2026-03-17 23:50:00"", ""currency"": ""JPY""}]"
144,2026-03-17 21:32:02.935926,3,XAUUSD,5005.89,5006.9224,-0.02061945278001617,5005.7495,5007.227,NONE,103.24000000000524,5005.87,50.068953251757314,5.528802459445229,-0.8879860452161665,-1.6600566630210976,0.8246670144318026,DOWN,DOWN,NORMAL,0,,,,0,,
145,2026-03-17 21:32:02.935926,3,AUDUSD,0.7104575000000001,0.7099162,0.07624843608303034,0.710458,0.7098702,NONE,5.413000000000778,0.71043,53.19419419730641,0.0005828732589502682,7.031582983429985e-05,0.00015998542095859867,0.48175150107882436,UP,DOWN,NORMAL,0,,,,0,,"[{""name"": ""MI Leading Index m/m"", ""impact"": ""LOW"", ""time"": ""2026-03-17 23:30:00"", ""currency"": ""AUD""}]"
146,2026-03-17 21:32:02.935926,3,USDCAD,1.3694445,1.36976,-0.023033232099063713,1.36949,1.3697693999999998,NONE,3.155000000001351,1.36926,46.801216183700305,0.0005334268457054794,-0.000223385341339144,-0.00016141423482646228,0.3740380247500955,DOWN,UP,NORMAL,0,,,,0,,
147,2026-03-17 21:32:02.935926,3,NZDUSD,0.5858995,0.5853406,0.09548286929012421,0.5859279999999999,0.5853052000000001,NONE,5.589000000000288,0.58547,46.7686528163634,0.0004256583912781742,1.715955794556745e-05,0.00013092991175505322,0.19729618761331838,UP,DOWN,NORMAL,0,,,,0,,"[{""name"": ""Current Account"", ""impact"": ""LOW"", ""time"": ""2026-03-17 21:45:00"", ""currency"": ""NZD""}]"
148,2026-03-17 21:32:02.935926,3,USDCHF,0.7847415,0.7857268000000001,-0.12539982090468058,0.784774,0.7857826,NONE,9.853000000000778,0.78428,35.46506667116458,0.0004520051393368574,-0.00040397191024998946,-0.000408011273433796,0.13157222204939,DOWN,UP,NORMAL,0,,,,0,,
149,2026-03-17 21:47:02.643267,4,EURUSD,1.1529935555555555,1.151053,0.16858959192629616,1.1529355555555556,1.15101175,NONE,19.4055555555539,1.15362,48.3479405688499,0.0007120701588873308,0.0002460991545840674,0.0003503214226636429,0.4141916575991218,UP,DOWN,NORMAL,0,,,,0,,
150,2026-03-17 21:47:02.643267,4,GBPUSD,1.3355074999999998,1.332754,0.20660226868573295,1.335464,1.3327031111111112,NONE,27.534999999998533,1.33558,56.101533650090516,0.0007133158157304016,0.00028706593062510777,0.00038321146862274564,0.5495217509071698,UP,DOWN,NORMAL,0,,,,0,,
151,2026-03-17 21:47:02.643267,4,USDJPY,158.9638,159.14603749999998,-0.11450960568213028,158.9708,159.14838125,NONE,18.223749999998518,158.969,43.15162183308175,0.06875908661796856,-0.009181362939813198,-0.005766603101521062,0.3299728527627583,DOWN,UP,NORMAL,0,,,,0,,"[{""name"": ""Trade Balance"", ""impact"": ""LOW"", ""time"": ""2026-03-17 23:50:00"", ""currency"": ""JPY""}]"
152,2026-03-17 21:47:02.643267,4,XAUUSD,5005.89,5006.9224,-0.02061945278001617,5005.7495,5007.227,NONE,103.24000000000524,5005.87,50.068953251757314,5.528802459445229,-0.8879860452161665,-1.6600566630210976,0.8246670144318026,DOWN,DOWN,NORMAL,0,,,,0,,
153,2026-03-17 21:47:02.643267,4,AUDUSD,0.7104275,0.7099316,0.06985179980719179,0.710439,0.7099088,NONE,4.958999999999936,0.70999,47.71575268006718,0.0005932292506579011,1.9598378601659583e-05,0.00012718550536471653,0.22466185813770803,UP,DOWN,NORMAL,0,,,,0,,"[{""name"": ""MI Leading Index m/m"", ""impact"": ""LOW"", ""time"": ""2026-03-17 23:30:00"", ""currency"": ""AUD""}]"
154,2026-03-17 21:47:02.643267,4,USDCAD,1.3693814999999998,1.3697561999999999,-0.027355232996942168,1.3694405,1.3697584,NONE,3.747000000000611,1.36887,42.12783700306946,0.0005293555404000038,-0.0002433822784166928,-0.00017882892616563048,0.14517008550356897,DOWN,UP,NORMAL,0,,,,0,,
155,2026-03-17 21:47:02.643267,4,NZDUSD,0.585869,0.5853606,0.08685244616736494,0.5858925,0.5853378,NONE,5.083999999999644,0.58541,45.69228306880249,0.0004009685061868738,-1.271998971819066e-05,0.00010041303687349405,0.19844259886476254,UP,DOWN,NORMAL,0,,,,0,,"[{""name"": ""Current Account"", ""impact"": ""LOW"", ""time"": ""2026-03-17 21:45:00"", ""currency"": ""NZD""}]"
156,2026-03-17 21:47:02.643267,4,USDCHF,0.7847139999999999,0.7856864,-0.12376439251081545,0.7847475,0.7857292000000001,NONE,9.724000000000954,0.78433,37.17132737837817,0.0004440557926495328,-0.0003878792005737042,-0.0004024532349301478,0.19270154525097244,DOWN,UP,NORMAL,0,,,,0,,
157,2026-03-17 22:02:03.761334,5,EURUSD,1.1530635555555557,1.1510919999999998,0.1712769748687289,1.152992888888889,1.15105275,NONE,19.715555555559483,1.15379,55.14309098373765,0.0007004145919882897,0.00023601266773298768,0.0003270767656946089,0.500873941447026,UP,DOWN,NORMAL,0,,,,0,,
158,2026-03-17 22:02:03.761334,5,GBPUSD,1.3355525,1.332804888888889,0.2061525384560575,1.335504,1.3327532222222223,NONE,27.476111111108814,1.33576,61.77288733310087,0.0007157429537568348,0.00028752484677818657,0.0003631806969604053,0.6579902101735892,UP,DOWN,NORMAL,0,,,,0,,
159,2026-03-17 22:02:03.761334,5,USDJPY,158.98200000000003,159.14433749999998,-0.10200645687437661,158.974,159.14635625,NONE,16.233749999994984,158.984,47.59133122039903,0.07158751920648258,-0.00552348308357864,-0.005067038926988055,0.4051431314737115,DOWN,UP,NORMAL,0,,,,0,,"[{""name"": ""Trade Balance"", ""impact"": ""LOW"", ""time"": ""2026-03-17 23:50:00"", ""currency"": ""JPY""}]"
160,2026-03-17 22:02:03.761334,5,XAUUSD,5005.8795,5006.5694,-0.01377989487173207,5005.89,5006.9223999999995,NONE,68.9900000000307,5004.43,49.082037290397,4.966116393810217,-0.7236342378964764,-1.4727721779961735,0.696356334470485,DOWN,DOWN,NORMAL,0,,,,0,,
161,2026-03-17 22:02:03.761334,5,AUDUSD,0.7104265000000001,0.7099711999999999,0.06412936186709522,0.7104265,0.7099312000000001,NONE,4.553000000001584,0.7105,54.29633149289899,0.0005982536919374429,4.221590521447105e-05,0.00010993631467940467,0.5461194925074049,UP,DOWN,NORMAL,0,,,,0,,"[{""name"": ""MI Leading Index m/m"", ""impact"": ""LOW"", ""time"": ""2026-03-17 23:30:00"", ""currency"": ""AUD""}]"
162,2026-03-17 22:02:03.761334,5,USDCAD,1.3693710000000001,1.369753,-0.027888239704522085,1.369385,1.3697576,NONE,3.8199999999988243,1.36937,48.97725943198978,0.0005351158589428607,-0.0002070784791980973,-0.00018358538947865977,0.4992856037795794,DOWN,UP,NORMAL,0,,,,0,,
163,2026-03-17 22:02:03.761334,5,NZDUSD,0.5858435,0.58539,0.07746972104067298,0.5858625,0.585358,NONE,4.534999999999956,0.58561,50.220658731385825,0.0004463585108470003,-1.928734284584177e-05,7.481370167035675e-05,0.3512684546714724,UP,DOWN,NORMAL,0,,,,0,,"[{""name"": ""Current Account"", ""impact"": ""LOW"", ""time"": ""2026-03-17 21:45:00"", ""currency"": ""NZD""}]"
164,2026-03-17 22:02:03.761334,5,USDCHF,0.7847105,0.7856496,-0.11953165889729601,0.7847265,0.7856913999999999,NONE,9.390999999999705,0.78479,46.25496917423835,0.000466572215623546,-0.0003262578565983443,-0.0003840232760729049,0.5690639246570468,DOWN,UP,NORMAL,0,,,,0,,
165,2026-03-17 22:17:03.380976,6,EURUSD,1.1531404444444444,1.15114925,0.17297448132328624,1.1530746666666667,1.1510961666666666,NONE,19.911944444443996,1.15428,67.0056079794783,0.0007025298871723892,0.0002971790549470832,0.0003274789899268682,0.8487031643256162,UP,DOWN,NORMAL,0,,,,0,,
166,2026-03-17 22:17:03.380976,6,GBPUSD,1.3356225,1.3328615555555554,0.20714412783057004,1.3355675,1.3328082222222222,NONE,27.60944444444524,1.33605,67.80285363287108,0.0006992336521040167,0.0003305937504141099,0.0003604923674802476,0.825418479253926,UP,DOWN,NORMAL,0,,,,0,,
167,2026-03-17 22:17:03.380976,6,USDJPY,158.9566,159.14159375,-0.1162447513819684,158.96800000000002,159.1439,NONE,18.499374999998963,158.92,37.25618176747908,0.07093841069173397,-0.015198892996124869,-0.00798685703426699,0.08345975826756674,DOWN,UP,NORMAL,0,,,,0,,"[{""name"": ""Trade Balance"", ""impact"": ""LOW"", ""time"": ""2026-03-17 23:50:00"", ""currency"": ""JPY""}]"
168,2026-03-17 22:17:03.380976,6,XAUUSD,5005.7275,5006.090999999999,-0.007261154461624373,5005.8345,5006.533399999999,NONE,36.34999999994761,5002.69,47.945599237371255,5.403814051837348,-0.8362881881766953,-1.368449739006739,0.4998072421604895,DOWN,DOWN,NORMAL,0,,,,0,,
169,2026-03-17 22:17:03.380976,6,AUDUSD,0.7104545,0.7100162,0.06173098585637942,0.7104429999999999,0.7099778000000001,NONE,4.383000000000026,0.71083,57.719195312641396,0.0005837355710847668,0.0001073547078650483,0.00011363195912848445,0.7255776836908696,UP,DOWN,NORMAL,0,,,,0,,"[{""name"": ""MI Leading Index m/m"", ""impact"": ""LOW"", ""time"": ""2026-03-17 23:30:00"", ""currency"": ""AUD""}]"
170,2026-03-17 22:17:03.380976,6,USDCAD,1.3693385,1.3697426000000001,-0.029501893275432133,1.3693640000000002,1.3697502,NONE,4.041000000001294,1.3691900000000001,46.626415096621585,0.0005011790118755098,-0.0002036320590850238,-0.00018938161798682526,0.3921185696717107,DOWN,UP,NORMAL,0,,,,0,,
171,2026-03-17 22:17:03.380976,6,NZDUSD,0.5858559999999999,0.5854304,0.07269865042879818,0.58586,0.5853966,NONE,4.255999999999149,0.58597,56.31257371650429,0.00045289412741915803,3.295481159049096e-05,7.065388946635241e-05,0.5735624248827317,UP,DOWN,NORMAL,0,,,,0,,"[{""name"": ""Current Account"", ""impact"": ""LOW"", ""time"": ""2026-03-17 21:45:00"", ""currency"": ""NZD""}]"
172,2026-03-17 22:17:03.380976,6,USDCHF,0.7846825,0.7856058,-0.11752713638316714,0.784705,0.7856474,NONE,9.233000000000713,0.78464,43.43962642417775,0.00044023542471165937,-0.00030862661774555544,-0.0003703479330114069,0.4610437596609638,DOWN,UP,NORMAL,0,,,,0,,
173,2026-03-17 22:32:03.661999,7,EURUSD,1.153200888888889,1.1511900833333333,0.17467189690630977,1.1531393333333333,1.1511488333333335,NONE,20.108055555556614,1.15415,61.41350929126762,0.00068135535038563,0.00029701514501723203,0.0003207480443067929,0.7216532825668669,UP,DOWN,NORMAL,0,,,,0,,
174,2026-03-17 22:32:03.661999,7,GBPUSD,1.335673,1.332922,0.20638867090498697,1.3356264999999998,1.3328624444444443,NONE,27.5100000000017,1.3360699999999999,66.70835578315716,0.0006748483761534812,0.00034834256980542655,0.00035908349056637,0.8028490714897034,UP,DOWN,NORMAL,0,,,,0,,
175,2026-03-17 22:32:03.661999,7,USDJPY,158.96480000000003,159.1392875,-0.10964451502899275,158.9624,159.141775,NONE,17.44874999999695,158.976,49.6467269278872,0.07000913645864909,-0.01197781277792842,-0.008414905732856939,0.3977377558627176,UP,UP,NORMAL,0,,,,0,,"[{""name"": ""Trade Balance"", ""impact"": ""LOW"", ""time"": ""2026-03-17 23:50:00"", ""currency"": ""JPY""}]"
176,2026-03-17 22:32:03.661999,7,XAUUSD,5005.46275,5005.789,-0.006517454091654139,5005.7080000000005,5006.0754,NONE,32.625000000007276,4999.52,45.82585519150426,5.270207962799391,-1.1034384055838018,-1.325403027877795,0.13820834895619982,DOWN,DOWN,NORMAL,0,,,,0,,
177,2026-03-17 22:32:03.661999,7,AUDUSD,0.7104485,0.7100571999999999,0.05510823635054956,0.7104535000000001,0.7100158000000001,NONE,3.9130000000009435,0.71078,56.990613715435444,0.0005525503772317724,0.00013132072206967216,0.00011691444106145923,0.7019396599091182,UP,DOWN,NORMAL,1,BUY,ACTIVE,,0,,"[{""name"": ""MI Leading Index m/m"", ""impact"": ""LOW"", ""time"": ""2026-03-17 23:30:00"", ""currency"": ""AUD""}]"
178,2026-03-17 22:32:03.661999,7,USDCAD,1.3693140000000001,1.3697294,-0.0303271580503305,1.369338,1.3697424,NONE,4.153999999998437,1.36913,45.825893726677,0.0004834417355170658,-0.0001952635790209989,-0.00019068564552128246,0.3651496597060498,DOWN,UP,NORMAL,0,,,,0,,
179,2026-03-17 22:32:03.661999,7,NZDUSD,0.5858445,0.5854692,0.0641024327154985,0.5858559999999999,0.5854304,NONE,3.7529999999996733,0.58598,56.48304647349428,0.00043171801627696886,5.368260926663648e-05,6.725963342640923e-05,0.5892147580385915,UP,DOWN,NORMAL,0,,,,0,,"[{""name"": ""Current Account"", ""impact"": ""LOW"", ""time"": ""2026-03-17 21:45:00"", ""currency"": ""NZD""}]"
180,2026-03-17 22:32:03.661999,7,USDCHF,0.7846770000000001,0.7855639999999999,-0.11291250617389038,0.784687,0.7856076000000001,NONE,8.869999999998601,0.78477,46.07180482436534,0.00042853493519143953,-0.0002685074052265479,-0.00034883110950572596,0.587606433329287,DOWN,UP,NORMAL,0,,,,0,,
181,2026-03-17 22:47:03.903000,8,EURUSD,1.153254888888889,1.1512278333333335,0.17607770563418654,1.1531975555555556,1.1511888333333333,NONE,20.270555555554903,1.15402,56.36214400895579,0.0006692151082800155,0.00027701798046830817,0.00031008750162458086,0.6130391037757112,UP,DOWN,NORMAL,0,,,,0,,
182,2026-03-17 22:47:03.903000,8,GBPUSD,1.3356745,1.332983,0.20191555331163777,1.33567,1.3329213333333334,NONE,26.91500000000069,1.33597,62.05026471053744,0.0006506265713933385,0.00034160603214528074,0.0003548221869163461,0.7253500150987824,UP,DOWN,NORMAL,0,,,,0,,
183,2026-03-17 22:47:03.903000,8,USDJPY,158.9644,159.13725625,-0.10862085602911434,158.9638,159.13925625,NONE,17.285624999999527,158.968,48.01694739577051,0.06647276956874662,-0.012076289111718097,-0.009211000072446815,0.35000986742085627,UP,UP,NORMAL,0,,,,0,,"[{""name"": ""Trade Balance"", ""impact"": ""LOW"", ""time"": ""2026-03-17 23:50:00"", ""currency"": ""JPY""}]"
184,2026-03-17 22:47:03.903000,8,XAUUSD,5005.22325,5005.3098,-0.0017291636973197615,5005.383,5005.7252,NONE,8.654999999998836,4996.9,44.30416993423146,5.4879333558688375,-1.656895984771836,-1.4324172887720876,0.018719822623986238,DOWN,DOWN,NORMAL,1,SELL,ACTIVE,,0,,
185,2026-03-17 22:47:03.903000,8,AUDUSD,0.7104145,0.7100926,0.04533211583953784,0.7104405,0.7100540000000001,NONE,3.218999999999861,0.71066,55.197021825881734,0.0005267049421233713,0.0001304238561944393,0.0001175741588458821,0.6657193358353304,UP,DOWN,NORMAL,0,,,,0,,"[{""name"": ""MI Leading Index m/m"", ""impact"": ""LOW"", ""time"": ""2026-03-17 23:30:00"", ""currency"": ""AUD""}]"
186,2026-03-17 22:47:03.903000,8,USDCAD,1.369331,1.3697346,-0.0294655621607162,1.3693225000000002,1.3697328000000002,NONE,4.035999999998374,1.36929,48.17421997422184,0.00046100201971481606,-0.00016262295432500906,-0.00018290330671219662,0.4694180767112934,DOWN,UP,NORMAL,0,,,,0,,
187,2026-03-17 22:47:03.903000,8,NZDUSD,0.5858000000000001,0.5854996,0.051306610627930314,0.5858345,0.5854652,NONE,3.004000000000895,0.58576,52.00318394344563,0.00041654428042044736,3.9442629779951055e-05,5.914352614440115e-05,0.471419360286081,UP,DOWN,NORMAL,0,,,,0,,
188,2026-03-17 22:47:03.903000,8,USDCHF,0.7846740000000001,0.7855234,-0.10813172465643787,0.784678,0.7855643999999999,NONE,8.493999999998891,0.78477,46.10614337185822,0.0004027722357389909,-0.00023840820647547112,-0.0003264912582444123,0.5910240929503585,DOWN,UP,NORMAL,0,,,,0,,
189,2026-03-17 23:02:05.087254,9,EURUSD,1.1533293333333332,1.1512613333333332,0.17962906771239537,1.1532544444444446,1.1512276666666668,NONE,20.679999999999588,1.15401,56.10277214482368,0.0006523298748210269,0.0002655391811672292,0.00030092256687783007,0.6448350279654811,UP,DOWN,NORMAL,0,,,,0,,
190,2026-03-17 23:02:05.087254,9,GBPUSD,1.3356515,1.333043,0.19568010934381064,1.3356715000000001,1.3329823333333335,NONE,26.085000000000136,1.3359,58.830208887699555,0.0006340661224154157,0.0003269056712167373,0.0003484730718106183,0.7102387715947027,UP,DOWN,NORMAL,0,,,,0,,
191,2026-03-17 23:02:05.087254,9,USDJPY,158.955,159.1357375,-0.1135744257319901,158.96480000000003,159.13726875,NONE,18.073749999999222,158.971,48.719666031744886,0.06264308194648953,-0.011340826884975286,-0.009611438369420904,0.348006831176637,UP,UP,NORMAL,0,,,,0,,"[{""name"": ""Trade Balance"", ""impact"": ""LOW"", ""time"": ""2026-03-17 23:50:00"", ""currency"": ""JPY""}]"
192,2026-03-17 23:02:05.087254,9,XAUUSD,5005.126,5005.1138,0.00024375070153491378,5005.29825,5005.3697999999995,BULLISH,1.220000000012078,5001.55,47.775415841748355,5.903126549928358,-1.3165498095668227,-1.370953194640557,0.4375116607681867,DOWN,DOWN,NORMAL,1,BUY,ACTIVE,,0,,
193,2026-03-17 23:02:05.087254,9,AUDUSD,0.710392,0.7101422,0.03517605347211837,0.710416,0.7100932,NONE,2.4980000000007774,0.71085,57.483642614023154,0.0005071954054410922,0.00015523919801230246,0.0001254900726620692,0.8562122604230719,UP,DOWN,NORMAL,0,,,,0,,"[{""name"": ""MI Leading Index m/m"", ""impact"": ""LOW"", ""time"": ""2026-03-17 23:30:00"", ""currency"": ""AUD""}]"
194,2026-03-17 23:02:05.087254,9,USDCAD,1.36932,1.3697214,-0.029305229516008526,1.3693305,1.3697344,NONE,4.013999999998852,1.36918,46.506230039262874,0.00043858350810253985,-0.000155212308903252,-0.00017749274247806572,0.3960071378249615,DOWN,UP,NORMAL,0,,,,0,,
195,2026-03-17 23:02:05.087254,9,NZDUSD,0.5857485,0.5855395999999999,0.03567649395533067,0.585798,0.5854988,NONE,2.0890000000006737,0.58577,52.192729662409484,0.00040862785222715663,3.867046500738436e-05,5.453837260647227e-05,0.5201120594598153,UP,DOWN,NORMAL,0,,,,0,,
196,2026-03-17 23:02:05.087254,9,USDCHF,0.784691,0.7854868,-0.10131296923131149,0.784675,0.7855238,NONE,7.958000000000132,0.78481,46.99863039546543,0.00038012523930864965,-0.00020893660899379274,-0.00030272505773902564,0.6135607638976571,DOWN,UP,NORMAL,0,,,,0,,
197,2026-03-17 23:17:04.734610,10,EURUSD,1.1533626666666665,1.1512940833333334,0.17967462556082955,1.153325777777778,1.15126,NONE,20.685833333331516,1.15383,48.65744919939079,0.000643751767046802,0.0002305562823852192,0.00028480714473717026,0.497243490142105,UP,DOWN,NORMAL,0,,,,0,,
198,2026-03-17 23:17:04.734610,10,GBPUSD,1.3356435000000002,1.3331027777777777,0.19058712235659184,1.335645,1.3330415555555557,NONE,25.40722222222458,1.33576,52.542043166572896,0.0006162307741824818,0.0002962379988677988,0.0003363667979627842,0.6002819367927041,UP,DOWN,NORMAL,0,,,,0,,
199,2026-03-17 23:17:04.734610,10,USDJPY,158.96620000000001,159.13346875000002,-0.10511223774226008,158.95520000000002,159.13574375000002,NONE,16.72687500000052,158.969,48.11009901953394,0.0595410250727594,-0.010858322584027746,-0.009848051679578744,0.34363781246788533,UP,UP,NORMAL,0,,,,0,,"[{""name"": ""Trade Balance"", ""impact"": ""LOW"", ""time"": ""2026-03-17 23:50:00"", ""currency"": ""JPY""}]"
200,2026-03-17 23:17:04.734610,10,XAUUSD,5004.550499999999,5004.8444,-0.005872310435876413,5005.0650000000005,5005.065,BEARISH,29.390000000057626,4999.49,46.340936355477005,5.433904389734454,-1.537002967461376,-1.4353061691476952,0.27108565069761076,DOWN,DOWN,NORMAL,1,SELL,ACTIVE,,0,,
201,2026-03-17 23:17:04.734610,10,AUDUSD,0.710369,0.7101740000000001,0.027458059574124817,0.7103735,0.7101348000000001,NONE,1.9499999999994522,0.71045,51.974518144414596,0.0004926508356646943,0.00011634004163330047,0.00011893755933380337,0.5670703220418737,UP,DOWN,NORMAL,1,SELL,ACTIVE,,0,,"[{""name"": ""MI Leading Index m/m"", ""impact"": ""LOW"", ""time"": ""2026-03-17 23:30:00"", ""currency"": ""AUD""}]"
202,2026-03-17 23:17:04.734610,10,USDCAD,1.3693015000000002,1.3697076000000001,-0.029648663700191546,1.369327,1.3697242,NONE,4.060999999999648,1.36933,48.877065699033295,0.0004193479514013277,-0.0001264239822575952,-0.0001654920958470435,0.5228000844850089,DOWN,UP,NORMAL,0,,,,0,,
203,2026-03-17 23:17:04.734610,10,NZDUSD,0.5856985,0.5855696,0.02201275476049087,0.5857344999999999,0.585534,NONE,1.2889999999998736,0.58551,47.19114185957274,0.00040719525053746345,2.1387279472984133e-06,4.048465450085224e-05,0.3123635110396048,UP,DOWN,NORMAL,0,,,,0,,
204,2026-03-17 23:17:04.734610,10,USDCHF,0.784695,0.7854456000000001,-0.0955635883630955,0.7846900000000001,0.7854864,NONE,7.506000000000457,0.78477,46.04306386327014,0.000364504048745795,-0.00018913796331754273,-0.0002802629095100096,0.5715411929314387,DOWN,UP,NORMAL,0,,,,0,,
205,2026-03-17 23:32:03.933607,11,EURUSD,1.1534228888888889,1.1513316666666666,0.1816350824673091,1.1533637777777779,1.1512944999999999,NONE,20.912222222222443,1.1539,51.74155719447743,0.0006317045100604379,0.0002191840912064702,0.0002723207106692138,0.5816712300155925,UP,DOWN,NORMAL,0,,,,0,,
206,2026-03-17 23:32:03.933607,11,GBPUSD,1.3356415,1.3331652222222223,0.18574425258783311,1.3356395,1.333101888888889,NONE,24.762777777775913,1.33581,54.73140562065765,0.00060545788017378,0.00027602099394208324,0.000323276554537593,0.6450701310883104,UP,DOWN,NORMAL,0,,,,0,,
207,2026-03-17 23:32:03.933607,11,USDJPY,158.9528,159.13045625,-0.11164189067673366,158.95819999999998,159.13321875,NONE,17.76562500000125,158.922,37.37358868680241,0.05967584981246004,-0.016631954189648468,-0.011715373492133845,0.12524885443619665,UP,UP,NORMAL,0,,,,0,,"[{""name"": ""Trade Balance"", ""impact"": ""LOW"", ""time"": ""2026-03-17 23:50:00"", ""currency"": ""JPY""}]"
208,2026-03-17 23:32:03.933607,11,XAUUSD,5004.1855,5004.824,-0.012757691379357634,5004.5665,5004.8572,NONE,63.85000000000218,5002.39,48.603799040188925,5.231101721813157,-1.2689513193363382,-1.3938665382167654,0.5253557998478305,DOWN,DOWN,NORMAL,1,BUY,ACTIVE,,0,,
209,2026-03-17 23:32:03.933607,11,AUDUSD,0.7103795,0.7102136,0.023359169692054912,0.7103775000000001,0.7101774000000001,NONE,1.6590000000005212,0.71059,53.79039332087989,0.0004716961841376274,0.00012930095519803064,0.00012318003907646225,0.6708661249927251,UP,DOWN,NORMAL,0,,,,0,,"[{""name"": ""MI Leading Index m/m"", ""impact"": ""LOW"", ""time"": ""2026-03-17 23:30:00"", ""currency"": ""AUD""}]"
210,2026-03-17 23:32:03.933607,11,USDCAD,1.369284,1.3696942,-0.02994829064765976,1.3693009999999999,1.3697074,NONE,4.102000000001382,1.36927,47.80398800813106,0.0004003639140563456,-0.00011658045419737917,-0.00015583740284473314,0.4884828272257008,DOWN,UP,NORMAL,0,,,,0,,
211,2026-03-17 23:32:03.933607,11,NZDUSD,0.58568,0.5855998,0.013695359868629521,0.585705,0.5855722,NONE,0.8019999999997474,0.58564,49.82017599085016,0.00040030375305009745,9.369605182496521e-06,3.592090389645123e-05,0.4556963893424228,UP,DOWN,NORMAL,0,,,,0,,
212,2026-03-17 23:32:03.933607,11,USDCHF,0.7846960000000001,0.7854124,-0.09121322759864123,0.7846949999999999,0.7854456000000001,NONE,7.163999999999504,0.78476,45.79814379255249,0.0003500496779170069,-0.00017101851644296673,-0.00025841403089660103,0.5609975616392852,DOWN,UP,NORMAL,0,,,,0,,
213,2026-03-17 23:47:05.511105,12,EURUSD,1.1534782222222222,1.1513725833333333,0.18288075635715614,1.153424,1.1513320833333334,NONE,21.056388888889277,1.15406,58.8550866522981,0.0006182762877623585,0.00022049450899830347,0.00026259364697317977,0.7428777221617202,UP,DOWN,NORMAL,0,,,,0,,
214,2026-03-17 23:47:05.511105,12,GBPUSD,1.335658,1.3332342222222222,0.18179684689895467,1.3356425,1.3331654444444445,NONE,24.237777777778025,1.33591,58.721911995230016,0.0005869213371269609,0.0002712448973523074,0.00031312549375581643,0.712238446215694,UP,DOWN,NORMAL,0,,,,0,,
215,2026-03-17 23:47:05.511105,12,USDJPY,158.93380000000002,159.12788749999999,-0.12196950707333838,158.9496,159.13035625,NONE,19.408749999996644,158.892,31.81342039338749,0.05886226870340758,-0.021844546027779188,-0.01394542452347938,0.038862427822278334,UP,UP,NORMAL,0,,,,0,,"[{""name"": ""Trade Balance"", ""impact"": ""LOW"", ""time"": ""2026-03-17 23:50:00"", ""currency"": ""JPY""}]"
216,2026-03-17 23:47:05.511105,12,XAUUSD,5003.951999999999,5004.7962,-0.01686781971262797,5004.182500000001,5004.8216,NONE,84.42000000004555,5002.45,48.655863961875696,4.654413720737801,-1.0870825602551122,-1.3340413665560946,0.5324377532270622,DOWN,DOWN,NORMAL,0,,,,0,,
217,2026-03-17 23:47:05.511105,12,AUDUSD,0.710406,0.7102624,0.020217880039830563,0.7103885,0.7102171999999999,NONE,1.4360000000002149,0.71081,56.766646714063064,0.00046183013016861074,0.0001559932193900826,0.00013204011103662224,0.8056045555766078,UP,DOWN,NORMAL,0,,,,0,,"[{""name"": ""MI Leading Index m/m"", ""impact"": ""LOW"", ""time"": ""2026-03-17 23:30:00"", ""currency"": ""AUD""}]"
218,2026-03-17 23:47:05.511105,12,USDCAD,1.369256,1.3696706,-0.030270051792017926,1.3692810000000002,1.369693,NONE,4.146000000000427,1.36916,45.88339425773961,0.0003854399610115182,-0.00011938509455200474,-0.00014931275315202905,0.4177641456091591,DOWN,UP,LOW,0,,,,0,,
219,2026-03-17 23:47:05.511105,12,NZDUSD,0.585675,0.5856322,0.007308341310450223,0.5856875,0.5856028,NONE,0.42799999999898475,0.5858,52.94037418933002,0.0003915575666077444,2.8805206349957757e-05,3.6412294301667674e-05,0.647270857383463,UP,DOWN,NORMAL,0,,,,0,,
220,2026-03-17 23:47:05.511105,12,USDCHF,0.7846975,0.7853802000000001,-0.08692605186634905,0.7846985,0.7854133999999999,NONE,6.827000000000361,0.7848,46.90860071031284,0.00033530123153517903,-0.00014860303599517621,-0.0002358136552781503,0.5975313216678334,DOWN,UP,NORMAL,0,,,,0,,
221,2026-03-18 00:02:05.986459,13,EURUSD,1.15351,1.1513998333333333,0.18326966928228203,1.153474,1.1513710000000001,NONE,21.101666666667462,1.15397,54.90894022771497,0.0006127766244239059,0.0001970017921111289,0.00024705020477572894,0.6605090591081277,UP,DOWN,NORMAL,0,,,,0,,
222,2026-03-18 00:02:05.986459,13,GBPUSD,1.335652,1.333300777777778,0.1763459724474901,1.3356495,1.3332323333333334,NONE,23.512222222221713,1.33606,63.3156869937325,0.0005901291646107057,0.00026465728394664545,0.0003012620512241866,0.845674395570707,UP,DOWN,NORMAL,0,,,,0,,
223,2026-03-18 00:02:05.986459,13,USDJPY,158.9146,159.1249375,-0.13218386967157808,158.9372,159.12799375,NONE,21.033749999998008,158.857,26.388324845617973,0.060014963796018915,-0.02642453875961337,-0.016224267313726184,-0.05862573981122808,DOWN,UP,NORMAL,1,BUY,ACTIVE,,0,,"[{""name"": ""Trade Balance"", ""impact"": ""LOW"", ""time"": ""2026-03-17 23:50:00"", ""currency"": ""JPY""}]"
224,2026-03-18 00:02:05.986459,13,XAUUSD,5003.587,5004.854200000001,-0.025319418895364224,5003.9635,5004.8054,NONE,126.72000000002299,5001.67,48.059581672129234,4.3758240055302915,-0.9585950813798263,-1.2530808844496721,0.4699707561785785,DOWN,DOWN,NORMAL,0,,,,0,,
225,2026-03-18 00:02:05.986459,13,AUDUSD,0.710427,0.7103050000000001,0.017175720289165284,0.7104060000000001,0.7102624,NONE,1.2199999999995548,0.71081,56.766646714063064,0.000457617773932071,0.00016387835279907392,0.00013840775938911258,0.7795243438310769,UP,DOWN,NORMAL,0,,,,0,,"[{""name"": ""MI Leading Index m/m"", ""impact"": ""LOW"", ""time"": ""2026-03-17 23:30:00"", ""currency"": ""AUD""}]"
226,2026-03-18 00:02:05.986459,13,USDCAD,1.3692275,1.3696549999999998,-0.031212239578565632,1.369247,1.369667,NONE,4.27499999999803,1.3691200000000001,45.84966999688659,0.0003996432291025122,-0.00013074913573229985,-0.00014789746556550138,0.4080462683374418,DOWN,UP,NORMAL,0,,,,0,,
227,2026-03-18 00:02:05.986459,13,NZDUSD,0.5856605,0.585656,0.0007683691450397314,0.5856705000000001,0.5856304,NONE,0.04500000000073889,0.58582,53.27595727442433,0.000397466720013313,3.0381645607424623e-05,3.405744661407446e-05,0.7022023192669151,UP,DOWN,NORMAL,0,,,,0,,
228,2026-03-18 00:02:05.986459,13,USDCHF,0.784703,0.785347,-0.08200196855657153,0.7847004999999999,0.7853814,NONE,6.439999999999779,0.78475,45.65563550192082,0.0003329327762214364,-0.00013276572207110426,-0.00021443825667091728,0.544417171333919,DOWN,UP,NORMAL,0,,,,0,,
229,2026-03-18 00:17:05.926550,14,EURUSD,1.1535355555555555,1.1514210833333332,0.18364022101289348,1.1535164444444446,1.15140225,NONE,21.144722222223855,1.15424,64.14944978123222,0.000607205520490406,0.00022762536648390785,0.0002468666616187725,0.8666062613341858,UP,DOWN,NORMAL,0,,,,0,,
230,2026-03-18 00:17:05.926550,14,GBPUSD,1.335674,1.333362777777778,0.17333783878938658,1.3356540000000001,1.333301222222222,NONE,23.112222222221313,1.33619,67.06653578882782,0.0005786944424863928,0.0002799389114442885,0.0002975079645787325,0.9027442951129012,UP,DOWN,NORMAL,0,,,,0,,
231,2026-03-18 00:17:05.926550,14,USDJPY,158.8766,159.12186875,-0.15413893258465652,158.9056,159.12465625,NONE,24.526875000000814,158.827,26.768802647341914,0.060401650055488094,-0.03593893999030229,-0.02074156082340021,-0.015996760131996326,DOWN,UP,NORMAL,1,BUY,ACTIVE,,0,,"[{""name"": ""Trade Balance"", ""impact"": ""LOW"", ""time"": ""2026-03-17 23:50:00"", ""currency"": ""JPY""}]"
232,2026-03-18 00:17:05.926550,14,XAUUSD,5003.726,5005.2158,-0.02976495039435236,5003.793250000001,5005.0192,NONE,148.98000000002867,5010.08,54.29069262499453,5.276624657801595,0.30325020715372375,-0.8365155208299249,1.0631082777141108,DOWN,DOWN,NORMAL,1,SELL,ACTIVE,,0,,
233,2026-03-18 00:17:05.926550,14,AUDUSD,0.710483,0.7103744000000001,0.015287713070727661,0.7104425,0.7103111999999999,NONE,1.0859999999990322,0.7111,60.36602956553014,0.00046671650436549923,0.00021041553427447734,0.00015676600952287383,0.892501061993258,UP,DOWN,NORMAL,0,,,,0,,"[{""name"": ""MI Leading Index m/m"", ""impact"": ""LOW"", ""time"": ""2026-03-17 23:30:00"", ""currency"": ""AUD""}]"
234,2026-03-18 00:17:05.926550,14,USDCAD,1.3691740000000001,1.3696176,-0.032388602482903074,1.3692170000000001,1.3696508,NONE,4.435999999998774,1.36896,42.96968079246885,0.00039487279437070517,-0.00015261017816192712,-0.0001515203499651077,0.30116014277151637,DOWN,UP,NORMAL,1,SELL,ACTIVE,,0,,
235,2026-03-18 00:17:05.926550,14,NZDUSD,0.5856885000000001,0.5857066000000001,-0.003090284453004435,0.5856765,0.5856624,BEARISH,0.18100000000020877,0.58613,58.532726843016846,0.0003981068522572627,8.133374801655435e-05,4.7597037378898986e-05,0.9596743240100166,DOWN,DOWN,NORMAL,1,SELL,ACTIVE,,0,,
236,2026-03-18 00:17:05.926550,14,USDCHF,0.7846909999999999,0.7852879999999999,-0.07602306414970797,0.7846975,0.7853448000000001,NONE,5.969999999999587,0.78465,43.34959048085134,0.0003253763534301108,-0.0001373466930020273,-0.00020042393254111112,0.46119117809005444,DOWN,UP,NORMAL,0,,,,0,,
237,2026-03-18 00:32:02.747757,15,EURUSD,1.1535324444444444,1.1514294999999999,0.18263770768809354,1.1535251111111111,1.1514171666666668,NONE,21.029444444444767,1.15379,45.68349566487909,0.0006178410376157366,0.00016605439304884229,0.00022470534750592503,0.4394922068850518,UP,DOWN,NORMAL,0,,,,0,,
238,2026-03-18 00:32:02.747757,15,GBPUSD,1.335643,1.3334132222222224,0.16722331386976041,1.335643,1.3333558888888888,NONE,22.29777777777553,1.33567,47.50511211348278,0.0005912736186945204,0.00020655399462166102,0.0002714037802739416,0.5227364384942407,UP,DOWN,NORMAL,0,,,,0,,
239,2026-03-18 00:32:02.747757,15,USDJPY,158.9074,159.12018750000001,-0.13372753221524375,158.89759999999998,159.122525,NONE,21.278750000001878,158.978,56.902660860884886,0.06741377709234084,-0.021658628199361374,-0.019584803358421905,0.5762725500133866,DOWN,UP,NORMAL,0,,,,0,,"[{""name"": ""Trade Balance"", ""impact"": ""LOW"", ""time"": ""2026-03-17 23:50:00"", ""currency"": ""JPY""}]"
240,2026-03-18 00:32:02.747757,15,XAUUSD,5002.9349999999995,5005.0262,-0.041781999063276704,5003.54375,5005.07,NONE,209.12000000007538,5002.66,48.80132866186911,5.667515012809571,-0.2681041391188046,-0.8158793983339268,0.5366398630043112,DOWN,DOWN,NORMAL,0,,,,0,,
241,2026-03-18 00:32:02.747757,15,AUDUSD,0.7104775,0.7103932000000001,0.011866667642641581,0.7104630000000001,0.7103664000000001,NONE,0.842999999999261,0.71057,51.51307347387481,0.0004742979785434694,0.00015818818248214406,0.00015194503100934826,0.5629189638479928,UP,DOWN,NORMAL,0,,,,0,,
242,2026-03-18 00:32:02.747757,15,USDCAD,1.3691795,1.3696222,-0.0323227821511668,1.3691925,1.369625,NONE,4.427000000000181,1.36943,52.000453585806355,0.00040335126824220035,-9.459240582532225e-05,-0.00013541225401462074,0.7542537311264743,DOWN,UP,NORMAL,0,,,,0,,
243,2026-03-18 00:32:02.747757,15,NZDUSD,0.5856755,0.585719,-0.00742676949185089,0.585673,0.5857004,NONE,0.43499999999974115,0.58576,51.00890979526992,0.00039543595464705344,5.171807203030454e-05,4.446454915249182e-05,0.5960491036619641,DOWN,DOWN,NORMAL,0,,,,0,,
244,2026-03-18 00:32:02.747757,15,USDCHF,0.784701,0.7852526000000001,-0.07024491227410089,0.7847000000000001,0.7852915999999999,NONE,5.516000000000965,0.78486,49.36657026911979,0.0003238698792055028,-0.00010465721371333281,-0.00017897315287811953,0.6492687462638866,DOWN,UP,NORMAL,0,,,,0,,
245,2026-03-18 00:47:05.275801,16,EURUSD,1.153528,1.1514415833333334,0.1812003923487585,1.1535251111111111,1.15142675,NONE,20.864166666667572,1.15362,42.90276660924315,0.0006183900821906862,0.0001114113416231799,0.00019783458051740723,0.28574544974719507,UP,DOWN,NORMAL,0,,,,0,,
246,2026-03-18 00:47:05.275801,16,GBPUSD,1.3356325000000002,1.3334613333333334,0.16282186910057894,1.3356249999999998,1.3334092222222222,NONE,21.71166666666835,1.3355000000000001,44.367096054533945,0.0005976528794823008,0.0001497206823537489,0.00024247228889503125,0.38981425589323004,UP,DOWN,NORMAL,0,,,,0,,
247,2026-03-18 00:47:05.275801,16,USDJPY,158.94279999999998,159.11853125,-0.11044046763095833,158.91860000000003,159.1205375,NONE,17.573125000001255,159.027,61.84027753587513,0.07155769097349886,-0.00942807966799819,-0.01683870078557954,0.7845851950611753,DOWN,UP,NORMAL,0,,,,0,,"[{""name"": ""Trade Balance"", ""impact"": ""LOW"", ""time"": ""2026-03-17 23:50:00"", ""currency"": ""JPY""}]"
248,2026-03-18 00:47:05.275801,16,XAUUSD,5002.6245,5004.9708,-0.046879394381285015,5002.973,5005.0566,NONE,234.63000000001557,5002.68,48.81026383500585,5.674808786489775,-0.16185695007516188,-0.6656743388816827,0.5362826299976612,DOWN,DOWN,NORMAL,0,,,,0,,
249,2026-03-18 00:47:05.275801,16,AUDUSD,0.7105025,0.7104324,0.009867230154490826,0.7104820000000001,0.710395,NONE,0.7010000000007288,0.71083,55.360535179255756,0.00047705220456587677,0.00016675027743273674,0.00015605479824273505,0.7172022539638843,UP,DOWN,NORMAL,0,,,,0,,
250,2026-03-18 00:47:05.275801,16,USDCAD,1.3691710000000001,1.369597,-0.031104040093532286,1.369189,1.369626,NONE,4.259999999998154,1.36939,50.83950234753815,0.0004099996470412122,-6.267242780100268e-05,-0.00011843921754682095,0.7384852191854926,DOWN,UP,NORMAL,0,,,,0,,
251,2026-03-18 00:47:05.275801,16,NZDUSD,0.5856705,0.5857396,-0.011797051112822853,0.585667,0.5857156,NONE,0.6910000000004413,0.58573,50.58433939533788,0.0004028027742130779,3.4436838130535996e-05,4.0289206378322756e-05,0.5675440788607485,DOWN,DOWN,NORMAL,0,,,,0,,
252,2026-03-18 00:47:05.275801,16,USDCHF,0.78472,0.7852148,-0.06301460441143207,0.7847189999999999,0.7852598,NONE,4.9480000000001745,0.78513,55.17851879812705,0.00034680774497653936,-4.5392023362733624e-05,-0.0001476620551801883,0.8531059208531853,DOWN,UP,NORMAL,0,,,,0,,
253,2026-03-18 01:02:05.320454,17,EURUSD,1.153532,1.1514506666666666,0.1807574908405437,1.153519777777778,1.1514385,NONE,20.813333333333794,1.15358,44.81200307758309,0.0006194807425206068,6.197568718446789e-05,0.0001659402947282895,0.29902060801106384,UP,DOWN,NORMAL,0,,,,0,,
254,2026-03-18 01:02:05.320454,17,GBPUSD,1.335628,1.3335105555555555,0.1587872278643009,1.3356145,1.3334573333333333,NONE,21.17444444444505,1.33565,51.167327195800326,0.0006057691822734037,0.00011578002193113335,0.0002125389637073443,0.5174926134218423,UP,DOWN,NORMAL,0,,,,0,,
255,2026-03-18 01:02:05.320454,17,USDJPY,158.9786,159.11688750000002,-0.08690937974765144,158.95059999999998,159.118775,NONE,13.828750000001833,159.049,62.9560868202986,0.07586989672029038,0.0009187415496967333,-0.01278943454074666,0.8433311305489133,DOWN,UP,NORMAL,0,,,,0,,
256,2026-03-18 01:02:05.320454,17,XAUUSD,5002.1807499999995,5004.7919999999995,-0.05217499548432638,5002.66425,5005.0026,NONE,261.1249999999927,4998.8,46.05217113002494,6.247183041481078,-0.38335647458916355,-0.5889167489291952,0.2102625682620471,DOWN,DOWN,NORMAL,0,,,,0,,
257,2026-03-18 01:02:05.320454,17,AUDUSD,0.7105360000000001,0.7104652,0.00996530160802211,0.7104925,0.7104284,NONE,0.708000000000375,0.71131,61.44319505767,0.0005037933736274958,0.00019190574553451523,0.0001606722811483924,0.9689813093055472,UP,DOWN,NORMAL,1,BUY,ACTIVE,,0,,
258,2026-03-18 01:02:05.320454,17,USDCAD,1.3691485,1.3695628,-0.030250529585052074,1.3691650000000002,1.3695946,NONE,4.1429999999986755,1.36899,44.58978379684531,0.00042336701919133376,-8.812426693038944e-05,-0.00011390785135514676,0.3240516144132434,DOWN,UP,NORMAL,0,,,,0,,
259,2026-03-18 01:02:05.320454,17,NZDUSD,0.585709,0.5857716,-0.010686759139554178,0.585674,0.585741,NONE,0.6259999999991273,0.58634,59.88340651533001,0.00041790869850397735,8.410217832344191e-05,4.994524806081066e-05,1.091284914094394,DOWN,DOWN,NORMAL,1,SELL,ACTIVE,,0,,
260,2026-03-18 01:02:05.320454,17,USDCHF,0.784729,0.7851738,-0.0566498780270079,0.7847230000000001,0.7852159999999999,NONE,4.4480000000002295,0.78506,53.197086664334634,0.000348107191763928,-2.2830332309986545e-05,-0.0001219298986403419,0.7750799061641955,DOWN,UP,NORMAL,0,,,,0,,
261,2026-03-18 01:17:04.994351,18,EURUSD,1.1535397777777778,1.1514635,0.18031642147387716,1.153529777777778,1.1514498333333334,NONE,20.762777777778574,1.1534200000000001,39.69860236485944,0.0006178921445734455,2.6740012072368202e-05,0.00013682388492073811,0.18825591749618467,UP,DOWN,NORMAL,0,,,,0,,
262,2026-03-18 01:17:04.994351,18,GBPUSD,1.3356295,1.333561888888889,0.1550442561637543,1.335618,1.3335083333333333,NONE,20.676111111110895,1.33539,43.580058252271684,0.0006105284729134514,7.730990076271205e-05,0.0001829404445657192,0.30254685000477116,UP,DOWN,NORMAL,0,,,,0,,
263,2026-03-18 01:17:04.994351,18,USDJPY,159.0214,159.11488125,-0.058750790162184416,158.974,159.11674375,NONE,9.34812499999964,159.049,61.75580368279421,0.07821592450557413,0.005160695794415915,-0.00949296972727531,0.8529071427535186,DOWN,UP,NORMAL,0,,,,0,,
264,2026-03-18 01:17:04.994351,18,XAUUSD,5002.6095000000005,5005.2376,-0.05250699786958972,5002.49675,5005.0448,NONE,262.8099999999904,5012.93,55.931400250611404,7.11513648453488,1.2537808123370269,-0.05904618254494509,1.0800451011530647,DOWN,DOWN,NORMAL,1,SELL,ACTIVE,,0,,
265,2026-03-18 01:17:04.994351,18,AUDUSD,0.710574,0.7104926,0.011456839944569336,0.7105300000000001,0.7104628,NONE,0.8140000000000924,0.71122,60.47457575491415,0.0005067877244908349,0.00020735704781127406,0.00016847761054935664,0.8782513146818008,UP,DOWN,NORMAL,0,,,,0,,
266,2026-03-18 01:17:04.994351,18,USDCAD,1.3691280000000001,1.3695378,-0.02992250378192589,1.3691485,1.3695628,NONE,4.097999999999047,1.36901,44.96207551340937,0.0004245040688409261,-9.796552066365649e-05,-0.00011071938521684872,0.3645110386270566,DOWN,UP,NORMAL,0,,,,0,,
267,2026-03-18 01:17:04.994351,18,NZDUSD,0.5857289999999999,0.5857902,-0.010447426399433536,0.5857015000000001,0.5857686,NONE,0.6120000000009451,0.58612,56.529745323316696,0.00042106828126390006,9.089195684586215e-05,5.622005990328807e-05,0.8698525797770179,DOWN,DOWN,NORMAL,0,,,,0,,
268,2026-03-18 01:17:04.994351,18,USDCHF,0.7847495,0.7851516,-0.05121303962189733,0.784738,0.7851774,NONE,4.020999999999608,0.78528,58.74490474705903,0.0003465076984746684,1.9992542629521104e-05,-9.124797448893338e-05,0.902478405770103,DOWN,UP,NORMAL,0,,,,0,,
269,2026-03-18 01:32:02.819266,19,EURUSD,1.1535608888888889,1.1514820000000001,0.1805402853790803,1.1535399999999998,1.1514635833333335,NONE,20.788888888887413,1.15338,38.418785536676516,0.0006038985475733641,2.503954596111413e-06,0.00011008753418343528,0.1885413345061323,UP,DOWN,NORMAL,0,,,,0,,
270,2026-03-18 01:32:02.819266,19,GBPUSD,1.3356160000000001,1.3336102222222224,0.15040209983060146,1.3356284999999999,1.3335616666666668,NONE,20.05777777777773,1.33527,39.95861986770958,0.0005918865274912636,4.798390871352254e-05,0.00015569386673999937,0.224327683048758,UP,DOWN,NORMAL,0,,,,0,,
271,2026-03-18 01:32:02.819266,19,USDJPY,159.04739999999998,159.11334375,-0.0414445127265015,159.0238,159.11495625,NONE,6.594375000003083,159.05,60.79999686085651,0.07608315438782784,0.010681698193536704,-0.005304873749950558,0.82658817297751,DOWN,UP,NORMAL,0,,,,0,,
272,2026-03-18 01:32:02.819266,19,XAUUSD,5002.323,5005.1086,-0.055655136034395924,5002.48725,5005.1398,NONE,278.5599999999249,5006.88,51.483797887774074,6.920729231642156,0.9483583592727882,0.08002105060484507,0.730672743243382,DOWN,DOWN,NORMAL,0,,,,0,,
273,2026-03-18 01:32:02.819266,19,AUDUSD,0.7106505000000001,0.7105182000000001,0.01862021268420346,0.7105975,0.7105020000000001,NONE,1.322999999999741,0.71157,63.27670362796266,0.0005217110502925118,0.0002814673850416449,0.00019707442584667576,0.9409915911109312,UP,DOWN,NORMAL,0,,,,0,,
274,2026-03-18 01:32:02.819266,19,USDCAD,1.3691385,1.369521,-0.027929473151558266,1.369129,1.3695382,NONE,3.8249999999995232,1.36911,46.85722509884909,0.00040826398229106334,-9.53504722922549e-05,-0.00010739033197664943,0.4663386265990914,DOWN,UP,NORMAL,0,,,,0,,
275,2026-03-18 01:32:02.819266,19,NZDUSD,0.5857574999999999,0.5858014,-0.007494007354727496,0.585735,0.5857926,NONE,0.4390000000009664,0.58615,56.74743988264993,0.0004098695264797435,0.00011433471351540714,6.937461455732399e-05,0.8386085022022434,DOWN,DOWN,NORMAL,0,,,,0,,
276,2026-03-18 01:32:02.819266,19,USDCHF,0.784775,0.7851352,-0.04587744887759875,0.7847505,0.7851520000000001,NONE,3.602000000000327,0.78528,58.51662086139143,0.00032874694450198735,4.3297292377730834e-05,-6.408365046030224e-05,0.8588687943828185,DOWN,UP,NORMAL,0,,,,0,,
277,2026-03-18 01:47:05.041504,20,EURUSD,1.1535686666666667,1.1515068333333334,0.17905524080693558,1.1535648888888888,1.1514835,NONE,20.618333333333183,1.15357,46.15078817230607,0.0005955322729151411,9.10502926143586e-06,9.218846909645355e-05,0.3452540294289527,UP,DOWN,NORMAL,0,,,,0,,
278,2026-03-18 01:47:05.041504,20,GBPUSD,1.3356439999999998,1.3336601111111113,0.14875520924410998,1.3356284999999999,1.333613,NONE,19.83888888888563,1.33548,47.35219409488068,0.0005811617722139144,5.786060784451763e-05,0.00013931809815178524,0.3571003464675846,UP,DOWN,NORMAL,0,,,,0,,
279,2026-03-18 01:47:05.041504,20,USDJPY,159.0294,159.11099375,-0.05128102595361745,159.0358,159.11298125000002,NONE,8.159374999999613,159.002,52.47897163885584,0.07703639846216657,0.0067342436462070054,-0.0036373351710037236,0.6394841932106725,DOWN,UP,NORMAL,0,,,,0,,
280,2026-03-18 01:47:05.041504,20,XAUUSD,5001.9105,5004.531,-0.05236254905804345,5002.19275,5005.0044,NONE,262.0499999999993,4996.4,44.579580630354776,7.465727096509596,-0.1530151475853927,-0.033084194731142734,0.06849308634006096,DOWN,DOWN,NORMAL,1,SELL,ACTIVE,,0,,
281,2026-03-18 01:47:05.041504,20,AUDUSD,0.7107105,0.7105155999999999,0.02743078406724763,0.7106445000000001,0.7105158,NONE,1.9490000000010888,0.71131,58.811413167207085,0.0005053133222103915,0.0002788170826300007,0.00021189133327172868,0.7956367435161024,UP,DOWN,NORMAL,0,,,,0,,
282,2026-03-18 01:47:05.041504,20,USDCAD,1.3691745000000002,1.3695164,-0.02496501684826732,1.3691435,1.369523,NONE,3.4189999999978404,1.3693,50.27763965294047,0.0003949185958008666,-7.21492839321769e-05,-9.906576909142336e-05,0.6702213748548094,DOWN,UP,NORMAL,0,,,,0,,
283,2026-03-18 01:47:05.041504,20,NZDUSD,0.585777,0.5858008,-0.004062814526715951,0.5857539999999999,0.5858,NONE,0.2380000000001825,0.58604,54.52883804592434,0.0003903380296903762,0.00011081238942522997,7.676872223745888e-05,0.7275573391741886,DOWN,DOWN,NORMAL,0,,,,0,,
284,2026-03-18 01:47:05.041504,20,USDCHF,0.784844,0.785123,-0.03553583323887203,0.784778,0.7851364,NONE,2.7900000000002922,0.7854,61.45524755171065,0.000318887468874293,7.308066727673701e-05,-3.588497494707058e-05,0.9059066912038849,DOWN,UP,NORMAL,0,,,,0,,
285,2026-03-18 02:02:04.681467,21,EURUSD,1.1535675555555556,1.1515272500000002,0.17718256824190165,1.1535642222222222,1.1515051666666667,NONE,20.40305555555344,1.15347,44.10252093858949,0.0005930260182702119,-1.7372148107375196e-05,6.772363910298913e-05,0.2754384195586468,UP,DOWN,NORMAL,0,,,,0,,
286,2026-03-18 02:02:04.681467,21,GBPUSD,1.3356394999999999,1.333710777777778,0.14461322907171703,1.3356355,1.3336582222222222,NONE,19.28722222221957,1.33551,49.85123937158026,0.000582988535895337,4.123730194738329e-05,0.00011753213834107368,0.3891430999862449,UP,DOWN,NORMAL,0,,,,0,,
287,2026-03-18 02:02:04.681467,21,USDJPY,159.0168,159.1092375,-0.05809687825322953,159.03119999999998,159.11105,NONE,9.243750000001683,158.994,50.70161824891118,0.07603379857201199,0.0071058727055230975,-0.0013738218008265992,0.599812191623767,DOWN,UP,NORMAL,0,,,,0,,
288,2026-03-18 02:02:04.681467,21,XAUUSD,5001.778,5004.2372000000005,-0.04914235480285061,5001.967,5004.5761999999995,NONE,245.92000000002372,5000.68,47.445910705561985,7.567766082722495,-0.20792967329725798,-0.03920770639873584,0.34309384340808274,DOWN,DOWN,NORMAL,1,SELL,ACTIVE,,0,,
289,2026-03-18 02:02:04.681467,21,AUDUSD,0.7107915,0.7105106000000001,0.03953494852855359,0.710707,0.7105142,NONE,2.8089999999991733,0.71126,57.927659619109264,0.0005010052277667901,0.0002727632387139467,0.00022317226706672596,0.7663505375906382,UP,DOWN,NORMAL,0,,,,0,,
290,2026-03-18 02:02:04.681467,21,USDCAD,1.369189,1.3695252,-0.0245486537962214,1.369173,1.3695158,NONE,3.362000000000087,1.36927,49.746992422538234,0.0003996693083456943,-6.364032458039404e-05,-9.236358617212052e-05,0.6145870070885995,DOWN,UP,NORMAL,0,,,,0,,
291,2026-03-18 02:02:04.681467,21,NZDUSD,0.585802,0.5858032,-0.000204846952000857,0.5857794999999999,0.5858018,NONE,0.011999999999234845,0.58616,56.749094767627604,0.0003856200071614723,0.00012381704906638813,8.681656424142828e-05,0.795349993778204,DOWN,DOWN,NORMAL,0,,,,0,,
292,2026-03-18 02:02:04.681467,21,USDCHF,0.784914,0.7851107999999999,-0.025066525641971295,0.784852,0.7851262,NONE,1.9679999999988596,0.78548,61.89431489632489,0.00032315060885265684,0.00010806865442980484,-5.052083829540106e-06,0.9003674395223569,DOWN,UP,NORMAL,0,,,,0,,
293,2026-03-18 02:17:05.297893,22,EURUSD,1.1535735555555555,1.1515484166666667,0.17586224422511496,1.1535646666666666,1.1515261666666665,NONE,20.251388888887778,1.15331,37.23167370842178,0.0005809153951687301,-4.618878960838124e-05,4.3281894101480456e-05,0.1882282506741286,UP,DOWN,NORMAL,0,,,,0,,
294,2026-03-18 02:17:05.297893,22,GBPUSD,1.335597,1.3337598888888889,0.13773926824576377,1.335617,1.3337057777777779,NONE,18.37111111111067,1.33508,35.87624991322322,0.0005745242291973771,-2.3649361096333976e-05,8.355224870997571e-05,0.11938650608696998,UP,DOWN,NORMAL,0,,,,0,,
295,2026-03-18 02:17:05.297893,22,USDJPY,159.0206,159.10789375,-0.05486449976966426,159.0208,159.10936250000003,NONE,8.72937499999864,159.025,56.2783107685366,0.07344464969441909,0.01045830368963152,0.0012478739525356034,0.7053078862905792,DOWN,UP,NORMAL,0,,,,0,,
296,2026-03-18 02:17:05.297893,22,XAUUSD,5001.89675,5003.994,-0.0419115210769598,5001.75325,5004.2173999999995,NONE,209.72499999998035,5000.5,47.344639634956536,6.977881132129481,-0.4651666383624615,-0.13703539022731095,0.3484913328823466,DOWN,DOWN,NORMAL,0,,,,0,,
297,2026-03-18 02:17:05.297893,22,AUDUSD,0.710784,0.7104902,0.04135173152282899,0.7107625000000001,0.710499,NONE,2.938000000000107,0.71066,49.197256894175325,0.0005142497523140609,0.00018570106493964733,0.00020827517763844145,0.42408036118940073,UP,DOWN,NORMAL,1,SELL,ACTIVE,,0,,
298,2026-03-18 02:17:05.297893,22,USDCAD,1.369229,1.3695402,-0.022722954755184765,1.3691985,1.369529,NONE,3.11200000000067,1.36955,54.72382264684193,0.00039760109244344307,-2.0335170262120172e-05,-7.553283176504427e-05,0.9191180272969791,DOWN,UP,NORMAL,0,,,,0,,
299,2026-03-18 02:17:05.297893,22,NZDUSD,0.5858035,0.5857912,0.0020997242703673495,0.58578,0.5857944,BULLISH,0.12300000000076139,0.58575,48.86033378818695,0.00038960633318054893,6.966355708948324e-05,7.777000839508088e-05,0.4498871986629993,UP,DOWN,NORMAL,1,SELL,ACTIVE,,0,,
300,2026-03-18 02:17:05.297893,22,USDCHF,0.7849815,0.7850926,-0.014151196941613079,0.7849175,0.7851121999999999,NONE,1.1110000000003062,0.78556,64.54978930121106,0.0003078235245468586,0.00013494251965129322,2.384028416009064e-05,0.9084893581432246,DOWN,UP,NORMAL,0,,,,0,,
301,2026-03-18 02:32:03.578592,23,EURUSD,1.1535986666666667,1.1515756666666666,0.17567234690325242,1.1535786666666668,1.1515503333333332,NONE,20.23000000000108,1.15357,49.82550176907528,0.0005762908657494278,-2.520809351258535e-05,3.2519509114269004e-05,0.37143464015327976,UP,DOWN,NORMAL,0,,,,0,,
302,2026-03-18 02:32:03.578592,23,GBPUSD,1.335615,1.3338225555555556,0.13438402559460366,1.3356135,1.3337635555555556,NONE,17.924444444443743,1.33542,49.158767021680156,0.0005669391751993128,1.3551319899551828e-06,7.132479117794042e-05,0.3474640477647207,UP,DOWN,NORMAL,0,,,,0,,
303,2026-03-18 02:32:03.578592,23,USDJPY,158.9844,159.1055875,-0.07616797241644269,159.009,159.10753125000002,NONE,12.11875000000191,158.938,40.67068273077945,0.07354554206318334,0.0012032647074988745,0.0004986672032481273,0.37132875012830957,DOWN,UP,NORMAL,0,,,,0,,
304,2026-03-18 02:32:03.578592,23,XAUUSD,5002.3855,5003.741,-0.027089731462912752,5001.942000000001,5004.0302,NONE,135.54999999996653,5002.27,48.66273288984418,7.129816480600779,-0.3468548072314661,-0.15589727932616373,0.4636557421938528,DOWN,DOWN,NORMAL,0,,,,0,,
305,2026-03-18 02:32:03.578592,23,AUDUSD,0.710848,0.7105029999999999,0.04855714894942749,0.7108015,0.7104972,NONE,3.4500000000015074,0.71099,53.36536783139577,0.000517262525107956,0.00019950484397779356,0.0002109883473735612,0.5952378911783598,UP,DOWN,NORMAL,0,,,,0,,
306,2026-03-18 02:32:03.578592,23,USDCAD,1.3692055,1.3695482,-0.02502285060139023,1.3692065,1.3695312,NONE,3.427000000000291,1.36916,47.830951946544545,0.00040802754502401067,-5.687658957231889e-05,-7.754517307011564e-05,0.4360688973019843,DOWN,UP,NORMAL,0,,,,0,,
307,2026-03-18 02:32:03.578592,23,NZDUSD,0.585861,0.585808,0.009047332914533386,0.5858225,0.5857988000000001,NONE,0.5299999999996974,0.5861,54.66528862713532,0.000397695676728879,0.0001052660810365591,8.811936537352889e-05,0.7325042608676027,UP,DOWN,NORMAL,0,,,,0,,
308,2026-03-18 02:32:03.578592,23,USDCHF,0.7850225000000001,0.785069,-0.00592304625452659,0.7849725000000001,0.7850890000000001,NONE,0.4649999999994936,0.7854,58.8084724662398,0.0002993565380996405,0.00012623496486607877,4.202178440385235e-05,0.7902183590786165,DOWN,UP,NORMAL,0,,,,0,,
309,2026-03-18 02:47:04.843619,24,EURUSD,1.1536206666666666,1.1516007499999998,0.1754007772803889,1.1535973333333334,1.1515751666666667,NONE,20.199166666667878,1.15349,46.052590270407414,0.0005671886409522521,-3.2935028732694605e-05,1.8662789579070232e-05,0.3179943755139685,UP,DOWN,NORMAL,0,,,,0,,
310,2026-03-18 02:47:04.843619,24,GBPUSD,1.3356245,1.3338837777777777,0.13050029179621112,1.3356235,1.3338244444444445,NONE,17.40722222222324,1.3355299999999999,52.304147758440976,0.0005542051101671472,1.9550569444248822e-05,6.313974740099776e-05,0.4252458322155619,UP,DOWN,NORMAL,0,,,,0,,
311,2026-03-18 02:47:04.843619,24,USDJPY,158.96820000000002,159.1036375,-0.08512533222250582,158.9808,159.10547499999998,NONE,13.543749999996635,158.929,40.312630063407774,0.07237392171173355,-0.004263152134910797,-0.0006834402541271784,0.35688313313096987,DOWN,UP,NORMAL,0,,,,0,,
312,2026-03-18 02:47:04.843619,24,XAUUSD,5002.5015,5003.535400000001,-0.02066338933067922,5002.3592499999995,5003.72,NONE,103.3900000000358,5003.54,49.70573688448785,6.602495758882294,-0.3266910614065637,-0.20345774514390363,0.5604303530897157,DOWN,DOWN,NORMAL,0,,,,0,,
313,2026-03-18 02:47:04.843619,24,AUDUSD,0.710873,0.7105079999999999,0.05137169461850673,0.7108365,0.7104983999999999,NONE,3.650000000000597,0.7107,49.447182621048796,0.0005088356100492227,0.000148871691411534,0.0001956294036455363,0.3619918401630495,UP,DOWN,NORMAL,0,,,,0,,
314,2026-03-18 02:47:04.843619,24,USDCAD,1.3692425,1.3695644000000002,-0.023503823551511642,1.3692185000000001,1.3695534,NONE,3.2190000000031915,1.36942,52.250921670196725,0.0004038827203794221,-1.9978721593316706e-05,-6.27133642562156e-05,0.7510599085120987,DOWN,UP,NORMAL,0,,,,0,,
315,2026-03-18 02:47:04.843619,24,NZDUSD,0.585885,0.5858158,0.01181258682336521,0.5858535,0.585805,NONE,0.6919999999999149,0.58591,51.20376057129902,0.0003903092508400838,8.381511916288886e-05,8.534398621686799e-05,0.5293958157389007,UP,DOWN,NORMAL,1,SELL,ACTIVE,,0,,
316,2026-03-18 02:47:04.843619,24,USDCHF,0.7850634999999999,0.7850422,0.0027132299384530984,0.785022,0.7850687999999999,BULLISH,0.2129999999989085,0.78541,59.08477398040584,0.0002954739282353682,0.00012940595685229095,5.937098356591758e-05,0.7723277868321721,UP,UP,NORMAL,1,BUY,ACTIVE,,0,,
317,2026-03-18 03:02:03.838631,25,EURUSD,1.1536326666666665,1.1516206666666666,0.17471030680819402,1.1536153333333332,1.15159875,NONE,20.119999999999028,1.15326,37.347257975199156,0.0005615492507141567,-6.799287438163937e-05,-1.7315910763314185e-06,0.1891270521827162,UP,DOWN,NORMAL,0,,,,0,,
318,2026-03-18 03:02:03.838631,25,GBPUSD,1.335572,1.3339293333333333,0.12314495420547124,1.3356109999999999,1.333880777777778,NONE,16.42666666666681,1.33528,44.70039388092964,0.0005553200595696156,-1.361388863019286e-05,4.4342866348596876e-05,0.26888109298088375,UP,DOWN,NORMAL,0,,,,0,,
319,2026-03-18 03:02:03.838631,25,USDJPY,158.9464,159.10161875,-0.09755950393181581,158.965,159.1035375,NONE,15.521874999998886,158.918,38.53480869416033,0.0720206824057929,-0.009235322978611293,-0.0025980333232404644,0.31586260217068296,DOWN,UP,NORMAL,0,,,,0,,
320,2026-03-18 03:02:03.838631,25,XAUUSD,5002.146750000001,5002.6012,-0.009084273997281045,5002.209000000001,5003.3014,NONE,45.44499999992695,4992.0,42.02185935033473,7.308669834143984,-1.8827234002992554,-0.6886442095083171,0.018051084783765846,DOWN,DOWN,NORMAL,0,,,,0,,
321,2026-03-18 03:02:03.838631,25,AUDUSD,0.710807,0.7104848,0.04534931641041993,0.7108435,0.7104962,NONE,3.221999999999392,0.7101,42.58150504212678,0.0005322861276987718,3.767859309111721e-05,0.00015650875720417894,0.04966239284612737,UP,DOWN,NORMAL,0,,,,0,,
322,2026-03-18 03:02:03.838631,25,USDCAD,1.369289,1.3695861999999999,-0.02169998500276116,1.36926,1.3695713999999999,NONE,2.9719999999988644,1.36981,58.03907841772756,0.0004099829342298762,4.557542838745654e-05,-3.658836926023184e-05,1.0367145519264769,DOWN,UP,NORMAL,1,SELL,ACTIVE,,0,,
323,2026-03-18 03:02:03.838631,25,NZDUSD,0.585829,0.585796,0.005633360418995821,0.5858589999999999,0.5858054,NONE,0.3300000000006076,0.58534,42.57479782320651,0.00040753205945354354,-2.0685223834915334e-06,6.122444745976887e-05,0.038731962575844825,UP,DOWN,NORMAL,0,,,,0,,
324,2026-03-18 03:02:03.838631,25,USDCHF,0.7851025,0.7850336,0.008776694398817881,0.7850665,0.7850434,NONE,0.6890000000003837,0.7854,57.9309785388436,0.00029411354560631206,0.0001339383392032767,7.505026665919545e-05,0.7349857890570768,UP,UP,NORMAL,0,,,,0,,
325,2026-03-18 03:17:03.133093,26,EURUSD,1.1536566666666666,1.1516426666666668,0.17488063427079273,1.1536344444444444,1.1516213333333334,NONE,20.139999999997382,1.15332,41.0128876035751,0.0005495296346172207,-6.997156412924532e-05,-1.4358503065792095e-05,0.2479568798372917,UP,DOWN,NORMAL,0,,,,0,,
326,2026-03-18 03:17:03.133093,26,GBPUSD,1.3355245,1.3339743333333334,0.11620663366086481,1.335571,1.3339291111111111,NONE,15.501666666666303,1.3352,41.907730499561865,0.0005385587868916993,-3.018100591023476e-05,2.9182821241550027e-05,0.22794729097278082,UP,DOWN,NORMAL,0,,,,0,,
327,2026-03-18 03:17:03.133093,26,USDJPY,158.9338,159.09976875,-0.10431740492395836,158.9488,159.10169375,NONE,16.596875000001887,158.939,44.073779537159986,0.06849369488701153,-0.009611362111627386,-0.0038475366877555018,0.39987416449163676,DOWN,UP,NORMAL,0,,,,0,,
328,2026-03-18 03:17:03.133093,26,XAUUSD,5001.9655,5002.2065999999995,-0.004819872893680126,5002.199999999999,5002.6438,NONE,24.109999999927823,4994.76,44.20912177243334,7.494778225184653,-1.997778942525656,-0.923284831325623,0.17326018001511104,DOWN,DOWN,NORMAL,0,,,,0,,
329,2026-03-18 03:17:03.133093,26,AUDUSD,0.7108085000000001,0.7104972,0.0438143880088499,0.710826,0.7104924000000001,NONE,3.1130000000001434,0.71046,47.29899407805783,0.0005310514042917203,3.9129112485492e-05,0.00013788297071059394,0.2668967817426403,UP,DOWN,NORMAL,0,,,,0,,
330,2026-03-18 03:17:03.133093,26,USDCAD,1.369303,1.3695738,-0.01977257450456598,1.369279,1.3695822000000002,NONE,2.7080000000001547,1.36966,55.30578282369441,0.00040814741851959564,5.0257423058308603e-05,-2.177191734922243e-05,0.8756665903102937,DOWN,UP,NORMAL,0,,,,0,,
331,2026-03-18 03:17:03.133093,26,NZDUSD,0.5858065,0.5857932,0.0022704258089704474,0.585834,0.585798,NONE,0.13299999999993872,0.58542,43.85735725542144,0.0003886777286762562,-2.429215932508999e-05,4.539747937914644e-05,0.14199455408795778,UP,DOWN,NORMAL,0,,,,0,,
332,2026-03-18 03:17:03.133093,26,USDCHF,0.7851345000000001,0.785019,0.014713019684879744,0.7851009999999999,0.785033,NONE,1.1550000000004612,0.7854,57.70433379315804,0.0002799931903079092,0.00013036530633991905,8.573036861243716e-05,0.7147137641790343,UP,UP,NORMAL,0,,,,0,,
333,2026-03-18 03:32:04.553384,27,EURUSD,1.1536624444444445,1.15166225,0.17367891015308937,1.1536548888888887,1.1516419999999998,NONE,20.001944444445474,1.15326,39.235455593608464,0.0005386790864421112,-8.54379398234073e-05,-2.9595473038401717e-05,0.23273647659888227,UP,DOWN,NORMAL,0,,,,0,,
334,2026-03-18 03:32:04.553384,27,GBPUSD,1.3354855,1.334019888888889,0.10986426239355486,1.3355260000000002,1.3339746666666668,NONE,14.656111111110981,1.3352,41.74714485142657,0.0005244324047494575,-3.971929588453271e-05,1.5785303799236505e-05,0.24682501850228353,UP,DOWN,NORMAL,0,,,,0,,
335,2026-03-18 03:32:04.553384,27,USDJPY,158.9414,159.09891875,-0.09900680107545255,158.9416,159.1000125,NONE,15.751875000000837,158.966,49.931554267186975,0.06762169627263104,-0.005990570274803986,-0.003778365627387571,0.5024408583704666,DOWN,UP,NORMAL,0,,,,0,,
336,2026-03-18 03:32:04.553384,27,XAUUSD,5001.85125,5001.7954,0.0011165990516072812,5002.003,5002.2366,BULLISH,5.584999999973661,4996.08,45.253059891899426,6.858789499137889,-2.00059462241461,-1.1196014903981089,0.2320502275217961,DOWN,DOWN,NORMAL,1,BUY,ACTIVE,,0,,
337,2026-03-18 03:32:04.553384,27,AUDUSD,0.7108065,0.7105194,0.04040705996204813,0.710812,0.7104986,NONE,2.870999999999846,0.71051,47.918415084891926,0.0005201599774545537,2.4369768897636312e-05,0.00011607377764146648,0.3020360019802781,UP,DOWN,NORMAL,0,,,,0,,
338,2026-03-18 03:32:04.553384,27,USDCAD,1.369334,1.3695436,-0.015304368550225926,1.3693110000000002,1.3695769999999998,NONE,2.09600000000032,1.3697599999999999,56.4300605907079,0.00040021852127838725,8.368449031981307e-05,1.361529426793349e-06,0.8920766586848609,DOWN,UP,NORMAL,0,,,,0,,
339,2026-03-18 03:32:04.553384,27,NZDUSD,0.5857855,0.5857968,-0.0019289965394224385,0.5858055,0.5857928,BEARISH,0.11300000000047383,0.58538,43.249621128131,0.00037392523785243593,-5.209964760921615e-05,2.5642783326193392e-05,0.14759614464341525,DOWN,DOWN,NORMAL,1,SELL,ACTIVE,,0,,
340,2026-03-18 03:32:04.553384,27,USDCHF,0.7851745,0.7850070000000001,0.021337389348104675,0.7851395,0.785021,NONE,1.6749999999987608,0.78549,59.87447214971881,0.000270146737938976,0.00014129378997862485,9.811940616202403e-05,0.7524662558005824,UP,UP,NORMAL,0,,,,0,,
341,2026-03-18 03:47:03.006181,28,EURUSD,1.1536728888888887,1.1516870833333333,0.17242579032908587,1.1536644444444444,1.1516629999999999,NONE,19.858055555554976,1.15345,50.39648098166547,0.0005296956496814279,-7.088202750371586e-05,-3.670406598268442e-05,0.40398481724840923,DOWN,DOWN,NORMAL,0,,,,0,,
342,2026-03-18 03:47:03.006181,28,GBPUSD,1.3354775,1.3340736666666666,0.10522907155802938,1.3354935,1.3340216666666667,NONE,14.03833333333493,1.33559,58.196562622515536,0.0005168063718702304,-7.64908174932799e-06,1.3140591931696763e-05,0.6086232946285209,UP,DOWN,NORMAL,0,,,,0,,
343,2026-03-18 03:47:03.006181,28,USDJPY,158.94920000000002,159.0978875,-0.09345661487805365,158.94279999999998,159.0989625,NONE,14.868749999999409,158.952,46.38479665300786,0.0660874934776493,-0.006208655414383202,-0.004175078855441995,0.4478011866933209,DOWN,UP,NORMAL,0,,,,0,,
344,2026-03-18 03:47:03.006181,28,XAUUSD,5001.64375,5001.501399999999,0.002846145359491214,5001.8215,5001.7716,NONE,14.235000000098808,4994.91,44.49948230177178,6.273860387016213,-2.2403769995971743,-1.3589451962264214,0.20432791343453557,DOWN,DOWN,NORMAL,0,,,,0,,
345,2026-03-18 03:47:03.006181,28,AUDUSD,0.7108295,0.7105628,0.03753362827324384,0.710819,0.7105244000000001,NONE,2.666999999999531,0.7109,52.866069822520146,0.0005098424280445348,5.466221136674054e-05,0.0001069823475774213,0.5479907420643341,UP,DOWN,NORMAL,0,,,,0,,
346,2026-03-18 03:47:03.006181,28,USDCAD,1.3693680000000001,1.3695095999999998,-0.010339467499872286,1.369339,1.3695456000000001,NONE,1.415999999996309,1.36986,58.177615569176986,0.0003868355656768618,0.00011305644868819797,2.4976866555405855e-05,0.9055514737683966,DOWN,UP,NORMAL,0,,,,0,,
347,2026-03-18 03:47:03.006181,28,NZDUSD,0.5857915,0.5858132,-0.0037042524818514462,0.5857935000000001,0.5858,NONE,0.21700000000013375,0.58568,48.93549417067329,0.0003672162922915563,-3.825633384868521e-05,1.4905125133373067e-05,0.3999296608099105,DOWN,DOWN,NORMAL,0,,,,0,,
348,2026-03-18 03:47:03.006181,28,USDCHF,0.7852075000000001,0.7849984000000001,0.026636996967122746,0.7851755,0.7850073999999999,NONE,2.090999999999621,0.78543,57.32333388456169,0.0002653403382902768,0.00013844134074603165,0.00010643906373408832,0.6825993026863806,UP,UP,NORMAL,0,,,,0,,
349,2026-03-18 04:02:04.423622,29,EURUSD,1.1536973333333334,1.1517159166666668,0.17204039971950663,1.1536762222222223,1.1516883333333334,NONE,19.814166666665134,1.15374,62.56028338506645,0.0005237498866826008,-3.1922540135953525e-05,-3.383323089882311e-05,0.6646868369763725,DOWN,DOWN,NORMAL,1,BUY,ACTIVE,,0,,
350,2026-03-18 04:02:04.423622,29,GBPUSD,1.335505,1.3341437777777776,0.1020296496446337,1.33549,1.3340764444444444,NONE,13.612222222223469,1.3360699999999999,70.28338331137799,0.0005167997192414853,6.125260516975928e-05,2.5953877770155972e-05,0.9803520982970371,UP,DOWN,NORMAL,1,BUY,ACTIVE,,0,,
351,2026-03-18 04:02:04.423622,29,USDJPY,158.94080000000002,159.0967,-0.09799071885210327,158.94500000000002,159.09775625,NONE,15.589999999997417,158.892,35.276016964906816,0.06589246843332539,-0.012825985759889136,-0.006173294424365531,0.23492999377183948,DOWN,UP,NORMAL,0,,,,0,,
352,2026-03-18 04:02:04.423622,29,XAUUSD,5001.24525,5000.9803999999995,0.0052959615678653486,5001.5525,5001.428400000001,NONE,26.485000000047876,4991.05,42.05106028466597,6.326982372544443,-2.8610601486807354,-1.7059550813042286,0.10027148796888376,DOWN,DOWN,NORMAL,0,,,,0,,
353,2026-03-18 04:02:04.423622,29,AUDUSD,0.710881,0.7106091999999999,0.03824887153164415,0.7108410000000001,0.7105674,NONE,2.7180000000004423,0.71128,57.16458825366119,0.0005051598056331836,0.00010662698652752489,0.00010984688790306149,0.7658058305707482,UP,UP,NORMAL,0,,,,0,,
354,2026-03-18 04:02:04.423622,29,USDCAD,1.3693985000000002,1.3694806,-0.005994973568793294,1.3693705,1.3695106,NONE,0.8209999999975182,1.36988,58.25296417891568,0.0003798677191489357,0.0001332052869897904,4.726072728046632e-05,0.8673062403638315,DOWN,UP,NORMAL,0,,,,0,,
355,2026-03-18 04:02:04.423622,29,NZDUSD,0.5858255000000001,0.5858356,-0.00172403315877387,0.5858015,0.5858171999999999,NONE,0.10099999999901854,0.58597,53.774954475641245,0.00036695594488297934,-1.5223970019073718e-06,1.4172327259033423e-05,0.6336807713622581,DOWN,DOWN,NORMAL,0,,,,0,,
356,2026-03-18 04:02:04.423622,29,USDCHF,0.7852235,0.7849853999999999,0.03033177432344842,0.7852020000000001,0.7849962,NONE,2.3810000000001885,0.78522,50.11548371457804,0.00026909153861648524,0.00010985176513711448,0.00010571761541070397,0.49693357761566764,UP,UP,NORMAL,0,,,,0,,"[{""name"": ""SECO Economic Forecasts"", ""impact"": ""LOW"", ""time"": ""2026-03-18 08:00:00"", ""currency"": ""CHF""}]"
357,2026-03-18 04:17:03.750094,30,EURUSD,1.1537202222222223,1.15174575,0.17143299397652273,1.1536984444444445,1.1517163333333333,NONE,19.744722222223565,1.15381,64.9098294529964,0.0005176465744031251,-1.7462934773782024e-06,-2.677766677631505e-05,0.731046429542531,DOWN,DOWN,NORMAL,0,,,,0,,
358,2026-03-18 04:17:03.750094,30,GBPUSD,1.3355105,1.3342226666666668,0.09652311907956886,1.335497,1.334142,NONE,12.878333333332659,1.33595,67.9170866152049,0.0005070428165111593,7.948538471080902e-05,3.4618013916113426e-05,0.8723427989076746,UP,DOWN,NORMAL,0,,,,0,,
359,2026-03-18 04:17:03.750094,30,USDJPY,158.9334,159.0955875,-0.10194343070639059,158.9442,159.09680625,NONE,16.21874999999875,158.876,32.35338563588097,0.06540525130033101,-0.016781165730776593,-0.008077888628667752,0.1873473145934203,DOWN,UP,NORMAL,0,,,,0,,
360,2026-03-18 04:17:03.750094,30,XAUUSD,5000.94175,5000.6388,0.00605822600105085,5001.2342499999995,5000.9716,NONE,30.29500000002372,4991.05,42.172707138775,5.655984890752377,-3.1137223228224684,-1.9931244840238658,0.1446460542092405,DOWN,DOWN,NORMAL,0,,,,0,,
361,2026-03-18 04:17:03.750094,30,AUDUSD,0.710877,0.7106212000000001,0.035996674458898384,0.7108635,0.7106022,NONE,2.557999999999172,0.71089,52.183650931722546,0.0005035667582920457,7.908236946507774e-05,9.922674774821543e-05,0.5090494497881191,UP,UP,NORMAL,0,,,,0,,
362,2026-03-18 04:17:03.750094,30,USDCAD,1.3694405,1.3694694,-0.0021103063712119723,1.369405,1.3694832,NONE,0.2889999999999837,1.37003,60.78090751373726,0.00037457104533218205,0.00016432099541807688,7.233204016722305e-05,0.9030655112383776,DOWN,UP,NORMAL,0,,,,0,,
363,2026-03-18 04:17:03.750094,30,NZDUSD,0.58582,0.585832,-0.002048368815635199,0.5858145,0.5858312,NONE,0.12000000000012001,0.58575,49.99399750278193,0.00036640807126887696,-1.6324543903989408e-05,5.2649758184496506e-06,0.4341771256956201,DOWN,DOWN,NORMAL,0,,,,0,,
364,2026-03-18 04:17:03.750094,30,USDCHF,0.7852465000000001,0.7849769999999999,0.0343322161031654,0.785224,0.7849856,NONE,2.6950000000014462,0.78522,50.09151544237258,0.00025879928585817013,9.369150130889015e-05,0.00010344002791798147,0.47496789840855713,UP,UP,NORMAL,1,SELL,ACTIVE,,0,,"[{""name"": ""SECO Economic Forecasts"", ""impact"": ""LOW"", ""time"": ""2026-03-18 08:00:00"", ""currency"": ""CHF""}]"
365,2026-03-18 04:32:04.052650,31,EURUSD,1.1537351111111112,1.1517785,0.1698773775609735,1.153720888888889,1.151746,NONE,19.566111111111173,1.15394,69.39177289832051,0.0005097331763376984,3.100907380648721e-05,-1.4837412676851574e-05,0.8485362739169798,DOWN,DOWN,NORMAL,0,,,,0,,
366,2026-03-18 04:32:04.052650,31,GBPUSD,1.3355375,1.3343184444444445,0.09136166562271686,1.335519,1.3342245555555554,NONE,12.190555555555704,1.3362,73.61290765818143,0.0004978412311444089,0.0001332778179299332,5.651977528863752e-05,0.9876682965654395,UP,DOWN,NORMAL,0,,,,0,,
367,2026-03-18 04:32:04.052650,31,USDJPY,158.91680000000002,159.09490625,-0.11194968726409794,158.93900000000002,159.0957625,NONE,17.81062499999848,158.867,30.288167355643594,0.06446303947275618,-0.019744623738461087,-0.010053856733247608,0.15879126041312902,DOWN,UP,NORMAL,0,,,,0,,
368,2026-03-18 04:32:04.052650,31,XAUUSD,5000.74075,5000.267,0.009474494062019272,5000.933,5000.6318,NONE,47.375000000010914,4990.0,41.38603781524135,5.276966641053049,-3.3540105527708874,-2.269768934240587,0.14902115521792686,DOWN,DOWN,NORMAL,0,,,,0,,
369,2026-03-18 04:32:04.052650,31,AUDUSD,0.710954,0.710669,0.04010305782297803,0.7109085,0.7106338000000001,NONE,2.849999999999797,0.71168,60.72755938785923,0.0005171895408630224,0.00018029732868896087,0.00012348188957739912,0.9304075682415859,UP,UP,NORMAL,0,,,,0,,
370,2026-03-18 04:32:04.052650,31,USDCAD,1.369458,1.3694456,0.0009054759093851209,1.3694315,1.3694658000000002,BULLISH,0.12400000000134526,1.36974,54.37402183402696,0.000363734338012533,0.0001444816846860597,8.446453317357222e-05,0.6987474476928927,UP,UP,NORMAL,1,BUY,ACTIVE,,0,,
371,2026-03-18 04:32:04.052650,31,NZDUSD,0.5858585,0.5858528000000001,0.0009729406430909523,0.585838,0.5858392,BULLISH,0.056999999998863515,0.5862,57.144299213494975,0.0003680421886272313,4.4084238735142556e-05,1.762370019667783e-05,0.80026460025477,UP,DOWN,NORMAL,1,BUY,ACTIVE,,0,,
372,2026-03-18 04:32:04.052650,31,USDCHF,0.7852655000000001,0.7849644000000001,0.03835842746498351,0.7852469999999999,0.7849772,NONE,3.010999999999431,0.78518,48.66287767112528,0.00024725239809278226,7.676264250211506e-05,9.823218616244846e-05,0.41262553112034733,UP,UP,NORMAL,0,,,,0,,"[{""name"": ""SECO Economic Forecasts"", ""impact"": ""LOW"", ""time"": ""2026-03-18 08:00:00"", ""currency"": ""CHF""}]"
373,2026-03-18 04:47:05.830370,32,EURUSD,1.153742,1.1518116666666667,0.16759105582944264,1.1537344444444444,1.15177825,NONE,19.303333333333672,1.15388,66.00843018348485,0.0004992707669787028,4.780970925155614e-05,-2.6908942740730567e-06,0.7961333273476973,DOWN,DOWN,NORMAL,0,,,,0,,
374,2026-03-18 04:47:05.830370,32,GBPUSD,1.335545,1.3344005555555556,0.08576468584936416,1.3355299999999999,1.3343167777777778,NONE,11.444444444443924,1.3360400000000001,67.23241337069206,0.00048247917705363484,0.0001412770432620558,7.155669896880606e-05,0.8615669245303977,DOWN,DOWN,NORMAL,0,,,,0,,
375,2026-03-18 04:47:05.830370,32,USDJPY,158.8844,159.0929,-0.1310555027911281,158.9098,159.09468750000002,NONE,20.84999999999866,158.846,30.59618319864896,0.06489425093898668,-0.027422275157391596,-0.013974264064799919,0.13391843747893054,DOWN,UP,NORMAL,0,,,,0,,
376,2026-03-18 04:47:05.830370,32,XAUUSD,5000.20075,4999.9894,0.004227008961250674,5000.601000000001,5000.1552,NONE,21.13499999995838,4986.47,39.88758135569405,5.817808141310749,-4.108059225911347,-2.7087751407228384,0.11424288949149092,DOWN,DOWN,NORMAL,0,,,,0,,
377,2026-03-18 04:47:05.830370,32,AUDUSD,0.7109620000000001,0.7106812000000001,0.039511387102961204,0.710936,0.7106618,NONE,2.8079999999996996,0.71133,56.47999961921278,0.0005038188593728113,0.0001680746721323123,0.00012780557429349217,0.7275827916476268,UP,UP,NORMAL,0,,,,0,,
378,2026-03-18 04:47:05.830370,32,USDCAD,1.3695365000000002,1.3694494,0.006360220392241485,1.369478,1.3694536000000002,NONE,0.8710000000022866,1.37015,61.51971344245231,0.00036265127305245296,0.00019588417530136404,0.00011185387470452795,0.8923501532460137,UP,UP,NORMAL,0,,,,0,,
379,2026-03-18 04:47:05.830370,32,NZDUSD,0.5858589999999999,0.5858478,0.0019117593340587731,0.5858464999999999,0.585848,BULLISH,0.11199999999877974,0.58596,53.0387246208375,0.0003613452976028381,3.4483857837774856e-05,1.793248386165527e-05,0.5924279094597629,UP,DOWN,NORMAL,1,BUY,ACTIVE,,0,,
380,2026-03-18 04:47:05.830370,32,USDCHF,0.7852855,0.7849678,0.04047299774589178,0.7852675,0.7849652,NONE,3.1769999999997633,0.78522,50.06572908304903,0.00023377518598412573,6.765400826702628e-05,9.262709189390731e-05,0.4272078421262437,UP,UP,NORMAL,0,,,,0,,"[{""name"": ""SECO Economic Forecasts"", ""impact"": ""LOW"", ""time"": ""2026-03-18 08:00:00"", ""currency"": ""CHF""}]"
381,2026-03-18 05:04:27.509851,1,EURUSD,1.153750888888889,1.1518508333333335,0.16495673750193363,1.153748,1.1518139166666665,NONE,19.00055555555502,1.1540300000000001,66.75726605527899,0.0004978554844845566,9.089796750028079e-05,1.9473031926924945e-05,0.9361105969456894,DOWN,DOWN,NORMAL,0,,,,0,,
382,2026-03-18 05:04:27.509851,1,GBPUSD,1.3355745,1.334487,0.08149198905647864,1.3355605000000002,1.334404,NONE,10.8750000000013,1.3363800000000001,75.45835832831325,0.00048428855864519497,0.00020152470567080805,0.00010150699546589473,1.0067408320635938,DOWN,DOWN,NORMAL,1,SELL,ACTIVE,,0,,
383,2026-03-18 05:04:27.509851,1,USDJPY,158.84560000000002,159.09053125,-0.1539571513625071,158.87740000000002,159.09268125,NONE,24.493124999997917,158.772,19.5053743758764,0.07006506974946924,-0.038996340537494234,-0.019425403006062297,-0.05194832739411706,DOWN,UP,NORMAL,1,BUY,ACTIVE,,0,,
384,2026-03-18 05:04:27.509851,1,XAUUSD,4999.6835,5000.0108,-0.006545985860668999,5000.21575,5000.0014,BEARISH,32.72999999999229,4985.0,39.15630826658555,5.692815141531688,-4.382961158701619,-3.035954224660441,0.10510130377111963,DOWN,DOWN,NORMAL,1,SELL,ACTIVE,,0,,
385,2026-03-18 05:04:27.509851,1,AUDUSD,0.7109894999999999,0.7107058,0.03991806454933768,0.7109665,0.7106830000000001,NONE,2.836999999998868,0.71158,59.19885584822024,0.000502066491866594,0.00020456910997146416,0.0001443069993778134,0.8429239675552234,UP,UP,NORMAL,0,,,,0,,
386,2026-03-18 05:04:27.509851,1,USDCAD,1.3695860000000002,1.369444,0.010369171722252716,1.3695295,1.3694466,NONE,1.420000000000865,1.37004,58.88807285954592,0.0003530741413037941,0.00019152710047620758,0.00012600162527193572,0.8090114967313702,UP,UP,NORMAL,0,,,,0,,
387,2026-03-18 05:04:27.509851,1,NZDUSD,0.585879,0.5858578,0.003618625543613913,0.5858705,0.5858523999999999,NONE,0.21200000000054509,0.58631,58.360031604445545,0.0003661471641005986,8.365511373231715e-05,3.4012622371389355e-05,0.867449187698112,UP,DOWN,NORMAL,0,,,,0,,
388,2026-03-18 05:04:27.509851,1,USDCHF,0.785319,0.7849754,0.04377207234774484,0.7852859999999999,0.7849680000000001,NONE,3.4359999999999946,0.7853,53.16921408552186,0.00023350552984239623,6.424431883966797e-05,8.707817261069972e-05,0.47132567350216326,UP,UP,NORMAL,0,,,,0,,"[{""name"": ""SECO Economic Forecasts"", ""impact"": ""LOW"", ""time"": ""2026-03-18 08:00:00"", ""currency"": ""CHF""}]"
389,2026-03-18 05:17:10.292337,2,EURUSD,1.153753111111111,1.1518920833333335,0.16156268496889925,1.1537557777777778,1.1518526666666666,NONE,18.61027777777524,1.15438,80.89410554516083,0.0004926642171815413,0.0001482159550258988,4.802959375473445e-05,1.0684316467262074,DOWN,DOWN,NORMAL,1,SELL,ACTIVE,,0,,
390,2026-03-18 05:17:10.292337,2,GBPUSD,1.3356569999999999,1.334578,0.08084952696656396,1.335594,1.3344913333333333,NONE,10.789999999998301,1.33683,82.20268842991845,0.00048639726673692265,0.00028697356507345617,0.0001435780871651819,1.0594189101577283,UP,DOWN,NORMAL,1,SELL,ACTIVE,,0,,
391,2026-03-18 05:17:10.292337,2,USDJPY,158.79019999999997,159.087375,-0.1867998639112867,158.83239999999998,159.09011875000002,NONE,29.717500000003838,158.698,14.729499653255587,0.0702185851755271,-0.055400556401764334,-0.02746282684759107,-0.06388326331160533,DOWN,UP,NORMAL,1,BUY,ACTIVE,,0,,
392,2026-03-18 05:17:10.292337,2,XAUUSD,4999.4625,4999.955199999999,-0.009854088292626824,4999.81375,5000.115,NONE,49.26999999997861,4989.86,42.98143524222434,5.68465787641495,-3.8773132467194955,-3.137728023374312,0.2685131355194364,DOWN,DOWN,NORMAL,0,,,,0,,
393,2026-03-18 05:17:10.292337,2,AUDUSD,0.711018,0.7107268000000001,0.040972142882460025,0.71098,0.710702,NONE,2.9119999999993595,0.71146,57.838776997713836,0.0004860005179577568,0.00020393056468392956,0.00015380664121397822,0.7591614301015989,UP,UP,NORMAL,0,,,,0,,
394,2026-03-18 05:17:10.292337,2,USDCAD,1.3696015000000001,1.3694358,0.012099873539172657,1.3695775,1.3694406000000001,NONE,1.6570000000015739,1.36981,53.9569494406634,0.00034749741692494444,0.00016586277391605897,0.00013180405443096471,0.6461253973157827,UP,UP,NORMAL,0,,,,0,,
395,2026-03-18 05:17:10.292337,2,NZDUSD,0.5859194999999999,0.5858728,0.00797101350326472,0.585887,0.585861,NONE,0.4669999999995511,0.58647,60.50655012966305,0.00036019787686892863,0.00012946938224911442,5.514613958908976e-05,0.9129548275319487,UP,DOWN,NORMAL,0,,,,0,,
396,2026-03-18 05:17:10.292337,2,USDCHF,0.78533,0.7849763999999999,0.04504594023464464,0.7853140000000001,0.7849734,NONE,3.5360000000006497,0.78515,47.16999546151205,0.00022376533893529323,4.209093294482713e-05,7.68043714011581e-05,0.1544375489128735,UP,UP,NORMAL,0,,,,0,,"[{""name"": ""SECO Economic Forecasts"", ""impact"": ""LOW"", ""time"": ""2026-03-18 08:00:00"", ""currency"": ""CHF""}]"
397,2026-03-18 05:32:04.633844,3,EURUSD,1.1537473333333332,1.1519275,0.15798158593602832,1.1537473333333332,1.1518899166666665,NONE,18.198333333332428,1.1543,73.42276744732709,0.00048666345432302253,0.0001552889783376088,6.616295215280458e-05,0.9768053364643504,DOWN,DOWN,NORMAL,0,,,,0,,
398,2026-03-18 05:32:04.633844,3,GBPUSD,1.3357165,1.3346555555555555,0.07949200376293845,1.3356465,1.3345756666666668,NONE,10.609444444444893,1.33671,75.12826991401121,0.00047944864405784367,0.0003037688854721221,0.0001729359049461777,0.953864744185906,UP,DOWN,NORMAL,0,,,,0,,
399,2026-03-18 05:32:04.633844,3,USDJPY,158.75900000000001,159.08558125000002,-0.20528651775599166,158.796,159.08755625,NONE,32.65812500000038,158.719,20.920813950020715,0.07129480868339974,-0.06003521484706198,-0.03360716199734746,0.041243852464187075,DOWN,UP,NORMAL,0,,,,0,,
400,2026-03-18 05:32:04.633844,3,XAUUSD,4999.139,4999.8748000000005,-0.014716368497874811,4999.487749999999,4999.975399999999,NONE,73.58000000003813,4989.46,42.81528996518462,6.06705368998819,-3.7322893223808933,-3.243749115084473,0.2752099963756287,DOWN,DOWN,NORMAL,0,,,,0,,
401,2026-03-18 05:32:04.633844,3,AUDUSD,0.7110425,0.7107397999999999,0.042589425834897686,0.7110075,0.7107226,NONE,3.027000000001001,0.71136,56.22777159017787,0.000484653542185256,0.00019206999458543095,0.00015877897000792982,0.6907672613740059,UP,UP,NORMAL,0,,,,0,,
402,2026-03-18 05:32:04.633844,3,USDCAD,1.3696264999999999,1.3694452000000001,0.013238937929003497,1.369609,1.3694387999999997,NONE,1.812999999997178,1.36997,57.05571663147875,0.0003397169891854286,0.00017649222939297715,0.00014265621933788234,0.7310067765637723,UP,UP,NORMAL,0,,,,0,,
403,2026-03-18 05:32:04.633844,3,NZDUSD,0.5859460000000001,0.5858753999999999,0.012050343810329428,0.585909,0.5858686,NONE,0.7060000000014277,0.58633,57.434984730573696,0.00036242864076604,0.00012978632168891835,6.739383412871655e-05,0.7982059832671092,UP,DOWN,NORMAL,0,,,,0,,
404,2026-03-18 05:32:04.633844,3,USDCHF,0.785339,0.7849822000000001,0.045453259959262124,0.785337,0.7849792000000001,NONE,3.5679999999993495,0.78526,51.57190933302669,0.0002187514881950205,4.790215815098087e-05,7.281082333799751e-05,0.33805289473526456,UP,UP,NORMAL,0,,,,0,,"[{""name"": ""SECO Economic Forecasts"", ""impact"": ""LOW"", ""time"": ""2026-03-18 08:00:00"", ""currency"": ""CHF""}]"
405,2026-03-18 05:47:04.747937,4,EURUSD,1.1537591111111112,1.1519671666666667,0.1555551665269852,1.1537504444444444,1.1519286666666666,NONE,17.919444444445265,1.15444,76.59992591018793,0.0004836321064645481,0.00019510146240486748,9.37375487901098e-05,0.9698495455709462,DOWN,DOWN,NORMAL,0,,,,0,,
406,2026-03-18 05:47:04.747937,4,GBPUSD,1.3358095,1.334724111111111,0.08131934381447158,1.3357245,1.3346573333333334,NONE,10.853888888890939,1.33684,75.97629057893276,0.0004732390714383053,0.0003468155879040591,0.0002097540067799272,0.9309373020617748,UP,DOWN,NORMAL,1,SELL,ACTIVE,,0,,
407,2026-03-18 05:47:04.747937,4,USDJPY,158.7412,159.084375,-0.21571885988174658,158.76100000000002,159.08564374999997,NONE,34.31750000000022,158.733,23.76907355650073,0.06946762847132039,-0.06306196759078375,-0.03937048778839489,0.11378266707683339,DOWN,UP,NORMAL,1,BUY,ACTIVE,,0,,
408,2026-03-18 05:47:04.747937,4,XAUUSD,4999.289500000001,4999.9876,-0.013962034625838128,4999.38675,5000.073,NONE,69.80999999996129,4999.87,51.000160999283395,6.613801122030698,-2.1984695603214277,-2.9082065944451743,0.6320575668391096,DOWN,DOWN,NORMAL,0,,,,0,,
409,2026-03-18 05:47:04.747937,4,AUDUSD,0.7111225,0.7107724000000001,0.04925627387893913,0.711062,0.7107475999999999,NONE,3.500999999999088,0.71184,61.58763903788342,0.0004941170646822222,0.00025602444462113905,0.00018320584270836428,0.8896271823367071,UP,UP,NORMAL,0,,,,0,,
410,2026-03-18 05:47:04.747937,4,USDCAD,1.369656,1.3694484,0.015159388261724534,1.369624,1.3694442,NONE,2.0759999999997447,1.36991,55.67053830756831,0.0003331555715905458,0.00016556807374357163,0.00014660041358083666,0.6740274402498848,UP,UP,NORMAL,0,,,,0,,
411,2026-03-18 05:47:04.747937,4,NZDUSD,0.5860005,0.5858922,0.01848462908365415,0.58596,0.5858810000000001,NONE,1.0830000000006113,0.58661,61.13485634481504,0.0003677143500990788,0.00018126198003376448,9.374125248349364e-05,0.9101253603217125,UP,DOWN,NORMAL,0,,,,0,,
412,2026-03-18 05:47:04.747937,4,USDCHF,0.785347,0.7849874,0.045809652486143784,0.7853415,0.7849831999999999,NONE,3.5960000000001546,0.7853,53.23347971352491,0.00021547332067088342,4.9429693503855177e-05,6.877277400935261e-05,0.3986188263877889,UP,UP,NORMAL,0,,,,0,,"[{""name"": ""SECO Economic Forecasts"", ""impact"": ""LOW"", ""time"": ""2026-03-18 08:00:00"", ""currency"": ""CHF""}]"
413,2026-03-18 06:02:05.427055,5,EURUSD,1.1537766666666667,1.1520125833333335,0.15313056114620463,1.153761111111111,1.1519679166666665,NONE,17.640833333332218,1.1546,80.01726972062208,0.00047787738837652634,0.00023362694167361475,0.00012286414531555541,0.9706105787016567,DOWN,DOWN,NORMAL,0,,,,0,,"[{""name"": ""Final Core CPI y/y"", ""impact"": ""LOW"", ""time"": ""2026-03-18 10:00:00"", ""currency"": ""EUR""}, {""name"": ""Final CPI y/y"", ""impact"": ""LOW"", ""time"": ""2026-03-18 10:00:00"", ""currency"": ""EUR""}]"
414,2026-03-18 06:02:05.427055,5,GBPUSD,1.3359064999999999,1.334796111111111,0.08318790260517792,1.3358265,1.334727888888889,NONE,11.103888888888136,1.33705,74.97614794348594,0.00047378777778705577,0.00040428227946343043,0.00025299926245621915,0.9193875594311073,UP,DOWN,NORMAL,1,SELL,ACTIVE,,0,,
415,2026-03-18 06:02:05.427055,5,USDJPY,158.7142,159.0832875,-0.2320089720298282,158.7346,159.08416875,NONE,36.90875000000062,158.709,22.976485856882874,0.06826585909071643,-0.06928670851084462,-0.045774928514081284,0.12201912994886456,DOWN,UP,NORMAL,1,BUY,ACTIVE,,0,,
416,2026-03-18 06:02:05.427055,5,XAUUSD,4999.1669999999995,4999.8798,-0.01425634272248391,4999.2335,4999.942800000001,NONE,71.2800000000243,4999.0,50.387243753205674,7.00856422704682,-1.7984393349552192,-2.7148434559374883,0.6489874144796409,DOWN,DOWN,NORMAL,0,,,,0,,
417,2026-03-18 06:02:05.427055,5,AUDUSD,0.7111535,0.710791,0.05099952025279489,0.711121,0.7107718,NONE,3.6250000000004334,0.71184,61.61163053152947,0.0004712719682253413,0.00027699103555334226,0.00020157997529445686,0.853605772715495,UP,UP,NORMAL,0,,,,0,,
418,2026-03-18 06:02:05.427055,5,USDCAD,1.369699,1.3694531999999997,0.01794876962573791,1.369655,1.3694480000000002,NONE,2.458000000002958,1.36987,54.65238704868289,0.00032364445933408124,0.00015382472994263097,0.000147790006197915,0.6290449887953626,UP,UP,NORMAL,0,,,,0,,
419,2026-03-18 06:02:05.427055,5,NZDUSD,0.5860334999999999,0.585905,0.021931883155095932,0.586007,0.5858948,NONE,1.2849999999986483,0.58672,62.32355429226989,0.0003531327128471038,0.00021880807220675536,0.00012041387568741611,0.9144557268454603,UP,DOWN,NORMAL,0,,,,0,,
420,2026-03-18 06:02:05.427055,5,USDCHF,0.7853365,0.7849885999999999,0.044319114952760794,0.7853399999999999,0.7849845999999999,NONE,3.479000000000676,0.78517,47.657748930785964,0.00021426604266378235,2.7945176821586593e-05,5.8820359984889014e-05,0.17181759423495527,UP,UP,NORMAL,0,,,,0,,"[{""name"": ""SECO Economic Forecasts"", ""impact"": ""LOW"", ""time"": ""2026-03-18 08:00:00"", ""currency"": ""CHF""}]"
421,2026-03-18 06:17:05.166513,6,EURUSD,1.1537926666666667,1.1520602500000001,0.150375526511445,1.1537773333333332,1.1520128333333335,NONE,17.324166666665697,1.15468,81.62796757296248,0.00047476442042430965,0.00026375283075164013,0.00015142478838567537,0.9401047274811385,DOWN,DOWN,NORMAL,0,,,,0,,"[{""name"": ""Final Core CPI y/y"", ""impact"": ""LOW"", ""time"": ""2026-03-18 10:00:00"", ""currency"": ""EUR""}, {""name"": ""Final CPI y/y"", ""impact"": ""LOW"", ""time"": ""2026-03-18 10:00:00"", ""currency"": ""EUR""}]"
422,2026-03-18 06:17:05.166513,6,GBPUSD,1.335989,1.3348684444444445,0.08394501796931234,1.3359039999999998,1.3347955555555555,NONE,11.20555555555569,1.33707,73.95583567258619,0.00047099969766567333,0.0004219649288121907,0.00028615421908922994,0.8792842617944179,UP,DOWN,NORMAL,0,,,,0,,
423,2026-03-18 06:17:05.166513,6,USDJPY,158.677,159.080475,-0.25362949161423765,158.699,159.0828125,NONE,40.347500000001446,158.596,12.600247031522201,0.07089993038015407,-0.08500668301235237,-0.05459130790376371,0.002468962162337513,DOWN,UP,NORMAL,0,,,,0,,
424,2026-03-18 06:17:05.166513,6,XAUUSD,4999.661,5000.2306,-0.011391474625186474,4999.42375,5000.0852,NONE,56.95999999998094,5009.29,57.04179522127491,7.50693260277478,0.12885676109908673,-2.0150219310486492,0.9907018323322448,DOWN,DOWN,NORMAL,0,,,,0,,
425,2026-03-18 06:17:05.166513,6,AUDUSD,0.711177,0.7108106000000001,0.05154678334845849,0.7111609999999999,0.710794,NONE,3.6639999999987793,0.71201,63.43958628316334,0.0004833239704949534,0.0003149360585306127,0.00022616572185622097,0.9004254355225206,UP,UP,NORMAL,0,,,,0,,
426,2026-03-18 06:17:05.166513,6,USDCAD,1.369801,1.3694922000000003,0.022548503744656292,1.3697325,1.3694666,NONE,3.087999999997759,1.3704,62.379306093805624,0.0003653739367285754,0.00022766588235834107,0.00017231674838156036,0.9048947660943572,UP,UP,NORMAL,0,,,,0,,
427,2026-03-18 06:17:05.166513,6,NZDUSD,0.5860844999999999,0.5859212,0.027870641990743177,0.5860455,0.5859097999999999,NONE,1.6329999999986633,0.58702,66.08428003143416,0.00036637833539883847,0.0002763193749852899,0.0001546582234102506,0.9793071891326444,UP,DOWN,NORMAL,0,,,,0,,
428,2026-03-18 06:17:05.166513,6,USDCHF,0.7853264999999999,0.7849936000000001,0.042407989058746244,0.7853359999999999,0.7849884,NONE,3.328999999998583,0.78511,45.0854908276602,0.00021258377431024547,1.414181482772836e-05,4.9757015625816625e-05,0.10517272183571881,UP,UP,NORMAL,0,,,,0,,"[{""name"": ""SECO Economic Forecasts"", ""impact"": ""LOW"", ""time"": ""2026-03-18 08:00:00"", ""currency"": ""CHF""}]"
429,2026-03-18 06:32:04.801678,7,EURUSD,1.1538153333333332,1.1521078333333332,0.14820661318305184,1.1537968888888888,1.1520618333333335,NONE,17.07499999999973,1.15461,66.78164288102889,0.0004736376298989616,0.0002885931524119201,0.0001812835324160005,0.8420115904043136,UP,DOWN,NORMAL,0,,,,0,,"[{""name"": ""Final Core CPI y/y"", ""impact"": ""LOW"", ""time"": ""2026-03-18 10:00:00"", ""currency"": ""EUR""}, {""name"": ""Final CPI y/y"", ""impact"": ""LOW"", ""time"": ""2026-03-18 10:00:00"", ""currency"": ""EUR""}]"
430,2026-03-18 06:32:04.801678,7,GBPUSD,1.3360905,1.334950111111111,0.0854255810308774,1.3360075,1.3348725555555556,NONE,11.403888888890101,1.33718,67.8789301887214,0.00047591807940947865,0.00046569849402944286,0.0003267855811997669,0.8489588828313859,UP,DOWN,NORMAL,1,SELL,ACTIVE,,0,,
431,2026-03-18 06:32:04.801678,7,USDJPY,158.651,159.07710625,-0.26786145413680706,158.6788,159.08053124999998,NONE,42.61062500000037,158.588,12.107801832008832,0.07089687412850935,-0.09168806673332597,-0.06189578787479985,0.05292942461533529,DOWN,UP,NORMAL,0,,,,0,,
432,2026-03-18 06:32:04.801678,7,XAUUSD,4999.875,5000.3730000000005,-0.009959257039434899,4999.64625,5000.2188,NONE,49.800000000050204,5011.05,57.99629868820821,6.953493251358111,1.09956885579777,-1.3996342580098569,0.9923214077607716,DOWN,DOWN,NORMAL,0,,,,0,,
433,2026-03-18 06:32:04.801678,7,AUDUSD,0.7112175,0.7108292,0.054626343431009444,0.7111864999999999,0.7108144,NONE,3.8829999999989706,0.71207,62.91305461292122,0.0004802294011738941,0.0003481896288481945,0.0002529955744796919,0.8736410637756284,UP,UP,NORMAL,0,,,,0,,
434,2026-03-18 06:32:04.801678,7,USDCAD,1.3698730000000001,1.3695174,0.02596535100612898,1.369802,1.3694926,NONE,3.5560000000001146,1.37063,65.75552315425773,0.0003591227371663187,0.0002606288805331314,0.0001902344454671551,0.9879894695118403,UP,UP,NORMAL,0,,,,0,,
435,2026-03-18 06:32:04.801678,7,NZDUSD,0.5861445,0.5859316,0.03633529920556603,0.5860939999999999,0.585925,NONE,2.1289999999996034,0.58709,65.44418388460647,0.00036316763797239455,0.00032051549432043913,0.0001902547488173645,0.9258346931061603,UP,DOWN,NORMAL,1,SELL,ACTIVE,,0,,
436,2026-03-18 06:32:04.801678,7,USDCHF,0.7853215,0.7850086000000001,0.039859435934835534,0.7853255,0.7849932,NONE,3.1289999999994933,0.78526,52.02709071596985,0.00021826656594115158,1.4525053401492904e-05,4.245535252567135e-05,0.38980137454000585,UP,UP,NORMAL,0,,,,0,,"[{""name"": ""SECO Economic Forecasts"", ""impact"": ""LOW"", ""time"": ""2026-03-18 08:00:00"", ""currency"": ""CHF""}]"
437,2026-03-18 06:47:04.321374,8,EURUSD,1.1538191111111111,1.1521461666666668,0.14520244851262282,1.1538084444444445,1.1521052500000002,NONE,16.729444444443242,1.15415,47.87379852835124,0.0004862245512801218,0.00023710304488266942,0.000188490739752646,0.6207127531225428,UP,DOWN,NORMAL,0,,,,0,,"[{""name"": ""Final Core CPI y/y"", ""impact"": ""LOW"", ""time"": ""2026-03-18 10:00:00"", ""currency"": ""EUR""}, {""name"": ""Final CPI y/y"", ""impact"": ""LOW"", ""time"": ""2026-03-18 10:00:00"", ""currency"": ""EUR""}, {""name"": ""German 30-y Bond Auction"", ""impact"": ""LOW"", ""time"": ""2026-03-18 10:34:00"", ""currency"": ""EUR""}]"
438,2026-03-18 06:47:04.321374,8,GBPUSD,1.336136,1.3350031111111111,0.08486039316762016,1.336073,1.3349462222222224,NONE,11.3288888888885,1.33657,49.83922011654371,0.0005010330915010977,0.0004013131537885517,0.00033722385925031006,0.6458506969104467,UP,DOWN,NORMAL,0,,,,0,,
439,2026-03-18 06:47:04.321374,8,USDJPY,158.67419999999998,159.0752625,-0.25212122469389175,158.6758,159.07788125,NONE,40.10625000000232,158.721,43.26229995777856,0.07516444434382052,-0.07819348891311506,-0.06357265001978077,0.2853919754041422,DOWN,UP,NORMAL,0,,,,0,,
440,2026-03-18 06:47:04.321374,8,XAUUSD,5000.18,5000.5666,-0.007731123909034961,4999.88025,5000.3772,NONE,38.659999999981665,5012.22,58.690632363732384,6.82585135830701,1.9907095954604301,-0.7188851454354674,0.9584992466276806,DOWN,DOWN,NORMAL,0,,,,0,,
441,2026-03-18 06:47:04.321374,8,AUDUSD,0.7112195,0.7108439999999999,0.05282452971398564,0.711201,0.7108226000000001,NONE,3.755000000000841,0.71161,55.29725670391828,0.000491131382722702,0.0003013801275941752,0.0002584605192906375,0.6754664062253141,UP,UP,NORMAL,0,,,,0,,
442,2026-03-18 06:47:04.321374,8,USDCAD,1.369947,1.3695356,0.03003937977223452,1.369875,1.3695182,NONE,4.113999999999507,1.3707099999999999,66.78398165989447,0.0003578078477768818,0.00029107985455567587,0.0002109140685954203,0.9686814835242774,UP,UP,NORMAL,0,,,,0,,
443,2026-03-18 06:47:04.321374,8,NZDUSD,0.58616,0.585935,0.0384001638407043,0.58613,0.5859258,NONE,2.2500000000003073,0.58669,57.69430920846269,0.0003771760719947808,0.00028984453113667374,0.00020647128077980084,0.7423405878635128,UP,DOWN,NORMAL,0,,,,0,,
444,2026-03-18 06:47:04.321374,8,USDCHF,0.785336,0.7850322,0.038699049542181355,0.7853335,0.7850134,NONE,3.0380000000007623,0.78561,62.892356985002976,0.00023986997449637897,5.8611699844002274e-05,4.874986985257951e-05,0.9606821330325496,UP,UP,NORMAL,1,BUY,ACTIVE,,0,,"[{""name"": ""SECO Economic Forecasts"", ""impact"": ""LOW"", ""time"": ""2026-03-18 08:00:00"", ""currency"": ""CHF""}]"
445,2026-03-18 07:02:03.300474,9,EURUSD,1.153836,1.1521879166666666,0.1430394564544142,1.1538206666666668,1.15214675,NONE,16.480833333334388,1.15425,51.48479495390898,0.0004846119397548134,0.00022572314289903694,0.00019683066767538828,0.6494739253413206,UP,DOWN,NORMAL,0,,,,0,,"[{""name"": ""Final Core CPI y/y"", ""impact"": ""LOW"", ""time"": ""2026-03-18 10:00:00"", ""currency"": ""EUR""}, {""name"": ""Final CPI y/y"", ""impact"": ""LOW"", ""time"": ""2026-03-18 10:00:00"", ""currency"": ""EUR""}, {""name"": ""German 30-y Bond Auction"", ""impact"": ""LOW"", ""time"": ""2026-03-18 10:34:00"", ""currency"": ""EUR""}]"
446,2026-03-18 07:02:03.300474,9,GBPUSD,1.3362035,1.3350463333333333,0.08667614282551227,1.3361294999999997,1.3350016666666669,NONE,11.571666666667646,1.33654,49.572839896911766,0.0005073104272799591,0.00035777033648454193,0.0003396738954378863,0.6200300439536071,UP,DOWN,NORMAL,0,,,,0,,
447,2026-03-18 07:02:03.300474,9,USDJPY,158.68519999999998,159.07306875,-0.24383055727025693,158.679,159.0754125,NONE,38.7868750000024,158.731,45.246639145946624,0.07590269831926179,-0.07220376656891858,-0.06499254854328364,0.32088900631282885,DOWN,UP,NORMAL,0,,,,0,,
448,2026-03-18 07:02:03.300474,9,XAUUSD,5000.288,5000.7735999999995,-0.009710497591812129,5000.1092499999995,5000.51,NONE,48.55999999999767,5010.87,57.5175065656625,6.691546062222331,2.3710925763134583,-0.1370103988063328,0.8895359877575687,DOWN,DOWN,NORMAL,0,,,,0,,
449,2026-03-18 07:02:03.300474,9,AUDUSD,0.7112955000000001,0.710877,0.05887094391858217,0.7112310000000001,0.7108485999999999,NONE,4.1850000000009935,0.71197,60.11985966775554,0.0004896219982425012,0.0003247800609740281,0.0002746600401629352,0.7935221800208268,UP,UP,NORMAL,0,,,,0,,
450,2026-03-18 07:02:03.300474,9,USDCAD,1.3699955000000001,1.369552,0.03238285220276711,1.3699420000000002,1.3695336,NONE,4.435000000000411,1.37053,62.63806636748886,0.0003548011647724066,0.0002886023109618385,0.00022517536379233684,0.8329529540170306,UP,UP,NORMAL,0,,,,0,,
451,2026-03-18 07:02:03.300474,9,NZDUSD,0.586209,0.5859462,0.044850534059271564,0.5861575,0.585934,NONE,2.6280000000000747,0.58675,58.32517722402134,0.0003744185974645462,0.00028234315985709024,0.00022100747995709293,0.7461601974538038,UP,DOWN,NORMAL,0,,,,0,,
452,2026-03-18 07:02:03.300474,9,USDCHF,0.785332,0.7850468,0.03632904433213223,0.7853345,0.7850316,NONE,2.8519999999998547,0.7855,58.61156237449578,0.0002457466089711309,6.686206080919188e-05,5.198940206099896e-05,0.7949275307377451,UP,UP,NORMAL,0,,,,0,,"[{""name"": ""SECO Economic Forecasts"", ""impact"": ""LOW"", ""time"": ""2026-03-18 08:00:00"", ""currency"": ""CHF""}]"
453,2026-03-18 07:17:07.956244,10,EURUSD,1.1538422222222222,1.152231,0.13983500029266774,1.1538355555555555,1.15218775,NONE,16.112222222222083,1.15404,42.82670224415121,0.0004897405949676508,0.0001918760123433838,0.0001955844659537424,0.5309489760076072,UP,DOWN,NORMAL,1,SELL,ACTIVE,,0,,"[{""name"": ""Final Core CPI y/y"", ""impact"": ""LOW"", ""time"": ""2026-03-18 10:00:00"", ""currency"": ""EUR""}, {""name"": ""Final CPI y/y"", ""impact"": ""LOW"", ""time"": ""2026-03-18 10:00:00"", ""currency"": ""EUR""}, {""name"": ""German 30-y Bond Auction"", ""impact"": ""LOW"", ""time"": ""2026-03-18 10:34:00"", ""currency"": ""EUR""}]"
454,2026-03-18 07:17:07.956244,10,GBPUSD,1.3362559999999999,1.3350862222222224,0.08761814467910709,1.3362065,1.3350469999999999,NONE,11.69777777777492,1.3364,45.87669027582093,0.0005143319262076581,0.00032023070618381055,0.0003365510695528773,0.5531068193531936,UP,DOWN,NORMAL,1,SELL,ACTIVE,,0,,
455,2026-03-18 07:17:07.956244,10,USDJPY,158.72539999999998,159.07091874999998,-0.2172105075617391,158.6956,159.07339374999998,NONE,34.551874999999654,158.782,53.88344050383335,0.07687903619441622,-0.060917039695482345,-0.06351374307002443,0.4365578744750876,DOWN,UP,NORMAL,1,BUY,ACTIVE,,0,,
456,2026-03-18 07:17:07.956244,10,XAUUSD,5000.377750000001,5000.8726,-0.00989527307692527,5000.2595,5000.7508,NONE,49.48499999991327,5008.57,55.8066903688402,6.397651726802899,2.5652771466475315,0.38889668293410806,0.8069590963443432,DOWN,DOWN,NORMAL,0,,,,0,,
457,2026-03-18 07:17:07.956244,10,AUDUSD,0.7112955000000001,0.710888,0.0573226724885096,0.7112740000000001,0.7108684,NONE,4.075000000001161,0.71144,52.15363754582879,0.0004941387942863983,0.00025627418329332574,0.00026549454970067735,0.5653000806567158,UP,UP,NORMAL,1,SELL,ACTIVE,,0,,
458,2026-03-18 07:17:07.956244,10,USDCAD,1.3700945,1.3695804,0.03753704419251048,1.370007,1.3695566,NONE,5.140999999999618,1.37085,68.00906025170832,0.0003622643468805178,0.00032931510923517315,0.00024893892541654134,0.9682535214793477,UP,UP,NORMAL,0,,,,0,,
459,2026-03-18 07:17:07.956244,10,NZDUSD,0.5861935,0.5859416000000001,0.04299063251354257,0.5861885,0.5859380000000001,NONE,2.518999999999716,0.58623,49.89510845547541,0.0003823682894823855,0.00020963985664346207,0.0002135009068613114,0.5170382571643917,UP,DOWN,NORMAL,1,SELL,ACTIVE,,0,,
460,2026-03-18 07:17:07.956244,10,USDCHF,0.7853595,0.785069,0.03700311692347696,0.7853395,0.7850497999999999,NONE,2.9049999999997134,0.78578,67.26190635628564,0.0002437545042487031,0.00010601378651597937,6.470880886652793e-05,1.0721187370003513,UP,UP,NORMAL,1,SELL,ACTIVE,,0,,"[{""name"": ""SECO Economic Forecasts"", ""impact"": ""LOW"", ""time"": ""2026-03-18 08:00:00"", ""currency"": ""CHF""}]"
461,2026-03-18 07:32:04.453447,11,EURUSD,1.1538339999999998,1.1522685833333335,0.1358551894331626,1.1538357777777777,1.1522285833333332,NONE,15.654166666663194,1.15355,30.01373403822177,0.0004938697573922773,0.00010747143609646237,0.0001742604354809142,0.2828346947473721,UP,DOWN,NORMAL,0,,,,0,,"[{""name"": ""Final Core CPI y/y"", ""impact"": ""LOW"", ""time"": ""2026-03-18 10:00:00"", ""currency"": ""EUR""}, {""name"": ""Final CPI y/y"", ""impact"": ""LOW"", ""time"": ""2026-03-18 10:00:00"", ""currency"": ""EUR""}, {""name"": ""German 30-y Bond Auction"", ""impact"": ""LOW"", ""time"": ""2026-03-18 10:34:00"", ""currency"": ""EUR""}]"
462,2026-03-18 07:32:04.453447,11,GBPUSD,1.3362555,1.3351169999999999,0.08527342547508221,1.3362444999999998,1.3350836666666666,NONE,11.385000000001533,1.33581,34.541603809696355,0.0005242616984290707,0.00022218867140888499,0.00031074297738844164,0.3332182197320252,UP,DOWN,NORMAL,0,,,,0,,
463,2026-03-18 07:32:04.453447,11,USDJPY,158.77759999999998,159.0689375,-0.183151723132636,158.7352,159.071225,NONE,29.13375000000258,158.817,58.120391020010466,0.07926012544583477,-0.04881997201587751,-0.05994957575378213,0.5190868656790713,DOWN,UP,NORMAL,0,,,,0,,
464,2026-03-18 07:32:04.453447,11,XAUUSD,5000.519,5000.9336,-0.008290452006802571,5000.39475,5000.8862,NONE,41.4600000000064,5008.66,55.85792509841463,5.917987194402443,2.808492514520367,0.8814950515303777,0.7865124771462442,DOWN,DOWN,NORMAL,0,,,,0,,
465,2026-03-18 07:32:04.453447,11,AUDUSD,0.7113195,0.710905,0.05830596211870564,0.7112915,0.7108864,NONE,4.144999999999843,0.71132,50.36285309027441,0.00047644520693940597,0.0002120558831457675,0.0002537857337685911,0.5002323196401606,UP,UP,NORMAL,0,,,,0,,
466,2026-03-18 07:32:04.453447,11,USDCAD,1.3701729999999999,1.3696099999999998,0.041106592387620655,1.3700955,1.3695808,NONE,5.630000000000912,1.37097,69.58688804779484,0.00035572505679720397,0.0003538892964569662,0.0002701842702798713,0.9773607436923939,UP,UP,NORMAL,0,,,,0,,
467,2026-03-18 07:32:04.453447,11,NZDUSD,0.586179,0.5859344,0.04174528752707458,0.586179,0.5859358,NONE,2.4460000000003923,0.58595,45.90842931905723,0.0003800052483969155,0.0001357169120130841,0.0001942426833902582,0.3936737872130657,UP,DOWN,NORMAL,0,,,,0,,
468,2026-03-18 07:32:04.453447,11,USDCHF,0.7853975,0.785098,0.038148103803602625,0.785364,0.7850708000000001,NONE,2.995000000000081,0.78606,72.83409082572196,0.0002499659172105232,0.0001539844764256726,8.371266032706595e-05,1.1628699146847534,UP,UP,NORMAL,1,SELL,ACTIVE,,0,,"[{""name"": ""SECO Economic Forecasts"", ""impact"": ""LOW"", ""time"": ""2026-03-18 08:00:00"", ""currency"": ""CHF""}]"
469,2026-03-18 07:47:07.030079,12,EURUSD,1.153778,1.1522860833333335,0.1294745018833053,1.1538142222222223,1.1522611666666667,NONE,14.919166666664818,1.15227,15.821109270116764,0.0005229534905466394,-9.868112450406308e-05,0.0001083125793243794,-0.11326963109459615,UP,DOWN,NORMAL,1,BUY,ACTIVE,,0,,"[{""name"": ""Final Core CPI y/y"", ""impact"": ""LOW"", ""time"": ""2026-03-18 10:00:00"", ""currency"": ""EUR""}, {""name"": ""Final CPI y/y"", ""impact"": ""LOW"", ""time"": ""2026-03-18 10:00:00"", ""currency"": ""EUR""}, {""name"": ""German 30-y Bond Auction"", ""impact"": ""LOW"", ""time"": ""2026-03-18 10:34:00"", ""currency"": ""EUR""}]"
470,2026-03-18 07:47:07.030079,12,GBPUSD,1.3362005,1.3351244444444446,0.08059589950831131,1.336225,1.3351102222222222,NONE,10.760555555553442,1.33477,23.135810563323446,0.0005488433409075109,3.668481753371644e-05,0.0002481455904317425,0.019925924727481628,UP,DOWN,NORMAL,0,,,,0,,
471,2026-03-18 07:47:07.030079,12,USDJPY,158.79519999999997,159.06586875,-0.17016142565783907,158.77439999999999,159.0688375,NONE,27.06687500000271,158.816,57.49323650130575,0.07767521852623437,-0.042913553249121605,-0.05674658777706649,0.530207314191406,DOWN,UP,NORMAL,0,,,,0,,
472,2026-03-18 07:47:07.030079,12,XAUUSD,5000.1725,5000.6956,-0.010460544729024107,5000.35175,5000.799800000001,NONE,52.31000000003405,4998.7,48.09934951013008,6.543172697242751,1.7179708458143068,0.9634021761992368,0.5120107826940348,DOWN,DOWN,NORMAL,0,,,,0,,
473,2026-03-18 07:47:07.030079,12,AUDUSD,0.711362,0.7109184000000001,0.06239815990133163,0.7113164999999999,0.7109038000000001,NONE,4.4359999999998845,0.71102,45.964904804113395,0.0004855256513416869,0.0001523682354671596,0.00023273642214249876,0.31582494409481154,UP,UP,NORMAL,0,,,,0,,
474,2026-03-18 07:47:07.030079,12,USDCAD,1.3702515,1.3696403999999998,0.04461755070894505,1.3701765,1.3696114,NONE,6.111000000001976,1.37127,73.1367957817506,0.00035745898131168144,0.0003961026133081358,0.0002962613861789528,1.0324884485847243,UP,UP,NORMAL,1,SELL,ACTIVE,,0,,
475,2026-03-18 07:47:07.030079,12,NZDUSD,0.5861835,0.5859262,0.04391338021751133,0.5861735,0.5859321999999999,NONE,2.5730000000001585,0.58559,41.05471932730536,0.0003907191592257032,5.8885402732355985e-05,0.00016576723865470593,0.21893258676024352,UP,DOWN,NORMAL,0,,,,0,,
476,2026-03-18 07:47:07.030079,12,USDCHF,0.785468,0.7851400000000001,0.0417759889955925,0.7854155,0.7851052,NONE,3.2799999999999496,0.78652,78.95712477680013,0.0002691520251648693,0.00024305629109155902,0.0001201762582748364,1.167667090721612,UP,UP,NORMAL,1,SELL,ACTIVE,,0,,"[{""name"": ""SECO Economic Forecasts"", ""impact"": ""LOW"", ""time"": ""2026-03-18 08:00:00"", ""currency"": ""CHF""}]"
477,2026-03-18 08:02:05.746292,13,EURUSD,1.153758,1.1523185833333334,0.1249148184786594,1.153786,1.1522890833333332,NONE,14.39416666666693,1.15269,21.215964424833132,0.0005231031107822103,-0.00014777072290961257,6.169079067245284e-05,0.05519213721280675,UP,DOWN,NORMAL,1,BUY,ACTIVE,,0,,"[{""name"": ""Final Core CPI y/y"", ""impact"": ""LOW"", ""time"": ""2026-03-18 10:00:00"", ""currency"": ""EUR""}, {""name"": ""Final CPI y/y"", ""impact"": ""LOW"", ""time"": ""2026-03-18 10:00:00"", ""currency"": ""EUR""}, {""name"": ""German 30-y Bond Auction"", ""impact"": ""LOW"", ""time"": ""2026-03-18 10:34:00"", ""currency"": ""EUR""}]"
478,2026-03-18 08:02:05.746292,13,GBPUSD,1.3362465000000001,1.335156888888889,0.08160921912464798,1.336236,1.3351323333333334,NONE,10.896111111111662,1.33547,34.49248011360194,0.0005516195083472817,2.8623316578935132e-05,0.00021330324392330227,0.21184732556362834,UP,DOWN,NORMAL,0,,,,0,,
479,2026-03-18 08:02:05.746292,13,USDJPY,158.7928,159.0625875,-0.1696109086619798,158.7836,159.06550625,NONE,26.978750000000673,158.791,53.10565285969922,0.0797545396519111,-0.04236352767932772,-0.05461026065780342,0.4953696366584643,DOWN,UP,NORMAL,0,,,,0,,
480,2026-03-18 08:02:05.746292,13,XAUUSD,4999.8595,5000.4295999999995,-0.011401020424323368,5000.07925,5000.621,NONE,57.00999999999112,4993.84,44.917857173134784,6.9072092506978375,0.6446925839536561,0.8520522805421669,0.37802953370518905,DOWN,DOWN,NORMAL,1,SELL,ACTIVE,,0,,
481,2026-03-18 08:02:05.746292,13,AUDUSD,0.7114079999999999,0.7109408,0.06571573891945573,0.711373,0.7109228000000001,NONE,4.671999999998899,0.71118,48.17546006202975,0.00047191667624585425,0.00013393141113304807,0.00021578339714858785,0.36122782002776777,UP,UP,NORMAL,0,,,,0,,
482,2026-03-18 08:02:05.746292,13,USDCAD,1.3703085,1.3696616,0.04723064441611021,1.370237,1.3696346,NONE,6.469000000000058,1.37104,69.49060019622316,0.000343813952034332,0.000384077973410335,0.00031012327912378597,0.8994137282659515,UP,UP,NORMAL,0,,,,0,,
483,2026-03-18 08:02:05.746292,13,NZDUSD,0.5861995,0.5859272,0.0464733502728672,0.5861905000000001,0.585929,NONE,2.723000000000031,0.58562,41.320674266171444,0.0003775045254034545,1.590948095575584e-05,0.0001375825817017908,0.21494896775536476,UP,DOWN,NORMAL,0,,,,0,,
484,2026-03-18 08:02:05.746292,13,USDCHF,0.7855234999999999,0.7851728,0.04466532717383053,0.7854655,0.785139,NONE,3.5069999999992607,0.78653,79.11554125441167,0.0002749779009183978,0.0002852904115769883,0.00015256091229708324,1.0552440266369179,UP,UP,NORMAL,1,SELL,ACTIVE,,0,,"[{""name"": ""SECO Economic Forecasts"", ""impact"": ""LOW"", ""time"": ""2026-03-18 08:00:00"", ""currency"": ""CHF""}]"
485,2026-03-18 08:17:05.056330,14,EURUSD,1.153742888888889,1.1523458333333332,0.12123578834963208,1.1537608888888888,1.1523196666666669,NONE,13.97055555555804,1.15263,23.741976538695724,0.0005349055507032589,-0.0002038266266046751,1.0246566476297392e-05,0.0630381646956328,UP,DOWN,NORMAL,0,,,,0,,"[{""name"": ""Final Core CPI y/y"", ""impact"": ""LOW"", ""time"": ""2026-03-18 10:00:00"", ""currency"": ""EUR""}, {""name"": ""Final CPI y/y"", ""impact"": ""LOW"", ""time"": ""2026-03-18 10:00:00"", ""currency"": ""EUR""}, {""name"": ""German 30-y Bond Auction"", ""impact"": ""LOW"", ""time"": ""2026-03-18 10:34:00"", ""currency"": ""EUR""}]"
486,2026-03-18 08:17:05.056330,14,GBPUSD,1.336281,1.3351837777777777,0.0821776178293953,1.3362589999999999,1.3351596666666665,NONE,10.97222222222305,1.33567,39.80980767798682,0.000567936946725314,8.958512590862e-06,0.00017562518084769644,0.2580473688222405,UP,DOWN,NORMAL,0,,,,0,,
487,2026-03-18 08:17:05.056330,14,USDJPY,158.8306,159.0604875,-0.14452835120349394,158.8086,159.06308125,NONE,22.98874999999896,158.893,65.71319513400388,0.08172615416657045,-0.024822455683278122,-0.04764438057457957,0.7493672442997453,DOWN,UP,NORMAL,0,,,,0,,
488,2026-03-18 08:17:05.056330,14,XAUUSD,4999.58375,5000.1720000000005,-0.01176459529793572,4999.84,5000.414000000001,NONE,58.82500000006985,4991.66,43.53417059918175,7.401893643455329,-0.19236241246562713,0.6332137863851102,0.3257260596264831,DOWN,DOWN,NORMAL,0,,,,0,,
489,2026-03-18 08:17:05.056330,14,AUDUSD,0.71142,0.7109478,0.06641837839571818,0.7114,0.7109376000000001,NONE,4.722000000000337,0.71093,44.375346715094544,0.0004885654850854443,7.44129480517719e-05,0.00018546714208705152,0.17852087281989626,UP,UP,NORMAL,0,,,,0,,
490,2026-03-18 08:17:05.056330,14,USDCAD,1.3702865000000002,1.3696542000000003,0.0461649371060169,1.3702670000000001,1.3696450000000002,NONE,6.32299999999919,1.37021,50.78871285576584,0.00039226601668492417,0.0002710739893456715,0.00029171968897446533,0.45353627269213836,UP,UP,NORMAL,1,SELL,ACTIVE,,0,,
491,2026-03-18 08:17:05.056330,14,NZDUSD,0.586205,0.5859242,0.04792428781742928,0.586198,0.5859266000000001,NONE,2.8079999999996996,0.58554,40.22815712395839,0.00038712154909913577,-3.492182528952448e-05,0.00010269879432062471,0.1671037929455683,UP,DOWN,NORMAL,0,,,,0,,
492,2026-03-18 08:17:05.056330,14,USDCHF,0.785592,0.7852080000000001,0.048904239386229995,0.785532,0.7851762,NONE,3.8399999999982892,0.7867,80.91526089433435,0.0002812039692201484,0.00034228524718715736,0.00019267557984491146,1.0119236130180513,UP,UP,NORMAL,1,SELL,ACTIVE,,0,,"[{""name"": ""SECO Economic Forecasts"", ""impact"": ""LOW"", ""time"": ""2026-03-18 08:00:00"", ""currency"": ""CHF""}]"
493,2026-03-18 08:32:09.063641,15,EURUSD,1.1536964444444446,1.15236125,0.1158659616890651,1.1537297777777777,1.1523409166666667,NONE,13.351944444446318,1.15218,23.152398355015094,0.0005546793320556939,-0.0003257829704688131,-6.448982524319825e-05,0.029130045447959763,UP,DOWN,NORMAL,1,BUY,ACTIVE,,0,,"[{""name"": ""Final Core CPI y/y"", ""impact"": ""LOW"", ""time"": ""2026-03-18 10:00:00"", ""currency"": ""EUR""}, {""name"": ""Final CPI y/y"", ""impact"": ""LOW"", ""time"": ""2026-03-18 10:00:00"", ""currency"": ""EUR""}, {""name"": ""German 30-y Bond Auction"", ""impact"": ""LOW"", ""time"": ""2026-03-18 10:34:00"", ""currency"": ""EUR""}, {""name"": ""Core PPI m/m"", ""impact"": ""HIGH"", ""time"": ""2026-03-18 12:30:00"", ""currency"": ""USD""}, {""name"": ""PPI m/m"", ""impact"": ""HIGH"", ""time"": ""2026-03-18 12:30:00"", ""currency"": ""USD""}]"
494,2026-03-18 08:32:09.063641,15,GBPUSD,1.336181,1.3351855555555554,0.07455476433988734,1.336219,1.33517,NONE,9.954444444446597,1.3346,29.70525489518846,0.0006273549152486066,-0.00018390358233233428,8.789264758490164e-05,0.010804835139772748,UP,DOWN,HIGH,0,,,,0,,"[{""name"": ""Core PPI m/m"", ""impact"": ""HIGH"", ""time"": ""2026-03-18 12:30:00"", ""currency"": ""USD""}, {""name"": ""PPI m/m"", ""impact"": ""HIGH"", ""time"": ""2026-03-18 12:30:00"", ""currency"": ""USD""}]"
495,2026-03-18 08:32:09.063641,15,USDJPY,158.8664,159.05909375,-0.12114601275350814,158.84,159.06078125,NONE,19.269374999998945,158.963,71.86884946694568,0.08179163295059214,-0.007255238678567366,-0.03896666615549127,0.9102034243921525,DOWN,UP,NORMAL,0,,,,0,,"[{""name"": ""Core PPI m/m"", ""impact"": ""HIGH"", ""time"": ""2026-03-18 12:30:00"", ""currency"": ""USD""}, {""name"": ""PPI m/m"", ""impact"": ""HIGH"", ""time"": ""2026-03-18 12:30:00"", ""currency"": ""USD""}]"
496,2026-03-18 08:32:09.063641,15,XAUUSD,4999.38625,4999.9074,-0.010423193037544834,4999.52125,5000.122,NONE,52.115000000048894,4990.93,43.48149695945049,7.640398633165773,-1.009442604204196,0.2727736763582993,0.31866262536930107,DOWN,DOWN,NORMAL,0,,,,0,,"[{""name"": ""Core PPI m/m"", ""impact"": ""HIGH"", ""time"": ""2026-03-18 12:30:00"", ""currency"": ""USD""}, {""name"": ""PPI m/m"", ""impact"": ""HIGH"", ""time"": ""2026-03-18 12:30:00"", ""currency"": ""USD""}]"
497,2026-03-18 08:32:09.063641,15,AUDUSD,0.7113595,0.7109300000000001,0.060413824145833135,0.711382,0.7109326,NONE,4.294999999999716,0.71031,37.936387244319974,0.000533872032069142,-5.9333818841267316e-05,0.0001268066650011008,-0.02176552374182691,UP,UP,NORMAL,1,BUY,ACTIVE,,0,,
498,2026-03-18 08:32:09.063641,15,USDCAD,1.370328,1.3696815999999998,0.04719344992297174,1.370301,1.36966,NONE,6.46400000000158,1.3704,53.58707828196073,0.00040414497467682276,0.0002643414348781903,0.0002899454626566181,0.5448870386177681,UP,UP,NORMAL,0,,,,0,,"[{""name"": ""Foreign Securities Purchases"", ""impact"": ""LOW"", ""time"": ""2026-03-18 12:30:00"", ""currency"": ""CAD""}]"
499,2026-03-18 08:32:09.063641,15,NZDUSD,0.5861965,0.5859188,0.04739564594958335,0.5861985,0.5859216,NONE,2.7770000000004735,0.5855,40.40586255976094,0.000392582254775723,-8.36716048580044e-05,6.376545522564654e-05,0.15995030596523432,UP,DOWN,NORMAL,0,,,,0,,
500,2026-03-18 08:32:09.063641,15,USDCHF,0.785704,0.7852642,0.05600662808771752,0.78562,0.7852191999999999,NONE,4.397999999999902,0.78719,82.77472951737258,0.0003256077673370816,0.00044599266855716024,0.00025048657593493176,1.0277892210365895,UP,UP,NORMAL,1,SELL,ACTIVE,,0,,"[{""name"": ""SECO Economic Forecasts"", ""impact"": ""LOW"", ""time"": ""2026-03-18 08:00:00"", ""currency"": ""CHF""}]"
501,2026-03-18 08:47:04.906168,16,EURUSD,1.1536833333333334,1.1523902499999998,0.11220880542277721,1.1537055555555555,1.1523646666666667,NONE,12.930833333335556,1.15257,34.66402622779958,0.0005533259885639061,-0.0003243823065208762,-0.00011123527306567847,0.15851146755489148,UP,DOWN,NORMAL,0,,,,0,,"[{""name"": ""Final Core CPI y/y"", ""impact"": ""LOW"", ""time"": ""2026-03-18 10:00:00"", ""currency"": ""EUR""}, {""name"": ""Final CPI y/y"", ""impact"": ""LOW"", ""time"": ""2026-03-18 10:00:00"", ""currency"": ""EUR""}, {""name"": ""German 30-y Bond Auction"", ""impact"": ""LOW"", ""time"": ""2026-03-18 10:34:00"", ""currency"": ""EUR""}, {""name"": ""Core PPI m/m"", ""impact"": ""HIGH"", ""time"": ""2026-03-18 12:30:00"", ""currency"": ""USD""}, {""name"": ""PPI m/m"", ""impact"": ""HIGH"", ""time"": ""2026-03-18 12:30:00"", ""currency"": ""USD""}]"
502,2026-03-18 08:47:04.906168,16,GBPUSD,1.336097,1.335198111111111,0.06732251052549623,1.3361785000000002,1.3351849999999998,NONE,8.988888888890045,1.3342100000000001,25.361077210963074,0.0006224468580598938,-0.0002896018565579084,1.1755570118156093e-05,-0.011032972634358382,UP,DOWN,NORMAL,1,BUY,ACTIVE,,0,,"[{""name"": ""Core PPI m/m"", ""impact"": ""HIGH"", ""time"": ""2026-03-18 12:30:00"", ""currency"": ""USD""}, {""name"": ""PPI m/m"", ""impact"": ""HIGH"", ""time"": ""2026-03-18 12:30:00"", ""currency"": ""USD""}]"
503,2026-03-18 08:47:04.906168,16,USDJPY,158.9032,159.0573625,-0.0969225803678295,158.8686,159.0591625,NONE,15.416250000001241,158.974,72.72013722648909,0.07825549590310231,0.005208442431836602,-0.02999124557762688,0.9129795188412229,DOWN,UP,NORMAL,0,,,,0,,"[{""name"": ""Core PPI m/m"", ""impact"": ""HIGH"", ""time"": ""2026-03-18 12:30:00"", ""currency"": ""USD""}, {""name"": ""PPI m/m"", ""impact"": ""HIGH"", ""time"": ""2026-03-18 12:30:00"", ""currency"": ""USD""}]"
504,2026-03-18 08:47:04.906168,16,XAUUSD,4998.85625,4999.4854,-0.01258429517565456,4999.247249999999,4999.7962,NONE,62.91499999997541,4984.26,39.193877025930085,8.432382501897285,-2.3563752434783964,-0.3240213497742971,0.17509298317187683,DOWN,DOWN,NORMAL,0,,,,0,,"[{""name"": ""Core PPI m/m"", ""impact"": ""HIGH"", ""time"": ""2026-03-18 12:30:00"", ""currency"": ""USD""}, {""name"": ""PPI m/m"", ""impact"": ""HIGH"", ""time"": ""2026-03-18 12:30:00"", ""currency"": ""USD""}]"
505,2026-03-18 08:47:04.906168,16,AUDUSD,0.7113195,0.7109298,0.054815538749402315,0.711361,0.7109306000000001,NONE,3.8970000000004834,0.7103,37.99748524372179,0.0005165036216152215,-0.0001148953970160349,7.884915858057668e-05,0.03790737463897367,UP,UP,NORMAL,0,,,,0,,
506,2026-03-18 08:47:04.906168,16,USDCAD,1.3703215,1.3696888,0.04619297463773746,1.3703130000000001,1.3696756,NONE,6.326999999999305,1.37008,48.272659905141815,0.0004157366601590859,0.00019392516232730195,0.0002669123427616891,0.3477561876113475,UP,UP,NORMAL,0,,,,0,,"[{""name"": ""Foreign Securities Purchases"", ""impact"": ""LOW"", ""time"": ""2026-03-18 12:30:00"", ""currency"": ""CAD""}]"
507,2026-03-18 08:47:04.906168,16,NZDUSD,0.5861985,0.5859258,0.04654172934523511,0.586208,0.5859234,NONE,2.7269999999990358,0.58569,44.12419508587648,0.0003858161753529696,-8.346493072097783e-05,3.7254990571923376e-05,0.24891886561566082,UP,DOWN,NORMAL,0,,,,0,,
508,2026-03-18 08:47:04.906168,16,USDCHF,0.7857594999999999,0.7852918,0.05955747914341647,0.7856845,0.7852564,NONE,4.676999999999598,0.78682,70.9667812877687,0.0003402582329354615,0.0004336267392310855,0.0002821368308163877,0.8760753788637011,UP,UP,NORMAL,0,,,,0,,"[{""name"": ""SECO Economic Forecasts"", ""impact"": ""LOW"", ""time"": ""2026-03-18 08:00:00"", ""currency"": ""CHF""}]"
509,2026-03-18 09:02:06.085340,17,EURUSD,1.153688,1.1524243333333333,0.10965289695087203,1.1536982222222223,1.1523958333333333,NONE,12.63666666666774,1.15313,47.2983463638899,0.0005654521012172371,-0.0002592751089662837,-0.00013229167329423938,0.3199841492985191,UP,DOWN,NORMAL,0,,,,0,,"[{""name"": ""Final Core CPI y/y"", ""impact"": ""LOW"", ""time"": ""2026-03-18 10:00:00"", ""currency"": ""EUR""}, {""name"": ""Final CPI y/y"", ""impact"": ""LOW"", ""time"": ""2026-03-18 10:00:00"", ""currency"": ""EUR""}, {""name"": ""German 30-y Bond Auction"", ""impact"": ""LOW"", ""time"": ""2026-03-18 10:34:00"", ""currency"": ""EUR""}, {""name"": ""Core PPI m/m"", ""impact"": ""HIGH"", ""time"": ""2026-03-18 12:30:00"", ""currency"": ""USD""}, {""name"": ""PPI m/m"", ""impact"": ""HIGH"", ""time"": ""2026-03-18 12:30:00"", ""currency"": ""USD""}]"
510,2026-03-18 09:02:06.085340,17,GBPUSD,1.3360774999999998,1.3352292222222222,0.06353049825900602,1.336136,1.3352067777777779,NONE,8.482777777776285,1.33474,35.35121042135239,0.000633736236701025,-0.00027566889264551975,-3.577376687902935e-05,0.1316275141368326,UP,DOWN,NORMAL,0,,,,0,,"[{""name"": ""Core PPI m/m"", ""impact"": ""HIGH"", ""time"": ""2026-03-18 12:30:00"", ""currency"": ""USD""}, {""name"": ""PPI m/m"", ""impact"": ""HIGH"", ""time"": ""2026-03-18 12:30:00"", ""currency"": ""USD""}]"
511,2026-03-18 09:02:06.085340,17,USDJPY,158.9462,159.05608125,-0.06908333786200382,158.8982,159.05720625,NONE,10.988125000000082,158.998,72.06359698846356,0.07921683803247047,0.014601354551132317,-0.021391813870963266,0.9422729367804161,DOWN,UP,NORMAL,0,,,,0,,"[{""name"": ""Core PPI m/m"", ""impact"": ""HIGH"", ""time"": ""2026-03-18 12:30:00"", ""currency"": ""USD""}, {""name"": ""PPI m/m"", ""impact"": ""HIGH"", ""time"": ""2026-03-18 12:30:00"", ""currency"": ""USD""}]"
512,2026-03-18 09:02:06.085340,17,XAUUSD,4998.691000000001,4999.2973999999995,-0.012129704466046715,4998.93925,4999.5518,NONE,60.63999999987573,4989.18,43.03730844955992,8.235307450605816,-2.4403550988699863,-0.7049131708184825,0.2964585922315698,DOWN,DOWN,NORMAL,0,,,,0,,"[{""name"": ""Core PPI m/m"", ""impact"": ""HIGH"", ""time"": ""2026-03-18 12:30:00"", ""currency"": ""USD""}, {""name"": ""PPI m/m"", ""impact"": ""HIGH"", ""time"": ""2026-03-18 12:30:00"", ""currency"": ""USD""}]"
513,2026-03-18 09:02:06.085340,17,AUDUSD,0.7113295,0.7109422000000001,0.05447700249047929,0.7113455,0.7109402,NONE,3.872999999998683,0.71061,43.4947107873752,0.0005264472404794458,-0.00010223582603763326,4.926919869397969e-05,0.16070839369408413,UP,UP,NORMAL,0,,,,0,,
514,2026-03-18 09:02:06.085340,17,USDCAD,1.3702845,1.3696957999999997,0.04298034643898446,1.3702995000000002,1.3696799999999998,NONE,5.887000000002196,1.36971,43.35473122432488,0.00043599016402530184,9.868014292147009e-05,0.0002276499483777224,0.1720287055890228,UP,UP,NORMAL,0,,,,0,,"[{""name"": ""Foreign Securities Purchases"", ""impact"": ""LOW"", ""time"": ""2026-03-18 12:30:00"", ""currency"": ""CAD""}]"
515,2026-03-18 09:02:06.085340,17,NZDUSD,0.5862295000000001,0.5859392,0.04954438958855742,0.5862205,0.5859346,NONE,2.903000000000766,0.58593,48.22437612410061,0.0004045333873175547,-5.048164337917438e-05,2.5323618197644474e-05,0.3456050832318026,UP,DOWN,NORMAL,0,,,,0,,
516,2026-03-18 09:02:06.085340,17,USDCHF,0.7857815,0.7853094,0.06011643308993567,0.785728,0.7852792,NONE,4.720999999999753,0.7863,58.402500221758146,0.00037115815507271965,0.0003630880806967385,0.00029028605515142326,0.6937366064595708,UP,UP,HIGH,0,,,,0,,
517,2026-03-18 09:17:04.086188,18,EURUSD,1.1536464444444445,1.1524438333333331,0.10435312128253407,1.1536746666666666,1.1524193333333332,NONE,12.02611111111418,1.15302,47.758784527933,0.0005851553425002922,-0.0002929143286400926,-0.00017207432402150608,0.31808139716832223,DOWN,DOWN,NORMAL,0,,,,0,,"[{""name"": ""Final Core CPI y/y"", ""impact"": ""LOW"", ""time"": ""2026-03-18 10:00:00"", ""currency"": ""EUR""}, {""name"": ""Final CPI y/y"", ""impact"": ""LOW"", ""time"": ""2026-03-18 10:00:00"", ""currency"": ""EUR""}, {""name"": ""German 30-y Bond Auction"", ""impact"": ""LOW"", ""time"": ""2026-03-18 10:34:00"", ""currency"": ""EUR""}, {""name"": ""Core PPI m/m"", ""impact"": ""HIGH"", ""time"": ""2026-03-18 12:30:00"", ""currency"": ""USD""}, {""name"": ""PPI m/m"", ""impact"": ""HIGH"", ""time"": ""2026-03-18 12:30:00"", ""currency"": ""USD""}]"
518,2026-03-18 09:17:04.086188,18,GBPUSD,1.3359865,1.3352506666666668,0.055108254330259926,1.336054,1.335224,NONE,7.358333333331579,1.33477,40.65690981090255,0.0006500435814386228,-0.0003369151612071519,-0.00010200090614351532,0.1932405307790708,UP,DOWN,NORMAL,0,,,,0,,"[{""name"": ""Core PPI m/m"", ""impact"": ""HIGH"", ""time"": ""2026-03-18 12:30:00"", ""currency"": ""USD""}, {""name"": ""PPI m/m"", ""impact"": ""HIGH"", ""time"": ""2026-03-18 12:30:00"", ""currency"": ""USD""}]"
519,2026-03-18 09:17:04.086188,18,USDJPY,158.9856,159.05505624999998,-0.04366805534984265,158.9562,159.05639374999998,NONE,6.945624999997335,159.017,69.20873427994222,0.07964012511178369,0.02795175382161119,-0.01088492369427193,0.9188216772706034,DOWN,UP,NORMAL,0,,,,0,,"[{""name"": ""Core PPI m/m"", ""impact"": ""HIGH"", ""time"": ""2026-03-18 12:30:00"", ""currency"": ""USD""}, {""name"": ""PPI m/m"", ""impact"": ""HIGH"", ""time"": ""2026-03-18 12:30:00"", ""currency"": ""USD""}]"
520,2026-03-18 09:17:04.086188,18,XAUUSD,4998.24575,4998.9392,-0.013871943071437177,4998.62,4999.240600000001,NONE,69.3449999999757,4985.16,40.222091947100544,7.5349574066417375,-3.181439805834998,-1.2364669308700986,0.21422531259586106,DOWN,DOWN,NORMAL,0,,,,0,,"[{""name"": ""Core PPI m/m"", ""impact"": ""HIGH"", ""time"": ""2026-03-18 12:30:00"", ""currency"": ""USD""}, {""name"": ""PPI m/m"", ""impact"": ""HIGH"", ""time"": ""2026-03-18 12:30:00"", ""currency"": ""USD""}]"
521,2026-03-18 09:17:04.086188,18,AUDUSD,0.7112615,0.7109456000000001,0.044433779462159206,0.7113115,0.7109350000000001,NONE,3.1589999999992457,0.71052,43.66689097249973,0.0005334357028941667,-0.00015300404879192708,4.2196774019442724e-06,0.18341117060787338,UP,UP,NORMAL,0,,,,0,,
522,2026-03-18 09:17:04.086188,18,USDCAD,1.370287,1.3697202000000002,0.04138071410495862,1.3702975,1.369701,NONE,5.667999999998674,1.36964,43.179944535131675,0.0004425010706765396,6.08626542739632e-05,0.0001976110080754753,0.13040263303000288,UP,UP,NORMAL,0,,,,0,,"[{""name"": ""Foreign Securities Purchases"", ""impact"": ""LOW"", ""time"": ""2026-03-18 12:30:00"", ""currency"": ""CAD""}]"
523,2026-03-18 09:17:04.086188,18,NZDUSD,0.5861985,0.5859374,0.04456107427174013,0.586213,0.5859326,NONE,2.6109999999990308,0.58582,47.283411863726656,0.00041267896169283044,-8.066428769215594e-05,-8.592879226665501e-08,0.31384491776618434,UP,DOWN,NORMAL,0,,,,0,,
524,2026-03-18 09:17:04.086188,18,USDCHF,0.7859025,0.7853808000000001,0.06642637558746625,0.785824,0.7853264,NONE,5.216999999998473,0.7868,61.568478248249384,0.00042689175624099776,0.0004352975621106925,0.0003301373593922732,0.801110258104291,UP,UP,HIGH,0,,,,0,,
525,2026-03-18 09:32:03.291261,19,EURUSD,1.1536388888888889,1.1524782500000001,0.10070809482857761,1.1536566666666668,1.1524476666666668,NONE,11.60638888888732,1.15343,53.38837928692871,0.0005885809170028377,-0.00021739395105879744,-0.00017526702435772542,0.4365459477323612,DOWN,DOWN,NORMAL,0,,,,0,,"[{""name"": ""Final Core CPI y/y"", ""impact"": ""LOW"", ""time"": ""2026-03-18 10:00:00"", ""currency"": ""EUR""}, {""name"": ""Final CPI y/y"", ""impact"": ""LOW"", ""time"": ""2026-03-18 10:00:00"", ""currency"": ""EUR""}, {""name"": ""German 30-y Bond Auction"", ""impact"": ""LOW"", ""time"": ""2026-03-18 10:34:00"", ""currency"": ""EUR""}, {""name"": ""Core PPI m/m"", ""impact"": ""HIGH"", ""time"": ""2026-03-18 12:30:00"", ""currency"": ""USD""}, {""name"": ""PPI m/m"", ""impact"": ""HIGH"", ""time"": ""2026-03-18 12:30:00"", ""currency"": ""USD""}]"
526,2026-03-18 09:32:03.291261,19,GBPUSD,1.3359795,1.3352807777777778,0.05232773764519963,1.3360125,1.3352564444444444,NONE,6.987222222223366,1.33539,49.99757068246388,0.0006573204176966422,-0.0002702001766421436,-0.0001290037232062315,0.3487171951904082,UP,DOWN,NORMAL,0,,,,0,,"[{""name"": ""Core PPI m/m"", ""impact"": ""HIGH"", ""time"": ""2026-03-18 12:30:00"", ""currency"": ""USD""}, {""name"": ""PPI m/m"", ""impact"": ""HIGH"", ""time"": ""2026-03-18 12:30:00"", ""currency"": ""USD""}]"
527,2026-03-18 09:32:03.291261,19,USDJPY,158.9732,159.0526125,-0.04992844741862877,158.9726,159.05465,NONE,7.941250000001787,158.943,57.29615559823776,0.07989542229767621,0.025061444710615888,-0.004525279642923746,0.7680138037174955,DOWN,UP,NORMAL,0,,,,0,,"[{""name"": ""Core PPI m/m"", ""impact"": ""HIGH"", ""time"": ""2026-03-18 12:30:00"", ""currency"": ""USD""}, {""name"": ""PPI m/m"", ""impact"": ""HIGH"", ""time"": ""2026-03-18 12:30:00"", ""currency"": ""USD""}]"
528,2026-03-18 09:32:03.291261,19,XAUUSD,4998.218999999999,4998.8888,-0.013398977788835347,4998.42625,4999.0836,NONE,66.98000000005777,4993.98,47.14981464678237,7.7515961444684205,-2.4000349459120116,-1.3770278273258933,0.4078805952287289,DOWN,DOWN,NORMAL,0,,,,0,,"[{""name"": ""Core PPI m/m"", ""impact"": ""HIGH"", ""time"": ""2026-03-18 12:30:00"", ""currency"": ""USD""}, {""name"": ""PPI m/m"", ""impact"": ""HIGH"", ""time"": ""2026-03-18 12:30:00"", ""currency"": ""USD""}]"
529,2026-03-18 09:32:03.291261,19,AUDUSD,0.7112645,0.7109818,0.03976191795626401,0.7112845,0.7109548,NONE,2.826999999999691,0.71092,48.59310701537964,0.0005449760098303028,-0.00010829584850835516,-1.241220270889444e-05,0.34870233842978365,UP,UP,NORMAL,0,,,,0,,
530,2026-03-18 09:32:03.291261,19,USDCAD,1.3702295,1.3697210000000002,0.03712434868121323,1.3702675,1.3697124,NONE,5.084999999998008,1.36938,41.0345944664168,0.0004575775248118944,-3.0470892192990817e-05,0.00014701685024400723,0.08726984698913554,UP,UP,NORMAL,0,,,,0,,"[{""name"": ""Foreign Securities Purchases"", ""impact"": ""LOW"", ""time"": ""2026-03-18 12:30:00"", ""currency"": ""CAD""}]"
531,2026-03-18 09:32:03.291261,19,NZDUSD,0.5862185,0.5859504000000001,0.04575472599726569,0.586212,0.5859428,NONE,2.680999999998823,0.58609,50.96210324680578,0.00041559985218415365,-4.459970284609316e-05,-5.5425297568692e-06,0.4355778987345538,UP,DOWN,NORMAL,0,,,,0,,
532,2026-03-18 09:32:03.291261,19,USDCHF,0.7859615,0.785424,0.06843437429973728,0.7858924999999999,0.7853768,NONE,5.374999999999686,0.7866,58.57531212274428,0.0004341035695707304,0.00040551421957513156,0.00034266002487612845,0.7180519583240104,UP,UP,HIGH,0,,,,0,,
533,2026-03-18 09:47:03.948335,20,EURUSD,1.1536413333333335,1.1525193333333335,0.09735194608449668,1.1536475555555556,1.1524815000000002,NONE,11.220000000000674,1.15372,56.76313979034053,0.000592649455681302,-0.00013734374405305338,-0.00016270459051901618,0.5227466116803081,DOWN,DOWN,NORMAL,1,BUY,ACTIVE,,0,,"[{""name"": ""Final Core CPI y/y"", ""impact"": ""LOW"", ""time"": ""2026-03-18 10:00:00"", ""currency"": ""EUR""}, {""name"": ""Final CPI y/y"", ""impact"": ""LOW"", ""time"": ""2026-03-18 10:00:00"", ""currency"": ""EUR""}, {""name"": ""German 30-y Bond Auction"", ""impact"": ""LOW"", ""time"": ""2026-03-18 10:34:00"", ""currency"": ""EUR""}, {""name"": ""Core PPI m/m"", ""impact"": ""HIGH"", ""time"": ""2026-03-18 12:30:00"", ""currency"": ""USD""}, {""name"": ""PPI m/m"", ""impact"": ""HIGH"", ""time"": ""2026-03-18 12:30:00"", ""currency"": ""USD""}]"
534,2026-03-18 09:47:03.948335,20,GBPUSD,1.3359845,1.335315888888889,0.0500713813618505,1.336007,1.335286888888889,NONE,6.686111111109394,1.3359,56.19097155764097,0.0006585364522281043,-0.00017279264802483318,-0.00013074156515000384,0.47802194559854155,UP,DOWN,NORMAL,0,,,,0,,"[{""name"": ""Core PPI m/m"", ""impact"": ""HIGH"", ""time"": ""2026-03-18 12:30:00"", ""currency"": ""USD""}, {""name"": ""PPI m/m"", ""impact"": ""HIGH"", ""time"": ""2026-03-18 12:30:00"", ""currency"": ""USD""}]"
535,2026-03-18 09:47:03.948335,20,USDJPY,158.9604,159.05036875,-0.056566200196248875,158.96499999999997,159.05235625,NONE,8.996874999999704,158.951,57.49039011563515,0.08088758601110801,0.024686793893579306,0.0007938302210721785,0.7695721467016079,DOWN,UP,NORMAL,0,,,,0,,"[{""name"": ""Core PPI m/m"", ""impact"": ""HIGH"", ""time"": ""2026-03-18 12:30:00"", ""currency"": ""USD""}, {""name"": ""PPI m/m"", ""impact"": ""HIGH"", ""time"": ""2026-03-18 12:30:00"", ""currency"": ""USD""}]"
536,2026-03-18 09:47:03.948335,20,XAUUSD,4997.928750000001,4998.638000000001,-0.014188865046836427,4998.196750000001,4998.871,NONE,70.92499999998836,4992.19,45.84175075905406,6.981980368727908,-2.40932615971451,-1.594847037963112,0.3501778876862861,DOWN,DOWN,NORMAL,0,,,,0,,"[{""name"": ""Core PPI m/m"", ""impact"": ""HIGH"", ""time"": ""2026-03-18 12:30:00"", ""currency"": ""USD""}, {""name"": ""PPI m/m"", ""impact"": ""HIGH"", ""time"": ""2026-03-18 12:30:00"", ""currency"": ""USD""}]"
537,2026-03-18 09:47:03.948335,20,AUDUSD,0.7112695,0.7110076,0.03683504930186922,0.7112814999999999,0.7109886,NONE,2.619000000000371,0.71118,51.4099098628609,0.0005460491519852798,-5.910220232285823e-05,-1.7410601492060364e-05,0.4602512254043982,UP,UP,NORMAL,0,,,,0,,
538,2026-03-18 09:47:03.948335,20,USDCAD,1.3701824999999999,1.3697236000000002,0.03350310967845679,1.3702204999999998,1.3697174,NONE,4.588999999997068,1.36925,39.321849127032614,0.0004459648444681909,-9.876310930279075e-05,9.556342243719394e-05,0.09307584817090467,UP,UP,NORMAL,0,,,,0,,"[{""name"": ""Foreign Securities Purchases"", ""impact"": ""LOW"", ""time"": ""2026-03-18 12:30:00"", ""currency"": ""CAD""}, {""name"": ""BOC Rate Statement"", ""impact"": ""HIGH"", ""time"": ""2026-03-18 13:45:00"", ""currency"": ""CAD""}, {""name"": ""Overnight Rate"", ""impact"": ""HIGH"", ""time"": ""2026-03-18 13:45:00"", ""currency"": ""CAD""}]"
539,2026-03-18 09:47:03.948335,20,NZDUSD,0.5862345,0.585975,0.04428516574938659,0.5862295,0.5859548,NONE,2.594999999999681,0.58629,53.48944728189769,0.00041244476070161193,-3.2062723135384275e-06,-2.267301060223838e-06,0.5278507527752988,UP,DOWN,NORMAL,0,,,,0,,
540,2026-03-18 09:47:03.948335,20,USDCHF,0.786008,0.7854616,0.0695641900253377,0.7859484999999999,0.7854188000000001,NONE,5.4640000000005795,0.78642,55.77645966714138,0.0004393206615401629,0.000359685865076953,0.00034274667439777086,0.6452858283437903,UP,UP,HIGH,0,,,,0,,
541,2026-03-18 10:02:05.033150,21,EURUSD,1.1536422222222222,1.1525610833333333,0.0938031749052442,1.1536444444444445,1.1525205,NONE,10.81138888888944,1.1539,59.79531827679639,0.0005851696281824838,-7.44543450392765e-05,-0.00014326764683614008,0.5801797197031402,DOWN,DOWN,NORMAL,0,,,,0,,"[{""name"": ""Final Core CPI y/y"", ""impact"": ""LOW"", ""time"": ""2026-03-18 10:00:00"", ""currency"": ""EUR""}, {""name"": ""Final CPI y/y"", ""impact"": ""LOW"", ""time"": ""2026-03-18 10:00:00"", ""currency"": ""EUR""}, {""name"": ""German 30-y Bond Auction"", ""impact"": ""LOW"", ""time"": ""2026-03-18 10:34:00"", ""currency"": ""EUR""}, {""name"": ""Core PPI m/m"", ""impact"": ""HIGH"", ""time"": ""2026-03-18 12:30:00"", ""currency"": ""USD""}, {""name"": ""PPI m/m"", ""impact"": ""HIGH"", ""time"": ""2026-03-18 12:30:00"", ""currency"": ""USD""}, {""name"": ""Factory Orders m/m"", ""impact"": ""LOW"", ""time"": ""2026-03-18 14:00:00"", ""currency"": ""USD""}]"
542,2026-03-18 10:02:05.033150,21,GBPUSD,1.3359415000000001,1.335341111111111,0.04496146219818346,1.335988,1.3353166666666667,NONE,6.003888888890252,1.3358400000000001,54.82252727727375,0.0006530732651605477,-0.00012935677836800608,-0.00012957116050017574,0.4731054601885325,UP,DOWN,NORMAL,1,BUY,ACTIVE,,0,,"[{""name"": ""Core PPI m/m"", ""impact"": ""HIGH"", ""time"": ""2026-03-18 12:30:00"", ""currency"": ""USD""}, {""name"": ""PPI m/m"", ""impact"": ""HIGH"", ""time"": ""2026-03-18 12:30:00"", ""currency"": ""USD""}, {""name"": ""Factory Orders m/m"", ""impact"": ""LOW"", ""time"": ""2026-03-18 14:00:00"", ""currency"": ""USD""}]"
543,2026-03-18 10:02:05.033150,21,USDJPY,158.95279999999997,159.0488125,-0.06036668774249976,158.95239999999998,159.05011875,NONE,9.601250000002892,158.951,58.17646429141418,0.0788394931327634,0.024210795900529547,0.004966682046422494,0.7512869318987417,DOWN,UP,NORMAL,0,,,,0,,"[{""name"": ""Core PPI m/m"", ""impact"": ""HIGH"", ""time"": ""2026-03-18 12:30:00"", ""currency"": ""USD""}, {""name"": ""PPI m/m"", ""impact"": ""HIGH"", ""time"": ""2026-03-18 12:30:00"", ""currency"": ""USD""}, {""name"": ""Factory Orders m/m"", ""impact"": ""LOW"", ""time"": ""2026-03-18 14:00:00"", ""currency"": ""USD""}]"
544,2026-03-18 10:02:05.033150,21,XAUUSD,4997.439,4998.370800000001,-0.018642074333506706,4997.927000000001,4998.636600000001,NONE,93.1800000000294,4990.4,44.58745388099668,6.574758683399525,-2.4806276952876942,-1.7728966167215208,0.30021345606461636,DOWN,DOWN,NORMAL,0,,,,0,,"[{""name"": ""Core PPI m/m"", ""impact"": ""HIGH"", ""time"": ""2026-03-18 12:30:00"", ""currency"": ""USD""}, {""name"": ""PPI m/m"", ""impact"": ""HIGH"", ""time"": ""2026-03-18 12:30:00"", ""currency"": ""USD""}, {""name"": ""Factory Orders m/m"", ""impact"": ""LOW"", ""time"": ""2026-03-18 14:00:00"", ""currency"": ""USD""}]"
545,2026-03-18 10:02:05.033150,21,AUDUSD,0.7112550000000001,0.7110284,0.03186933180166597,0.711272,0.7110086,NONE,2.2660000000007674,0.71105,49.75548842621118,0.0005381680901087768,-4.842731989418425e-05,-2.297576853431935e-05,0.40912876990618574,UP,UP,NORMAL,0,,,,0,,
546,2026-03-18 10:02:05.033150,21,USDCAD,1.370142,1.3697212,0.03072158042088331,1.3701785,1.369722,NONE,4.207999999998879,1.36914,37.7810519191969,0.00042854898823065514,-0.0001535951549109793,4.471062434650824e-05,0.09718807318827738,UP,UP,NORMAL,0,,,,0,,"[{""name"": ""Foreign Securities Purchases"", ""impact"": ""LOW"", ""time"": ""2026-03-18 12:30:00"", ""currency"": ""CAD""}, {""name"": ""BOC Rate Statement"", ""impact"": ""HIGH"", ""time"": ""2026-03-18 13:45:00"", ""currency"": ""CAD""}, {""name"": ""Overnight Rate"", ""impact"": ""HIGH"", ""time"": ""2026-03-18 13:45:00"", ""currency"": ""CAD""}]"
547,2026-03-18 10:02:05.033150,21,NZDUSD,0.586223,0.5859932,0.03921547212494236,0.5862345,0.585975,NONE,2.2980000000005774,0.58624,52.69255756234276,0.0003967599308555769,1.1522524437146409e-05,4.906640392502113e-07,0.5085838813111485,UP,DOWN,NORMAL,1,BUY,ACTIVE,,0,,
548,2026-03-18 10:02:05.033150,21,USDCHF,0.7860354999999999,0.7854886000000001,0.06962545350751044,0.785991,0.7854548,NONE,5.468999999997948,0.78609,51.44985263545948,0.0004291140836750441,0.0002886658175733636,0.00032759090189329816,0.520107731377881,UP,UP,HIGH,0,,,,0,,
549,2026-03-18 10:17:03.035343,22,EURUSD,1.1536571111111111,1.1526059166666667,0.09120154852965794,1.1536493333333333,1.1525637499999999,NONE,10.511944444444588,1.1542,63.60959966148974,0.000588314080237186,1.0557084577644815e-05,-0.00010841837006903681,0.6621253049129098,DOWN,DOWN,NORMAL,0,,,,0,,"[{""name"": ""Final Core CPI y/y"", ""impact"": ""LOW"", ""time"": ""2026-03-18 10:00:00"", ""currency"": ""EUR""}, {""name"": ""Final CPI y/y"", ""impact"": ""LOW"", ""time"": ""2026-03-18 10:00:00"", ""currency"": ""EUR""}, {""name"": ""German 30-y Bond Auction"", ""impact"": ""LOW"", ""time"": ""2026-03-18 10:34:00"", ""currency"": ""EUR""}, {""name"": ""Core PPI m/m"", ""impact"": ""HIGH"", ""time"": ""2026-03-18 12:30:00"", ""currency"": ""USD""}, {""name"": ""PPI m/m"", ""impact"": ""HIGH"", ""time"": ""2026-03-18 12:30:00"", ""currency"": ""USD""}, {""name"": ""Factory Orders m/m"", ""impact"": ""LOW"", ""time"": ""2026-03-18 14:00:00"", ""currency"": ""USD""}]"
550,2026-03-18 10:17:03.035343,22,GBPUSD,1.3359115000000001,1.3353892222222221,0.039110528158142636,1.3359485000000002,1.3353426666666668,NONE,5.222777777780241,1.33588,55.20360573852138,0.0006453985745293202,-8.641309905144112e-05,-0.00011915265362350065,0.4915315249753494,UP,DOWN,NORMAL,0,,,,0,,"[{""name"": ""Core PPI m/m"", ""impact"": ""HIGH"", ""time"": ""2026-03-18 12:30:00"", ""currency"": ""USD""}, {""name"": ""PPI m/m"", ""impact"": ""HIGH"", ""time"": ""2026-03-18 12:30:00"", ""currency"": ""USD""}, {""name"": ""Factory Orders m/m"", ""impact"": ""LOW"", ""time"": ""2026-03-18 14:00:00"", ""currency"": ""USD""}]"
551,2026-03-18 10:17:03.035343,22,USDJPY,158.94400000000002,159.04901875000002,-0.06602917190270265,158.9536,159.0488375,NONE,10.501874999999927,159.0,63.9320772357167,0.07875912117430153,0.03021712974748425,0.010067825717688963,0.8127265569888328,DOWN,UP,NORMAL,0,,,,0,,"[{""name"": ""Core PPI m/m"", ""impact"": ""HIGH"", ""time"": ""2026-03-18 12:30:00"", ""currency"": ""USD""}, {""name"": ""PPI m/m"", ""impact"": ""HIGH"", ""time"": ""2026-03-18 12:30:00"", ""currency"": ""USD""}, {""name"": ""Factory Orders m/m"", ""impact"": ""LOW"", ""time"": ""2026-03-18 14:00:00"", ""currency"": ""USD""}]"
552,2026-03-18 10:17:03.035343,22,XAUUSD,4997.00075,4997.9586,-0.01916482461458925,4997.398,4998.338,NONE,95.78499999997803,4986.9,42.26202465176888,6.417752340872986,-2.8840570459979062,-2.0160608963089492,0.21925118007707528,DOWN,DOWN,NORMAL,0,,,,0,,"[{""name"": ""Core PPI m/m"", ""impact"": ""HIGH"", ""time"": ""2026-03-18 12:30:00"", ""currency"": ""USD""}, {""name"": ""PPI m/m"", ""impact"": ""HIGH"", ""time"": ""2026-03-18 12:30:00"", ""currency"": ""USD""}, {""name"": ""Factory Orders m/m"", ""impact"": ""LOW"", ""time"": ""2026-03-18 14:00:00"", ""currency"": ""USD""}]"
553,2026-03-18 10:17:03.035343,22,AUDUSD,0.7112445000000001,0.7110498,0.027382048345995336,0.7112554999999999,0.7110286000000001,NONE,1.9470000000010312,0.71103,49.489505660971695,0.0005135540428561152,-4.3616441869009925e-05,-2.6976267873617203e-05,0.4052649848341084,UP,UP,NORMAL,0,,,,0,,
554,2026-03-18 10:17:03.035343,22,USDCAD,1.3700965,1.3697234,0.027239076152164376,1.370135,1.3697183999999998,NONE,3.731000000000151,1.3691900000000001,39.8200939865736,0.00043360161152030817,-0.0001944384565470969,-4.906086419105423e-06,0.16077300556583796,UP,UP,NORMAL,0,,,,0,,"[{""name"": ""Foreign Securities Purchases"", ""impact"": ""LOW"", ""time"": ""2026-03-18 12:30:00"", ""currency"": ""CAD""}, {""name"": ""BOC Rate Statement"", ""impact"": ""HIGH"", ""time"": ""2026-03-18 13:45:00"", ""currency"": ""CAD""}, {""name"": ""Overnight Rate"", ""impact"": ""HIGH"", ""time"": ""2026-03-18 13:45:00"", ""currency"": ""CAD""}]"
555,2026-03-18 10:17:03.035343,22,NZDUSD,0.5862195000000001,0.5860114,0.03551125455923816,0.586224,0.5859936,NONE,2.081000000001554,0.58617,51.51189900859171,0.00038556279293732723,1.8578631790777678e-05,4.363528244853994e-06,0.47501185930331247,UP,DOWN,NORMAL,0,,,,0,,
556,2026-03-18 10:17:03.035343,22,USDCHF,0.7860495000000001,0.7855084000000001,0.06888532318686356,0.7860205,0.7854826,NONE,5.410999999999611,0.78587,48.73606532818193,0.00043014675116764096,0.00021495653848335738,0.000301234969382262,0.43189348795382476,UP,UP,HIGH,0,,,,0,,
557,2026-03-18 10:32:05.739325,23,EURUSD,1.153638,1.1526340833333333,0.08709760375672794,1.1536448888888888,1.1526013333333334,NONE,10.039166666666599,1.15357,50.904502864545464,0.000590262046759331,-2.708980061782995e-05,-9.917259919874346e-05,0.49630213841948706,DOWN,DOWN,NORMAL,0,,,,0,,"[{""name"": ""Final Core CPI y/y"", ""impact"": ""LOW"", ""time"": ""2026-03-18 10:00:00"", ""currency"": ""EUR""}, {""name"": ""Final CPI y/y"", ""impact"": ""LOW"", ""time"": ""2026-03-18 10:00:00"", ""currency"": ""EUR""}, {""name"": ""German 30-y Bond Auction"", ""impact"": ""LOW"", ""time"": ""2026-03-18 10:34:00"", ""currency"": ""EUR""}, {""name"": ""Core PPI m/m"", ""impact"": ""HIGH"", ""time"": ""2026-03-18 12:30:00"", ""currency"": ""USD""}, {""name"": ""PPI m/m"", ""impact"": ""HIGH"", ""time"": ""2026-03-18 12:30:00"", ""currency"": ""USD""}, {""name"": ""Factory Orders m/m"", ""impact"": ""LOW"", ""time"": ""2026-03-18 14:00:00"", ""currency"": ""USD""}, {""name"": ""Crude Oil Inventories"", ""impact"": ""LOW"", ""time"": ""2026-03-18 14:30:00"", ""currency"": ""USD""}]"
558,2026-03-18 10:32:05.739325,23,GBPUSD,1.3357855,1.3354005555555557,0.02882614080418913,1.3358755,1.3353812222222223,NONE,3.8494444444436837,1.33507,42.13640206524045,0.0006563659893476508,-0.00016949340978689165,-0.00013841054844592252,0.3078529255755584,UP,DOWN,NORMAL,0,,,,0,,"[{""name"": ""Core PPI m/m"", ""impact"": ""HIGH"", ""time"": ""2026-03-18 12:30:00"", ""currency"": ""USD""}, {""name"": ""PPI m/m"", ""impact"": ""HIGH"", ""time"": ""2026-03-18 12:30:00"", ""currency"": ""USD""}, {""name"": ""Factory Orders m/m"", ""impact"": ""LOW"", ""time"": ""2026-03-18 14:00:00"", ""currency"": ""USD""}, {""name"": ""Crude Oil Inventories"", ""impact"": ""LOW"", ""time"": ""2026-03-18 14:30:00"", ""currency"": ""USD""}]"
559,2026-03-18 10:32:05.739325,23,USDJPY,158.957,159.0495875,-0.058212977132058016,158.9452,159.04905624999998,NONE,9.25875000000076,159.011,65.10544444472431,0.07570489823328083,0.03557562947079873,0.015245967664896637,0.7990635958795106,DOWN,UP,NORMAL,0,,,,0,,"[{""name"": ""Core PPI m/m"", ""impact"": ""HIGH"", ""time"": ""2026-03-18 12:30:00"", ""currency"": ""USD""}, {""name"": ""PPI m/m"", ""impact"": ""HIGH"", ""time"": ""2026-03-18 12:30:00"", ""currency"": ""USD""}, {""name"": ""Factory Orders m/m"", ""impact"": ""LOW"", ""time"": ""2026-03-18 14:00:00"", ""currency"": ""USD""}, {""name"": ""Crude Oil Inventories"", ""impact"": ""LOW"", ""time"": ""2026-03-18 14:30:00"", ""currency"": ""USD""}]"
560,2026-03-18 10:32:05.739325,23,XAUUSD,4996.3755,4997.4894,-0.02228919184901693,4996.88925,4997.8694,NONE,111.39000000002852,4983.63,40.630728869987166,7.227257108503508,-3.600316183380528,-2.3898373098485495,0.1839298956801808,DOWN,DOWN,NORMAL,0,,,,0,,"[{""name"": ""Core PPI m/m"", ""impact"": ""HIGH"", ""time"": ""2026-03-18 12:30:00"", ""currency"": ""USD""}, {""name"": ""PPI m/m"", ""impact"": ""HIGH"", ""time"": ""2026-03-18 12:30:00"", ""currency"": ""USD""}, {""name"": ""Factory Orders m/m"", ""impact"": ""LOW"", ""time"": ""2026-03-18 14:00:00"", ""currency"": ""USD""}, {""name"": ""Crude Oil Inventories"", ""impact"": ""LOW"", ""time"": ""2026-03-18 14:30:00"", ""currency"": ""USD""}]"
561,2026-03-18 10:32:05.739325,23,AUDUSD,0.7111695,0.7110382,0.018465955837542396,0.711225,0.7110420000000001,NONE,1.3130000000005637,0.71064,44.96395290506619,0.0005124838561214969,-9.510654758460024e-05,-4.558010159360643e-05,0.27200068240532765,UP,UP,NORMAL,0,,,,0,,
562,2026-03-18 10:32:05.739325,23,USDCAD,1.3700800000000002,1.3697306,0.025508665718657834,1.3701075,1.3697278,NONE,3.4940000000016624,1.36937,42.97573381061428,0.00042365047600353853,-0.00018756357807547808,-3.8629607542365224e-05,0.2364843511536847,UP,UP,NORMAL,0,,,,0,,"[{""name"": ""Foreign Securities Purchases"", ""impact"": ""LOW"", ""time"": ""2026-03-18 12:30:00"", ""currency"": ""CAD""}, {""name"": ""BOC Rate Statement"", ""impact"": ""HIGH"", ""time"": ""2026-03-18 13:45:00"", ""currency"": ""CAD""}, {""name"": ""Overnight Rate"", ""impact"": ""HIGH"", ""time"": ""2026-03-18 13:45:00"", ""currency"": ""CAD""}, {""name"": ""BOC Press Conference"", ""impact"": ""HIGH"", ""time"": ""2026-03-18 14:30:00"", ""currency"": ""CAD""}]"
563,2026-03-18 10:32:05.739325,23,NZDUSD,0.5861635,0.5860024,0.027491354984197008,0.5862025,0.5860046,NONE,1.610999999999141,0.58583,46.547379431262875,0.00038700218527853357,-2.541803736555437e-05,-5.932386016818988e-06,0.3331736814544826,UP,DOWN,NORMAL,0,,,,0,,
564,2026-03-18 10:32:05.739325,23,USDCHF,0.7861195,0.785549,0.07262436843531317,0.786067,0.7855154,NONE,5.704999999999183,0.78636,54.64979630106277,0.00043681994241077173,0.00023415226624368124,0.0002922856652217952,0.5944644643818121,UP,UP,NORMAL,0,,,,0,,
565,2026-03-18 10:47:06.614492,24,EURUSD,1.1536477777777778,1.1526733333333332,0.0845377798084983,1.1536466666666667,1.1526373333333335,NONE,9.74444444444611,1.154,58.01013889883093,0.0005956480961097587,3.642046704688262e-05,-6.707620817184339e-05,0.6341254357657004,DOWN,DOWN,NORMAL,0,,,,0,,"[{""name"": ""Final Core CPI y/y"", ""impact"": ""LOW"", ""time"": ""2026-03-18 10:00:00"", ""currency"": ""EUR""}, {""name"": ""Final CPI y/y"", ""impact"": ""LOW"", ""time"": ""2026-03-18 10:00:00"", ""currency"": ""EUR""}, {""name"": ""German 30-y Bond Auction"", ""impact"": ""LOW"", ""time"": ""2026-03-18 10:34:00"", ""currency"": ""EUR""}, {""name"": ""Core PPI m/m"", ""impact"": ""HIGH"", ""time"": ""2026-03-18 12:30:00"", ""currency"": ""USD""}, {""name"": ""PPI m/m"", ""impact"": ""HIGH"", ""time"": ""2026-03-18 12:30:00"", ""currency"": ""USD""}, {""name"": ""Factory Orders m/m"", ""impact"": ""LOW"", ""time"": ""2026-03-18 14:00:00"", ""currency"": ""USD""}, {""name"": ""Crude Oil Inventories"", ""impact"": ""LOW"", ""time"": ""2026-03-18 14:30:00"", ""currency"": ""USD""}]"
566,2026-03-18 10:47:06.614492,24,GBPUSD,1.3357135,1.3354372222222222,0.020688189094961427,1.3357990000000002,1.3354035555555557,NONE,2.7627777777783358,1.33547,49.25417798841471,0.0006608020760227032,-0.00013911539537492246,-0.00013510536398559527,0.42959301985350606,DOWN,DOWN,NORMAL,0,,,,0,,"[{""name"": ""Core PPI m/m"", ""impact"": ""HIGH"", ""time"": ""2026-03-18 12:30:00"", ""currency"": ""USD""}, {""name"": ""PPI m/m"", ""impact"": ""HIGH"", ""time"": ""2026-03-18 12:30:00"", ""currency"": ""USD""}, {""name"": ""Factory Orders m/m"", ""impact"": ""LOW"", ""time"": ""2026-03-18 14:00:00"", ""currency"": ""USD""}, {""name"": ""Crude Oil Inventories"", ""impact"": ""LOW"", ""time"": ""2026-03-18 14:30:00"", ""currency"": ""USD""}]"
567,2026-03-18 10:47:06.614492,24,USDJPY,158.9684,159.04955625,-0.05102576323597399,158.9516,159.04941875000003,NONE,8.115624999999227,158.986,60.498639805285045,0.07483311978804479,0.03533622396287228,0.018919403539881034,0.7329936777740332,DOWN,UP,NORMAL,0,,,,0,,"[{""name"": ""Core PPI m/m"", ""impact"": ""HIGH"", ""time"": ""2026-03-18 12:30:00"", ""currency"": ""USD""}, {""name"": ""PPI m/m"", ""impact"": ""HIGH"", ""time"": ""2026-03-18 12:30:00"", ""currency"": ""USD""}, {""name"": ""Factory Orders m/m"", ""impact"": ""LOW"", ""time"": ""2026-03-18 14:00:00"", ""currency"": ""USD""}, {""name"": ""Crude Oil Inventories"", ""impact"": ""LOW"", ""time"": ""2026-03-18 14:30:00"", ""currency"": ""USD""}]"
568,2026-03-18 10:47:06.614492,24,XAUUSD,4995.61125,4996.9252,-0.026295170478032166,4996.23225,4997.3748,NONE,131.39499999997497,4979.43,38.43898585414549,9.359281603207041,-4.529666670102415,-2.8909382246345525,0.1469684975449614,DOWN,DOWN,NORMAL,1,BUY,ACTIVE,,0,,"[{""name"": ""Core PPI m/m"", ""impact"": ""HIGH"", ""time"": ""2026-03-18 12:30:00"", ""currency"": ""USD""}, {""name"": ""PPI m/m"", ""impact"": ""HIGH"", ""time"": ""2026-03-18 12:30:00"", ""currency"": ""USD""}, {""name"": ""Factory Orders m/m"", ""impact"": ""LOW"", ""time"": ""2026-03-18 14:00:00"", ""currency"": ""USD""}, {""name"": ""Crude Oil Inventories"", ""impact"": ""LOW"", ""time"": ""2026-03-18 14:30:00"", ""currency"": ""USD""}]"
569,2026-03-18 10:47:06.614492,24,AUDUSD,0.7111090000000001,0.7110339999999999,0.01054801880081097,0.711171,0.7110388000000001,NONE,0.7500000000015827,0.71057,44.185220876630225,0.0004960309276230238,-0.00011372549435761936,-5.882627416350601e-05,0.26505121181516905,UP,UP,NORMAL,0,,,,0,,
570,2026-03-18 10:47:06.614492,24,USDCAD,1.3701025,1.3697538,0.02545712959511261,1.3701035,1.36974,NONE,3.486999999999796,1.36987,50.33969431915024,0.00043180809506450704,-0.0001249561568039681,-4.989605699582436e-05,0.4113709178544768,UP,UP,NORMAL,0,,,,0,,"[{""name"": ""Foreign Securities Purchases"", ""impact"": ""LOW"", ""time"": ""2026-03-18 12:30:00"", ""currency"": ""CAD""}, {""name"": ""BOC Rate Statement"", ""impact"": ""HIGH"", ""time"": ""2026-03-18 13:45:00"", ""currency"": ""CAD""}, {""name"": ""Overnight Rate"", ""impact"": ""HIGH"", ""time"": ""2026-03-18 13:45:00"", ""currency"": ""CAD""}, {""name"": ""BOC Press Conference"", ""impact"": ""HIGH"", ""time"": ""2026-03-18 14:30:00"", ""currency"": ""CAD""}]"
571,2026-03-18 10:47:06.614492,24,NZDUSD,0.5861244999999999,0.5860022,0.020870228814825028,0.586167,0.5860038,NONE,1.222999999999086,0.58589,47.512755505697044,0.0003788489679627235,-2.9251217013914754e-05,-9.702704922791827e-06,0.37839532061417874,UP,DOWN,NORMAL,0,,,,0,,
572,2026-03-18 10:47:06.614492,24,USDCHF,0.786166,0.7855762,0.07507864927680914,0.786117,0.785548,NONE,5.898000000000847,0.78614,51.702471818097685,0.00043005729346306843,0.00020401905174272095,0.0002739941658878146,0.4890639221026654,UP,UP,NORMAL,0,,,,0,,
573,2026-03-18 11:02:05.386148,25,EURUSD,1.1536542222222221,1.1527105833333333,0.08186260302738498,1.1536473333333335,1.1526731666666667,NONE,9.436388888888203,1.15418,61.19020565152527,0.0005999999498201287,7.451653972956329e-05,-3.9012929246842585e-05,0.7051231837127939,DOWN,DOWN,NORMAL,0,,,,0,,"[{""name"": ""German 30-y Bond Auction"", ""impact"": ""LOW"", ""time"": ""2026-03-18 10:34:00"", ""currency"": ""EUR""}, {""name"": ""Core PPI m/m"", ""impact"": ""HIGH"", ""time"": ""2026-03-18 12:30:00"", ""currency"": ""USD""}, {""name"": ""PPI m/m"", ""impact"": ""HIGH"", ""time"": ""2026-03-18 12:30:00"", ""currency"": ""USD""}, {""name"": ""Factory Orders m/m"", ""impact"": ""LOW"", ""time"": ""2026-03-18 14:00:00"", ""currency"": ""USD""}, {""name"": ""Crude Oil Inventories"", ""impact"": ""LOW"", ""time"": ""2026-03-18 14:30:00"", ""currency"": ""USD""}]"
574,2026-03-18 11:02:05.386148,25,GBPUSD,1.3356540000000001,1.335471,0.013703030616167946,1.3357160000000001,1.3354377777777777,NONE,1.8300000000004424,1.33576,54.660053570435544,0.0006540518637858007,-0.000104391035538276,-0.00012832432165794786,0.5327263157868142,DOWN,DOWN,NORMAL,1,BUY,ACTIVE,,0,,"[{""name"": ""Core PPI m/m"", ""impact"": ""HIGH"", ""time"": ""2026-03-18 12:30:00"", ""currency"": ""USD""}, {""name"": ""PPI m/m"", ""impact"": ""HIGH"", ""time"": ""2026-03-18 12:30:00"", ""currency"": ""USD""}, {""name"": ""Factory Orders m/m"", ""impact"": ""LOW"", ""time"": ""2026-03-18 14:00:00"", ""currency"": ""USD""}, {""name"": ""Crude Oil Inventories"", ""impact"": ""LOW"", ""time"": ""2026-03-18 14:30:00"", ""currency"": ""USD""}]"
575,2026-03-18 11:02:05.386148,25,USDJPY,158.98860000000002,159.04979375,-0.03847458620170177,158.9736,159.04971874999998,NONE,6.119374999997262,158.986,58.12291263192406,0.07360014184399866,0.03803480047525909,0.023074334778808398,0.710326156924073,DOWN,UP,NORMAL,0,,,,0,,"[{""name"": ""Core PPI m/m"", ""impact"": ""HIGH"", ""time"": ""2026-03-18 12:30:00"", ""currency"": ""USD""}, {""name"": ""PPI m/m"", ""impact"": ""HIGH"", ""time"": ""2026-03-18 12:30:00"", ""currency"": ""USD""}, {""name"": ""Factory Orders m/m"", ""impact"": ""LOW"", ""time"": ""2026-03-18 14:00:00"", ""currency"": ""USD""}, {""name"": ""Crude Oil Inventories"", ""impact"": ""LOW"", ""time"": ""2026-03-18 14:30:00"", ""currency"": ""USD""}]"
576,2026-03-18 11:02:05.386148,25,XAUUSD,4994.18775,4996.0886,-0.03804676322193307,4995.322,4996.6938,NONE,190.08499999999913,4966.07,31.517148068608208,10.960608721116325,-6.626404064489179,-3.7857054666794987,0.003463279720253063,DOWN,DOWN,NORMAL,0,,,,0,,"[{""name"": ""Core PPI m/m"", ""impact"": ""HIGH"", ""time"": ""2026-03-18 12:30:00"", ""currency"": ""USD""}, {""name"": ""PPI m/m"", ""impact"": ""HIGH"", ""time"": ""2026-03-18 12:30:00"", ""currency"": ""USD""}, {""name"": ""Factory Orders m/m"", ""impact"": ""LOW"", ""time"": ""2026-03-18 14:00:00"", ""currency"": ""USD""}, {""name"": ""Crude Oil Inventories"", ""impact"": ""LOW"", ""time"": ""2026-03-18 14:30:00"", ""currency"": ""USD""}]"
577,2026-03-18 11:02:05.386148,25,AUDUSD,0.7110144999999999,0.7110236000000001,-0.0012798450009544218,0.711098,0.7110295999999999,BEARISH,0.09100000000206165,0.71032,41.437669559238095,0.0004928450450376961,-0.0001623848659794147,-8.234596973466694e-05,0.19613208703525623,DOWN,UP,NORMAL,1,SELL,ACTIVE,,0,,
578,2026-03-18 11:02:05.386148,25,USDCAD,1.370056,1.36976,0.021609625043792484,1.3700975,1.3697518,NONE,2.9599999999985194,1.36971,48.07224252411175,0.00043035241480480753,-0.0001227780918338084,-6.574881723975275e-05,0.3679098005741754,UP,UP,NORMAL,0,,,,0,,"[{""name"": ""Foreign Securities Purchases"", ""impact"": ""LOW"", ""time"": ""2026-03-18 12:30:00"", ""currency"": ""CAD""}, {""name"": ""BOC Rate Statement"", ""impact"": ""HIGH"", ""time"": ""2026-03-18 13:45:00"", ""currency"": ""CAD""}, {""name"": ""Overnight Rate"", ""impact"": ""HIGH"", ""time"": ""2026-03-18 13:45:00"", ""currency"": ""CAD""}, {""name"": ""BOC Press Conference"", ""impact"": ""HIGH"", ""time"": ""2026-03-18 14:30:00"", ""currency"": ""CAD""}]"
579,2026-03-18 11:02:05.386148,25,NZDUSD,0.586057,0.5859988,0.009931760952412912,0.5861185,0.5859998000000001,NONE,0.5820000000000825,0.58573,45.15044695675996,0.00037775771514905526,-5.645041959245756e-05,-2.058387178835484e-05,0.31846351166491527,UP,DOWN,NORMAL,0,,,,0,,
580,2026-03-18 11:02:05.386148,25,USDCHF,0.7861905,0.7855934000000001,0.07600623935994191,0.7861560000000001,0.7855722,NONE,5.97099999999906,0.78585,48.01525795369215,0.0004245940173993788,0.00014575839413144553,0.00024579430498382435,0.34643547255046114,UP,UP,NORMAL,0,,,,0,,
581,2026-03-18 11:17:05.250777,26,EURUSD,1.153685111111111,1.15276175,0.08009990885896594,1.1536697777777778,1.1527164166666668,NONE,9.233611111110207,1.15495,70.68179331467348,0.0006137371965102325,0.00020930247648287548,1.9584624833599704e-05,0.9156268966063258,DOWN,DOWN,NORMAL,0,,,,0,,"[{""name"": ""German 30-y Bond Auction"", ""impact"": ""LOW"", ""time"": ""2026-03-18 10:34:00"", ""currency"": ""EUR""}, {""name"": ""Core PPI m/m"", ""impact"": ""HIGH"", ""time"": ""2026-03-18 12:30:00"", ""currency"": ""USD""}, {""name"": ""PPI m/m"", ""impact"": ""HIGH"", ""time"": ""2026-03-18 12:30:00"", ""currency"": ""USD""}, {""name"": ""Factory Orders m/m"", ""impact"": ""LOW"", ""time"": ""2026-03-18 14:00:00"", ""currency"": ""USD""}, {""name"": ""Crude Oil Inventories"", ""impact"": ""LOW"", ""time"": ""2026-03-18 14:30:00"", ""currency"": ""USD""}]"
582,2026-03-18 11:17:05.250777,26,GBPUSD,1.3356575000000002,1.335519,0.010370500157636351,1.3356935,1.3354797777777778,NONE,1.3850000000026341,1.3367200000000001,66.95873831928442,0.0006849020017914639,4.611694611078576e-05,-8.33528772209934e-05,0.8460308247291252,DOWN,DOWN,NORMAL,0,,,,0,,"[{""name"": ""Core PPI m/m"", ""impact"": ""HIGH"", ""time"": ""2026-03-18 12:30:00"", ""currency"": ""USD""}, {""name"": ""PPI m/m"", ""impact"": ""HIGH"", ""time"": ""2026-03-18 12:30:00"", ""currency"": ""USD""}, {""name"": ""Factory Orders m/m"", ""impact"": ""LOW"", ""time"": ""2026-03-18 14:00:00"", ""currency"": ""USD""}, {""name"": ""Crude Oil Inventories"", ""impact"": ""LOW"", ""time"": ""2026-03-18 14:30:00"", ""currency"": ""USD""}]"
583,2026-03-18 11:17:05.250777,26,USDJPY,158.9708,159.04899375,-0.049163310094815955,158.9762,159.04940625,NONE,7.819374999999695,158.928,48.60863519703793,0.07358788681432742,0.02964525199749346,0.02359717919120662,0.5742366090866358,UP,UP,NORMAL,0,,,,0,,"[{""name"": ""Core PPI m/m"", ""impact"": ""HIGH"", ""time"": ""2026-03-18 12:30:00"", ""currency"": ""USD""}, {""name"": ""PPI m/m"", ""impact"": ""HIGH"", ""time"": ""2026-03-18 12:30:00"", ""currency"": ""USD""}, {""name"": ""Factory Orders m/m"", ""impact"": ""LOW"", ""time"": ""2026-03-18 14:00:00"", ""currency"": ""USD""}, {""name"": ""Crude Oil Inventories"", ""impact"": ""LOW"", ""time"": ""2026-03-18 14:30:00"", ""currency"": ""USD""}]"
584,2026-03-18 11:17:05.250777,26,XAUUSD,4993.369000000001,4995.5964,-0.04458726889946035,4994.291,4996.1712,NONE,222.73999999997613,4971.16,35.200800235190485,11.719501352793543,-6.810105054632913,-4.337871993956889,0.1270019344444311,DOWN,DOWN,NORMAL,1,BUY,ACTIVE,,0,,"[{""name"": ""Core PPI m/m"", ""impact"": ""HIGH"", ""time"": ""2026-03-18 12:30:00"", ""currency"": ""USD""}, {""name"": ""PPI m/m"", ""impact"": ""HIGH"", ""time"": ""2026-03-18 12:30:00"", ""currency"": ""USD""}, {""name"": ""Factory Orders m/m"", ""impact"": ""LOW"", ""time"": ""2026-03-18 14:00:00"", ""currency"": ""USD""}, {""name"": ""Crude Oil Inventories"", ""impact"": ""LOW"", ""time"": ""2026-03-18 14:30:00"", ""currency"": ""USD""}]"
585,2026-03-18 11:17:05.250777,26,AUDUSD,0.7109675,0.711035,-0.009493203569444279,0.7110339999999999,0.7110314,BEARISH,0.6749999999999812,0.71087,49.029286390486526,0.0005000908071268448,-0.00011701297365684926,-8.430159274132856e-05,0.4492603148042872,DOWN,UP,NORMAL,1,SELL,ACTIVE,,0,,
586,2026-03-18 11:17:05.250777,26,USDCAD,1.369983,1.3697536,0.016747537659331305,1.3700405,1.3697538,NONE,2.2940000000004623,1.36927,42.43177668147546,0.00044981703823713,-0.0001676152428131683,-9.007879751112414e-05,0.2386343525115067,UP,UP,NORMAL,0,,,,0,,"[{""name"": ""Foreign Securities Purchases"", ""impact"": ""LOW"", ""time"": ""2026-03-18 12:30:00"", ""currency"": ""CAD""}, {""name"": ""BOC Rate Statement"", ""impact"": ""HIGH"", ""time"": ""2026-03-18 13:45:00"", ""currency"": ""CAD""}, {""name"": ""Overnight Rate"", ""impact"": ""HIGH"", ""time"": ""2026-03-18 13:45:00"", ""currency"": ""CAD""}, {""name"": ""BOC Press Conference"", ""impact"": ""HIGH"", ""time"": ""2026-03-18 14:30:00"", ""currency"": ""CAD""}]"
587,2026-03-18 11:17:05.250777,26,NZDUSD,0.5860175,0.5860128,0.0008020302628148426,0.5860730000000001,0.5860052,NONE,0.04699999999968618,0.5861,51.17449038836301,0.0003813362456996372,-2.0392486943965338e-05,-1.646126433513063e-05,0.5581849193697628,UP,DOWN,NORMAL,0,,,,0,,
588,2026-03-18 11:17:05.250777,26,USDCHF,0.7862175,0.7856102,0.07730296780769613,0.7861855,0.7855914000000002,NONE,6.072999999999773,0.78573,46.5518074611394,0.00042446995493206844,9.521972349346708e-05,0.0002144030354094036,0.2600777930208017,UP,UP,NORMAL,0,,,,0,,
589,2026-03-18 11:32:06.968760,27,EURUSD,1.1536520000000001,1.1527914166666666,0.0746521288145866,1.1536464444444445,1.15274725,NONE,8.605833333334978,1.15402,53.199627556368014,0.0007051853578593562,8.741378944399081e-05,1.09419107471248e-05,0.6785847840806254,DOWN,DOWN,HIGH,0,,,,0,,"[{""name"": ""German 30-y Bond Auction"", ""impact"": ""LOW"", ""time"": ""2026-03-18 10:34:00"", ""currency"": ""EUR""}, {""name"": ""Core PPI m/m"", ""impact"": ""HIGH"", ""time"": ""2026-03-18 12:30:00"", ""currency"": ""USD""}, {""name"": ""PPI m/m"", ""impact"": ""HIGH"", ""time"": ""2026-03-18 12:30:00"", ""currency"": ""USD""}, {""name"": ""Factory Orders m/m"", ""impact"": ""LOW"", ""time"": ""2026-03-18 14:00:00"", ""currency"": ""USD""}, {""name"": ""Crude Oil Inventories"", ""impact"": ""LOW"", ""time"": ""2026-03-18 14:30:00"", ""currency"": ""USD""}]"
590,2026-03-18 11:32:06.968760,27,GBPUSD,1.335491,1.3355052222222221,-0.0010649319812072772,1.3355609999999998,1.3354975555555557,BEARISH,0.1422222222213776,1.3354300000000001,48.86373727279566,0.0007844644915020717,-0.00010763931612478572,-0.00011284378323538118,0.4777707433368273,DOWN,DOWN,NORMAL,1,SELL,ACTIVE,,0,,"[{""name"": ""Core PPI m/m"", ""impact"": ""HIGH"", ""time"": ""2026-03-18 12:30:00"", ""currency"": ""USD""}, {""name"": ""PPI m/m"", ""impact"": ""HIGH"", ""time"": ""2026-03-18 12:30:00"", ""currency"": ""USD""}, {""name"": ""Factory Orders m/m"", ""impact"": ""LOW"", ""time"": ""2026-03-18 14:00:00"", ""currency"": ""USD""}, {""name"": ""Crude Oil Inventories"", ""impact"": ""LOW"", ""time"": ""2026-03-18 14:30:00"", ""currency"": ""USD""}]"
591,2026-03-18 11:32:06.968760,27,USDJPY,159.0078,159.04971874999998,-0.026355752358084163,159.0018,159.0499625,NONE,4.1918749999979354,159.036,58.86306043607006,0.08653569081738342,0.04477127288510019,0.02981034550832777,0.7871802968899557,UP,UP,NORMAL,0,,,,0,,"[{""name"": ""Core PPI m/m"", ""impact"": ""HIGH"", ""time"": ""2026-03-18 12:30:00"", ""currency"": ""USD""}, {""name"": ""PPI m/m"", ""impact"": ""HIGH"", ""time"": ""2026-03-18 12:30:00"", ""currency"": ""USD""}, {""name"": ""Factory Orders m/m"", ""impact"": ""LOW"", ""time"": ""2026-03-18 14:00:00"", ""currency"": ""USD""}, {""name"": ""Crude Oil Inventories"", ""impact"": ""LOW"", ""time"": ""2026-03-18 14:30:00"", ""currency"": ""USD""}]"
592,2026-03-18 11:32:06.968760,27,XAUUSD,4991.6965,4994.3096000000005,-0.052321546105201115,4992.799499999999,4995.140799999999,NONE,261.3100000000486,4957.55,33.223192592032575,14.67834809831284,-9.623272728409574,-5.685705417200779,0.050380536948872616,DOWN,DOWN,HIGH,1,BUY,ACTIVE,,0,,"[{""name"": ""Core PPI m/m"", ""impact"": ""HIGH"", ""time"": ""2026-03-18 12:30:00"", ""currency"": ""USD""}, {""name"": ""PPI m/m"", ""impact"": ""HIGH"", ""time"": ""2026-03-18 12:30:00"", ""currency"": ""USD""}, {""name"": ""Factory Orders m/m"", ""impact"": ""LOW"", ""time"": ""2026-03-18 14:00:00"", ""currency"": ""USD""}, {""name"": ""Crude Oil Inventories"", ""impact"": ""LOW"", ""time"": ""2026-03-18 14:30:00"", ""currency"": ""USD""}]"
593,2026-03-18 11:32:06.968760,27,AUDUSD,0.7107979999999999,0.7109924000000001,-0.027342064415899522,0.710889,0.7110036,NONE,1.9440000000015,0.70992,41.676571387209755,0.0006237577902912468,-0.0002769869339211972,-0.000142877407416042,0.1404643585072484,DOWN,UP,NORMAL,0,,,,0,,
594,2026-03-18 11:32:06.968760,27,USDCAD,1.3699284999999999,1.3697588000000003,0.012389042508769153,1.370003,1.3697616000000001,NONE,1.6969999999960628,1.36918,42.11695598543684,0.0005054423518324297,-0.00016400240036396063,-9.975810497629407e-05,0.22089141519761216,UP,UP,NORMAL,0,,,,0,,"[{""name"": ""Foreign Securities Purchases"", ""impact"": ""LOW"", ""time"": ""2026-03-18 12:30:00"", ""currency"": ""CAD""}, {""name"": ""BOC Rate Statement"", ""impact"": ""HIGH"", ""time"": ""2026-03-18 13:45:00"", ""currency"": ""CAD""}, {""name"": ""Overnight Rate"", ""impact"": ""HIGH"", ""time"": ""2026-03-18 13:45:00"", ""currency"": ""CAD""}, {""name"": ""BOC Press Conference"", ""impact"": ""HIGH"", ""time"": ""2026-03-18 14:30:00"", ""currency"": ""CAD""}]"
595,2026-03-18 11:32:06.968760,27,NZDUSD,0.585884,0.5859856,-0.0173383100199109,0.5859605,0.58599,NONE,1.01600000000035,0.58527,41.80622589710636,0.00047644488121088147,-0.00014833330722496818,-5.7386100263519705e-05,0.11929843517219123,DOWN,DOWN,NORMAL,0,,,,0,,
596,2026-03-18 11:32:06.968760,27,USDCHF,0.786266,0.7856438,0.07919619552779736,0.7862495,0.785623,NONE,6.222000000000172,0.78583,47.984396285700186,0.0004990996520287596,0.00010818379298060954,0.0002013278478923019,0.2702529622228506,UP,UP,NORMAL,0,,,,0,,
597,2026-03-18 11:47:09.031195,28,EURUSD,1.1536708888888887,1.1528445833333332,0.0716753643553877,1.1536595555555555,1.15279425,NONE,8.263055555555177,1.15397,51.642008565166954,0.0007135971052827412,0.00011662203875340005,3.6417537487971164e-05,0.658930244727094,DOWN,DOWN,HIGH,0,,,,0,,"[{""name"": ""Core PPI m/m"", ""impact"": ""HIGH"", ""time"": ""2026-03-18 12:30:00"", ""currency"": ""USD""}, {""name"": ""PPI m/m"", ""impact"": ""HIGH"", ""time"": ""2026-03-18 12:30:00"", ""currency"": ""USD""}, {""name"": ""Factory Orders m/m"", ""impact"": ""LOW"", ""time"": ""2026-03-18 14:00:00"", ""currency"": ""USD""}, {""name"": ""Crude Oil Inventories"", ""impact"": ""LOW"", ""time"": ""2026-03-18 14:30:00"", ""currency"": ""USD""}]"
598,2026-03-18 11:47:09.031195,28,GBPUSD,1.3354445,1.3355134444444445,-0.0051623923915859495,1.3355085,1.335509111111111,NONE,0.6894444444460746,1.3351600000000001,45.831092964899476,0.0008052269533579808,-0.00010623476269144838,-0.00010705474265938082,0.39165266046836855,DOWN,DOWN,NORMAL,0,,,,0,,"[{""name"": ""Core PPI m/m"", ""impact"": ""HIGH"", ""time"": ""2026-03-18 12:30:00"", ""currency"": ""USD""}, {""name"": ""PPI m/m"", ""impact"": ""HIGH"", ""time"": ""2026-03-18 12:30:00"", ""currency"": ""USD""}, {""name"": ""Factory Orders m/m"", ""impact"": ""LOW"", ""time"": ""2026-03-18 14:00:00"", ""currency"": ""USD""}, {""name"": ""Crude Oil Inventories"", ""impact"": ""LOW"", ""time"": ""2026-03-18 14:30:00"", ""currency"": ""USD""}]"
599,2026-03-18 11:47:09.031195,28,USDJPY,159.02140000000003,159.04908749999998,-0.017408147657531417,159.00459999999998,159.04961874999998,NONE,2.7687499999956344,159.068,61.50725099918975,0.08591579453450796,0.04799176865259369,0.03324241361296904,0.8479606328851569,UP,UP,NORMAL,0,,,,0,,"[{""name"": ""Core PPI m/m"", ""impact"": ""HIGH"", ""time"": ""2026-03-18 12:30:00"", ""currency"": ""USD""}, {""name"": ""PPI m/m"", ""impact"": ""HIGH"", ""time"": ""2026-03-18 12:30:00"", ""currency"": ""USD""}, {""name"": ""Factory Orders m/m"", ""impact"": ""LOW"", ""time"": ""2026-03-18 14:00:00"", ""currency"": ""USD""}, {""name"": ""Crude Oil Inventories"", ""impact"": ""LOW"", ""time"": ""2026-03-18 14:30:00"", ""currency"": ""USD""}]"
600,2026-03-18 11:47:09.031195,28,XAUUSD,4989.696,4992.6798,-0.05976349614890132,4991.236500000001,4993.9416,NONE,298.3799999999974,4937.04,23.459227706918227,15.86838000263556,-13.063304991139375,-7.396074334837431,-0.0507116033380856,DOWN,DOWN,HIGH,1,BUY,ACTIVE,,0,,"[{""name"": ""Core PPI m/m"", ""impact"": ""HIGH"", ""time"": ""2026-03-18 12:30:00"", ""currency"": ""USD""}, {""name"": ""PPI m/m"", ""impact"": ""HIGH"", ""time"": ""2026-03-18 12:30:00"", ""currency"": ""USD""}, {""name"": ""Factory Orders m/m"", ""impact"": ""LOW"", ""time"": ""2026-03-18 14:00:00"", ""currency"": ""USD""}, {""name"": ""Crude Oil Inventories"", ""impact"": ""LOW"", ""time"": ""2026-03-18 14:30:00"", ""currency"": ""USD""}]"
601,2026-03-18 11:47:09.031195,28,AUDUSD,0.710685,0.7109716,-0.04031103352089249,0.710794,0.7109908,NONE,2.8660000000002572,0.70966,39.39108018908651,0.0006227240705765672,-0.000326709881456555,-0.0001806649848452312,0.08322385124793628,DOWN,UP,NORMAL,0,,,,0,,
602,2026-03-18 11:47:09.031195,28,USDCAD,1.3698644999999998,1.369759,0.0077020848192908085,1.3699284999999999,1.3697588000000003,NONE,1.0549999999986959,1.36933,44.40396897627203,0.0005065332042525612,-0.00017233683768536068,-0.0001142738515181074,0.2984574236327249,UP,UP,NORMAL,0,,,,0,,"[{""name"": ""Foreign Securities Purchases"", ""impact"": ""LOW"", ""time"": ""2026-03-18 12:30:00"", ""currency"": ""CAD""}, {""name"": ""BOC Rate Statement"", ""impact"": ""HIGH"", ""time"": ""2026-03-18 13:45:00"", ""currency"": ""CAD""}, {""name"": ""Overnight Rate"", ""impact"": ""HIGH"", ""time"": ""2026-03-18 13:45:00"", ""currency"": ""CAD""}, {""name"": ""BOC Press Conference"", ""impact"": ""HIGH"", ""time"": ""2026-03-18 14:30:00"", ""currency"": ""CAD""}]"
603,2026-03-18 11:47:09.031195,28,NZDUSD,0.5858015,0.5859726,-0.029199317510747023,0.585882,0.5859848,NONE,1.710999999999796,0.58503,39.18944194401765,0.0004708314713284731,-0.00019724092740891486,-8.586760700314203e-05,0.027150455603224637,DOWN,DOWN,NORMAL,0,,,,0,,
604,2026-03-18 11:47:09.031195,28,USDCHF,0.7862885,0.7856690000000001,0.07884999917266482,0.7862625,0.7856424,NONE,6.19499999999884,0.7861,51.1396723057309,0.0005029904932103835,9.4335421310765e-05,0.0001790359152825482,0.3958441210739556,UP,UP,NORMAL,0,,,,0,,
605,2026-03-18 12:02:06.459038,29,EURUSD,1.1537151111111112,1.1529136666666668,0.06951469720725635,1.1536862222222222,1.1528503333333333,NONE,8.014444444444102,1.15455,57.73038070758662,0.0007249992494818291,0.00020569232975908847,7.907933354903527e-05,0.81233025089637,DOWN,DOWN,NORMAL,0,,,,1,HIGH impact: Core PPI m/m (USD) in 28min,"[{""name"": ""Core PPI m/m"", ""impact"": ""HIGH"", ""time"": ""2026-03-18 12:30:00"", ""currency"": ""USD""}, {""name"": ""PPI m/m"", ""impact"": ""HIGH"", ""time"": ""2026-03-18 12:30:00"", ""currency"": ""USD""}, {""name"": ""Factory Orders m/m"", ""impact"": ""LOW"", ""time"": ""2026-03-18 14:00:00"", ""currency"": ""USD""}, {""name"": ""Crude Oil Inventories"", ""impact"": ""LOW"", ""time"": ""2026-03-18 14:30:00"", ""currency"": ""USD""}]"
606,2026-03-18 12:02:06.459038,29,GBPUSD,1.3354515,1.3355341111111112,-0.006185623446372094,1.3354835,1.3355221111111113,NONE,0.8261111111118602,1.33596,54.36280576961924,0.0008208283909531845,-1.3940315998661745e-05,-7.84763017716873e-05,0.7053462390128882,DOWN,DOWN,NORMAL,0,,,,1,HIGH impact: Core PPI m/m (USD) in 28min,"[{""name"": ""Core PPI m/m"", ""impact"": ""HIGH"", ""time"": ""2026-03-18 12:30:00"", ""currency"": ""USD""}, {""name"": ""PPI m/m"", ""impact"": ""HIGH"", ""time"": ""2026-03-18 12:30:00"", ""currency"": ""USD""}, {""name"": ""Factory Orders m/m"", ""impact"": ""LOW"", ""time"": ""2026-03-18 14:00:00"", ""currency"": ""USD""}, {""name"": ""Crude Oil Inventories"", ""impact"": ""LOW"", ""time"": ""2026-03-18 14:30:00"", ""currency"": ""USD""}]"
607,2026-03-18 12:02:06.459038,29,USDJPY,158.9998,159.04773125,-0.03013639341051894,159.0028,159.04850625,NONE,4.793125000000487,158.997,53.69152652210747,0.0874830337004123,0.039576300521389385,0.03332218244764492,0.6599711129429461,UP,UP,NORMAL,0,,,,1,HIGH impact: Core PPI m/m (USD) in 28min,"[{""name"": ""Core PPI m/m"", ""impact"": ""HIGH"", ""time"": ""2026-03-18 12:30:00"", ""currency"": ""USD""}, {""name"": ""PPI m/m"", ""impact"": ""HIGH"", ""time"": ""2026-03-18 12:30:00"", ""currency"": ""USD""}, {""name"": ""Factory Orders m/m"", ""impact"": ""LOW"", ""time"": ""2026-03-18 14:00:00"", ""currency"": ""USD""}, {""name"": ""Crude Oil Inventories"", ""impact"": ""LOW"", ""time"": ""2026-03-18 14:30:00"", ""currency"": ""USD""}]"
608,2026-03-18 12:02:06.459038,29,XAUUSD,4987.610750000001,4990.96,-0.06710632824144656,4989.525250000001,4992.5432,NONE,334.92499999993015,4923.11,20.442986328383824,16.132080818585507,-15.991514291002204,-9.202337254845297,-0.06630930953609503,DOWN,DOWN,HIGH,1,BUY,NEWS_FILTERED,,1,HIGH impact: Core PPI m/m (USD) in 28min,"[{""name"": ""Core PPI m/m"", ""impact"": ""HIGH"", ""time"": ""2026-03-18 12:30:00"", ""currency"": ""USD""}, {""name"": ""PPI m/m"", ""impact"": ""HIGH"", ""time"": ""2026-03-18 12:30:00"", ""currency"": ""USD""}, {""name"": ""Factory Orders m/m"", ""impact"": ""LOW"", ""time"": ""2026-03-18 14:00:00"", ""currency"": ""USD""}, {""name"": ""Crude Oil Inventories"", ""impact"": ""LOW"", ""time"": ""2026-03-18 14:30:00"", ""currency"": ""USD""}]"
609,2026-03-18 12:02:06.459038,29,AUDUSD,0.7106144999999999,0.7109588000000001,-0.04842756007805039,0.710701,0.7109779999999999,NONE,3.4430000000018612,0.70981,40.96293716369254,0.0006177335757394597,-0.0003252687148854738,-0.00020550140036895118,0.15781936439453118,DOWN,UP,NORMAL,0,,,,0,,
610,2026-03-18 12:02:06.459038,29,USDCAD,1.369754,1.3697458,0.0005986512241835478,1.3698419999999998,1.3697500000000002,NONE,0.0819999999990273,1.369,40.85217161330227,0.0005241787917039137,-0.0002309431853799726,-0.00014335130803406137,0.22202229204923354,UP,UP,NORMAL,0,,,,0,,"[{""name"": ""Foreign Securities Purchases"", ""impact"": ""LOW"", ""time"": ""2026-03-18 12:30:00"", ""currency"": ""CAD""}, {""name"": ""BOC Rate Statement"", ""impact"": ""HIGH"", ""time"": ""2026-03-18 13:45:00"", ""currency"": ""CAD""}, {""name"": ""Overnight Rate"", ""impact"": ""HIGH"", ""time"": ""2026-03-18 13:45:00"", ""currency"": ""CAD""}, {""name"": ""BOC Press Conference"", ""impact"": ""HIGH"", ""time"": ""2026-03-18 14:30:00"", ""currency"": ""CAD""}]"
611,2026-03-18 12:02:06.459038,29,NZDUSD,0.5857655,0.5859692,-0.03476291927970238,0.585819,0.5859796,NONE,2.0369999999991784,0.58527,42.20115726972729,0.00047730269276420053,-0.0001901091815315059,-0.00010224868544156547,0.17201635652044744,DOWN,DOWN,NORMAL,0,,,,0,,
612,2026-03-18 12:02:06.459038,29,USDCHF,0.786276,0.7856808,0.07575595585382995,0.786266,0.7856599999999999,NONE,5.952000000000179,0.78585,48.59416685806086,0.000504205457981069,3.9126770350450535e-05,0.00014531049655253,0.2691285445234139,UP,UP,NORMAL,0,,,,0,,
613,2026-03-18 12:17:14.443145,30,EURUSD,1.1536817777777777,1.1529508333333331,0.06339771162065003,1.1536911111111112,1.152904666666667,NONE,7.309444444445479,1.15306,41.38278511527997,0.000771096215061568,4.462998293019993e-05,5.8404848040652694e-05,0.37184189798511086,DOWN,DOWN,HIGH,1,SELL,NEWS_FILTERED,,1,HIGH impact: Core PPI m/m (USD) in 13min,"[{""name"": ""Core PPI m/m"", ""impact"": ""HIGH"", ""time"": ""2026-03-18 12:30:00"", ""currency"": ""USD""}, {""name"": ""PPI m/m"", ""impact"": ""HIGH"", ""time"": ""2026-03-18 12:30:00"", ""currency"": ""USD""}, {""name"": ""Factory Orders m/m"", ""impact"": ""LOW"", ""time"": ""2026-03-18 14:00:00"", ""currency"": ""USD""}, {""name"": ""Crude Oil Inventories"", ""impact"": ""LOW"", ""time"": ""2026-03-18 14:30:00"", ""currency"": ""USD""}]"
614,2026-03-18 12:17:14.443145,30,GBPUSD,1.335288,1.3355146666666666,-0.016972233426109682,1.3353945,1.3355214444444443,NONE,2.266666666665973,1.33404,35.3828967243216,0.0008966166081640256,-0.00021359605198556508,-0.00012005067916491995,0.029741293875543487,DOWN,DOWN,HIGH,0,,,,1,HIGH impact: Core PPI m/m (USD) in 13min,"[{""name"": ""Core PPI m/m"", ""impact"": ""HIGH"", ""time"": ""2026-03-18 12:30:00"", ""currency"": ""USD""}, {""name"": ""PPI m/m"", ""impact"": ""HIGH"", ""time"": ""2026-03-18 12:30:00"", ""currency"": ""USD""}, {""name"": ""Factory Orders m/m"", ""impact"": ""LOW"", ""time"": ""2026-03-18 14:00:00"", ""currency"": ""USD""}, {""name"": ""Crude Oil Inventories"", ""impact"": ""LOW"", ""time"": ""2026-03-18 14:30:00"", ""currency"": ""USD""}]"
615,2026-03-18 12:17:14.443145,30,USDJPY,159.06820000000002,159.048775,0.012213234587951061,159.0212,159.0484,BULLISH,1.942500000001246,159.159,67.62227406874388,0.09485159251772927,0.05785767658736063,0.039594979281290216,1.0037501990777642,UP,UP,NORMAL,1,SELL,NEWS_FILTERED,,1,HIGH impact: Core PPI m/m (USD) in 13min,"[{""name"": ""Core PPI m/m"", ""impact"": ""HIGH"", ""time"": ""2026-03-18 12:30:00"", ""currency"": ""USD""}, {""name"": ""PPI m/m"", ""impact"": ""HIGH"", ""time"": ""2026-03-18 12:30:00"", ""currency"": ""USD""}, {""name"": ""Factory Orders m/m"", ""impact"": ""LOW"", ""time"": ""2026-03-18 14:00:00"", ""currency"": ""USD""}, {""name"": ""Crude Oil Inventories"", ""impact"": ""LOW"", ""time"": ""2026-03-18 14:30:00"", ""currency"": ""USD""}]"
616,2026-03-18 12:17:14.443145,30,XAUUSD,4984.776,4988.6802,-0.07826118018148259,4987.2435,4990.6662,NONE,390.4199999999946,4903.61,17.228777759142332,17.509334579195848,-20.136903018405064,-11.5767467038537,-0.07543649648267843,DOWN,DOWN,HIGH,1,BUY,NEWS_FILTERED,,1,HIGH impact: Core PPI m/m (USD) in 13min,"[{""name"": ""Core PPI m/m"", ""impact"": ""HIGH"", ""time"": ""2026-03-18 12:30:00"", ""currency"": ""USD""}, {""name"": ""PPI m/m"", ""impact"": ""HIGH"", ""time"": ""2026-03-18 12:30:00"", ""currency"": ""USD""}, {""name"": ""Factory Orders m/m"", ""impact"": ""LOW"", ""time"": ""2026-03-18 14:00:00"", ""currency"": ""USD""}, {""name"": ""Crude Oil Inventories"", ""impact"": ""LOW"", ""time"": ""2026-03-18 14:30:00"", ""currency"": ""USD""}]"
617,2026-03-18 12:17:14.443145,30,AUDUSD,0.7103870000000001,0.7108788,-0.06918197588673781,0.7105560000000001,0.7109354,NONE,4.917999999999312,0.70798,29.669482585395414,0.0007458546468601174,-0.0005584763521695457,-0.00029102972406241245,-0.17354798612082048,DOWN,UP,HIGH,1,BUY,ACTIVE,,0,,
618,2026-03-18 12:17:14.443145,30,USDCAD,1.3697344999999999,1.3697758,-0.0030150919588543537,1.3697849999999998,1.3697582,BEARISH,0.41300000000132897,1.36986,51.99503641102154,0.0005898496943373058,-0.00013931319438142964,-0.00013463029499015844,0.5518967546507147,DOWN,UP,NORMAL,1,SELL,ACTIVE,,0,,"[{""name"": ""Foreign Securities Purchases"", ""impact"": ""LOW"", ""time"": ""2026-03-18 12:30:00"", ""currency"": ""CAD""}, {""name"": ""BOC Rate Statement"", ""impact"": ""HIGH"", ""time"": ""2026-03-18 13:45:00"", ""currency"": ""CAD""}, {""name"": ""Overnight Rate"", ""impact"": ""HIGH"", ""time"": ""2026-03-18 13:45:00"", ""currency"": ""CAD""}, {""name"": ""BOC Press Conference"", ""impact"": ""HIGH"", ""time"": ""2026-03-18 14:30:00"", ""currency"": ""CAD""}]"
619,2026-03-18 12:17:14.443145,30,NZDUSD,0.585618,0.5859148,-0.05065582914102631,0.5857205000000001,0.5859512,NONE,2.9679999999998596,0.58389,30.73395814332106,0.0005693320922606332,-0.00036974680572554597,-0.00016723548898554117,-0.18924121736633145,DOWN,DOWN,HIGH,1,BUY,ACTIVE,,0,,
620,2026-03-18 12:17:14.443145,30,USDCHF,0.7863415,0.7857272000000001,0.07818235133007442,0.7863035,0.7856917999999999,NONE,6.1429999999995655,0.78663,56.68075943347553,0.0005494662926150807,0.00011964795914332083,0.00014719793209061845,0.6623122057256412,UP,UP,NORMAL,0,,,,0,,
621,2026-03-18 12:32:10.713091,31,EURUSD,1.1536406666666665,1.152982,0.05712722893042435,1.1536706666666667,1.1529466666666666,NONE,6.586666666665852,1.15208,33.78958827385978,0.0007949091053399822,-0.00012353945987997328,1.563422007476304e-05,0.10326279708551675,DOWN,DOWN,HIGH,0,,,,1,HIGH impact: Core PPI m/m (USD) 2min ago,"[{""name"": ""Core PPI m/m"", ""impact"": ""HIGH"", ""time"": ""2026-03-18 12:30:00"", ""currency"": ""USD""}, {""name"": ""PPI m/m"", ""impact"": ""HIGH"", ""time"": ""2026-03-18 12:30:00"", ""currency"": ""USD""}, {""name"": ""Factory Orders m/m"", ""impact"": ""LOW"", ""time"": ""2026-03-18 14:00:00"", ""currency"": ""USD""}, {""name"": ""Crude Oil Inventories"", ""impact"": ""LOW"", ""time"": ""2026-03-18 14:30:00"", ""currency"": ""USD""}]"
622,2026-03-18 12:32:10.713091,31,GBPUSD,1.3351510000000002,1.33549,-0.02538394147465478,1.3352689999999998,1.3355104444444443,NONE,3.389999999998672,1.33284,27.948477206675832,0.0009456212594759516,-0.0004154687726547479,-0.00018398444031303792,-0.1488107863761365,DOWN,DOWN,HIGH,1,BUY,NEWS_FILTERED,,1,HIGH impact: Core PPI m/m (USD) 2min ago,"[{""name"": ""Core PPI m/m"", ""impact"": ""HIGH"", ""time"": ""2026-03-18 12:30:00"", ""currency"": ""USD""}, {""name"": ""PPI m/m"", ""impact"": ""HIGH"", ""time"": ""2026-03-18 12:30:00"", ""currency"": ""USD""}, {""name"": ""Factory Orders m/m"", ""impact"": ""LOW"", ""time"": ""2026-03-18 14:00:00"", ""currency"": ""USD""}, {""name"": ""Crude Oil Inventories"", ""impact"": ""LOW"", ""time"": ""2026-03-18 14:30:00"", ""currency"": ""USD""}]"
623,2026-03-18 12:32:10.713091,31,USDJPY,159.10320000000002,159.0496375,0.033676593572887964,159.0678,159.0487625,NONE,5.35625000000266,159.26,73.93707532887132,0.09990300937870829,0.07276769880181178,0.04620399611987201,1.1272181870805427,UP,UP,NORMAL,1,SELL,NEWS_FILTERED,,1,HIGH impact: Core PPI m/m (USD) 2min ago,"[{""name"": ""Core PPI m/m"", ""impact"": ""HIGH"", ""time"": ""2026-03-18 12:30:00"", ""currency"": ""USD""}, {""name"": ""PPI m/m"", ""impact"": ""HIGH"", ""time"": ""2026-03-18 12:30:00"", ""currency"": ""USD""}, {""name"": ""Factory Orders m/m"", ""impact"": ""LOW"", ""time"": ""2026-03-18 14:00:00"", ""currency"": ""USD""}, {""name"": ""Crude Oil Inventories"", ""impact"": ""LOW"", ""time"": ""2026-03-18 14:30:00"", ""currency"": ""USD""}]"
624,2026-03-18 12:32:10.713091,31,XAUUSD,4982.0365,4986.314600000001,-0.08579683279511584,4984.71975,4988.635200000001,NONE,427.81000000004497,4893.89,15.887672307470908,17.317388822984267,-23.151079811408636,-13.920331274082802,-0.037754510447519346,DOWN,DOWN,HIGH,1,BUY,NEWS_FILTERED,,1,HIGH impact: Core PPI m/m (USD) 2min ago,"[{""name"": ""Core PPI m/m"", ""impact"": ""HIGH"", ""time"": ""2026-03-18 12:30:00"", ""currency"": ""USD""}, {""name"": ""PPI m/m"", ""impact"": ""HIGH"", ""time"": ""2026-03-18 12:30:00"", ""currency"": ""USD""}, {""name"": ""Factory Orders m/m"", ""impact"": ""LOW"", ""time"": ""2026-03-18 14:00:00"", ""currency"": ""USD""}, {""name"": ""Crude Oil Inventories"", ""impact"": ""LOW"", ""time"": ""2026-03-18 14:30:00"", ""currency"": ""USD""}]"
625,2026-03-18 12:32:10.713091,31,AUDUSD,0.7101725,0.7107958,-0.08769044499137352,0.7103755,0.7108741999999999,NONE,6.232999999999933,0.7072,26.260517692224056,0.0007754874782068454,-0.000738088095502798,-0.0003833770108861091,-0.15044870133388835,DOWN,UP,HIGH,1,BUY,ACTIVE,,0,,
626,2026-03-18 12:32:10.713091,31,USDCAD,1.3696815,1.3697971999999998,-0.008446505803912423,1.3697240000000002,1.3697716,NONE,1.1569999999982983,1.37019,55.788685808894506,0.0006117481855581085,-9.129458571721649e-05,-0.00012864349501592678,0.7388369001302981,DOWN,UP,NORMAL,1,BUY,ACTIVE,,0,,"[{""name"": ""Foreign Securities Purchases"", ""impact"": ""LOW"", ""time"": ""2026-03-18 12:30:00"", ""currency"": ""CAD""}, {""name"": ""BOC Rate Statement"", ""impact"": ""HIGH"", ""time"": ""2026-03-18 13:45:00"", ""currency"": ""CAD""}, {""name"": ""Overnight Rate"", ""impact"": ""HIGH"", ""time"": ""2026-03-18 13:45:00"", ""currency"": ""CAD""}, {""name"": ""BOC Press Conference"", ""impact"": ""HIGH"", ""time"": ""2026-03-18 14:30:00"", ""currency"": ""CAD""}]"
627,2026-03-18 12:32:10.713091,31,NZDUSD,0.5854765000000001,0.5858522,-0.06412880245221897,0.585606,0.58591,NONE,3.7569999999997883,0.58325,26.99441569570824,0.0005939206162828289,-0.0005158611810965885,-0.0002400238752709926,-0.16013116825361062,DOWN,DOWN,HIGH,1,BUY,ACTIVE,,0,,
628,2026-03-18 12:32:10.713091,31,USDCHF,0.7863494999999999,0.785766,0.07425874878780185,0.7863334999999999,0.785724,NONE,5.8349999999995905,0.78674,57.85131501016447,0.0005718003329384849,0.00014591659343698993,0.00014489949911773736,0.7172610376734041,UP,UP,NORMAL,1,BUY,ACTIVE,,0,,
629,2026-03-18 12:47:09.137759,32,EURUSD,1.1535842222222223,1.1530058333333335,0.05016357005035417,1.1536306666666667,1.15297825,NONE,5.783888888888367,1.15147,29.940035401262804,0.0008105756168839563,-0.0002990151951871578,-5.3039252721202036e-05,0.018857634041671435,DOWN,DOWN,HIGH,0,,,,1,HIGH impact: Core PPI m/m (USD) 17min ago,"[{""name"": ""Core PPI m/m"", ""impact"": ""HIGH"", ""time"": ""2026-03-18 12:30:00"", ""currency"": ""USD""}, {""name"": ""PPI m/m"", ""impact"": ""HIGH"", ""time"": ""2026-03-18 12:30:00"", ""currency"": ""USD""}, {""name"": ""Factory Orders m/m"", ""impact"": ""LOW"", ""time"": ""2026-03-18 14:00:00"", ""currency"": ""USD""}, {""name"": ""Crude Oil Inventories"", ""impact"": ""LOW"", ""time"": ""2026-03-18 14:30:00"", ""currency"": ""USD""}]"
630,2026-03-18 12:47:09.137759,32,GBPUSD,1.3349595,1.3354585555555556,-0.037369602634198376,1.3351229999999998,1.3354837777777777,NONE,4.990555555555165,1.33221,25.00589118662539,0.0009386188865757281,-0.0006298937059405763,-0.0002803138717861161,-0.09015398099346479,DOWN,DOWN,HIGH,1,BUY,NEWS_FILTERED,,1,HIGH impact: Core PPI m/m (USD) 17min ago,"[{""name"": ""Core PPI m/m"", ""impact"": ""HIGH"", ""time"": ""2026-03-18 12:30:00"", ""currency"": ""USD""}, {""name"": ""PPI m/m"", ""impact"": ""HIGH"", ""time"": ""2026-03-18 12:30:00"", ""currency"": ""USD""}, {""name"": ""Factory Orders m/m"", ""impact"": ""LOW"", ""time"": ""2026-03-18 14:00:00"", ""currency"": ""USD""}, {""name"": ""Crude Oil Inventories"", ""impact"": ""LOW"", ""time"": ""2026-03-18 14:30:00"", ""currency"": ""USD""}]"
631,2026-03-18 12:47:09.137759,32,USDJPY,159.193,159.05255625,0.0883002155458931,159.1244,159.0503,NONE,14.044375000000286,159.363,77.9189639339008,0.10130279442308657,0.098490185186904,0.05801416840621248,1.122158746372812,UP,UP,NORMAL,1,SELL,NEWS_FILTERED,,1,HIGH impact: Core PPI m/m (USD) 17min ago,"[{""name"": ""Core PPI m/m"", ""impact"": ""HIGH"", ""time"": ""2026-03-18 12:30:00"", ""currency"": ""USD""}, {""name"": ""PPI m/m"", ""impact"": ""HIGH"", ""time"": ""2026-03-18 12:30:00"", ""currency"": ""USD""}, {""name"": ""Factory Orders m/m"", ""impact"": ""LOW"", ""time"": ""2026-03-18 14:00:00"", ""currency"": ""USD""}, {""name"": ""Crude Oil Inventories"", ""impact"": ""LOW"", ""time"": ""2026-03-18 14:30:00"", ""currency"": ""USD""}]"
632,2026-03-18 12:47:09.137759,32,XAUUSD,4978.6915,4983.419599999999,-0.0948766184569198,4981.64825,4986.004,NONE,472.8099999999358,4873.57,13.62015518504981,17.81143531765997,-27.685628223265667,-16.871608327736862,-0.03296992162644366,DOWN,DOWN,HIGH,1,BUY,NEWS_FILTERED,,1,HIGH impact: Core PPI m/m (USD) 17min ago,"[{""name"": ""Core PPI m/m"", ""impact"": ""HIGH"", ""time"": ""2026-03-18 12:30:00"", ""currency"": ""USD""}, {""name"": ""PPI m/m"", ""impact"": ""HIGH"", ""time"": ""2026-03-18 12:30:00"", ""currency"": ""USD""}, {""name"": ""Factory Orders m/m"", ""impact"": ""LOW"", ""time"": ""2026-03-18 14:00:00"", ""currency"": ""USD""}, {""name"": ""Crude Oil Inventories"", ""impact"": ""LOW"", ""time"": ""2026-03-18 14:30:00"", ""currency"": ""USD""}]"
633,2026-03-18 12:47:09.137759,32,AUDUSD,0.7099059999999999,0.7107000000000001,-0.1117208386098471,0.710148,0.7107860000000001,NONE,7.9400000000018345,0.7064,23.364118573028023,0.0008214730664981878,-0.0009500203674741581,-0.0005029598132578431,-0.10693857530712712,DOWN,UP,HIGH,1,BUY,ACTIVE,,0,,
634,2026-03-18 12:47:09.137759,32,USDCAD,1.3696765,1.3698282,-0.011074381444328337,1.3696959999999998,1.369803,NONE,1.5169999999997685,1.37059,59.57130676903595,0.0006214702539366109,1.0262169501062957e-05,-9.716093761112108e-05,0.9496745367978372,DOWN,UP,NORMAL,0,,,,0,,"[{""name"": ""Foreign Securities Purchases"", ""impact"": ""LOW"", ""time"": ""2026-03-18 12:30:00"", ""currency"": ""CAD""}, {""name"": ""BOC Rate Statement"", ""impact"": ""HIGH"", ""time"": ""2026-03-18 13:45:00"", ""currency"": ""CAD""}, {""name"": ""Overnight Rate"", ""impact"": ""HIGH"", ""time"": ""2026-03-18 13:45:00"", ""currency"": ""CAD""}, {""name"": ""BOC Press Conference"", ""impact"": ""HIGH"", ""time"": ""2026-03-18 14:30:00"", ""currency"": ""CAD""}]"
635,2026-03-18 12:47:09.137759,32,NZDUSD,0.5853244999999999,0.5857896,-0.07939710776703907,0.5854655,0.5858478,NONE,4.651000000001071,0.58291,25.27041886301477,0.0006070589396095641,-0.0006501320148107892,-0.00032485348038693114,-0.07974473845157393,DOWN,DOWN,HIGH,1,BUY,ACTIVE,,0,,
636,2026-03-18 12:47:09.137759,32,USDCHF,0.7863875,0.785814,0.07298164705642869,0.7863575,0.7857692000000001,NONE,5.735000000000046,0.78707,60.84092316550713,0.0005576921458918613,0.00021101373573295668,0.00016016451168295438,0.8520681196676629,UP,UP,NORMAL,0,,,,0,,
637,2026-03-18 13:02:12.173261,33,EURUSD,1.1535022222222222,1.153012916666667,0.04243712698118202,1.1535675555555556,1.1529995833333335,NONE,4.893055555552639,1.15043,24.39686717699165,0.0008291647530156528,-0.0005341196019412742,-0.00015882797213786316,-0.05777939205303443,DOWN,DOWN,HIGH,1,BUY,ACTIVE,,0,,"[{""name"": ""Core PPI m/m"", ""impact"": ""HIGH"", ""time"": ""2026-03-18 12:30:00"", ""currency"": ""USD""}, {""name"": ""PPI m/m"", ""impact"": ""HIGH"", ""time"": ""2026-03-18 12:30:00"", ""currency"": ""USD""}, {""name"": ""Factory Orders m/m"", ""impact"": ""LOW"", ""time"": ""2026-03-18 14:00:00"", ""currency"": ""USD""}, {""name"": ""Crude Oil Inventories"", ""impact"": ""LOW"", ""time"": ""2026-03-18 14:30:00"", ""currency"": ""USD""}]"
638,2026-03-18 13:02:12.173261,33,GBPUSD,1.3346885,1.3354007777777777,-0.05333812812083323,1.334921,1.33545,NONE,7.122777777777145,1.33107,20.329428161669384,0.0009646256969655376,-0.0008940772427812327,-0.00041289446621306665,-0.09660227852088957,DOWN,DOWN,HIGH,1,BUY,ACTIVE,,0,,"[{""name"": ""Core PPI m/m"", ""impact"": ""HIGH"", ""time"": ""2026-03-18 12:30:00"", ""currency"": ""USD""}, {""name"": ""PPI m/m"", ""impact"": ""HIGH"", ""time"": ""2026-03-18 12:30:00"", ""currency"": ""USD""}, {""name"": ""Factory Orders m/m"", ""impact"": ""LOW"", ""time"": ""2026-03-18 14:00:00"", ""currency"": ""USD""}, {""name"": ""Crude Oil Inventories"", ""impact"": ""LOW"", ""time"": ""2026-03-18 14:30:00"", ""currency"": ""USD""}]"
639,2026-03-18 13:02:12.173261,33,USDJPY,159.3126,159.05599375000003,0.16133076405992144,159.20940000000002,159.05306875,NONE,25.660624999997594,159.491,82.64961602692787,0.1045158601275594,0.12615702862419198,0.07268935013641775,1.1158292029798225,UP,UP,NORMAL,1,SELL,ACTIVE,,0,,"[{""name"": ""Core PPI m/m"", ""impact"": ""HIGH"", ""time"": ""2026-03-18 12:30:00"", ""currency"": ""USD""}, {""name"": ""PPI m/m"", ""impact"": ""HIGH"", ""time"": ""2026-03-18 12:30:00"", ""currency"": ""USD""}, {""name"": ""Factory Orders m/m"", ""impact"": ""LOW"", ""time"": ""2026-03-18 14:00:00"", ""currency"": ""USD""}, {""name"": ""Crude Oil Inventories"", ""impact"": ""LOW"", ""time"": ""2026-03-18 14:30:00"", ""currency"": ""USD""}]"
640,2026-03-18 13:02:12.173261,33,XAUUSD,4975.50525,4980.6696,-0.10368786558337484,4978.889999999999,4983.578399999999,NONE,516.4350000000013,4858.74,13.693524313016141,21.13286292534128,-30.64620633082268,-19.525185478211625,-0.029630136434128294,DOWN,DOWN,HIGH,1,BUY,ACTIVE,,0,,"[{""name"": ""Core PPI m/m"", ""impact"": ""HIGH"", ""time"": ""2026-03-18 12:30:00"", ""currency"": ""USD""}, {""name"": ""PPI m/m"", ""impact"": ""HIGH"", ""time"": ""2026-03-18 12:30:00"", ""currency"": ""USD""}, {""name"": ""Factory Orders m/m"", ""impact"": ""LOW"", ""time"": ""2026-03-18 14:00:00"", ""currency"": ""USD""}, {""name"": ""Crude Oil Inventories"", ""impact"": ""LOW"", ""time"": ""2026-03-18 14:30:00"", ""currency"": ""USD""}]"
641,2026-03-18 13:02:12.173261,33,AUDUSD,0.7095935000000001,0.7105821999999999,-0.13913942679676505,0.7098745,0.7106874000000001,NONE,9.886999999998425,0.7054,20.347062013029785,0.0008407045821564856,-0.0011931870134925804,-0.0006490462789458251,-0.08248139242884131,DOWN,UP,HIGH,1,BUY,ACTIVE,,0,,
642,2026-03-18 13:02:12.173261,33,USDCAD,1.3697405,1.3698656,-0.009132282758249358,1.3696875,1.3698326,NONE,1.250999999999891,1.37127,65.18889965459408,0.0006402938072268661,0.00013938253144218926,-4.7044266592479814e-05,1.107646078817863,DOWN,UP,NORMAL,1,SELL,ACTIVE,,0,,"[{""name"": ""Foreign Securities Purchases"", ""impact"": ""LOW"", ""time"": ""2026-03-18 12:30:00"", ""currency"": ""CAD""}, {""name"": ""BOC Rate Statement"", ""impact"": ""HIGH"", ""time"": ""2026-03-18 13:45:00"", ""currency"": ""CAD""}, {""name"": ""Overnight Rate"", ""impact"": ""HIGH"", ""time"": ""2026-03-18 13:45:00"", ""currency"": ""CAD""}, {""name"": ""BOC Press Conference"", ""impact"": ""HIGH"", ""time"": ""2026-03-18 14:30:00"", ""currency"": ""CAD""}]"
643,2026-03-18 13:02:12.173261,33,NZDUSD,0.5851050000000001,0.5857018,-0.10189485502690154,0.5852855,0.585774,NONE,5.967999999999529,0.58198,21.317567936142822,0.0006418608520864388,-0.0008563997145492053,-0.00044111828277495346,-0.0745981565793867,DOWN,DOWN,HIGH,1,BUY,ACTIVE,,0,,
644,2026-03-18 13:02:12.173261,33,USDCHF,0.786524,0.7858981999999999,0.07962863383579716,0.7864415,0.7858356000000001,NONE,6.258000000001207,0.78835,69.6068503744049,0.0006097957681240773,0.00041823704053689514,0.00022556363283835805,1.1145373408395847,UP,UP,NORMAL,1,SELL,ACTIVE,,0,,
645,2026-03-18 13:17:11.870387,34,EURUSD,1.1533882222222223,1.1530035,0.03336696048383106,1.1534820000000001,1.1530053333333334,NONE,3.847222222221891,1.14912,19.16148331202527,0.0008564777465303921,-0.0008259054554720091,-0.0003038582836195122,-0.10162556164268076,DOWN,DOWN,HIGH,1,BUY,ACTIVE,,0,,"[{""name"": ""Core PPI m/m"", ""impact"": ""HIGH"", ""time"": ""2026-03-18 12:30:00"", ""currency"": ""USD""}, {""name"": ""PPI m/m"", ""impact"": ""HIGH"", ""time"": ""2026-03-18 12:30:00"", ""currency"": ""USD""}, {""name"": ""Factory Orders m/m"", ""impact"": ""LOW"", ""time"": ""2026-03-18 14:00:00"", ""currency"": ""USD""}, {""name"": ""Crude Oil Inventories"", ""impact"": ""LOW"", ""time"": ""2026-03-18 14:30:00"", ""currency"": ""USD""}]"
646,2026-03-18 13:17:11.870387,34,GBPUSD,1.334474,1.335349111111111,-0.06553425645994562,1.3346715,1.335397,NONE,8.751111111111598,1.33048,18.23774006751917,0.0009839745866792031,-0.0011107513886459142,-0.0005568054518392274,-0.048413447663418,DOWN,DOWN,NORMAL,1,BUY,ACTIVE,,0,,"[{""name"": ""Core PPI m/m"", ""impact"": ""HIGH"", ""time"": ""2026-03-18 12:30:00"", ""currency"": ""USD""}, {""name"": ""PPI m/m"", ""impact"": ""HIGH"", ""time"": ""2026-03-18 12:30:00"", ""currency"": ""USD""}, {""name"": ""Factory Orders m/m"", ""impact"": ""LOW"", ""time"": ""2026-03-18 14:00:00"", ""currency"": ""USD""}, {""name"": ""Crude Oil Inventories"", ""impact"": ""LOW"", ""time"": ""2026-03-18 14:30:00"", ""currency"": ""USD""}]"
647,2026-03-18 13:17:11.870387,34,USDJPY,159.4208,159.0594875,0.2271555791351492,159.32700000000003,159.05644375000003,NONE,36.131250000002524,159.573,84.85980143742584,0.10565758440416294,0.15224650512675453,0.08951975549345464,1.0572408477515858,UP,UP,NORMAL,1,SELL,ACTIVE,,0,,"[{""name"": ""Core PPI m/m"", ""impact"": ""HIGH"", ""time"": ""2026-03-18 12:30:00"", ""currency"": ""USD""}, {""name"": ""PPI m/m"", ""impact"": ""HIGH"", ""time"": ""2026-03-18 12:30:00"", ""currency"": ""USD""}, {""name"": ""Factory Orders m/m"", ""impact"": ""LOW"", ""time"": ""2026-03-18 14:00:00"", ""currency"": ""USD""}, {""name"": ""Crude Oil Inventories"", ""impact"": ""LOW"", ""time"": ""2026-03-18 14:30:00"", ""currency"": ""USD""}]"
648,2026-03-18 13:17:11.870387,34,XAUUSD,4971.7195,4977.4808,-0.11574730735274999,4975.50175,4980.6668,NONE,576.1300000000119,4844.97,12.503696919975141,21.186943731925062,-34.21983323436598,-22.465901924029335,-0.006978789100618092,DOWN,DOWN,HIGH,1,BUY,ACTIVE,,0,,"[{""name"": ""Core PPI m/m"", ""impact"": ""HIGH"", ""time"": ""2026-03-18 12:30:00"", ""currency"": ""USD""}, {""name"": ""PPI m/m"", ""impact"": ""HIGH"", ""time"": ""2026-03-18 12:30:00"", ""currency"": ""USD""}, {""name"": ""Factory Orders m/m"", ""impact"": ""LOW"", ""time"": ""2026-03-18 14:00:00"", ""currency"": ""USD""}, {""name"": ""Crude Oil Inventories"", ""impact"": ""LOW"", ""time"": ""2026-03-18 14:30:00"", ""currency"": ""USD""}]"
649,2026-03-18 13:17:11.870387,34,AUDUSD,0.7093,0.7104556,-0.16265618850775804,0.709579,0.7105764000000001,NONE,11.555999999999234,0.70459,18.249561663106817,0.0008516236426146895,-0.0014132065420676687,-0.0008055797560716194,-0.050129334744428475,DOWN,UP,HIGH,1,BUY,ACTIVE,,0,,
650,2026-03-18 13:17:11.870387,34,USDCAD,1.3698235,1.3699234000000002,-0.007292378537380457,1.369752,1.3698702,NONE,0.9990000000015264,1.3719299999999999,69.59657496478317,0.0006702218005882039,0.00029202228162428234,2.370465558647433e-05,1.1529480245955184,DOWN,UP,NORMAL,1,SELL,NEWS_FILTERED,,1,HIGH impact: BOC Rate Statement (CAD) in 28min,"[{""name"": ""Foreign Securities Purchases"", ""impact"": ""LOW"", ""time"": ""2026-03-18 12:30:00"", ""currency"": ""CAD""}, {""name"": ""BOC Rate Statement"", ""impact"": ""HIGH"", ""time"": ""2026-03-18 13:45:00"", ""currency"": ""CAD""}, {""name"": ""Overnight Rate"", ""impact"": ""HIGH"", ""time"": ""2026-03-18 13:45:00"", ""currency"": ""CAD""}, {""name"": ""BOC Press Conference"", ""impact"": ""HIGH"", ""time"": ""2026-03-18 14:30:00"", ""currency"": ""CAD""}]"
651,2026-03-18 13:17:11.870387,34,NZDUSD,0.58488,0.5856039999999999,-0.12363303529346573,0.585086,0.5856942,NONE,7.239999999999469,0.58129,18.903293110336534,0.0006559116075496478,-0.0010379434075227234,-0.0005653334501746598,-0.04731072168807067,DOWN,DOWN,HIGH,1,BUY,ACTIVE,,0,,
652,2026-03-18 13:17:11.870387,34,USDCHF,0.7866655,0.7859961999999999,0.08515308343731114,0.7865650000000001,0.7859146,NONE,6.693000000000948,0.78927,74.08155401900288,0.000658534845911135,0.000632220244336068,0.0003173610520039753,1.1230678066300699,UP,UP,HIGH,1,SELL,ACTIVE,,0,,
653,2026-03-18 13:32:04.516728,35,EURUSD,1.1533562222222222,1.1530244166666668,0.02877697564416596,1.153423111111111,1.1530165833333332,NONE,3.3180555555545332,1.15053,34.446036273740546,0.0008791800719094103,-0.0007790504644615837,-0.0003788579733491335,0.10660533193294994,DOWN,DOWN,HIGH,0,,,,0,,"[{""name"": ""Factory Orders m/m"", ""impact"": ""LOW"", ""time"": ""2026-03-18 14:00:00"", ""currency"": ""USD""}, {""name"": ""Crude Oil Inventories"", ""impact"": ""LOW"", ""time"": ""2026-03-18 14:30:00"", ""currency"": ""USD""}]"
654,2026-03-18 13:32:04.516728,35,GBPUSD,1.3344135000000001,1.335336,-0.06908373622818056,1.334551,1.3353662222222222,NONE,9.224999999999373,1.3317999999999999,34.300169020463144,0.001010247905680883,-0.001046453996416341,-0.0006350793202988313,0.1327103579194134,DOWN,DOWN,NORMAL,0,,,,0,,"[{""name"": ""Factory Orders m/m"", ""impact"": ""LOW"", ""time"": ""2026-03-18 14:00:00"", ""currency"": ""USD""}, {""name"": ""Crude Oil Inventories"", ""impact"": ""LOW"", ""time"": ""2026-03-18 14:30:00"", ""currency"": ""USD""}]"
655,2026-03-18 13:32:04.516728,35,USDJPY,159.4714,159.06156875,0.257655732444168,159.403,159.05893125,NONE,40.98312499999963,159.499,74.71250871376004,0.10626367531406959,0.1550673314691835,0.10149331627264635,0.9305550274290083,UP,UP,NORMAL,0,,,,0,,"[{""name"": ""Factory Orders m/m"", ""impact"": ""LOW"", ""time"": ""2026-03-18 14:00:00"", ""currency"": ""USD""}, {""name"": ""Crude Oil Inventories"", ""impact"": ""LOW"", ""time"": ""2026-03-18 14:30:00"", ""currency"": ""USD""}]"
656,2026-03-18 13:32:04.516728,35,XAUUSD,4968.67,4974.7102,-0.12141812803488268,4972.13025,4977.8094,NONE,604.0200000000368,4856.48,14.800609042254422,20.98268646409908,-34.69085677316525,-24.701188050551877,0.09092137231197488,DOWN,DOWN,HIGH,0,,,,0,,"[{""name"": ""Factory Orders m/m"", ""impact"": ""LOW"", ""time"": ""2026-03-18 14:00:00"", ""currency"": ""USD""}, {""name"": ""Crude Oil Inventories"", ""impact"": ""LOW"", ""time"": ""2026-03-18 14:30:00"", ""currency"": ""USD""}]"
657,2026-03-18 13:32:04.516728,35,AUDUSD,0.7091149999999999,0.7103646,-0.17590966666977392,0.709355,0.7104776000000002,NONE,12.496000000000729,0.70554,25.09854863819497,0.000871201545693232,-0.0014078238179878744,-0.0009119886824149744,0.08995322304571532,DOWN,UP,HIGH,0,,,,0,,
658,2026-03-18 13:32:04.516728,35,USDCAD,1.3698869999999999,1.3699710000000003,-0.0061315166525727225,1.3698005,1.3699142,NONE,0.8400000000041707,1.37183,68.93112059200229,0.0006686753454441554,0.0003576002607230677,8.461255154258959e-05,1.056000727571589,DOWN,UP,NORMAL,1,SELL,NEWS_FILTERED,,1,HIGH impact: BOC Rate Statement (CAD) in 13min,"[{""name"": ""BOC Rate Statement"", ""impact"": ""HIGH"", ""time"": ""2026-03-18 13:45:00"", ""currency"": ""CAD""}, {""name"": ""Overnight Rate"", ""impact"": ""HIGH"", ""time"": ""2026-03-18 13:45:00"", ""currency"": ""CAD""}, {""name"": ""BOC Press Conference"", ""impact"": ""HIGH"", ""time"": ""2026-03-18 14:30:00"", ""currency"": ""CAD""}]"
659,2026-03-18 13:32:04.516728,35,NZDUSD,0.5847445,0.5855406,-0.13595982925863148,0.5849235,0.5856214000000001,NONE,7.960999999999663,0.58215,27.25680798448444,0.000665744451908346,-0.0010224126279032575,-0.0006456450122161029,0.10779591370938353,DOWN,DOWN,HIGH,0,,,,0,,
660,2026-03-18 13:32:04.516728,35,USDCHF,0.7866785000000001,0.7860326,0.08217216436062424,0.786608,0.7859731999999999,NONE,6.459000000000881,0.78821,62.793331753645035,0.0006919558263052471,0.0005860291543585694,0.0003564166097968323,0.8885835531535793,UP,UP,HIGH,0,,,,0,,
661,2026-03-18 13:47:05.623551,36,EURUSD,1.1533006666666668,1.1530371666666668,0.022852689194896327,1.1533564444444444,1.1530245,NONE,2.634999999999721,1.151,40.30833969211593,0.0008933675183208116,-0.0007934780676512876,-0.00046165435688187077,0.21194959137885638,DOWN,DOWN,NORMAL,0,,,,0,,"[{""name"": ""Factory Orders m/m"", ""impact"": ""LOW"", ""time"": ""2026-03-18 14:00:00"", ""currency"": ""USD""}, {""name"": ""Crude Oil Inventories"", ""impact"": ""LOW"", ""time"": ""2026-03-18 14:30:00"", ""currency"": ""USD""}]"
662,2026-03-18 13:47:05.623551,36,GBPUSD,1.3342705000000001,1.335314111111111,-0.07815472797202508,1.3344075,1.3353346666666668,NONE,10.436111111109536,1.33225,40.476997679748365,0.001035156735569088,-0.0010518957769545256,-0.0007199742355616178,0.22628387459053606,DOWN,DOWN,NORMAL,0,,,,0,,"[{""name"": ""Factory Orders m/m"", ""impact"": ""LOW"", ""time"": ""2026-03-18 14:00:00"", ""currency"": ""USD""}, {""name"": ""Crude Oil Inventories"", ""impact"": ""LOW"", ""time"": ""2026-03-18 14:30:00"", ""currency"": ""USD""}]"
663,2026-03-18 13:47:05.623551,36,USDJPY,159.4978,159.06465,0.27231066110541335,159.474,159.06165,NONE,43.31500000000119,159.485,71.34467420550398,0.10471422911816593,0.16075655257390054,0.11351188945882763,0.8644264863040483,UP,UP,NORMAL,1,SELL,ACTIVE,,0,,"[{""name"": ""Factory Orders m/m"", ""impact"": ""LOW"", ""time"": ""2026-03-18 14:00:00"", ""currency"": ""USD""}, {""name"": ""Crude Oil Inventories"", ""impact"": ""LOW"", ""time"": ""2026-03-18 14:30:00"", ""currency"": ""USD""}]"
664,2026-03-18 13:47:05.623551,36,XAUUSD,4966.11675,4972.332,-0.12499668163751326,4969.088000000001,4975.0446,NONE,621.5250000000196,4872.41,21.759406241059835,22.536180234533827,-33.390860703108956,-26.225716313257017,0.190813007150894,DOWN,DOWN,HIGH,0,,,,0,,"[{""name"": ""Factory Orders m/m"", ""impact"": ""LOW"", ""time"": ""2026-03-18 14:00:00"", ""currency"": ""USD""}, {""name"": ""Crude Oil Inventories"", ""impact"": ""LOW"", ""time"": ""2026-03-18 14:30:00"", ""currency"": ""USD""}]"
665,2026-03-18 13:47:05.623551,36,AUDUSD,0.708896,0.7102596,-0.19198614140520176,0.7091200000000001,0.7103666000000001,NONE,13.636000000000204,0.70634,32.498767853226965,0.0008882585781437125,-0.001386335744983258,-0.0010055817416522819,0.2117843763405845,DOWN,UP,HIGH,1,BUY,ACTIVE,,0,,
666,2026-03-18 13:47:05.623551,36,USDCAD,1.3700085,1.3700318000000002,-0.0017006904511472963,1.3698825,1.3699691999999999,NONE,0.2330000000028143,1.37216,71.15105503894094,0.0006974944534226361,0.0004544352187709766,0.0001574283670395579,1.0382908486643867,DOWN,UP,NORMAL,1,SELL,NEWS_FILTERED,,1,HIGH impact: BOC Rate Statement (CAD) 2min ago,"[{""name"": ""BOC Rate Statement"", ""impact"": ""HIGH"", ""time"": ""2026-03-18 13:45:00"", ""currency"": ""CAD""}, {""name"": ""Overnight Rate"", ""impact"": ""HIGH"", ""time"": ""2026-03-18 13:45:00"", ""currency"": ""CAD""}, {""name"": ""BOC Press Conference"", ""impact"": ""HIGH"", ""time"": ""2026-03-18 14:30:00"", ""currency"": ""CAD""}]"
667,2026-03-18 13:47:05.623551,36,NZDUSD,0.5845895000000001,0.5854764,-0.15148347567893644,0.5847555,0.5855450000000001,NONE,8.868999999999128,0.58281,35.1325947340856,0.0006844667869761221,-0.0009867683081954404,-0.000711061694204009,0.23163960111500523,DOWN,DOWN,HIGH,0,,,,0,,
668,2026-03-18 13:47:05.623551,36,USDCHF,0.7867765,0.7860895999999999,0.08738189641486745,0.786683,0.7860343999999999,NONE,6.869000000000458,0.78806,60.8860671911482,0.0006993161244262932,0.0006086129004907459,0.00040800458588434197,0.8111407340570052,UP,UP,HIGH,0,,,,0,,
669,2026-03-18 14:02:05.051661,37,EURUSD,1.153277111111111,1.1530634166666667,0.018532757292931103,1.1533115555555555,1.15304125,NONE,2.136944444444122,1.1517,47.70786168893467,0.000897175821237926,-0.0007103444988569851,-0.0005051382542227517,0.3237067647231094,DOWN,DOWN,NORMAL,0,,,,0,,"[{""name"": ""Factory Orders m/m"", ""impact"": ""LOW"", ""time"": ""2026-03-18 14:00:00"", ""currency"": ""USD""}, {""name"": ""Crude Oil Inventories"", ""impact"": ""LOW"", ""time"": ""2026-03-18 14:30:00"", ""currency"": ""USD""}, {""name"": ""Federal Funds Rate"", ""impact"": ""HIGH"", ""time"": ""2026-03-18 18:00:00"", ""currency"": ""USD""}, {""name"": ""FOMC Economic Projections"", ""impact"": ""HIGH"", ""time"": ""2026-03-18 18:00:00"", ""currency"": ""USD""}, {""name"": ""FOMC Statement"", ""impact"": ""HIGH"", ""time"": ""2026-03-18 18:00:00"", ""currency"": ""USD""}]"
670,2026-03-18 14:02:05.051661,37,GBPUSD,1.3342065,1.3353016666666666,-0.08201642325515977,1.3342855,1.3353174444444444,NONE,10.95166666666536,1.33269,45.10825533999698,0.0010272467776394965,-0.0009830950869893496,-0.0007687693460181339,0.29658400422548314,DOWN,DOWN,NORMAL,0,,,,0,,"[{""name"": ""Factory Orders m/m"", ""impact"": ""LOW"", ""time"": ""2026-03-18 14:00:00"", ""currency"": ""USD""}, {""name"": ""Crude Oil Inventories"", ""impact"": ""LOW"", ""time"": ""2026-03-18 14:30:00"", ""currency"": ""USD""}, {""name"": ""Federal Funds Rate"", ""impact"": ""HIGH"", ""time"": ""2026-03-18 18:00:00"", ""currency"": ""USD""}, {""name"": ""FOMC Economic Projections"", ""impact"": ""HIGH"", ""time"": ""2026-03-18 18:00:00"", ""currency"": ""USD""}, {""name"": ""FOMC Statement"", ""impact"": ""HIGH"", ""time"": ""2026-03-18 18:00:00"", ""currency"": ""USD""}]"
671,2026-03-18 14:02:05.051661,37,USDJPY,159.503,159.0671625,0.2739958978019684,159.5002,159.064725,NONE,43.5837499999991,159.459,67.13238682032915,0.1023366821403363,0.16123445346204335,0.12320956465263767,0.8013106232215763,UP,UP,NORMAL,1,SELL,ACTIVE,,0,,"[{""name"": ""Factory Orders m/m"", ""impact"": ""LOW"", ""time"": ""2026-03-18 14:00:00"", ""currency"": ""USD""}, {""name"": ""Crude Oil Inventories"", ""impact"": ""LOW"", ""time"": ""2026-03-18 14:30:00"", ""currency"": ""USD""}, {""name"": ""Federal Funds Rate"", ""impact"": ""HIGH"", ""time"": ""2026-03-18 18:00:00"", ""currency"": ""USD""}, {""name"": ""FOMC Economic Projections"", ""impact"": ""HIGH"", ""time"": ""2026-03-18 18:00:00"", ""currency"": ""USD""}, {""name"": ""FOMC Statement"", ""impact"": ""HIGH"", ""time"": ""2026-03-18 18:00:00"", ""currency"": ""USD""}]"
672,2026-03-18 14:02:05.051661,37,XAUUSD,4963.389,4969.9286,-0.13158337928637576,4966.2615000000005,4972.4478,NONE,653.9600000000064,4875.71,24.06128171462288,21.8138687724576,-32.41695782010265,-27.390063759925376,0.23199941606240865,DOWN,DOWN,HIGH,0,,,,0,,"[{""name"": ""Factory Orders m/m"", ""impact"": ""LOW"", ""time"": ""2026-03-18 14:00:00"", ""currency"": ""USD""}, {""name"": ""Crude Oil Inventories"", ""impact"": ""LOW"", ""time"": ""2026-03-18 14:30:00"", ""currency"": ""USD""}, {""name"": ""Federal Funds Rate"", ""impact"": ""HIGH"", ""time"": ""2026-03-18 18:00:00"", ""currency"": ""USD""}, {""name"": ""FOMC Economic Projections"", ""impact"": ""HIGH"", ""time"": ""2026-03-18 18:00:00"", ""currency"": ""USD""}, {""name"": ""FOMC Statement"", ""impact"": ""HIGH"", ""time"": ""2026-03-18 18:00:00"", ""currency"": ""USD""}]"
673,2026-03-18 14:02:05.051661,37,AUDUSD,0.7087345,0.710171,-0.20227522667075276,0.70891,0.7102652,NONE,14.364999999999517,0.70674,36.03606810015888,0.0008666992919497769,-0.0013107974649957388,-0.0010630510971471703,0.2762231660886623,DOWN,UP,NORMAL,0,,,,0,,
674,2026-03-18 14:02:05.051661,37,USDCAD,1.370019,1.3700512,-0.002350277128323871,1.3699569999999999,1.3700112000000002,NONE,0.3219999999992673,1.37121,60.51165130270242,0.0007227244414434444,0.0003915276715793503,0.00019110178920108447,0.8144138557256706,DOWN,UP,NORMAL,0,,,,1,HIGH impact: BOC Rate Statement (CAD) 17min ago,"[{""name"": ""BOC Rate Statement"", ""impact"": ""HIGH"", ""time"": ""2026-03-18 13:45:00"", ""currency"": ""CAD""}, {""name"": ""Overnight Rate"", ""impact"": ""HIGH"", ""time"": ""2026-03-18 13:45:00"", ""currency"": ""CAD""}, {""name"": ""BOC Press Conference"", ""impact"": ""HIGH"", ""time"": ""2026-03-18 14:30:00"", ""currency"": ""CAD""}]"
675,2026-03-18 14:02:05.051661,37,NZDUSD,0.5844755,0.5854212,-0.16154180955522934,0.5846005,0.5854808,NONE,9.456999999999383,0.5831,38.226756508914896,0.0006741987511717056,-0.0009246627192429635,-0.0007509739220038208,0.2929675392377172,DOWN,DOWN,NORMAL,0,,,,0,,
676,2026-03-18 14:02:05.051661,37,USDCHF,0.7868145,0.786141,0.08567165432155219,0.7867775,0.7860900000000001,NONE,6.7349999999999355,0.78789,59.14494399787162,0.0007060996665591087,0.0006014165594147025,0.0004469422512456768,0.7537609087506657,UP,UP,NORMAL,0,,,,0,,
677,2026-03-18 14:17:16.388011,38,EURUSD,1.1532113333333334,1.1530671666666668,0.012502885420228793,1.1532615555555557,1.1530575833333332,NONE,1.4416666666661193,1.1510799999999999,42.30459928567224,0.0009337180112957661,-0.0007603129942075348,-0.0005651076751541361,0.2607050872073266,DOWN,DOWN,NORMAL,0,,,,0,,"[{""name"": ""Factory Orders m/m"", ""impact"": ""LOW"", ""time"": ""2026-03-18 14:00:00"", ""currency"": ""USD""}, {""name"": ""Crude Oil Inventories"", ""impact"": ""LOW"", ""time"": ""2026-03-18 14:30:00"", ""currency"": ""USD""}, {""name"": ""Federal Funds Rate"", ""impact"": ""HIGH"", ""time"": ""2026-03-18 18:00:00"", ""currency"": ""USD""}, {""name"": ""FOMC Economic Projections"", ""impact"": ""HIGH"", ""time"": ""2026-03-18 18:00:00"", ""currency"": ""USD""}, {""name"": ""FOMC Statement"", ""impact"": ""HIGH"", ""time"": ""2026-03-18 18:00:00"", ""currency"": ""USD""}]"
678,2026-03-18 14:17:16.388011,38,GBPUSD,1.3338805,1.3352405555555555,-0.10185846661837177,1.334112,1.3352806666666666,NONE,13.600555555555172,1.33066,31.441847352931518,0.0011200762961645974,-0.00121508109277646,-0.0008821547722928675,0.11840927252596967,DOWN,DOWN,HIGH,0,,,,0,,"[{""name"": ""Factory Orders m/m"", ""impact"": ""LOW"", ""time"": ""2026-03-18 14:00:00"", ""currency"": ""USD""}, {""name"": ""Crude Oil Inventories"", ""impact"": ""LOW"", ""time"": ""2026-03-18 14:30:00"", ""currency"": ""USD""}, {""name"": ""Federal Funds Rate"", ""impact"": ""HIGH"", ""time"": ""2026-03-18 18:00:00"", ""currency"": ""USD""}, {""name"": ""FOMC Economic Projections"", ""impact"": ""HIGH"", ""time"": ""2026-03-18 18:00:00"", ""currency"": ""USD""}, {""name"": ""FOMC Statement"", ""impact"": ""HIGH"", ""time"": ""2026-03-18 18:00:00"", ""currency"": ""USD""}]"
679,2026-03-18 14:17:16.388011,38,USDJPY,159.4952,159.0697625,0.26745340743185886,159.5102,159.0673875,NONE,42.54375000000152,159.488,71.36390873459774,0.09943508239561785,0.16355209869678333,0.1317375586409584,0.7934444558207241,UP,UP,NORMAL,1,SELL,ACTIVE,,0,,"[{""name"": ""Factory Orders m/m"", ""impact"": ""LOW"", ""time"": ""2026-03-18 14:00:00"", ""currency"": ""USD""}, {""name"": ""Crude Oil Inventories"", ""impact"": ""LOW"", ""time"": ""2026-03-18 14:30:00"", ""currency"": ""USD""}, {""name"": ""Federal Funds Rate"", ""impact"": ""HIGH"", ""time"": ""2026-03-18 18:00:00"", ""currency"": ""USD""}, {""name"": ""FOMC Economic Projections"", ""impact"": ""HIGH"", ""time"": ""2026-03-18 18:00:00"", ""currency"": ""USD""}, {""name"": ""FOMC Statement"", ""impact"": ""HIGH"", ""time"": ""2026-03-18 18:00:00"", ""currency"": ""USD""}]"
680,2026-03-18 14:17:16.388011,38,XAUUSD,4960.63775,4967.5684,-0.13951795812213158,4963.52325,4970.036,NONE,693.0650000000242,4875.28,24.93075562212661,21.630663029453384,-31.349938034860315,-28.113498443972258,0.2521063620044981,DOWN,DOWN,HIGH,0,,,,0,,"[{""name"": ""Factory Orders m/m"", ""impact"": ""LOW"", ""time"": ""2026-03-18 14:00:00"", ""currency"": ""USD""}, {""name"": ""Crude Oil Inventories"", ""impact"": ""LOW"", ""time"": ""2026-03-18 14:30:00"", ""currency"": ""USD""}, {""name"": ""Federal Funds Rate"", ""impact"": ""HIGH"", ""time"": ""2026-03-18 18:00:00"", ""currency"": ""USD""}, {""name"": ""FOMC Economic Projections"", ""impact"": ""HIGH"", ""time"": ""2026-03-18 18:00:00"", ""currency"": ""USD""}, {""name"": ""FOMC Statement"", ""impact"": ""HIGH"", ""time"": ""2026-03-18 18:00:00"", ""currency"": ""USD""}]"
681,2026-03-18 14:17:16.388011,38,AUDUSD,0.7085070000000001,0.7100748,-0.2207936403319618,0.7087265,0.7101678000000001,NONE,15.67799999999897,0.70659,34.86257269174901,0.0008869860772186658,-0.001275997324439726,-0.0011076825078478367,0.28398364854515207,DOWN,UP,NORMAL,1,BUY,ACTIVE,,0,,
682,2026-03-18 14:17:16.388011,38,USDCAD,1.370107,1.370086,0.0015327504988773522,1.3700139999999998,1.3700492,BULLISH,0.21000000000048757,1.37111,59.55526747695268,0.0007250298384832186,0.00038801750653538747,0.00022920857939157796,0.7631222000522202,UP,UP,NORMAL,1,BUY,ACTIVE,,1,HIGH impact: BOC Press Conference (CAD) in 13min,"[{""name"": ""BOC Rate Statement"", ""impact"": ""HIGH"", ""time"": ""2026-03-18 13:45:00"", ""currency"": ""CAD""}, {""name"": ""Overnight Rate"", ""impact"": ""HIGH"", ""time"": ""2026-03-18 13:45:00"", ""currency"": ""CAD""}, {""name"": ""BOC Press Conference"", ""impact"": ""HIGH"", ""time"": ""2026-03-18 14:30:00"", ""currency"": ""CAD""}]"
683,2026-03-18 14:17:16.388011,38,NZDUSD,0.5843339999999999,0.5853646,-0.17606121039777664,0.584481,0.5854234,NONE,10.306000000001037,0.58315,38.95673435687445,0.000687470268945156,-0.0008684533667909777,-0.0007730658223572804,0.31911297227552227,DOWN,DOWN,NORMAL,0,,,,0,,
684,2026-03-18 14:17:16.388011,38,USDCHF,0.786945,0.786214,0.09297723011801332,0.7868445,0.7861530000000001,NONE,7.310000000000372,0.78861,64.38893888388327,0.0007482660169069337,0.0006820648035703591,0.0005016248813687271,0.857080014264526,UP,UP,HIGH,0,,,,0,,
685,2026-03-18 14:32:05.018509,39,EURUSD,1.1531546666666668,1.1530643333333332,0.0078341971668125,1.1532046666666667,1.1530646666666666,NONE,0.9033333333352545,1.15099,42.34663101444997,0.0009441209394637657,-0.0007727045297458712,-0.0006104561059015489,0.2750698483661958,DOWN,DOWN,NORMAL,0,,,,0,,"[{""name"": ""Factory Orders m/m"", ""impact"": ""LOW"", ""time"": ""2026-03-18 14:00:00"", ""currency"": ""USD""}, {""name"": ""Crude Oil Inventories"", ""impact"": ""LOW"", ""time"": ""2026-03-18 14:30:00"", ""currency"": ""USD""}, {""name"": ""Federal Funds Rate"", ""impact"": ""HIGH"", ""time"": ""2026-03-18 18:00:00"", ""currency"": ""USD""}, {""name"": ""FOMC Economic Projections"", ""impact"": ""HIGH"", ""time"": ""2026-03-18 18:00:00"", ""currency"": ""USD""}, {""name"": ""FOMC Statement"", ""impact"": ""HIGH"", ""time"": ""2026-03-18 18:00:00"", ""currency"": ""USD""}, {""name"": ""FOMC Press Conference"", ""impact"": ""HIGH"", ""time"": ""2026-03-18 18:30:00"", ""currency"": ""USD""}]"
686,2026-03-18 14:32:05.018509,39,GBPUSD,1.333633,1.3352072222222222,-0.11790096668306826,1.3338855,1.3352416666666667,NONE,15.742222222221436,1.3308900000000001,33.71908823074128,0.0011096871754855797,-0.0012403587719700404,-0.000952519218951935,0.1803142659821626,DOWN,DOWN,NORMAL,0,,,,0,,"[{""name"": ""Factory Orders m/m"", ""impact"": ""LOW"", ""time"": ""2026-03-18 14:00:00"", ""currency"": ""USD""}, {""name"": ""Crude Oil Inventories"", ""impact"": ""LOW"", ""time"": ""2026-03-18 14:30:00"", ""currency"": ""USD""}, {""name"": ""Federal Funds Rate"", ""impact"": ""HIGH"", ""time"": ""2026-03-18 18:00:00"", ""currency"": ""USD""}, {""name"": ""FOMC Economic Projections"", ""impact"": ""HIGH"", ""time"": ""2026-03-18 18:00:00"", ""currency"": ""USD""}, {""name"": ""FOMC Statement"", ""impact"": ""HIGH"", ""time"": ""2026-03-18 18:00:00"", ""currency"": ""USD""}, {""name"": ""FOMC Press Conference"", ""impact"": ""HIGH"", ""time"": ""2026-03-18 18:30:00"", ""currency"": ""USD""}]"
687,2026-03-18 14:32:05.018509,39,USDJPY,159.501,159.0722125,0.26955524994662317,159.498,159.06985000000003,NONE,42.878749999999854,159.499,72.54254382207995,0.0963682907959307,0.16299385290099622,0.1381675069516599,0.7742279365962375,UP,UP,NORMAL,1,SELL,ACTIVE,,0,,"[{""name"": ""Factory Orders m/m"", ""impact"": ""LOW"", ""time"": ""2026-03-18 14:00:00"", ""currency"": ""USD""}, {""name"": ""Crude Oil Inventories"", ""impact"": ""LOW"", ""time"": ""2026-03-18 14:30:00"", ""currency"": ""USD""}, {""name"": ""Federal Funds Rate"", ""impact"": ""HIGH"", ""time"": ""2026-03-18 18:00:00"", ""currency"": ""USD""}, {""name"": ""FOMC Economic Projections"", ""impact"": ""HIGH"", ""time"": ""2026-03-18 18:00:00"", ""currency"": ""USD""}, {""name"": ""FOMC Statement"", ""impact"": ""HIGH"", ""time"": ""2026-03-18 18:00:00"", ""currency"": ""USD""}, {""name"": ""FOMC Press Conference"", ""impact"": ""HIGH"", ""time"": ""2026-03-18 18:30:00"", ""currency"": ""USD""}]"
688,2026-03-18 14:32:05.018509,39,XAUUSD,4957.08875,4964.4236,-0.14774827031279497,4960.2765,4967.2794,NONE,733.4850000000188,4856.9,22.09390974006054,21.52505810687824,-32.848504136017254,-29.24493263081439,0.19838170645931918,DOWN,DOWN,HIGH,0,,,,0,,"[{""name"": ""Factory Orders m/m"", ""impact"": ""LOW"", ""time"": ""2026-03-18 14:00:00"", ""currency"": ""USD""}, {""name"": ""Crude Oil Inventories"", ""impact"": ""LOW"", ""time"": ""2026-03-18 14:30:00"", ""currency"": ""USD""}, {""name"": ""Federal Funds Rate"", ""impact"": ""HIGH"", ""time"": ""2026-03-18 18:00:00"", ""currency"": ""USD""}, {""name"": ""FOMC Economic Projections"", ""impact"": ""HIGH"", ""time"": ""2026-03-18 18:00:00"", ""currency"": ""USD""}, {""name"": ""FOMC Statement"", ""impact"": ""HIGH"", ""time"": ""2026-03-18 18:00:00"", ""currency"": ""USD""}, {""name"": ""FOMC Press Conference"", ""impact"": ""HIGH"", ""time"": ""2026-03-18 18:30:00"", ""currency"": ""USD""}]"
689,2026-03-18 14:32:05.018509,39,AUDUSD,0.708225,0.7099736,-0.24629084799772683,0.7084795,0.7100638,NONE,17.48599999999989,0.70617,33.451253864145016,0.000900517683947942,-0.0012915700567172061,-0.0011514799606416586,0.2668108678342118,DOWN,UP,NORMAL,1,BUY,ACTIVE,,0,,
690,2026-03-18 14:32:05.018509,39,USDCAD,1.3701875,1.3701130000000001,0.005437507709200286,1.3701065,1.3700858,NONE,0.7449999999975532,1.37082,55.48090068474796,0.0007418644418568592,0.00036334566734530505,0.0002559083616546654,0.668203182489722,UP,UP,NORMAL,0,,,,1,HIGH impact: BOC Press Conference (CAD) 2min ago,"[{""name"": ""BOC Rate Statement"", ""impact"": ""HIGH"", ""time"": ""2026-03-18 13:45:00"", ""currency"": ""CAD""}, {""name"": ""Overnight Rate"", ""impact"": ""HIGH"", ""time"": ""2026-03-18 13:45:00"", ""currency"": ""CAD""}, {""name"": ""BOC Press Conference"", ""impact"": ""HIGH"", ""time"": ""2026-03-18 14:30:00"", ""currency"": ""CAD""}]"
691,2026-03-18 14:32:05.018509,39,NZDUSD,0.5841605,0.5853069999999999,-0.1958801107794609,0.5843235000000001,0.5853604,NONE,11.464999999999392,0.58305,38.793850103405134,0.0006835183109592771,-0.000842303933974553,-0.000789593786561074,0.32634239006167337,DOWN,DOWN,NORMAL,0,,,,0,,
692,2026-03-18 14:32:05.018509,39,USDCHF,0.7870915,0.7862884,0.10213809589459243,0.7869605,0.7862201999999999,NONE,8.031000000000565,0.78896,66.4026477855003,0.0007391041585564334,0.0007469914907151098,0.000554654898394692,0.8704428489065129,UP,UP,NORMAL,0,,,,0,,
693,2026-03-18 14:44:59.924941,1,EURUSD,1.1519706666666667,1.15060625,0.11858241398103354,1.151923111111111,1.1506634166666667,NONE,13.644166666666457,1.15134,36.041522889062605,0.0015757323901862772,0.00013206954072964017,0.0005841680302371302,0.02282393455069819,UP,DOWN,NORMAL,0,,,,0,,"[{""name"": ""Factory Orders m/m"", ""impact"": ""LOW"", ""time"": ""2026-03-18 14:00:00"", ""currency"": ""USD""}, {""name"": ""Crude Oil Inventories"", ""impact"": ""LOW"", ""time"": ""2026-03-18 14:30:00"", ""currency"": ""USD""}, {""name"": ""Federal Funds Rate"", ""impact"": ""HIGH"", ""time"": ""2026-03-18 18:00:00"", ""currency"": ""USD""}, {""name"": ""FOMC Economic Projections"", ""impact"": ""HIGH"", ""time"": ""2026-03-18 18:00:00"", ""currency"": ""USD""}, {""name"": ""FOMC Statement"", ""impact"": ""HIGH"", ""time"": ""2026-03-18 18:00:00"", ""currency"": ""USD""}, {""name"": ""FOMC Press Conference"", ""impact"": ""HIGH"", ""time"": ""2026-03-18 18:30:00"", ""currency"": ""USD""}]"
694,2026-03-18 14:44:59.924941,1,GBPUSD,1.3351330000000001,1.3308538888888888,0.3215312474823148,1.3353345,1.3308896666666667,NONE,42.791111111113445,1.33157,30.126566767813244,0.001805681406594173,-3.842392959918506e-05,0.0006345633614129697,-0.08709319149214763,UP,DOWN,NORMAL,1,BUY,ACTIVE,,0,,"[{""name"": ""Factory Orders m/m"", ""impact"": ""LOW"", ""time"": ""2026-03-18 14:00:00"", ""currency"": ""USD""}, {""name"": ""Crude Oil Inventories"", ""impact"": ""LOW"", ""time"": ""2026-03-18 14:30:00"", ""currency"": ""USD""}, {""name"": ""Federal Funds Rate"", ""impact"": ""HIGH"", ""time"": ""2026-03-18 18:00:00"", ""currency"": ""USD""}, {""name"": ""FOMC Economic Projections"", ""impact"": ""HIGH"", ""time"": ""2026-03-18 18:00:00"", ""currency"": ""USD""}, {""name"": ""FOMC Statement"", ""impact"": ""HIGH"", ""time"": ""2026-03-18 18:00:00"", ""currency"": ""USD""}, {""name"": ""FOMC Press Conference"", ""impact"": ""HIGH"", ""time"": ""2026-03-18 18:30:00"", ""currency"": ""USD""}]"
695,2026-03-18 14:44:59.924941,1,USDJPY,159.287,158.86056875000003,0.2684311489977458,159.16799999999998,158.848975,NONE,42.643124999997895,159.506,80.0269933559021,0.18773296647452975,0.06695295575980253,-0.01767905777157961,1.0473208172436945,DOWN,UP,NORMAL,1,SELL,ACTIVE,,0,,"[{""name"": ""Factory Orders m/m"", ""impact"": ""LOW"", ""time"": ""2026-03-18 14:00:00"", ""currency"": ""USD""}, {""name"": ""Crude Oil Inventories"", ""impact"": ""LOW"", ""time"": ""2026-03-18 14:30:00"", ""currency"": ""USD""}, {""name"": ""Federal Funds Rate"", ""impact"": ""HIGH"", ""time"": ""2026-03-18 18:00:00"", ""currency"": ""USD""}, {""name"": ""FOMC Economic Projections"", ""impact"": ""HIGH"", ""time"": ""2026-03-18 18:00:00"", ""currency"": ""USD""}, {""name"": ""FOMC Statement"", ""impact"": ""HIGH"", ""time"": ""2026-03-18 18:00:00"", ""currency"": ""USD""}, {""name"": ""FOMC Press Conference"", ""impact"": ""HIGH"", ""time"": ""2026-03-18 18:30:00"", ""currency"": ""USD""}]"
696,2026-03-18 14:44:59.924941,1,XAUUSD,4993.74975,4995.86,-0.042239974699045287,4997.361500000001,4998.611,NONE,211.02499999997235,4861.26,23.442094385286595,32.71904567695156,-29.8448771441781,-15.54037539732271,-0.10433115311873263,DOWN,UP,HIGH,1,BUY,ACTIVE,,0,,"[{""name"": ""Factory Orders m/m"", ""impact"": ""LOW"", ""time"": ""2026-03-18 14:00:00"", ""currency"": ""USD""}, {""name"": ""Crude Oil Inventories"", ""impact"": ""LOW"", ""time"": ""2026-03-18 14:30:00"", ""currency"": ""USD""}, {""name"": ""Federal Funds Rate"", ""impact"": ""HIGH"", ""time"": ""2026-03-18 18:00:00"", ""currency"": ""USD""}, {""name"": ""FOMC Economic Projections"", ""impact"": ""HIGH"", ""time"": ""2026-03-18 18:00:00"", ""currency"": ""USD""}, {""name"": ""FOMC Statement"", ""impact"": ""HIGH"", ""time"": ""2026-03-18 18:00:00"", ""currency"": ""USD""}, {""name"": ""FOMC Press Conference"", ""impact"": ""HIGH"", ""time"": ""2026-03-18 18:30:00"", ""currency"": ""USD""}]"
697,2026-03-18 14:44:59.924941,1,AUDUSD,0.710145,0.7087352000000001,0.19891773401404436,0.7103265000000001,0.708699,NONE,14.097999999999056,0.70683,37.54462755052086,0.0015321621110481389,-0.0003024272200642386,0.0004022475885822888,0.017279370654901084,UP,UP,NORMAL,0,,,,0,,
698,2026-03-18 14:44:59.924941,1,USDCAD,1.3697395,1.3691958,0.03970944111865862,1.36972,1.3691786,NONE,5.437000000001468,1.37005,51.65450072607349,0.0011605078166164733,0.00024237923333614297,0.00019575705565377853,0.608849085197861,UP,DOWN,NORMAL,0,,,,1,HIGH impact: BOC Press Conference (CAD) 15min ago,"[{""name"": ""BOC Rate Statement"", ""impact"": ""HIGH"", ""time"": ""2026-03-18 13:45:00"", ""currency"": ""CAD""}, {""name"": ""Overnight Rate"", ""impact"": ""HIGH"", ""time"": ""2026-03-18 13:45:00"", ""currency"": ""CAD""}, {""name"": ""BOC Press Conference"", ""impact"": ""HIGH"", ""time"": ""2026-03-18 14:30:00"", ""currency"": ""CAD""}]"
699,2026-03-18 14:44:59.924941,1,NZDUSD,0.5854225,0.5850698,0.06028340550135789,0.5855595,0.5850854,NONE,3.526999999999836,0.58331,39.33257795810533,0.0011510322770245487,-0.00031239503025359827,0.0001205713110740758,0.060022654289523567,UP,DOWN,NORMAL,0,,,,0,,
700,2026-03-18 14:44:59.924941,1,USDCHF,0.785811,0.7867492,-0.11925020069928258,0.7856154999999999,0.7867301999999999,NONE,9.382000000000001,0.78873,68.53245180827908,0.0010810604283156531,0.0003339134754616335,-0.00010933720419484815,1.0968509535790394,DOWN,UP,NORMAL,1,SELL,ACTIVE,,0,,
701,2026-03-18 15:05:07.359055,2,EURUSD,1.1519844444444445,1.1505716666666668,0.1227892028551929,1.1519775555555556,1.1506088333333333,NONE,14.127777777777073,1.15215,43.99105181632518,0.0015490990905367634,9.288837783039128e-05,0.0004898687949124708,0.22821469606330466,UP,DOWN,NORMAL,0,,,,0,,"[{""name"": ""Crude Oil Inventories"", ""impact"": ""LOW"", ""time"": ""2026-03-18 14:30:00"", ""currency"": ""USD""}, {""name"": ""Federal Funds Rate"", ""impact"": ""HIGH"", ""time"": ""2026-03-18 18:00:00"", ""currency"": ""USD""}, {""name"": ""FOMC Economic Projections"", ""impact"": ""HIGH"", ""time"": ""2026-03-18 18:00:00"", ""currency"": ""USD""}, {""name"": ""FOMC Statement"", ""impact"": ""HIGH"", ""time"": ""2026-03-18 18:00:00"", ""currency"": ""USD""}, {""name"": ""FOMC Press Conference"", ""impact"": ""HIGH"", ""time"": ""2026-03-18 18:30:00"", ""currency"": ""USD""}]"
702,2026-03-18 15:05:07.359055,2,GBPUSD,1.335065,1.330855,0.3163379932449476,1.3351835,1.330865111111111,NONE,42.10000000000047,1.33298,38.88404289594803,0.001756839434851583,-6.810193621054061e-05,0.0005069214699794546,0.14964412632458007,UP,DOWN,NORMAL,0,,,,0,,"[{""name"": ""Crude Oil Inventories"", ""impact"": ""LOW"", ""time"": ""2026-03-18 14:30:00"", ""currency"": ""USD""}, {""name"": ""Federal Funds Rate"", ""impact"": ""HIGH"", ""time"": ""2026-03-18 18:00:00"", ""currency"": ""USD""}, {""name"": ""FOMC Economic Projections"", ""impact"": ""HIGH"", ""time"": ""2026-03-18 18:00:00"", ""currency"": ""USD""}, {""name"": ""FOMC Statement"", ""impact"": ""HIGH"", ""time"": ""2026-03-18 18:00:00"", ""currency"": ""USD""}, {""name"": ""FOMC Press Conference"", ""impact"": ""HIGH"", ""time"": ""2026-03-18 18:30:00"", ""currency"": ""USD""}]"
703,2026-03-18 15:05:07.359055,2,USDJPY,159.3508,158.87005,0.30260580896147543,159.27020000000002,158.86004375,NONE,48.075000000000045,159.415,71.54480533030282,0.18001224437940944,0.07862002739065588,0.0005086225087310575,0.9144996535989355,DOWN,UP,NORMAL,0,,,,0,,"[{""name"": ""Crude Oil Inventories"", ""impact"": ""LOW"", ""time"": ""2026-03-18 14:30:00"", ""currency"": ""USD""}, {""name"": ""Federal Funds Rate"", ""impact"": ""HIGH"", ""time"": ""2026-03-18 18:00:00"", ""currency"": ""USD""}, {""name"": ""FOMC Economic Projections"", ""impact"": ""HIGH"", ""time"": ""2026-03-18 18:00:00"", ""currency"": ""USD""}, {""name"": ""FOMC Statement"", ""impact"": ""HIGH"", ""time"": ""2026-03-18 18:00:00"", ""currency"": ""USD""}, {""name"": ""FOMC Press Conference"", ""impact"": ""HIGH"", ""time"": ""2026-03-18 18:30:00"", ""currency"": ""USD""}]"
704,2026-03-18 15:05:07.359055,2,XAUUSD,4990.658,4993.4922,-0.056757873778181284,4993.958500000001,4996.027,NONE,283.41999999993277,4870.26,24.48681767359261,29.42203915167281,-32.620746771161976,-18.84987417351516,0.0181502675654418,DOWN,UP,HIGH,1,BUY,ACTIVE,,0,,"[{""name"": ""Crude Oil Inventories"", ""impact"": ""LOW"", ""time"": ""2026-03-18 14:30:00"", ""currency"": ""USD""}, {""name"": ""Federal Funds Rate"", ""impact"": ""HIGH"", ""time"": ""2026-03-18 18:00:00"", ""currency"": ""USD""}, {""name"": ""FOMC Economic Projections"", ""impact"": ""HIGH"", ""time"": ""2026-03-18 18:00:00"", ""currency"": ""USD""}, {""name"": ""FOMC Statement"", ""impact"": ""HIGH"", ""time"": ""2026-03-18 18:00:00"", ""currency"": ""USD""}, {""name"": ""FOMC Press Conference"", ""impact"": ""HIGH"", ""time"": ""2026-03-18 18:30:00"", ""currency"": ""USD""}]"
705,2026-03-18 15:05:07.359055,2,AUDUSD,0.710078,0.7087729999999999,0.18412100912423468,0.7101870000000001,0.708752,NONE,13.050000000001116,0.70824,44.91466382520866,0.0014884872663814342,-0.00029387306185846285,0.0002737448260154943,0.22894640138177225,UP,UP,NORMAL,0,,,,0,,
706,2026-03-18 15:05:07.359055,2,USDCAD,1.369721,1.3692608000000002,0.03360937521908168,1.3697219999999999,1.3691888,NONE,4.601999999997997,1.3697300000000001,49.90451487505969,0.0011548082786948957,0.000178972749273143,0.00018793295791043763,0.5031717837620765,UP,DOWN,NORMAL,1,SELL,ACTIVE,,0,,"[{""name"": ""BOC Press Conference"", ""impact"": ""HIGH"", ""time"": ""2026-03-18 14:30:00"", ""currency"": ""CAD""}]"
707,2026-03-18 15:05:07.359055,2,NZDUSD,0.5854105,0.5850662,0.05884804146948911,0.5854635,0.5850862,NONE,3.442999999999641,0.5846,47.42606840869984,0.0011380503796860682,-0.00024726102817418383,5.747094009051687e-05,0.324061110719249,UP,DOWN,NORMAL,0,,,,0,,
708,2026-03-18 15:05:07.359055,2,USDCHF,0.7859575,0.7867704000000001,-0.10332112138434749,0.7858020000000001,0.7867456,NONE,8.129000000001163,0.78822,64.16051316855035,0.0010366989691502427,0.00041472493578720293,-6.82221209587386e-06,0.9340324826040723,DOWN,UP,NORMAL,0,,,,0,,
709,2026-03-18 16:05:05.783776,3,EURUSD,1.1519788888888889,1.1505168333333333,0.12707815419958918,1.151965111111111,1.1505644166666669,NONE,14.620555555555637,1.15139,37.491913929893585,0.0015499348373033033,-7.245295082247694e-05,0.00036630017226118694,0.133780082446482,UP,DOWN,NORMAL,0,,,,0,,"[{""name"": ""Federal Funds Rate"", ""impact"": ""HIGH"", ""time"": ""2026-03-18 18:00:00"", ""currency"": ""USD""}, {""name"": ""FOMC Economic Projections"", ""impact"": ""HIGH"", ""time"": ""2026-03-18 18:00:00"", ""currency"": ""USD""}, {""name"": ""FOMC Statement"", ""impact"": ""HIGH"", ""time"": ""2026-03-18 18:00:00"", ""currency"": ""USD""}, {""name"": ""FOMC Press Conference"", ""impact"": ""HIGH"", ""time"": ""2026-03-18 18:30:00"", ""currency"": ""USD""}, {""name"": ""TIC Long-Term Purchases"", ""impact"": ""LOW"", ""time"": ""2026-03-18 20:00:00"", ""currency"": ""USD""}]"
710,2026-03-18 16:05:05.783776,3,GBPUSD,1.3348840000000002,1.3308284444444445,0.3047391699873605,1.3350265000000001,1.3308464444444443,NONE,40.55555555555701,1.33232,34.03018687479681,0.0017477835887475472,-0.0002537765205865572,0.00034495395163836056,0.11522025372090393,UP,DOWN,NORMAL,0,,,,0,,"[{""name"": ""Federal Funds Rate"", ""impact"": ""HIGH"", ""time"": ""2026-03-18 18:00:00"", ""currency"": ""USD""}, {""name"": ""FOMC Economic Projections"", ""impact"": ""HIGH"", ""time"": ""2026-03-18 18:00:00"", ""currency"": ""USD""}, {""name"": ""FOMC Statement"", ""impact"": ""HIGH"", ""time"": ""2026-03-18 18:00:00"", ""currency"": ""USD""}, {""name"": ""FOMC Press Conference"", ""impact"": ""HIGH"", ""time"": ""2026-03-18 18:30:00"", ""currency"": ""USD""}, {""name"": ""TIC Long-Term Purchases"", ""impact"": ""LOW"", ""time"": ""2026-03-18 20:00:00"", ""currency"": ""USD""}]"
711,2026-03-18 16:05:05.783776,3,USDJPY,159.468,158.880575,0.36972738800825466,159.3648,158.8704875,NONE,58.74249999999961,159.491,74.85194977130246,0.1741797371278215,0.10248890484064077,0.021798126268560026,0.9150446890777771,DOWN,UP,NORMAL,0,,,,0,,"[{""name"": ""Federal Funds Rate"", ""impact"": ""HIGH"", ""time"": ""2026-03-18 18:00:00"", ""currency"": ""USD""}, {""name"": ""FOMC Economic Projections"", ""impact"": ""HIGH"", ""time"": ""2026-03-18 18:00:00"", ""currency"": ""USD""}, {""name"": ""FOMC Statement"", ""impact"": ""HIGH"", ""time"": ""2026-03-18 18:00:00"", ""currency"": ""USD""}, {""name"": ""FOMC Press Conference"", ""impact"": ""HIGH"", ""time"": ""2026-03-18 18:30:00"", ""currency"": ""USD""}, {""name"": ""TIC Long-Term Purchases"", ""impact"": ""LOW"", ""time"": ""2026-03-18 20:00:00"", ""currency"": ""USD""}]"
712,2026-03-18 16:05:05.783776,3,XAUUSD,4986.786749999999,4990.2542,-0.06948443628384718,4990.46425,4993.3372,NONE,346.74500000010084,4865.77,24.63745273052777,27.631339681025597,-35.781200073310174,-22.33505673239156,0.0726809386004036,DOWN,UP,NORMAL,1,BUY,ACTIVE,,0,,"[{""name"": ""Federal Funds Rate"", ""impact"": ""HIGH"", ""time"": ""2026-03-18 18:00:00"", ""currency"": ""USD""}, {""name"": ""FOMC Economic Projections"", ""impact"": ""HIGH"", ""time"": ""2026-03-18 18:00:00"", ""currency"": ""USD""}, {""name"": ""FOMC Statement"", ""impact"": ""HIGH"", ""time"": ""2026-03-18 18:00:00"", ""currency"": ""USD""}, {""name"": ""FOMC Press Conference"", ""impact"": ""HIGH"", ""time"": ""2026-03-18 18:30:00"", ""currency"": ""USD""}, {""name"": ""TIC Long-Term Purchases"", ""impact"": ""LOW"", ""time"": ""2026-03-18 20:00:00"", ""currency"": ""USD""}]"
713,2026-03-18 16:05:05.783776,3,AUDUSD,0.7100645,0.7087675999999999,0.18297958315250942,0.7101870000000001,0.708752,NONE,12.969000000000452,0.70797,43.58317206697592,0.001535630123524291,-0.0003154115233969801,0.00026943713370779085,0.19407988268418302,UP,UP,NORMAL,0,,,,0,,
714,2026-03-18 16:05:05.783776,3,USDCAD,1.3697675,1.3692794000000001,0.03564648675791662,1.3697219999999999,1.3691888,NONE,4.880999999998803,1.37066,54.71032317102765,0.0011955225644091785,0.0002531607834610483,0.00020277056474801868,0.8015902090198668,UP,DOWN,NORMAL,0,,,,0,,
715,2026-03-18 16:05:05.783776,3,NZDUSD,0.5854005,0.5850622,0.05782291182031818,0.5854635,0.5850862,NONE,3.383000000000136,0.5844,46.26171480518002,0.001175193236828915,-0.0002632154441286616,5.4280056899621315e-05,0.2843610615964784,UP,DOWN,NORMAL,0,,,,0,,
716,2026-03-18 16:05:05.783776,3,USDCHF,0.7859700000000001,0.7867754000000001,-0.1023672067022008,0.7858020000000001,0.7867456,NONE,8.054000000000672,0.78847,66.77890127387322,0.0010624132548645382,0.0004346679557302169,-2.833608107271059e-06,0.9709833250254825,DOWN,UP,NORMAL,0,,,,0,,
717,2026-03-18 17:05:04.388778,4,EURUSD,1.1519831111111112,1.1504625833333333,0.13216664320992835,1.1519715555555554,1.1505140833333334,NONE,15.205277777778914,1.15094,33.52990227213593,0.0015418504298485946,-0.0002030159154511324,0.0002482249889067898,0.10828306115322492,UP,DOWN,NORMAL,0,,,,0,,"[{""name"": ""Federal Funds Rate"", ""impact"": ""HIGH"", ""time"": ""2026-03-18 18:00:00"", ""currency"": ""USD""}, {""name"": ""FOMC Economic Projections"", ""impact"": ""HIGH"", ""time"": ""2026-03-18 18:00:00"", ""currency"": ""USD""}, {""name"": ""FOMC Statement"", ""impact"": ""HIGH"", ""time"": ""2026-03-18 18:00:00"", ""currency"": ""USD""}, {""name"": ""FOMC Press Conference"", ""impact"": ""HIGH"", ""time"": ""2026-03-18 18:30:00"", ""currency"": ""USD""}, {""name"": ""TIC Long-Term Purchases"", ""impact"": ""LOW"", ""time"": ""2026-03-18 20:00:00"", ""currency"": ""USD""}]"
718,2026-03-18 17:05:04.388778,4,GBPUSD,1.33483,1.3308221111111112,0.30115887430985055,1.334944,1.330841777777778,NONE,40.07888888888811,1.33323,43.67947065987911,0.001739090946199476,-0.0002017303279586713,0.0002509333350351463,0.25416083482264873,UP,DOWN,NORMAL,0,,,,0,,"[{""name"": ""Federal Funds Rate"", ""impact"": ""HIGH"", ""time"": ""2026-03-18 18:00:00"", ""currency"": ""USD""}, {""name"": ""FOMC Economic Projections"", ""impact"": ""HIGH"", ""time"": ""2026-03-18 18:00:00"", ""currency"": ""USD""}, {""name"": ""FOMC Statement"", ""impact"": ""HIGH"", ""time"": ""2026-03-18 18:00:00"", ""currency"": ""USD""}, {""name"": ""FOMC Press Conference"", ""impact"": ""HIGH"", ""time"": ""2026-03-18 18:30:00"", ""currency"": ""USD""}, {""name"": ""TIC Long-Term Purchases"", ""impact"": ""LOW"", ""time"": ""2026-03-18 20:00:00"", ""currency"": ""USD""}]"
719,2026-03-18 17:05:04.388778,4,USDJPY,159.47060000000002,158.892225,0.36400459493850157,159.46359999999999,158.88043750000003,NONE,57.83750000000225,159.48,73.3183695388266,0.16961077631257,0.11341418120576918,0.03984053953520422,0.8635279356448721,DOWN,UP,NORMAL,0,,,,0,,"[{""name"": ""Federal Funds Rate"", ""impact"": ""HIGH"", ""time"": ""2026-03-18 18:00:00"", ""currency"": ""USD""}, {""name"": ""FOMC Economic Projections"", ""impact"": ""HIGH"", ""time"": ""2026-03-18 18:00:00"", ""currency"": ""USD""}, {""name"": ""FOMC Statement"", ""impact"": ""HIGH"", ""time"": ""2026-03-18 18:00:00"", ""currency"": ""USD""}, {""name"": ""FOMC Press Conference"", ""impact"": ""HIGH"", ""time"": ""2026-03-18 18:30:00"", ""currency"": ""USD""}, {""name"": ""TIC Long-Term Purchases"", ""impact"": ""LOW"", ""time"": ""2026-03-18 20:00:00"", ""currency"": ""USD""}]"
720,2026-03-18 17:05:04.388778,4,XAUUSD,4984.46825,4987.8614,-0.0680281533083473,4987.31575,4990.6774,NONE,339.3149999999878,4889.05,31.741272185323567,26.960127889858654,-34.204857593028464,-24.43894055124256,0.19637506576745298,DOWN,UP,NORMAL,1,BUY,ACTIVE,,0,,"[{""name"": ""Federal Funds Rate"", ""impact"": ""HIGH"", ""time"": ""2026-03-18 18:00:00"", ""currency"": ""USD""}, {""name"": ""FOMC Economic Projections"", ""impact"": ""HIGH"", ""time"": ""2026-03-18 18:00:00"", ""currency"": ""USD""}, {""name"": ""FOMC Statement"", ""impact"": ""HIGH"", ""time"": ""2026-03-18 18:00:00"", ""currency"": ""USD""}, {""name"": ""FOMC Press Conference"", ""impact"": ""HIGH"", ""time"": ""2026-03-18 18:30:00"", ""currency"": ""USD""}, {""name"": ""TIC Long-Term Purchases"", ""impact"": ""LOW"", ""time"": ""2026-03-18 20:00:00"", ""currency"": ""USD""}]"
721,2026-03-18 17:05:04.388778,4,AUDUSD,0.7099345,0.7087904,0.16141584310396714,0.7100485,0.7087612,NONE,11.440999999999812,0.70771,42.291383469620094,0.0015009422575582698,-0.00041493922285029683,0.0001284775319118448,0.19290052529440258,UP,UP,NORMAL,0,,,,0,,
722,2026-03-18 17:05:04.388778,4,USDCAD,1.369825,1.3693534,0.03443961215563611,1.3697775,1.3693234,NONE,4.7160000000001645,1.36989,50.90682128483111,0.0011558332315568924,0.00014174118416043768,0.00017350730074761346,0.5255465320060471,UP,DOWN,NORMAL,0,,,,0,,
723,2026-03-18 17:05:04.388778,4,NZDUSD,0.585288,0.585029,0.04427130962738757,0.5853729999999999,0.5850512000000001,NONE,2.5900000000000922,0.58388,43.42618294130169,0.0011555365770554264,-0.00034829061369479053,-3.325402023919131e-05,0.21504585198233256,UP,DOWN,NORMAL,0,,,,0,,
724,2026-03-18 17:05:04.388778,4,USDCHF,0.7862505000000001,0.7868052,-0.0705002966426643,0.786006,0.7867898,NONE,5.54699999999908,0.78897,68.33639687825459,0.0010885674101293174,0.000604134213293861,0.0001277496997627168,0.9604089047719526,DOWN,UP,NORMAL,0,,,,0,,
725,2026-03-18 18:05:06.655323,5,EURUSD,1.1520335555555556,1.1504264166666667,0.13969940759406563,1.151998888888889,1.1504685,NONE,16.071388888889704,1.15212,48.216819645169856,0.0015760317920478792,-0.00014451018753902645,0.0001787400618797477,0.33823345326181786,UP,DOWN,NORMAL,0,,,,1,HIGH impact: Federal Funds Rate (USD) 5min ago,"[{""name"": ""Federal Funds Rate"", ""impact"": ""HIGH"", ""time"": ""2026-03-18 18:00:00"", ""currency"": ""USD""}, {""name"": ""FOMC Economic Projections"", ""impact"": ""HIGH"", ""time"": ""2026-03-18 18:00:00"", ""currency"": ""USD""}, {""name"": ""FOMC Statement"", ""impact"": ""HIGH"", ""time"": ""2026-03-18 18:00:00"", ""currency"": ""USD""}, {""name"": ""FOMC Press Conference"", ""impact"": ""HIGH"", ""time"": ""2026-03-18 18:30:00"", ""currency"": ""USD""}, {""name"": ""TIC Long-Term Purchases"", ""impact"": ""LOW"", ""time"": ""2026-03-18 20:00:00"", ""currency"": ""USD""}]"
726,2026-03-18 18:05:06.655323,5,GBPUSD,1.334811,1.3308263333333334,0.29941297123916183,1.3348769999999999,1.3308325555555556,NONE,39.84666666666525,1.33459,54.886431199984145,0.0017924675678090325,-6.726885342600575e-05,0.0001992906181406388,0.46489384922636995,UP,DOWN,NORMAL,0,,,,1,HIGH impact: Federal Funds Rate (USD) 5min ago,"[{""name"": ""Federal Funds Rate"", ""impact"": ""HIGH"", ""time"": ""2026-03-18 18:00:00"", ""currency"": ""USD""}, {""name"": ""FOMC Economic Projections"", ""impact"": ""HIGH"", ""time"": ""2026-03-18 18:00:00"", ""currency"": ""USD""}, {""name"": ""FOMC Statement"", ""impact"": ""HIGH"", ""time"": ""2026-03-18 18:00:00"", ""currency"": ""USD""}, {""name"": ""FOMC Press Conference"", ""impact"": ""HIGH"", ""time"": ""2026-03-18 18:30:00"", ""currency"": ""USD""}, {""name"": ""TIC Long-Term Purchases"", ""impact"": ""LOW"", ""time"": ""2026-03-18 20:00:00"", ""currency"": ""USD""}]"
727,2026-03-18 18:05:06.655323,5,USDJPY,159.4226,158.9024,0.32737076343717175,159.45520000000002,158.89174375,NONE,52.019999999998845,159.334,57.75093879687072,0.17722531269840505,0.10566720505084959,0.05202308061554613,0.7205692282742585,DOWN,UP,NORMAL,0,,,,1,HIGH impact: Federal Funds Rate (USD) 5min ago,"[{""name"": ""Federal Funds Rate"", ""impact"": ""HIGH"", ""time"": ""2026-03-18 18:00:00"", ""currency"": ""USD""}, {""name"": ""FOMC Economic Projections"", ""impact"": ""HIGH"", ""time"": ""2026-03-18 18:00:00"", ""currency"": ""USD""}, {""name"": ""FOMC Statement"", ""impact"": ""HIGH"", ""time"": ""2026-03-18 18:00:00"", ""currency"": ""USD""}, {""name"": ""FOMC Press Conference"", ""impact"": ""HIGH"", ""time"": ""2026-03-18 18:30:00"", ""currency"": ""USD""}, {""name"": ""TIC Long-Term Purchases"", ""impact"": ""LOW"", ""time"": ""2026-03-18 20:00:00"", ""currency"": ""USD""}]"
728,2026-03-18 18:05:06.655323,5,XAUUSD,4981.00525,4985.7308,-0.09478149121087949,4984.503000000001,4987.8892000000005,NONE,472.5550000000112,4888.0,31.7977109188095,26.599905538246208,-33.900671766860796,-26.313545483824893,0.22124095618721834,DOWN,UP,NORMAL,0,,,,1,HIGH impact: Federal Funds Rate (USD) 5min ago,"[{""name"": ""Federal Funds Rate"", ""impact"": ""HIGH"", ""time"": ""2026-03-18 18:00:00"", ""currency"": ""USD""}, {""name"": ""FOMC Economic Projections"", ""impact"": ""HIGH"", ""time"": ""2026-03-18 18:00:00"", ""currency"": ""USD""}, {""name"": ""FOMC Statement"", ""impact"": ""HIGH"", ""time"": ""2026-03-18 18:00:00"", ""currency"": ""USD""}, {""name"": ""FOMC Press Conference"", ""impact"": ""HIGH"", ""time"": ""2026-03-18 18:30:00"", ""currency"": ""USD""}, {""name"": ""TIC Long-Term Purchases"", ""impact"": ""LOW"", ""time"": ""2026-03-18 20:00:00"", ""currency"": ""USD""}]"
729,2026-03-18 18:05:06.655323,5,AUDUSD,0.709848,0.7088456000000001,0.1414130242185264,0.7099515000000001,0.7087972,NONE,10.023999999999589,0.7079,43.48956543355469,0.0014530178105898216,-0.00043209084110695795,2.0703458447693323e-05,0.23649570642887668,UP,UP,NORMAL,0,,,,0,,
730,2026-03-18 18:05:06.655323,5,USDCAD,1.3698359999999998,1.3693578,0.03492147925106741,1.3697775,1.3693234,NONE,4.781999999998732,1.37011,52.26858938263596,0.0012101189458425974,0.00015929104171030772,0.00017701727225758748,0.6071698739014261,UP,DOWN,NORMAL,0,,,,0,,
731,2026-03-18 18:05:06.655323,5,NZDUSD,0.5852139999999999,0.5850146,0.0340846194265664,0.585294,0.5850314,NONE,1.993999999998497,0.58368,42.50638658808396,0.0011414676378779921,-0.000385164670892002,-0.00010210452643812359,0.20046605322875674,UP,DOWN,NORMAL,0,,,,0,,"[{""name"": ""GDP q/q"", ""impact"": ""HIGH"", ""time"": ""2026-03-18 21:45:00"", ""currency"": ""NZD""}]"
732,2026-03-18 18:05:06.655323,5,USDCHF,0.7865439999999999,0.7868400000000001,-0.03761882974940076,0.786273,0.7868141999999999,NONE,2.96000000000185,0.79,74.29621501492059,0.0011059656563445677,0.0007949034933797394,0.0002669240482297022,1.0142824536121533,DOWN,UP,NORMAL,1,SELL,ACTIVE,,0,,
733,2026-03-18 19:05:08.041254,6,EURUSD,1.1518973333333333,1.15031325,0.13770886611393676,1.151934888888889,1.1503894166666666,NONE,15.840833333333748,1.14818,26.972136399075495,0.0016659949423318801,-0.0007291635776089933,-5.951075148811015e-05,-0.040603770814136776,UP,DOWN,NORMAL,1,BUY,ACTIVE,,0,,"[{""name"": ""FOMC Press Conference"", ""impact"": ""HIGH"", ""time"": ""2026-03-18 18:30:00"", ""currency"": ""USD""}, {""name"": ""TIC Long-Term Purchases"", ""impact"": ""LOW"", ""time"": ""2026-03-18 20:00:00"", ""currency"": ""USD""}]"
734,2026-03-18 19:05:08.041254,6,GBPUSD,1.3342105,1.3306863333333334,0.2648382701758579,1.334527,1.330763222222222,NONE,35.2416666666655,1.32941,29.995722753270925,0.0019755700192285596,-0.0007829573681341628,-6.965584521121986e-05,-0.01562628702574916,UP,DOWN,HIGH,1,BUY,ACTIVE,,0,,"[{""name"": ""FOMC Press Conference"", ""impact"": ""HIGH"", ""time"": ""2026-03-18 18:30:00"", ""currency"": ""USD""}, {""name"": ""TIC Long-Term Purchases"", ""impact"": ""LOW"", ""time"": ""2026-03-18 20:00:00"", ""currency"": ""USD""}]"
735,2026-03-18 19:05:08.041254,6,USDJPY,159.5584,158.91669374999998,0.403800403127898,159.502,158.90488125,NONE,64.1706250000027,159.704,75.59297808747536,0.19047452505668197,0.15717297505884176,0.07812018201133078,0.9172921703602097,UP,UP,NORMAL,0,,,,0,,"[{""name"": ""FOMC Press Conference"", ""impact"": ""HIGH"", ""time"": ""2026-03-18 18:30:00"", ""currency"": ""USD""}, {""name"": ""TIC Long-Term Purchases"", ""impact"": ""LOW"", ""time"": ""2026-03-18 20:00:00"", ""currency"": ""USD""}]"
736,2026-03-18 19:05:08.041254,6,XAUUSD,4975.9455,4982.3962,-0.12946983220644565,4980.130999999999,4985.0314,NONE,645.0700000000325,4855.28,28.22483242804057,28.562368012374275,-38.126850450219536,-29.122547217844676,0.14551147993241778,DOWN,UP,NORMAL,1,BUY,ACTIVE,,0,,"[{""name"": ""FOMC Press Conference"", ""impact"": ""HIGH"", ""time"": ""2026-03-18 18:30:00"", ""currency"": ""USD""}, {""name"": ""TIC Long-Term Purchases"", ""impact"": ""LOW"", ""time"": ""2026-03-18 20:00:00"", ""currency"": ""USD""}]"
737,2026-03-18 19:05:08.041254,6,AUDUSD,0.7096745,0.708883,0.1116545325533191,0.7098574999999999,0.7088494,NONE,7.91499999999945,0.70703,39.75556358336385,0.0015297920486089152,-0.0005195539656864812,-8.492295515408316e-05,0.15757298184652874,UP,UP,NORMAL,0,,,,0,,
738,2026-03-18 19:05:08.041254,6,USDCAD,1.3698739999999998,1.3694013999999999,0.03451142959251642,1.3698175,1.3693504,NONE,4.725999999999342,1.3704100000000001,54.22303220534188,0.0012767941231803513,0.0001615794703755391,0.00016920720475868347,0.7106581669942645,UP,DOWN,NORMAL,0,,,,0,,
739,2026-03-18 19:05:08.041254,6,NZDUSD,0.585113,0.5850004,0.01924785008694323,0.5852285,0.5850204,NONE,1.1260000000001824,0.58341,40.95311163780125,0.0011891179086418152,-0.000420842442768965,-0.00016215068520284857,0.17760047588724728,UP,DOWN,NORMAL,0,,,,0,,"[{""name"": ""GDP q/q"", ""impact"": ""HIGH"", ""time"": ""2026-03-18 21:45:00"", ""currency"": ""NZD""}]"
740,2026-03-18 19:05:08.041254,6,USDCHF,0.7868405,0.7868963999999999,-0.0071038576361369295,0.7865420000000001,0.7868392,NONE,0.558999999998866,0.79076,77.15753366027053,0.0011513558645648556,0.0009653462678342883,0.0004060979508400762,1.024589056400934,DOWN,UP,NORMAL,1,SELL,ACTIVE,,0,,
741,2026-03-18 20:05:13.708537,7,EURUSD,1.1518033333333333,1.1502208333333332,0.137582275867319,1.1518675555555555,1.1503020833333335,NONE,15.825000000000422,1.14693,20.478567305673295,0.0016423369596975735,-0.0010836642944334063,-0.00028144459398028965,-0.02414002719356617,UP,DOWN,NORMAL,1,BUY,ACTIVE,,0,,"[{""name"": ""TIC Long-Term Purchases"", ""impact"": ""LOW"", ""time"": ""2026-03-18 20:00:00"", ""currency"": ""USD""}]"
742,2026-03-18 20:05:13.708537,7,GBPUSD,1.3337565,1.330580111111111,0.23872210792602852,1.3341239999999999,1.3306671111111112,NONE,31.76388888888937,1.32779,24.030384927546706,0.0019560077280634685,-0.0012155444553925143,-0.0003209144789283739,-0.016006491759155115,UP,DOWN,NORMAL,1,BUY,ACTIVE,,0,,"[{""name"": ""TIC Long-Term Purchases"", ""impact"": ""LOW"", ""time"": ""2026-03-18 20:00:00"", ""currency"": ""USD""}]"
743,2026-03-18 20:05:13.708537,7,USDJPY,159.6528,158.9296125,0.4550363450990123,159.583,158.9174625,NONE,72.3187500000023,159.834,81.00471426173024,0.18485389571589828,0.18886904565110285,0.10183986926919926,0.9265605604091384,UP,UP,NORMAL,0,,,,0,,"[{""name"": ""TIC Long-Term Purchases"", ""impact"": ""LOW"", ""time"": ""2026-03-18 20:00:00"", ""currency"": ""USD""}, {""name"": ""Core Machinery Orders m/m"", ""impact"": ""LOW"", ""time"": ""2026-03-18 23:50:00"", ""currency"": ""JPY""}]"
744,2026-03-18 20:05:13.708537,7,XAUUSD,4971.103,4979.2606,-0.16383155362463953,4975.64,4982.1518,NONE,815.7599999999547,4846.05,27.401727903207544,27.070601153463723,-40.30678891970547,-31.51536592858732,0.1569023567497338,DOWN,UP,NORMAL,1,BUY,ACTIVE,,0,,"[{""name"": ""TIC Long-Term Purchases"", ""impact"": ""LOW"", ""time"": ""2026-03-18 20:00:00"", ""currency"": ""USD""}]"
745,2026-03-18 20:05:13.708537,7,AUDUSD,0.709288,0.708835,0.0639076795022871,0.7095805000000001,0.7088454,NONE,4.530000000000367,0.70496,32.988024484314835,0.0016262354737082785,-0.000874951440806182,-0.0002669240938799487,0.03358949290223717,UP,UP,NORMAL,0,,,,0,,
746,2026-03-18 20:05:13.708537,7,USDCAD,1.3700775,1.369503,0.0419495247546113,1.3699395,1.3694276000000003,NONE,5.745000000001443,1.37174,60.88269627508458,0.0013077374000960383,0.0003714361517375142,0.00022637322207466682,1.0091128022804217,UP,DOWN,NORMAL,1,SELL,ACTIVE,,0,,
747,2026-03-18 20:05:13.708537,7,NZDUSD,0.5847965,0.5848916,-0.016259423113599784,0.5850135,0.5849606,BEARISH,0.950999999999036,0.58137,32.58245107864818,0.0012985686702694376,-0.0007474239976327235,-0.0003046047778882412,-0.001111070340329075,DOWN,DOWN,NORMAL,1,BUY,ACTIVE,,0,,"[{""name"": ""GDP q/q"", ""impact"": ""HIGH"", ""time"": ""2026-03-18 21:45:00"", ""currency"": ""NZD""}]"
748,2026-03-18 20:05:13.708537,7,USDCHF,0.7872755,0.787,0.03500635324015046,0.786913,0.7869253999999999,BULLISH,2.754999999999841,0.79211,80.10766100585724,0.0012017692211775662,0.0012873813377136667,0.0006008617507219398,1.0272993171391287,UP,UP,NORMAL,1,SELL,ACTIVE,,0,,
749,2026-03-18 21:05:15.984465,8,EURUSD,1.1516748888888888,1.1501055833333331,0.13644882507285844,1.151764,1.1502060833333334,NONE,15.693055555556779,1.14523,16.33843722483809,0.0016589371703206116,-0.0015099358102663718,-0.0005497342902289622,-0.021974614325707853,UP,DOWN,NORMAL,1,BUY,ACTIVE,,0,,
750,2026-03-18 21:05:15.984465,8,GBPUSD,1.3331330000000001,1.3304427777777779,0.20220503032198842,1.3336320000000002,1.3305524444444443,NONE,26.902222222222605,1.3253300000000001,18.486869751211955,0.0019744291287679323,-0.0017820889167381448,-0.0006449305630715635,-0.03196631962082218,UP,DOWN,NORMAL,1,BUY,ACTIVE,,0,,
751,2026-03-18 21:05:15.984465,8,USDJPY,159.7154,158.9421375,0.4865056631064793,159.6462,158.92940625,NONE,77.32624999999871,159.815,78.47104551282236,0.1846092296953755,0.20031420497466002,0.12111353982909495,0.8693023168655506,UP,UP,NORMAL,0,,,,0,,"[{""name"": ""Core Machinery Orders m/m"", ""impact"": ""LOW"", ""time"": ""2026-03-18 23:50:00"", ""currency"": ""JPY""}]"
752,2026-03-18 21:05:15.984465,8,XAUUSD,4970.3995,4978.6978,-0.1666761135813359,4975.64,4982.1518,NONE,829.8299999999472,4817.91,24.09298347239293,32.06345829632084,-42.5515752444926,-31.964323193544747,0.06714789112621905,DOWN,UP,HIGH,0,,,,0,,
753,2026-03-18 21:05:15.984465,8,AUDUSD,0.7087835,0.7086958,0.012374844044514428,0.7092195,0.7088076,NONE,0.8770000000002387,0.70191,25.780255300366278,0.0017050247766066638,-0.001353610457072496,-0.0005017474064044992,-0.08572616773398495,UP,UP,NORMAL,1,BUY,ACTIVE,,0,,"[{""name"": ""Employment Change"", ""impact"": ""HIGH"", ""time"": ""2026-03-19 00:30:00"", ""currency"": ""AUD""}, {""name"": ""Unemployment Rate"", ""impact"": ""HIGH"", ""time"": ""2026-03-19 00:30:00"", ""currency"": ""AUD""}, {""name"": ""RBA Financial Stability Review"", ""impact"": ""LOW"", ""time"": ""2026-03-19 00:30:00"", ""currency"": ""AUD""}]"
754,2026-03-18 21:05:15.984465,8,USDCAD,1.3703239999999999,1.3696380000000001,0.050086227163655093,1.370116,1.3695184,NONE,6.859999999997424,1.37343,67.596013268549,0.0013216235041708083,0.0006319859834065245,0.0003173236945689656,1.1744075953091648,UP,DOWN,NORMAL,1,SELL,ACTIVE,,0,,
755,2026-03-18 21:05:15.984465,8,NZDUSD,0.5844155000000001,0.5847289999999999,-0.053614580429541814,0.584755,0.5848749999999999,NONE,3.1349999999985556,0.57901,25.71939649102916,0.001352854581576713,-0.0011097832422051201,-0.00047623420294535027,-0.11589604932223864,DOWN,DOWN,NORMAL,1,BUY,ACTIVE,,0,,"[{""name"": ""GDP q/q"", ""impact"": ""HIGH"", ""time"": ""2026-03-18 21:45:00"", ""currency"": ""NZD""}]"
756,2026-03-18 21:05:15.984465,8,USDCHF,0.787726,0.7871434,0.0740144680117992,0.7873110000000001,0.7870142,NONE,5.825999999999887,0.79349,83.92325340721902,0.0012086326441546776,0.001588207400180064,0.0008073929888756681,1.0358514913989738,UP,UP,NORMAL,1,SELL,ACTIVE,,0,,
757,2026-03-18 22:05:09.002922,9,EURUSD,1.1516313333333332,1.1500415000000002,0.13824138810060924,1.151707111111111,1.1501176666666668,NONE,15.898333333330683,1.14587,27.303736575061393,0.0016933628836254904,-0.001575717647979813,-0.000736423839271987,0.06925212477319206,DOWN,DOWN,NORMAL,0,,,,0,,
758,2026-03-18 22:05:09.002922,9,GBPUSD,1.3327369999999998,1.3303615555555555,0.1785563055790796,1.3331965000000001,1.3304568888888888,NONE,23.754444444443745,1.32607,26.41721070786889,0.0019846717326134473,-0.0019127791813648987,-0.0008822906001205743,0.06544692768497674,DOWN,DOWN,NORMAL,0,,,,0,,
759,2026-03-18 22:05:09.002922,9,USDJPY,159.7646,158.9546875,0.5095241371853194,159.6972,158.94156875,NONE,80.99124999999958,159.74,70.37807557181725,0.17716775410488905,0.19747327722183172,0.13522400582616118,0.797018101859263,UP,UP,NORMAL,0,,,,0,,"[{""name"": ""Core Machinery Orders m/m"", ""impact"": ""LOW"", ""time"": ""2026-03-18 23:50:00"", ""currency"": ""JPY""}]"
760,2026-03-18 22:05:09.002922,9,XAUUSD,4965.0925,4975.3848,-0.206864401724266,4970.3995,4978.6978,NONE,1029.2300000000068,4825.64,26.27770516795826,30.228678539703612,-44.15293975552686,-34.40204650594117,0.1408113956041751,DOWN,UP,NORMAL,1,BUY,ACTIVE,,0,,
761,2026-03-18 22:05:09.002922,9,AUDUSD,0.7083765,0.7086117999999999,-0.03320576936482547,0.7087844999999999,0.7086962,BEARISH,2.3529999999993834,0.70308,32.055628421216696,0.0017010944354204764,-0.0015330129981507845,-0.0007077452540984758,0.07729504444339896,DOWN,UP,NORMAL,1,SELL,ACTIVE,,0,,"[{""name"": ""Employment Change"", ""impact"": ""HIGH"", ""time"": ""2026-03-19 00:30:00"", ""currency"": ""AUD""}, {""name"": ""Unemployment Rate"", ""impact"": ""HIGH"", ""time"": ""2026-03-19 00:30:00"", ""currency"": ""AUD""}, {""name"": ""RBA Financial Stability Review"", ""impact"": ""LOW"", ""time"": ""2026-03-19 00:30:00"", ""currency"": ""AUD""}]"
762,2026-03-18 22:05:09.002922,9,USDCAD,1.3704255,1.3697039999999998,0.05267561458536031,1.3702935,1.3696258000000001,NONE,7.215000000002636,1.37191,58.90531984675349,0.0013186503967300485,0.0006219700272138695,0.00037046720611215683,0.8375398624518667,UP,DOWN,NORMAL,0,,,,0,,
763,2026-03-18 22:05:09.002922,9,NZDUSD,0.584165,0.5846294,-0.07943493775713648,0.5844374999999999,0.5847378,NONE,4.643999999999204,0.58064,34.773124610298,0.0013862221114640937,-0.001172032983768001,-0.0006097780046939221,0.11018746082255125,DOWN,DOWN,NORMAL,0,,,,1,HIGH impact: GDP q/q (NZD) 20min ago,"[{""name"": ""GDP q/q"", ""impact"": ""HIGH"", ""time"": ""2026-03-18 21:45:00"", ""currency"": ""NZD""}]"
764,2026-03-18 22:05:09.002922,9,USDCHF,0.7880360000000001,0.7872278,0.10266405734147557,0.7877065,0.7871356,NONE,8.082000000000367,0.79215,73.71906611636358,0.0012237303124293419,0.0016305086192429652,0.0009670383371713706,0.8710055928289376,UP,UP,NORMAL,1,SELL,ACTIVE,,0,,
765,2026-03-18 23:05:04.240608,10,EURUSD,1.1515482222222222,1.1499705833333331,0.1371894996058145,1.1516266666666666,1.1500397500000001,NONE,15.776388888890658,1.14597,29.62737625835402,0.001677605025536823,-0.0017048802709092037,-0.0009327954674797517,0.1296287764682143,DOWN,DOWN,NORMAL,0,,,,0,,
766,2026-03-18 23:05:04.240608,10,GBPUSD,1.3322425,1.3302814444444444,0.14741659095865778,1.3327275,1.3303594444444444,NONE,19.61055555555591,1.32614,28.07329208950611,0.0019593699040763015,-0.002078866273372837,-0.001124030805996103,0.12296397712122199,DOWN,DOWN,NORMAL,0,,,,0,,
767,2026-03-18 23:05:04.240608,10,USDJPY,159.77659999999997,158.9687,0.5082132520426732,159.7704,158.95486875,NONE,80.7899999999961,159.762,70.80462050928324,0.17163536350555916,0.20222563286372974,0.14899447368381724,0.7781827690384694,UP,UP,NORMAL,0,,,,0,,"[{""name"": ""Core Machinery Orders m/m"", ""impact"": ""LOW"", ""time"": ""2026-03-18 23:50:00"", ""currency"": ""JPY""}, {""name"": ""BOJ Policy Rate"", ""impact"": ""HIGH"", ""time"": ""2026-03-19 02:30:00"", ""currency"": ""JPY""}, {""name"": ""Monetary Policy Statement"", ""impact"": ""HIGH"", ""time"": ""2026-03-19 02:30:00"", ""currency"": ""JPY""}]"
768,2026-03-18 23:05:04.240608,10,XAUUSD,4960.62975,4971.9748,-0.22817995779061273,4965.319,4975.566000000001,NONE,1134.50499999999,4833.19,28.520595971784388,28.77805099321544,-43.744114356468344,-36.15482246920891,0.1971751890239197,DOWN,UP,NORMAL,0,,,,0,,
769,2026-03-18 23:05:04.240608,10,AUDUSD,0.70798,0.7085212,-0.07638444692973315,0.7083805000000001,0.7086134,NONE,5.411999999999084,0.7021,29.96440885199354,0.0016716795267679946,-0.0017305997062794232,-0.0009112950619135788,0.06686068342691465,DOWN,UP,NORMAL,0,,,,0,,"[{""name"": ""Employment Change"", ""impact"": ""HIGH"", ""time"": ""2026-03-19 00:30:00"", ""currency"": ""AUD""}, {""name"": ""Unemployment Rate"", ""impact"": ""HIGH"", ""time"": ""2026-03-19 00:30:00"", ""currency"": ""AUD""}, {""name"": ""RBA Financial Stability Review"", ""impact"": ""LOW"", ""time"": ""2026-03-19 00:30:00"", ""currency"": ""AUD""}]"
770,2026-03-18 23:05:04.240608,10,USDCAD,1.3706215,1.3698138,0.058964218348505966,1.3704255,1.369704,NONE,8.076999999999668,1.37369,65.99781471577057,0.00136803251124932,0.0007871537831112274,0.000453804521511971,1.087195185797355,UP,DOWN,NORMAL,1,SELL,ACTIVE,,0,,
771,2026-03-18 23:05:04.240608,10,NZDUSD,0.5837684999999999,0.5844623999999999,-0.11872448937690862,0.584113,0.5846086,NONE,6.9390000000002505,0.5785,24.922787203122553,0.001392257266767678,-0.0014697137006058902,-0.000795039217950388,0.0021092534070928162,DOWN,DOWN,NORMAL,0,,,,0,,
772,2026-03-18 23:05:04.240608,10,USDCHF,0.788416,0.7873474,0.13572153791324834,0.7880364999999999,0.7872279999999999,NONE,10.685999999999751,0.79306,76.52433052544677,0.0012148924329701024,0.0017426526040206225,0.0011222888258688435,0.8977681654764742,UP,UP,NORMAL,0,,,,0,,
773,2026-03-19 00:05:09.184783,11,EURUSD,1.1515037777777777,1.1499088333333334,0.1387018168928147,1.1515557777777778,1.1499734166666669,NONE,15.949444444443017,1.14684,37.52274795313966,0.0016612492338084713,-0.001683179881122987,-0.0010785327490688075,0.2217577099062386,DOWN,DOWN,NORMAL,0,,,,0,,
774,2026-03-19 00:05:09.184783,11,GBPUSD,1.331792,1.330216,0.11847699922418779,1.332255,1.3302842222222222,NONE,15.760000000000218,1.32709,35.72930923818235,0.0019295813145397897,-0.0020822447224784213,-0.0013124827061016845,0.21071206312120788,DOWN,DOWN,NORMAL,0,,,,0,,
775,2026-03-19 00:05:09.184783,11,USDJPY,159.7736,158.9844,0.4964009047428514,159.78640000000001,158.96900625,NONE,78.91999999999939,159.763,67.41742207413537,0.16630936815312275,0.20492963964770183,0.16080691998200253,0.7498785715281131,UP,UP,NORMAL,0,,,,0,,"[{""name"": ""Core Machinery Orders m/m"", ""impact"": ""LOW"", ""time"": ""2026-03-18 23:50:00"", ""currency"": ""JPY""}, {""name"": ""BOJ Policy Rate"", ""impact"": ""HIGH"", ""time"": ""2026-03-19 02:30:00"", ""currency"": ""JPY""}, {""name"": ""Monetary Policy Statement"", ""impact"": ""HIGH"", ""time"": ""2026-03-19 02:30:00"", ""currency"": ""JPY""}]"
776,2026-03-19 00:05:09.184783,11,XAUUSD,4956.605750000001,4968.6994,-0.24339669250266574,4960.72175,4972.048400000001,NONE,1209.3649999999798,4845.45,31.576312213356744,27.05914574928671,-42.28688813102781,-37.33426580100291,0.2651606390642455,DOWN,UP,NORMAL,0,,,,0,,
777,2026-03-19 00:05:09.184783,11,AUDUSD,0.7075695000000001,0.7084454000000001,-0.12363690977456278,0.7079925,0.7085262,NONE,8.759000000000405,0.70267,32.23488269841744,0.001592273846284567,-0.0018098144449139042,-0.0010878080553227618,0.14861301561627246,DOWN,UP,NORMAL,0,,,,1,HIGH impact: Employment Change (AUD) in 25min,"[{""name"": ""Employment Change"", ""impact"": ""HIGH"", ""time"": ""2026-03-19 00:30:00"", ""currency"": ""AUD""}, {""name"": ""Unemployment Rate"", ""impact"": ""HIGH"", ""time"": ""2026-03-19 00:30:00"", ""currency"": ""AUD""}, {""name"": ""RBA Financial Stability Review"", ""impact"": ""LOW"", ""time"": ""2026-03-19 00:30:00"", ""currency"": ""AUD""}]"
778,2026-03-19 00:05:09.184783,11,USDCAD,1.3707705000000001,1.3699126,0.0626244331207837,1.370612,1.36981,NONE,8.57900000000189,1.37308,62.56434708281166,0.0013088873318743675,0.0008472376957946448,0.0005300660851434651,0.9171874611750442,UP,DOWN,NORMAL,0,,,,0,,
779,2026-03-19 00:05:09.184783,11,NZDUSD,0.583442,0.5843400000000001,-0.15367765342096473,0.583781,0.5844674,NONE,8.980000000000654,0.5791,28.241341501392768,0.0013328103191414156,-0.001557930136812935,-0.0009444265185320152,0.10787146545907904,DOWN,DOWN,NORMAL,1,BUY,ACTIVE,,0,,
780,2026-03-19 00:05:09.184783,11,USDCHF,0.788766,0.7874484000000002,0.16732524950203817,0.7884035,0.7873424,NONE,13.175999999998078,0.79257,73.57093257027938,0.0011588286877579554,0.0017555444951141697,0.0012457490765270087,0.8228806218675172,UP,UP,NORMAL,1,SELL,ACTIVE,,0,,
781,2026-03-19 01:05:04.899854,12,EURUSD,1.1514677777777778,1.1498504166666665,0.14065839240201594,1.1515164444444443,1.1499135833333334,NONE,16.17361111111215,1.14749,42.71298340228569,0.0016351076795398018,-0.0015812880565659881,-0.0011718085968930151,0.28884542481815506,DOWN,DOWN,NORMAL,0,,,,0,,
782,2026-03-19 01:05:04.899854,12,GBPUSD,1.331422,1.3301963333333333,0.09214178658840523,1.331864,1.3302319999999999,NONE,12.256666666667915,1.32834,43.98491394261625,0.0019306896873168022,-0.0018883819552080183,-0.0014092830687434284,0.30014288245995496,DOWN,DOWN,NORMAL,0,,,,0,,
783,2026-03-19 01:05:04.899854,12,USDJPY,159.77360000000002,158.99752500000002,0.48810508213885184,159.7762,158.98448125,NONE,77.60749999999916,159.788,69.76081550201765,0.16433318879524564,0.2044452851437768,0.1697005189402833,0.7434535455183571,UP,UP,NORMAL,0,,,,0,,"[{""name"": ""BOJ Policy Rate"", ""impact"": ""HIGH"", ""time"": ""2026-03-19 02:30:00"", ""currency"": ""JPY""}, {""name"": ""Monetary Policy Statement"", ""impact"": ""HIGH"", ""time"": ""2026-03-19 02:30:00"", ""currency"": ""JPY""}, {""name"": ""Revised Industrial Production m/m"", ""impact"": ""LOW"", ""time"": ""2026-03-19 04:30:00"", ""currency"": ""JPY""}]"
784,2026-03-19 01:05:04.899854,12,XAUUSD,4952.01875,4965.3408,-0.2683008183446293,4956.501,4968.6156,NONE,1332.2049999999763,4841.99,30.672038939212143,25.33192084632738,-41.42735815686592,-38.20636347445463,0.2769944325581092,DOWN,UP,NORMAL,1,BUY,ACTIVE,,0,,
785,2026-03-19 01:05:04.899854,12,AUDUSD,0.707158,0.7083792,-0.17239354289341546,0.7075800000000001,0.7084496,NONE,12.212000000000334,0.70298,33.859404770169135,0.001609305306243826,-0.0018292141508093884,-0.0012334089325397482,0.2008998162782209,DOWN,UP,NORMAL,0,,,,0,,"[{""name"": ""Employment Change"", ""impact"": ""HIGH"", ""time"": ""2026-03-19 00:30:00"", ""currency"": ""AUD""}, {""name"": ""Unemployment Rate"", ""impact"": ""HIGH"", ""time"": ""2026-03-19 00:30:00"", ""currency"": ""AUD""}, {""name"": ""RBA Financial Stability Review"", ""impact"": ""LOW"", ""time"": ""2026-03-19 00:30:00"", ""currency"": ""AUD""}]"
786,2026-03-19 01:05:04.899854,12,USDCAD,1.370888,1.3699856,0.06586930548760454,1.3707675,1.3699114000000001,NONE,9.02400000000192,1.37242,58.36733841976973,0.0013143239510261724,0.0008401867623353265,0.0005913244086160315,0.7708756499580323,UP,DOWN,NORMAL,0,,,,0,,
787,2026-03-19 01:05:04.899854,12,NZDUSD,0.5832050000000001,0.5842670000000001,-0.18176621304985685,0.583458,0.5843463999999999,NONE,10.620000000000074,0.58113,41.36041285025727,0.0014231708065496837,-0.0014432700089956896,-0.0010401108861404038,0.3086166383487149,DOWN,DOWN,NORMAL,0,,,,0,,
788,2026-03-19 01:05:04.899854,12,USDCHF,0.7891235,0.7875354,0.2016544272168567,0.78877,0.7874499999999999,NONE,15.880999999999812,0.7923,70.95812475141432,0.0011369735774078955,0.0017446524188865498,0.0013465508276200037,0.7712324087644227,UP,UP,NORMAL,1,SELL,ACTIVE,,0,,
789,2026-03-19 02:05:04.106300,13,EURUSD,1.1514568888888888,1.14979675,0.14438542193555767,1.1514702222222222,1.1498513333333333,NONE,16.60138888888829,1.14733,41.72896021341301,0.001614440568535836,-0.0015250512013718076,-0.0012410531291848195,0.2969989885664997,DOWN,DOWN,NORMAL,0,,,,0,,
790,2026-03-19 02:05:04.106300,13,GBPUSD,1.3309954999999998,1.3301955555555554,0.06013735657914796,1.331421,1.330196111111111,NONE,7.999444444444226,1.32793,41.729091488291324,0.0018773235117302927,-0.0018389127798292826,-0.0014954642816158799,0.29513765012466703,DOWN,DOWN,NORMAL,0,,,,0,,
791,2026-03-19 02:05:04.106300,13,USDJPY,159.73360000000002,159.0091625,0.45559481517300726,159.7482,158.99673124999998,NONE,72.44375000000218,159.651,54.4818507578728,0.16927877735068816,0.18217269402165925,0.1705739852955903,0.6420622690248129,UP,UP,NORMAL,0,,,,1,HIGH impact: BOJ Policy Rate (JPY) in 25min,"[{""name"": ""BOJ Policy Rate"", ""impact"": ""HIGH"", ""time"": ""2026-03-19 02:30:00"", ""currency"": ""JPY""}, {""name"": ""Monetary Policy Statement"", ""impact"": ""HIGH"", ""time"": ""2026-03-19 02:30:00"", ""currency"": ""JPY""}, {""name"": ""Revised Industrial Production m/m"", ""impact"": ""LOW"", ""time"": ""2026-03-19 04:30:00"", ""currency"": ""JPY""}, {""name"": ""BOJ Press Conference"", ""impact"": ""HIGH"", ""time"": ""2026-03-19 05:30:00"", ""currency"": ""JPY""}]"
792,2026-03-19 02:05:04.106300,13,XAUUSD,4947.73775,4962.3666,-0.2947958339071534,4952.21725,4965.4996,NONE,1462.8850000000057,4845.63,32.26167795757006,25.215319909096934,-39.24055949769809,-38.31186022896078,0.308294279044638,DOWN,UP,NORMAL,0,,,,0,,
793,2026-03-19 02:05:04.106300,13,AUDUSD,0.706863,0.7083636,-0.21184035995073197,0.7072295000000001,0.7084077999999999,NONE,15.00599999999963,0.70448,41.06867175014033,0.0015748141108998812,-0.0016289600939741744,-0.0012942673129747865,0.3188918743541142,DOWN,UP,NORMAL,0,,,,0,,
794,2026-03-19 02:05:04.106300,13,USDCAD,1.3709485,1.3700337999999999,0.06676477616829936,1.370866,1.3699767999999997,NONE,9.14700000000046,1.37154,53.377046713607456,0.0012704436688100117,0.0007315385081290149,0.0006137512741026698,0.6071518659969378,UP,DOWN,NORMAL,0,,,,0,,
795,2026-03-19 02:05:04.106300,13,NZDUSD,0.582992,0.5842114,-0.20872581397762738,0.5832295000000001,0.5842767999999999,NONE,12.194000000000926,0.58199,45.750609684713055,0.0013869239122042973,-0.0012582056026175792,-0.0010774756983817147,0.4026758112474303,DOWN,DOWN,NORMAL,0,,,,0,,
796,2026-03-19 02:05:04.106300,13,USDCHF,0.7894255,0.7875966,0.23221278507297038,0.789106,0.7875283999999999,NONE,18.28900000000022,0.79155,64.47402876111438,0.0011011183218787662,0.0016298509996286459,0.0013987436255545008,0.6895818346465789,UP,UP,NORMAL,0,,,,0,,
797,2026-03-19 03:05:04.401507,14,EURUSD,1.1514768888888889,1.1497570000000001,0.14958716397366947,1.1514762222222221,1.149804,NONE,17.19888888888743,1.14819,48.68879257273216,0.0016237462625166988,-0.0013482987859343432,-0.0012513979870305012,0.3776845813237348,DOWN,DOWN,NORMAL,0,,,,0,,
798,2026-03-19 03:05:04.401507,14,GBPUSD,1.3307025,1.330235111111111,0.035135810578512436,1.331034,1.3302041111111111,NONE,4.673888888888644,1.32885,47.728216572107634,0.00188033078214677,-0.001657133689591861,-0.0015179702429831488,0.3709087228845025,DOWN,DOWN,NORMAL,0,,,,0,,"[{""name"": ""Claimant Count Change"", ""impact"": ""HIGH"", ""time"": ""2026-03-19 07:00:00"", ""currency"": ""GBP""}, {""name"": ""Average Earnings Index 3m/y"", ""impact"": ""MEDIUM"", ""time"": ""2026-03-19 07:00:00"", ""currency"": ""GBP""}, {""name"": ""Unemployment Rate"", ""impact"": ""LOW"", ""time"": ""2026-03-19 07:00:00"", ""currency"": ""GBP""}]"
799,2026-03-19 03:05:04.401507,14,USDJPY,159.711,159.02096875,0.43392469271446565,159.7354,159.00921875,NONE,69.00312500000041,159.647,53.8385228815984,0.16773335447870028,0.17081927708127864,0.17073791544759975,0.6202990332205773,UP,UP,NORMAL,0,,,,0,,"[{""name"": ""BOJ Policy Rate"", ""impact"": ""HIGH"", ""time"": ""2026-03-19 02:30:00"", ""currency"": ""JPY""}, {""name"": ""Monetary Policy Statement"", ""impact"": ""HIGH"", ""time"": ""2026-03-19 02:30:00"", ""currency"": ""JPY""}, {""name"": ""Revised Industrial Production m/m"", ""impact"": ""LOW"", ""time"": ""2026-03-19 04:30:00"", ""currency"": ""JPY""}, {""name"": ""BOJ Press Conference"", ""impact"": ""HIGH"", ""time"": ""2026-03-19 05:30:00"", ""currency"": ""JPY""}]"
800,2026-03-19 03:05:04.401507,14,XAUUSD,4944.29475,4959.5652,-0.30789896662715477,4948.06575,4962.629,NONE,1527.0449999999983,4859.68,35.44145314892155,24.296804820042325,-35.6474519246176,-37.6115210182345,0.37946662129129183,DOWN,UP,NORMAL,1,BUY,ACTIVE,,0,,
801,2026-03-19 03:05:04.401507,14,AUDUSD,0.7065265000000001,0.7083419999999999,-0.25630274641343576,0.7068490000000001,0.7083579999999999,NONE,18.154999999998587,0.70539,45.47503608724688,0.0016206947356315299,-0.0014875292386403727,-0.0013364934872816712,0.4082334358971128,DOWN,UP,NORMAL,0,,,,0,,
802,2026-03-19 03:05:04.401507,14,USDCAD,1.3710334999999998,1.3701070000000002,0.0676224557643752,1.3709775,1.3700454,NONE,9.264999999996082,1.37173,54.13311664816531,0.001263932386344003,0.0007164575201279444,0.0006416953723105758,0.623843297621713,UP,DOWN,NORMAL,0,,,,0,,
803,2026-03-19 03:05:04.401507,14,NZDUSD,0.5827525,0.5841578,-0.2405685587010809,0.5829584999999999,0.584198,NONE,14.052999999999427,0.58252,48.71663606208114,0.0014294905715366466,-0.001128484719737366,-0.001096229069604405,0.4762111024103164,DOWN,DOWN,NORMAL,0,,,,0,,
804,2026-03-19 03:05:04.401507,14,USDCHF,0.789715,0.7876565999999999,0.26133215921761027,0.7894384999999999,0.7876018,NONE,20.584000000000156,0.79111,60.69603450750229,0.0011213955846017087,0.0015241216808945524,0.0014271377551410159,0.6300323468239877,UP,UP,NORMAL,0,,,,0,,
805,2026-03-19 04:05:03.907856,15,EURUSD,1.1514142222222221,1.149701583333333,0.14896377579333267,1.1514606666666665,1.1497509166666666,NONE,17.12638888889062,1.14739,42.55717358963514,0.0015948879776308965,-0.001357605541596918,-0.0012819568768611506,0.3352497645238712,DOWN,DOWN,NORMAL,0,,,,0,,
806,2026-03-19 04:05:03.907856,15,GBPUSD,1.330314,1.330246111111111,0.0051034833570964555,1.330667,1.3302272222222222,NONE,0.6788888888897837,1.32793,41.641890492785414,0.0018302923548790034,-0.0016610735733153525,-0.0015556530173116753,0.33015653617349217,DOWN,DOWN,NORMAL,0,,,,0,,"[{""name"": ""Claimant Count Change"", ""impact"": ""HIGH"", ""time"": ""2026-03-19 07:00:00"", ""currency"": ""GBP""}, {""name"": ""Average Earnings Index 3m/y"", ""impact"": ""MEDIUM"", ""time"": ""2026-03-19 07:00:00"", ""currency"": ""GBP""}, {""name"": ""Unemployment Rate"", ""impact"": ""LOW"", ""time"": ""2026-03-19 07:00:00"", ""currency"": ""GBP""}]"
807,2026-03-19 04:05:03.907856,15,USDJPY,159.67000000000002,159.032275,0.4010035069925381,159.7076,159.0208625,NONE,63.77250000000174,159.623,50.97275732881538,0.15999219650573296,0.15645342911582816,0.16766403812426545,0.5815877888646731,UP,UP,NORMAL,0,,,,0,,"[{""name"": ""Revised Industrial Production m/m"", ""impact"": ""LOW"", ""time"": ""2026-03-19 04:30:00"", ""currency"": ""JPY""}, {""name"": ""BOJ Press Conference"", ""impact"": ""HIGH"", ""time"": ""2026-03-19 05:30:00"", ""currency"": ""JPY""}]"
808,2026-03-19 04:05:03.907856,15,XAUUSD,4940.315,4956.3274,-0.32306986015493094,4944.07425,4959.3888,NONE,1601.2400000000525,4849.88,33.92655204563681,22.254812294730165,-34.57108752016211,-37.11600867759455,0.356466260448887,DOWN,UP,NORMAL,0,,,,0,,
809,2026-03-19 04:05:03.907856,15,AUDUSD,0.706167,0.7082612,-0.29568187555665143,0.706482,0.7083242,NONE,20.94200000000046,0.70494,43.70402018079994,0.0015656451116578503,-0.0014329827303966036,-0.001367150880064197,0.3951644898775998,DOWN,UP,NORMAL,0,,,,0,,
810,2026-03-19 04:05:03.907856,15,USDCAD,1.371127,1.3701988,0.06774199481125912,1.371064,1.3701191999999998,NONE,9.281999999999346,1.3722400000000001,56.87162454283785,0.0012065086444622976,0.0007384813776856181,0.0006688383283713384,0.6916263857506625,UP,DOWN,NORMAL,0,,,,0,,
811,2026-03-19 04:05:03.907856,15,NZDUSD,0.5825305000000001,0.5840806000000001,-0.2653914545355553,0.5827145,0.5841426,NONE,15.500999999999987,0.58205,46.614085867062364,0.0013666698164268819,-0.001056418253016167,-0.0010979671911870443,0.4489016257225747,DOWN,DOWN,NORMAL,1,BUY,ACTIVE,,0,,
812,2026-03-19 04:05:03.907856,15,USDCHF,0.7900115,0.7877302,0.28960423251513406,0.7897405,0.7876668000000001,NONE,22.812999999999306,0.79189,66.26795307934657,0.0010741530428444448,0.0015012998748151762,0.001448479580785235,0.6789899693632636,UP,UP,NORMAL,0,,,,0,,
813,2026-03-19 05:05:04.358672,16,EURUSD,1.1513104444444444,1.1496383333333333,0.14544670811931548,1.1514028888888888,1.1496973333333333,NONE,16.721111111110964,1.14687,38.88525323220742,0.0015720858559808127,-0.0013766938315458166,-0.0013074136695075066,0.31442580708435997,DOWN,DOWN,NORMAL,0,,,,0,,"[{""name"": ""Spanish 10-y Bond Auction"", ""impact"": ""LOW"", ""time"": ""2026-03-19 09:03:00"", ""currency"": ""EUR""}]"
814,2026-03-19 05:05:04.358672,16,GBPUSD,1.329838,1.3302512222222223,-0.03106347247190471,1.330279,1.3302383333333334,BEARISH,4.13222222222176,1.32715,37.12165738012961,0.0018077614264153732,-0.0017061916322556048,-0.0015946952132349244,0.29848074425619114,DOWN,DOWN,NORMAL,1,SELL,ACTIVE,,0,,"[{""name"": ""Claimant Count Change"", ""impact"": ""HIGH"", ""time"": ""2026-03-19 07:00:00"", ""currency"": ""GBP""}, {""name"": ""Average Earnings Index 3m/y"", ""impact"": ""MEDIUM"", ""time"": ""2026-03-19 07:00:00"", ""currency"": ""GBP""}, {""name"": ""Unemployment Rate"", ""impact"": ""LOW"", ""time"": ""2026-03-19 07:00:00"", ""currency"": ""GBP""}]"
815,2026-03-19 05:05:04.358672,16,USDJPY,159.65480000000002,159.0440875,0.3839894394062488,159.6762,159.03246875,NONE,61.071250000003374,159.669,56.41084133308834,0.15568663144919834,0.1500564997942888,0.16453819997393954,0.601792352255308,UP,UP,NORMAL,0,,,,1,HIGH impact: BOJ Press Conference (JPY) in 25min,"[{""name"": ""Revised Industrial Production m/m"", ""impact"": ""LOW"", ""time"": ""2026-03-19 04:30:00"", ""currency"": ""JPY""}, {""name"": ""BOJ Press Conference"", ""impact"": ""HIGH"", ""time"": ""2026-03-19 05:30:00"", ""currency"": ""JPY""}]"
816,2026-03-19 05:05:04.358672,16,XAUUSD,4940.358249999999,4956.362,-0.32289308165950675,4944.07425,4959.3888,NONE,1600.3750000000764,4851.61,34.277054663801735,22.77766943758729,-34.433081822156055,-37.08840753799334,0.3643874281991125,DOWN,UP,NORMAL,0,,,,0,,
817,2026-03-19 05:05:04.358672,16,AUDUSD,0.7058125000000001,0.7081848000000001,-0.3349831851799126,0.7061505,0.7082546000000001,NONE,23.72299999999994,0.70406,40.04727987033191,0.0015077418893965741,-0.001408816291311732,-0.0013796959281256727,0.3407794536720199,DOWN,UP,NORMAL,0,,,,0,,
818,2026-03-19 05:05:04.358672,16,USDCAD,1.3712985,1.3702872,0.07380204675341406,1.371148,1.3702071999999998,NONE,10.113000000000483,1.37265,59.00829591337468,0.0011689519045517355,0.0007677706285560415,0.0006939854721689571,0.7308767404278493,UP,DOWN,NORMAL,0,,,,0,,
819,2026-03-19 05:05:04.358672,16,NZDUSD,0.5823095,0.5840226,-0.2933276897161021,0.582524,0.584078,NONE,17.13099999999912,0.58184,45.528872827329856,0.0012961934009678223,-0.0009651762425819665,-0.0010730682607252814,0.44656908452473043,DOWN,DOWN,NORMAL,0,,,,0,,
820,2026-03-19 05:05:04.358672,16,USDCHF,0.7903214999999999,0.7878034,0.31963558420791993,0.790019,0.7877332,NONE,25.180999999998566,0.79224,67.92709160563999,0.0010303359887637172,0.0014715947599537316,0.0014550171465334675,0.6909885498860386,UP,UP,NORMAL,0,,,,0,,"[{""name"": ""SNB Monetary Policy Assessment"", ""impact"": ""HIGH"", ""time"": ""2026-03-19 08:30:00"", ""currency"": ""CHF""}, {""name"": ""SNB Policy Rate"", ""impact"": ""HIGH"", ""time"": ""2026-03-19 08:30:00"", ""currency"": ""CHF""}, {""name"": ""SNB Press Conference"", ""impact"": ""HIGH"", ""time"": ""2026-03-19 09:00:00"", ""currency"": ""CHF""}]"
821,2026-03-19 06:05:05.428308,17,EURUSD,1.1511908888888887,1.1495673333333334,0.1412318798975905,1.1513039999999999,1.1496359166666668,NONE,16.235555555552672,1.14655,36.59055025006283,0.0015400343203080392,-0.001387473768784897,-0.0013271271138643925,0.30626501655280775,DOWN,DOWN,NORMAL,0,,,,0,,"[{""name"": ""Spanish 10-y Bond Auction"", ""impact"": ""LOW"", ""time"": ""2026-03-19 09:03:00"", ""currency"": ""EUR""}, {""name"": ""Euro Summit"", ""impact"": ""LOW"", ""time"": ""2026-03-19 09:15:00"", ""currency"": ""EUR""}]"
822,2026-03-19 06:05:05.428308,17,GBPUSD,1.329345,1.330253111111111,-0.06826603926170095,1.3297984999999999,1.3302424444444445,NONE,9.081111111111095,1.32645,33.947658520602545,0.0017751242609851648,-0.0017828439937424,-0.001642408160219592,0.2714210465002255,DOWN,DOWN,NORMAL,0,,,,0,,"[{""name"": ""Claimant Count Change"", ""impact"": ""HIGH"", ""time"": ""2026-03-19 07:00:00"", ""currency"": ""GBP""}, {""name"": ""Average Earnings Index 3m/y"", ""impact"": ""MEDIUM"", ""time"": ""2026-03-19 07:00:00"", ""currency"": ""GBP""}, {""name"": ""Unemployment Rate"", ""impact"": ""LOW"", ""time"": ""2026-03-19 07:00:00"", ""currency"": ""GBP""}]"
823,2026-03-19 06:05:05.428308,17,USDJPY,159.6794,159.05625,0.39177963770677426,159.6634,159.04435625000002,NONE,62.31499999999812,159.741,63.7914763336607,0.15274472920282925,0.1497891080647662,0.16213721350094118,0.6603952386181742,UP,UP,NORMAL,0,,,,1,HIGH impact: BOJ Press Conference (JPY) in 28min,"[{""name"": ""BOJ Press Conference"", ""impact"": ""HIGH"", ""time"": ""2026-03-19 06:33:00"", ""currency"": ""JPY""}]"
824,2026-03-19 06:05:05.428308,17,XAUUSD,4931.5685,4948.617200000001,-0.344514423140272,4935.9195,4952.3186,NONE,1704.870000000028,4837.63,33.70533648532067,22.37656763344616,-33.364410442974986,-35.95873374617065,0.3198243445736229,DOWN,UP,NORMAL,0,,,,0,,
825,2026-03-19 06:05:05.428308,17,AUDUSD,0.705427,0.7081230000000001,-0.38072481758113086,0.7057965,0.7081784,NONE,26.960000000000317,0.70384,39.50466520739503,0.001470556244235591,-0.0013904615408983911,-0.001385933381164545,0.33988268574601366,DOWN,UP,NORMAL,0,,,,0,,
826,2026-03-19 06:05:05.428308,17,USDCAD,1.3714775,1.3703686,0.0809198342694052,1.3713035,1.3702892,NONE,11.088999999999682,1.37265,58.76095545877316,0.001113312482798048,0.0007618777784796915,0.0007088402867074356,0.7082950042254146,UP,DOWN,NORMAL,0,,,,0,,
827,2026-03-19 06:05:05.428308,17,NZDUSD,0.5820775,0.5839688000000001,-0.32387004237213357,0.5823039999999999,0.5840204,NONE,18.9130000000004,0.58176,45.18755415162958,0.001237077545796649,-0.0008877229548509558,-0.0010374031881544058,0.4600982336899001,DOWN,DOWN,NORMAL,0,,,,0,,
828,2026-03-19 06:05:05.428308,17,USDCHF,0.7906599999999999,0.7878886,0.35175023474129063,0.790339,0.7878103999999999,NONE,27.713999999998684,0.7925,68.55906429704036,0.0010043426018112123,0.0014644736712045026,0.0014613756879348883,0.6949791999410941,UP,UP,NORMAL,0,,,,0,,"[{""name"": ""SNB Monetary Policy Assessment"", ""impact"": ""HIGH"", ""time"": ""2026-03-19 08:30:00"", ""currency"": ""CHF""}, {""name"": ""SNB Policy Rate"", ""impact"": ""HIGH"", ""time"": ""2026-03-19 08:30:00"", ""currency"": ""CHF""}, {""name"": ""SNB Press Conference"", ""impact"": ""HIGH"", ""time"": ""2026-03-19 09:00:00"", ""currency"": ""CHF""}]"
829,2026-03-19 07:05:06.612072,18,EURUSD,1.1510842222222224,1.1494898333333334,0.13870404440772618,1.1511897777777778,1.1495669166666669,NONE,15.943888888889646,1.1458599999999999,31.30702878729967,0.0015864999313174402,-0.0014201053242968165,-0.0013463609325890253,0.24782026344094132,DOWN,DOWN,NORMAL,0,,,,0,,"[{""name"": ""Spanish 10-y Bond Auction"", ""impact"": ""LOW"", ""time"": ""2026-03-19 09:03:00"", ""currency"": ""EUR""}, {""name"": ""Euro Summit"", ""impact"": ""LOW"", ""time"": ""2026-03-19 09:15:00"", ""currency"": ""EUR""}]"
830,2026-03-19 07:05:06.612072,18,GBPUSD,1.3288335,1.3302372222222223,-0.1055242026589295,1.3293585,1.330256111111111,NONE,14.037222222222923,1.32544,29.788007148897478,0.0018316829696457362,-0.001837147743105394,-0.0016779099229505543,0.20346406728486513,DOWN,DOWN,NORMAL,0,,,,1,HIGH impact: Claimant Count Change (GBP) 5min ago,"[{""name"": ""Claimant Count Change"", ""impact"": ""HIGH"", ""time"": ""2026-03-19 07:00:00"", ""currency"": ""GBP""}, {""name"": ""Average Earnings Index 3m/y"", ""impact"": ""MEDIUM"", ""time"": ""2026-03-19 07:00:00"", ""currency"": ""GBP""}, {""name"": ""Unemployment Rate"", ""impact"": ""LOW"", ""time"": ""2026-03-19 07:00:00"", ""currency"": ""GBP""}]"
831,2026-03-19 07:05:06.612072,18,USDJPY,159.6628,159.06804375000002,0.37390052456717215,159.667,159.0558625,NONE,59.4756249999989,159.639,49.84255551378259,0.15675786079038218,0.1332297790462178,0.15556438757865773,0.49864512531392685,UP,UP,NORMAL,0,,,,0,,"[{""name"": ""BOJ Press Conference"", ""impact"": ""HIGH"", ""time"": ""2026-03-19 06:30:00"", ""currency"": ""JPY""}]"
832,2026-03-19 07:05:06.612072,18,XAUUSD,4923.4985,4941.943,-0.37322364907892536,4929.717,4947.1359999999995,NONE,1844.4500000000517,4767.88,25.404137052801403,30.346649808259937,-42.16563868680987,-38.14538197076568,-0.03182392645067281,DOWN,UP,NORMAL,1,BUY,ACTIVE,,0,,
833,2026-03-19 07:05:06.612072,18,AUDUSD,0.7050514999999999,0.7080346,-0.42132121791788374,0.7054,0.7081122000000001,NONE,29.831000000000163,0.70338,37.893403271204285,0.0014878634512799898,-0.0014101894628544276,-0.0013976769051948115,0.31389948955223074,DOWN,UP,NORMAL,0,,,,0,,
834,2026-03-19 07:05:06.612072,18,USDCAD,1.3716495,1.3704640000000001,0.08650354916289953,1.3714955,1.3703758000000001,NONE,11.854999999998395,1.3728500000000001,59.55778130827867,0.0011163922034145117,0.0007804555192887364,0.0007277582050185677,0.7151345834757394,UP,DOWN,NORMAL,0,,,,0,,
835,2026-03-19 07:05:06.612072,18,NZDUSD,0.5818325,0.5839038,-0.35473309130716363,0.5820495,0.5839576,NONE,20.71299999999998,0.58143,43.93379935780503,0.0012516740476274989,-0.0008708641499156622,-0.0010112429588542454,0.44404237168074867,DOWN,DOWN,NORMAL,0,,,,0,,
836,2026-03-19 07:05:06.612072,18,USDCHF,0.79101,0.787984,0.3840179496030342,0.790675,0.7878946,NONE,30.25999999999973,0.79264,68.69398741648553,0.001005052824130821,0.0014499757034456273,0.0014629247508661017,0.6913835035560995,UP,UP,NORMAL,1,SELL,ACTIVE,,0,,"[{""name"": ""SNB Monetary Policy Assessment"", ""impact"": ""HIGH"", ""time"": ""2026-03-19 08:30:00"", ""currency"": ""CHF""}, {""name"": ""SNB Policy Rate"", ""impact"": ""HIGH"", ""time"": ""2026-03-19 08:30:00"", ""currency"": ""CHF""}, {""name"": ""SNB Press Conference"", ""impact"": ""HIGH"", ""time"": ""2026-03-19 09:00:00"", ""currency"": ""CHF""}]"
837,2026-03-19 08:05:05.660401,19,EURUSD,1.1509453333333333,1.149403666666667,0.1341275229386772,1.1510704444444444,1.1494846666666667,NONE,15.416666666663303,1.14501,26.356146981726255,0.0015811529949948738,-0.001532355168214261,-0.001391473170027449,0.1953051548452074,DOWN,DOWN,NORMAL,0,,,,0,,"[{""name"": ""Spanish 10-y Bond Auction"", ""impact"": ""LOW"", ""time"": ""2026-03-19 09:03:00"", ""currency"": ""EUR""}, {""name"": ""Euro Summit"", ""impact"": ""LOW"", ""time"": ""2026-03-19 09:15:00"", ""currency"": ""EUR""}]"
838,2026-03-19 08:05:05.660401,19,GBPUSD,1.3285814999999999,1.330218111111111,-0.12303329036350323,1.3288765,1.3302467777777778,NONE,16.366111111112414,1.32554,29.671157967294832,0.0018115574767601135,-0.0018146871622330973,-0.0016942887326304268,0.23222340304380718,DOWN,DOWN,NORMAL,0,,,,0,,"[{""name"": ""Monetary Policy Summary"", ""impact"": ""HIGH"", ""time"": ""2026-03-19 12:00:00"", ""currency"": ""GBP""}, {""name"": ""MPC Official Bank Rate Votes"", ""impact"": ""HIGH"", ""time"": ""2026-03-19 12:00:00"", ""currency"": ""GBP""}, {""name"": ""Official Bank Rate"", ""impact"": ""HIGH"", ""time"": ""2026-03-19 12:00:00"", ""currency"": ""GBP""}]"
839,2026-03-19 08:05:05.660401,19,USDJPY,159.4964,159.075525,0.2645755844590142,159.5818,159.0655125,NONE,42.08749999999952,159.203,22.960510700327205,0.185489442162498,0.06288788374260434,0.13185985604221329,-0.0422790736132435,UP,UP,NORMAL,1,BUY,ACTIVE,,0,,
840,2026-03-19 08:05:05.660401,19,XAUUSD,4915.742,4935.1332,-0.39292151222990346,4922.49775,4941.1424,NONE,1939.1200000000026,4737.46,23.966521528938102,33.65937330503922,-48.84408609811089,-40.796047012758876,-0.05036190537653342,DOWN,UP,NORMAL,1,BUY,ACTIVE,,0,,
841,2026-03-19 08:05:05.660401,19,AUDUSD,0.704745,0.7079776000000001,-0.4565963668907237,0.7050725,0.708043,NONE,32.32600000000141,0.70343,38.86400269122019,0.0014664344292497885,-0.0013459689748793746,-0.0013819746353710641,0.329970928504583,DOWN,UP,NORMAL,0,,,,0,,
842,2026-03-19 08:05:05.660401,19,USDCAD,1.372004,1.3706156,0.10129754834250801,1.371848,1.3705258,NONE,13.883999999999563,1.37393,63.60216587297479,0.0010938862803493979,0.0008360965192426573,0.0007511472807712677,0.8635095517702026,UP,DOWN,NORMAL,0,,,,0,,
843,2026-03-19 08:05:05.660401,19,NZDUSD,0.5816385000000001,0.5838804000000001,-0.38396562035650084,0.581846,0.5839092,NONE,22.41900000000019,0.58123,43.20012242556693,0.001221554472796963,-0.000812056596300903,-0.0009679595324974142,0.43596117386549016,DOWN,DOWN,NORMAL,0,,,,0,,
844,2026-03-19 08:05:05.660401,19,USDCHF,0.791277,0.788019,0.4134418078751887,0.7909795,0.7879718,NONE,32.57999999999983,0.7916,59.09289532651226,0.0010481102754684155,0.0012828099967906459,0.0014191160450652389,0.5475844722048524,UP,UP,NORMAL,0,,,,1,HIGH impact: SNB Monetary Policy Assessment (CHF) in 25min,"[{""name"": ""SNB Monetary Policy Assessment"", ""impact"": ""HIGH"", ""time"": ""2026-03-19 08:30:00"", ""currency"": ""CHF""}, {""name"": ""SNB Policy Rate"", ""impact"": ""HIGH"", ""time"": ""2026-03-19 08:30:00"", ""currency"": ""CHF""}, {""name"": ""SNB Press Conference"", ""impact"": ""HIGH"", ""time"": ""2026-03-19 09:00:00"", ""currency"": ""CHF""}]"
845,2026-03-19 09:05:08.222311,20,EURUSD,1.1508093333333334,1.1493225,0.1293660685606804,1.1509471111111111,1.1494043333333333,NONE,14.868333333333261,1.14615,41.96029059543674,0.0016014944696634292,-0.0014682203765155055,-0.0014058015287039382,0.33713091130166867,DOWN,DOWN,NORMAL,0,,,,0,,"[{""name"": ""Spanish 10-y Bond Auction"", ""impact"": ""LOW"", ""time"": ""2026-03-19 09:03:00"", ""currency"": ""EUR""}, {""name"": ""Euro Summit"", ""impact"": ""LOW"", ""time"": ""2026-03-19 09:15:00"", ""currency"": ""EUR""}, {""name"": ""Unemployment Claims"", ""impact"": ""HIGH"", ""time"": ""2026-03-19 12:30:00"", ""currency"": ""USD""}, {""name"": ""Philly Fed Manufacturing Index"", ""impact"": ""MEDIUM"", ""time"": ""2026-03-19 12:30:00"", ""currency"": ""USD""}]"
846,2026-03-19 09:05:08.222311,20,GBPUSD,1.3282665,1.3302263333333333,-0.14733081763779587,1.3285695,1.3302154444444445,NONE,19.598333333332718,1.32649,41.81279981024423,0.0018522089347828802,-0.001769157431593893,-0.0017123257202863798,0.3371760219619836,DOWN,DOWN,NORMAL,0,,,,0,,"[{""name"": ""Monetary Policy Summary"", ""impact"": ""HIGH"", ""time"": ""2026-03-19 12:00:00"", ""currency"": ""GBP""}, {""name"": ""MPC Official Bank Rate Votes"", ""impact"": ""HIGH"", ""time"": ""2026-03-19 12:00:00"", ""currency"": ""GBP""}, {""name"": ""Official Bank Rate"", ""impact"": ""HIGH"", ""time"": ""2026-03-19 12:00:00"", ""currency"": ""GBP""}, {""name"": ""BOE Inflation Letter"", ""impact"": ""LOW"", ""time"": ""2026-03-19 12:10:00"", ""currency"": ""GBP""}, {""name"": ""Unemployment Claims"", ""impact"": ""HIGH"", ""time"": ""2026-03-19 12:30:00"", ""currency"": ""USD""}, {""name"": ""Philly Fed Manufacturing Index"", ""impact"": ""MEDIUM"", ""time"": ""2026-03-19 12:30:00"", ""currency"": ""USD""}]"
847,2026-03-19 09:05:08.222311,20,USDJPY,159.38000000000002,159.08489375,0.18550237112003093,159.4922,159.07539375,NONE,29.510625000003188,159.093,19.490304443544247,0.1918218289468102,0.022304008344264048,0.10968065231459388,-0.059905210851901376,UP,UP,NORMAL,1,BUY,ACTIVE,,0,,"[{""name"": ""Unemployment Claims"", ""impact"": ""HIGH"", ""time"": ""2026-03-19 12:30:00"", ""currency"": ""USD""}, {""name"": ""Philly Fed Manufacturing Index"", ""impact"": ""MEDIUM"", ""time"": ""2026-03-19 12:30:00"", ""currency"": ""USD""}]"
848,2026-03-19 09:05:08.222311,20,XAUUSD,4907.95125,4928.4424,-0.4157733485938647,4915.03825,4934.5702,NONE,2049.1149999999834,4714.37,21.628114709149486,35.49395262880904,-54.593712801581205,-43.9148736178168,-0.01709211635940523,DOWN,UP,NORMAL,1,BUY,ACTIVE,,0,,"[{""name"": ""Unemployment Claims"", ""impact"": ""HIGH"", ""time"": ""2026-03-19 12:30:00"", ""currency"": ""USD""}, {""name"": ""Philly Fed Manufacturing Index"", ""impact"": ""MEDIUM"", ""time"": ""2026-03-19 12:30:00"", ""currency"": ""USD""}]"
849,2026-03-19 09:05:08.222311,20,AUDUSD,0.7046,0.7078926,-0.4651270545842659,0.704704,0.7079612000000001,NONE,32.92599999999979,0.70369,42.004729482178014,0.0015443931945074505,-0.0013363282816826194,-0.0013833114614994861,0.3843319670119013,DOWN,UP,NORMAL,1,BUY,ACTIVE,,0,,
850,2026-03-19 09:05:08.222311,20,USDCAD,1.3720015,1.3706146000000001,0.1011881822942765,1.37186,1.3705306000000002,NONE,13.868999999999687,1.37364,62.242632133328996,0.0011605699538187748,0.0008277443143089869,0.000752540087647758,0.8106738231870574,UP,DOWN,NORMAL,0,,,,0,,
851,2026-03-19 09:05:08.222311,20,NZDUSD,0.5815675,0.5838464000000001,-0.3903252636309966,0.5816135,0.5838704,NONE,22.789000000000836,0.58121,43.97606257402171,0.0012599638471890223,-0.0008059936051414418,-0.000941948113408002,0.4442437971624254,DOWN,DOWN,NORMAL,0,,,,0,,
852,2026-03-19 09:05:08.222311,20,USDCHF,0.791528,0.7881044,0.4344094513366466,0.7912985,0.7880276,NONE,34.23599999999971,0.79274,66.68790025504069,0.001117530970077816,0.0012927695338856848,0.0013993350619176462,0.6941432031787158,UP,UP,NORMAL,0,,,,1,HIGH impact: SNB Press Conference (CHF) 5min ago,"[{""name"": ""SNB Monetary Policy Assessment"", ""impact"": ""HIGH"", ""time"": ""2026-03-19 08:30:00"", ""currency"": ""CHF""}, {""name"": ""SNB Policy Rate"", ""impact"": ""HIGH"", ""time"": ""2026-03-19 08:30:00"", ""currency"": ""CHF""}, {""name"": ""SNB Press Conference"", ""impact"": ""HIGH"", ""time"": ""2026-03-19 09:00:00"", ""currency"": ""CHF""}]"
853,2026-03-19 10:05:04.822193,21,EURUSD,1.1507308888888887,1.1492701666666667,0.12709998611194356,1.1508508888888889,1.1493380833333335,NONE,14.60722222222044,1.14763,53.97646040415214,0.0016598849732979003,-0.0011730036804067367,-0.0013353741527767104,0.5239881386232044,DOWN,DOWN,NORMAL,0,,,,0,,"[{""name"": ""Euro Summit"", ""impact"": ""LOW"", ""time"": ""2026-03-19 09:15:00"", ""currency"": ""EUR""}, {""name"": ""Unemployment Claims"", ""impact"": ""HIGH"", ""time"": ""2026-03-19 12:30:00"", ""currency"": ""USD""}, {""name"": ""Philly Fed Manufacturing Index"", ""impact"": ""MEDIUM"", ""time"": ""2026-03-19 12:30:00"", ""currency"": ""USD""}, {""name"": ""Main Refinancing Rate"", ""impact"": ""HIGH"", ""time"": ""2026-03-19 13:15:00"", ""currency"": ""EUR""}, {""name"": ""Monetary Policy Statement"", ""impact"": ""HIGH"", ""time"": ""2026-03-19 13:15:00"", ""currency"": ""EUR""}, {""name"": ""ECB Press Conference"", ""impact"": ""HIGH"", ""time"": ""2026-03-19 13:45:00"", ""currency"": ""EUR""}, {""name"": ""New Home Sales"", ""impact"": ""MEDIUM"", ""time"": ""2026-03-19 14:00:00"", ""currency"": ""USD""}, {""name"": ""CB Leading Index m/m"", ""impact"": ""LOW"", ""time"": ""2026-03-19 14:00:00"", ""currency"": ""USD""}, {""name"": ""Final Wholesale Inventories m/m"", ""impact"": ""LOW"", ""time"": ""2026-03-19 14:00:00"", ""currency"": ""USD""}]"
854,2026-03-19 10:05:04.822193,21,GBPUSD,1.328149,1.3302974444444444,-0.1615010577834813,1.3283669999999999,1.3302486666666666,NONE,21.484444444443973,1.32822,53.64951139024348,0.0019050742689542155,-0.0014365223532757376,-0.0016315103460295712,0.5070812830396058,DOWN,DOWN,NORMAL,0,,,,0,,"[{""name"": ""Monetary Policy Summary"", ""impact"": ""HIGH"", ""time"": ""2026-03-19 12:00:00"", ""currency"": ""GBP""}, {""name"": ""MPC Official Bank Rate Votes"", ""impact"": ""HIGH"", ""time"": ""2026-03-19 12:00:00"", ""currency"": ""GBP""}, {""name"": ""Official Bank Rate"", ""impact"": ""HIGH"", ""time"": ""2026-03-19 12:00:00"", ""currency"": ""GBP""}, {""name"": ""BOE Inflation Letter"", ""impact"": ""LOW"", ""time"": ""2026-03-19 12:10:00"", ""currency"": ""GBP""}, {""name"": ""Unemployment Claims"", ""impact"": ""HIGH"", ""time"": ""2026-03-19 12:30:00"", ""currency"": ""USD""}, {""name"": ""Philly Fed Manufacturing Index"", ""impact"": ""MEDIUM"", ""time"": ""2026-03-19 12:30:00"", ""currency"": ""USD""}, {""name"": ""New Home Sales"", ""impact"": ""MEDIUM"", ""time"": ""2026-03-19 14:00:00"", ""currency"": ""USD""}, {""name"": ""CB Leading Index m/m"", ""impact"": ""LOW"", ""time"": ""2026-03-19 14:00:00"", ""currency"": ""USD""}, {""name"": ""Final Wholesale Inventories m/m"", ""impact"": ""LOW"", ""time"": ""2026-03-19 14:00:00"", ""currency"": ""USD""}]"
855,2026-03-19 10:05:04.822193,21,USDJPY,159.2808,159.09498125,0.11679736754738762,159.3916,159.08525625,NONE,18.58187500000099,159.158,22.206996812719666,0.1905182289199945,0.0003232663003984726,0.08854946001203949,0.04950291991426739,UP,UP,NORMAL,0,,,,0,,"[{""name"": ""Unemployment Claims"", ""impact"": ""HIGH"", ""time"": ""2026-03-19 12:30:00"", ""currency"": ""USD""}, {""name"": ""Philly Fed Manufacturing Index"", ""impact"": ""MEDIUM"", ""time"": ""2026-03-19 12:30:00"", ""currency"": ""USD""}, {""name"": ""New Home Sales"", ""impact"": ""MEDIUM"", ""time"": ""2026-03-19 14:00:00"", ""currency"": ""USD""}, {""name"": ""CB Leading Index m/m"", ""impact"": ""LOW"", ""time"": ""2026-03-19 14:00:00"", ""currency"": ""USD""}, {""name"": ""Final Wholesale Inventories m/m"", ""impact"": ""LOW"", ""time"": ""2026-03-19 14:00:00"", ""currency"": ""USD""}]"
856,2026-03-19 10:05:04.822193,21,XAUUSD,4900.29075,4922.1526,-0.44415221909211494,4907.56725,4928.135200000001,NONE,2186.185000000023,4710.96,22.72521172021736,35.530938987958706,-57.93494627191831,-46.914936011884905,0.057443989194819564,DOWN,DOWN,NORMAL,1,BUY,ACTIVE,,0,,"[{""name"": ""Unemployment Claims"", ""impact"": ""HIGH"", ""time"": ""2026-03-19 12:30:00"", ""currency"": ""USD""}, {""name"": ""Philly Fed Manufacturing Index"", ""impact"": ""MEDIUM"", ""time"": ""2026-03-19 12:30:00"", ""currency"": ""USD""}, {""name"": ""New Home Sales"", ""impact"": ""MEDIUM"", ""time"": ""2026-03-19 14:00:00"", ""currency"": ""USD""}, {""name"": ""CB Leading Index m/m"", ""impact"": ""LOW"", ""time"": ""2026-03-19 14:00:00"", ""currency"": ""USD""}, {""name"": ""Final Wholesale Inventories m/m"", ""impact"": ""LOW"", ""time"": ""2026-03-19 14:00:00"", ""currency"": ""USD""}]"
857,2026-03-19 10:05:04.822193,21,AUDUSD,0.7044945,0.7078490000000001,-0.4739005070290468,0.7045995,0.7078924000000001,NONE,33.54500000000038,0.70452,46.15695343674425,0.001591732456124273,-0.0011967017135680047,-0.0013461171472408302,0.503339908892254,DOWN,UP,NORMAL,0,,,,0,,
858,2026-03-19 10:05:04.822193,21,USDCAD,1.37216,1.3707218,0.10492282241370532,1.3720435,1.3706314,NONE,14.38199999999945,1.3734600000000001,58.635351499195664,0.0012362435285459847,0.0008830960569989887,0.0007893726490393956,0.7317877296374693,UP,DOWN,NORMAL,0,,,,0,,
859,2026-03-19 10:05:04.822193,21,NZDUSD,0.5814954999999999,0.583829,-0.3996889500179161,0.5815680000000001,0.5838466,NONE,23.335000000000992,0.58158,46.27645094052053,0.0012740480621857258,-0.0007306769661263868,-0.0008995662486240388,0.513493268379015,DOWN,DOWN,NORMAL,0,,,,0,,
860,2026-03-19 10:05:04.822193,21,USDCHF,0.7917885,0.7882156,0.45328968368552847,0.7915165,0.7880997999999999,NONE,35.7289999999999,0.79352,70.35635829578452,0.0011912787579293998,0.0013070218199267014,0.0013779368009838556,0.8123250543473578,UP,UP,NORMAL,0,,,,0,,
861,2026-03-19 10:38:41.076537,1,EURUSD,,,,,,,,,,,,,,DOWN,DOWN,NORMAL,0,,,,0,,"[{""name"": ""Spanish 10-y Bond Auction"", ""impact"": ""LOW"", ""time"": ""2026-03-19 11:55:00"", ""currency"": ""EUR""}, {""name"": ""Unemployment Claims"", ""impact"": ""HIGH"", ""time"": ""2026-03-19 12:30:00"", ""currency"": ""USD""}, {""name"": ""Philly Fed Manufacturing Index"", ""impact"": ""MEDIUM"", ""time"": ""2026-03-19 12:30:00"", ""currency"": ""USD""}, {""name"": ""Main Refinancing Rate"", ""impact"": ""HIGH"", ""time"": ""2026-03-19 13:15:00"", ""currency"": ""EUR""}, {""name"": ""Monetary Policy Statement"", ""impact"": ""HIGH"", ""time"": ""2026-03-19 13:15:00"", ""currency"": ""EUR""}, {""name"": ""ECB Press Conference"", ""impact"": ""HIGH"", ""time"": ""2026-03-19 13:45:00"", ""currency"": ""EUR""}, {""name"": ""New Home Sales"", ""impact"": ""MEDIUM"", ""time"": ""2026-03-19 14:00:00"", ""currency"": ""USD""}, {""name"": ""CB Leading Index m/m"", ""impact"": ""LOW"", ""time"": ""2026-03-19 14:00:00"", ""currency"": ""USD""}, {""name"": ""Final Wholesale Inventories m/m"", ""impact"": ""LOW"", ""time"": ""2026-03-19 14:00:00"", ""currency"": ""USD""}, {""name"": ""Natural Gas Storage"", ""impact"": ""LOW"", ""time"": ""2026-03-19 14:30:00"", ""currency"": ""USD""}]"
862,2026-03-19 10:38:41.076537,1,GBPUSD,,,,,,,,,,,,,,DOWN,DOWN,NORMAL,0,,,,0,,"[{""name"": ""Monetary Policy Summary"", ""impact"": ""HIGH"", ""time"": ""2026-03-19 12:00:00"", ""currency"": ""GBP""}, {""name"": ""MPC Official Bank Rate Votes"", ""impact"": ""HIGH"", ""time"": ""2026-03-19 12:00:00"", ""currency"": ""GBP""}, {""name"": ""Official Bank Rate"", ""impact"": ""HIGH"", ""time"": ""2026-03-19 12:00:00"", ""currency"": ""GBP""}, {""name"": ""BOE Inflation Letter"", ""impact"": ""LOW"", ""time"": ""2026-03-19 12:10:00"", ""currency"": ""GBP""}, {""name"": ""Unemployment Claims"", ""impact"": ""HIGH"", ""time"": ""2026-03-19 12:30:00"", ""currency"": ""USD""}, {""name"": ""Philly Fed Manufacturing Index"", ""impact"": ""MEDIUM"", ""time"": ""2026-03-19 12:30:00"", ""currency"": ""USD""}, {""name"": ""New Home Sales"", ""impact"": ""MEDIUM"", ""time"": ""2026-03-19 14:00:00"", ""currency"": ""USD""}, {""name"": ""CB Leading Index m/m"", ""impact"": ""LOW"", ""time"": ""2026-03-19 14:00:00"", ""currency"": ""USD""}, {""name"": ""Final Wholesale Inventories m/m"", ""impact"": ""LOW"", ""time"": ""2026-03-19 14:00:00"", ""currency"": ""USD""}, {""name"": ""Natural Gas Storage"", ""impact"": ""LOW"", ""time"": ""2026-03-19 14:30:00"", ""currency"": ""USD""}]"
863,2026-03-19 10:38:41.076537,1,USDJPY,,,,,,,,,,,,,,UP,UP,NORMAL,0,,,,0,,"[{""name"": ""Unemployment Claims"", ""impact"": ""HIGH"", ""time"": ""2026-03-19 12:30:00"", ""currency"": ""USD""}, {""name"": ""Philly Fed Manufacturing Index"", ""impact"": ""MEDIUM"", ""time"": ""2026-03-19 12:30:00"", ""currency"": ""USD""}, {""name"": ""New Home Sales"", ""impact"": ""MEDIUM"", ""time"": ""2026-03-19 14:00:00"", ""currency"": ""USD""}, {""name"": ""CB Leading Index m/m"", ""impact"": ""LOW"", ""time"": ""2026-03-19 14:00:00"", ""currency"": ""USD""}, {""name"": ""Final Wholesale Inventories m/m"", ""impact"": ""LOW"", ""time"": ""2026-03-19 14:00:00"", ""currency"": ""USD""}, {""name"": ""Natural Gas Storage"", ""impact"": ""LOW"", ""time"": ""2026-03-19 14:30:00"", ""currency"": ""USD""}]"
864,2026-03-19 10:38:41.076537,1,XAUUSD,,,,,,,,,,,,,,DOWN,DOWN,NORMAL,0,,,,0,,"[{""name"": ""Unemployment Claims"", ""impact"": ""HIGH"", ""time"": ""2026-03-19 12:30:00"", ""currency"": ""USD""}, {""name"": ""Philly Fed Manufacturing Index"", ""impact"": ""MEDIUM"", ""time"": ""2026-03-19 12:30:00"", ""currency"": ""USD""}, {""name"": ""New Home Sales"", ""impact"": ""MEDIUM"", ""time"": ""2026-03-19 14:00:00"", ""currency"": ""USD""}, {""name"": ""CB Leading Index m/m"", ""impact"": ""LOW"", ""time"": ""2026-03-19 14:00:00"", ""currency"": ""USD""}, {""name"": ""Final Wholesale Inventories m/m"", ""impact"": ""LOW"", ""time"": ""2026-03-19 14:00:00"", ""currency"": ""USD""}, {""name"": ""Natural Gas Storage"", ""impact"": ""LOW"", ""time"": ""2026-03-19 14:30:00"", ""currency"": ""USD""}]"
865,2026-03-19 10:38:41.076537,1,AUDUSD,,,,,,,,,,,,,,DOWN,UP,NORMAL,0,,,,0,,
866,2026-03-19 10:38:41.076537,1,USDCAD,,,,,,,,,,,,,,UP,DOWN,NORMAL,0,,,,0,,
867,2026-03-19 10:38:41.076537,1,NZDUSD,,,,,,,,,,,,,,DOWN,DOWN,NORMAL,0,,,,0,,
868,2026-03-19 10:38:41.076537,1,USDCHF,,,,,,,,,,,,,,UP,UP,NORMAL,1,BUY,ACTIVE,,0,,
869,2026-03-19 10:42:16.342890,1,EURUSD,,,,,,,,,,,,,,DOWN,DOWN,NORMAL,0,,,,0,,"[{""name"": ""Spanish 10-y Bond Auction"", ""impact"": ""LOW"", ""time"": ""2026-03-19 11:55:00"", ""currency"": ""EUR""}, {""name"": ""Unemployment Claims"", ""impact"": ""HIGH"", ""time"": ""2026-03-19 12:30:00"", ""currency"": ""USD""}, {""name"": ""Philly Fed Manufacturing Index"", ""impact"": ""MEDIUM"", ""time"": ""2026-03-19 12:30:00"", ""currency"": ""USD""}, {""name"": ""Main Refinancing Rate"", ""impact"": ""HIGH"", ""time"": ""2026-03-19 13:15:00"", ""currency"": ""EUR""}, {""name"": ""Monetary Policy Statement"", ""impact"": ""HIGH"", ""time"": ""2026-03-19 13:15:00"", ""currency"": ""EUR""}, {""name"": ""ECB Press Conference"", ""impact"": ""HIGH"", ""time"": ""2026-03-19 13:45:00"", ""currency"": ""EUR""}, {""name"": ""New Home Sales"", ""impact"": ""MEDIUM"", ""time"": ""2026-03-19 14:00:00"", ""currency"": ""USD""}, {""name"": ""CB Leading Index m/m"", ""impact"": ""LOW"", ""time"": ""2026-03-19 14:00:00"", ""currency"": ""USD""}, {""name"": ""Final Wholesale Inventories m/m"", ""impact"": ""LOW"", ""time"": ""2026-03-19 14:00:00"", ""currency"": ""USD""}, {""name"": ""Natural Gas Storage"", ""impact"": ""LOW"", ""time"": ""2026-03-19 14:30:00"", ""currency"": ""USD""}]"
870,2026-03-19 10:42:16.342890,1,GBPUSD,,,,,,,,,,,,,,DOWN,DOWN,NORMAL,0,,,,0,,"[{""name"": ""Monetary Policy Summary"", ""impact"": ""HIGH"", ""time"": ""2026-03-19 12:00:00"", ""currency"": ""GBP""}, {""name"": ""MPC Official Bank Rate Votes"", ""impact"": ""HIGH"", ""time"": ""2026-03-19 12:00:00"", ""currency"": ""GBP""}, {""name"": ""Official Bank Rate"", ""impact"": ""HIGH"", ""time"": ""2026-03-19 12:00:00"", ""currency"": ""GBP""}, {""name"": ""BOE Inflation Letter"", ""impact"": ""LOW"", ""time"": ""2026-03-19 12:10:00"", ""currency"": ""GBP""}, {""name"": ""Unemployment Claims"", ""impact"": ""HIGH"", ""time"": ""2026-03-19 12:30:00"", ""currency"": ""USD""}, {""name"": ""Philly Fed Manufacturing Index"", ""impact"": ""MEDIUM"", ""time"": ""2026-03-19 12:30:00"", ""currency"": ""USD""}, {""name"": ""New Home Sales"", ""impact"": ""MEDIUM"", ""time"": ""2026-03-19 14:00:00"", ""currency"": ""USD""}, {""name"": ""CB Leading Index m/m"", ""impact"": ""LOW"", ""time"": ""2026-03-19 14:00:00"", ""currency"": ""USD""}, {""name"": ""Final Wholesale Inventories m/m"", ""impact"": ""LOW"", ""time"": ""2026-03-19 14:00:00"", ""currency"": ""USD""}, {""name"": ""Natural Gas Storage"", ""impact"": ""LOW"", ""time"": ""2026-03-19 14:30:00"", ""currency"": ""USD""}]"
871,2026-03-19 10:42:16.342890,1,USDJPY,,,,,,,,,,,,,,UP,UP,NORMAL,0,,,,0,,"[{""name"": ""Unemployment Claims"", ""impact"": ""HIGH"", ""time"": ""2026-03-19 12:30:00"", ""currency"": ""USD""}, {""name"": ""Philly Fed Manufacturing Index"", ""impact"": ""MEDIUM"", ""time"": ""2026-03-19 12:30:00"", ""currency"": ""USD""}, {""name"": ""New Home Sales"", ""impact"": ""MEDIUM"", ""time"": ""2026-03-19 14:00:00"", ""currency"": ""USD""}, {""name"": ""CB Leading Index m/m"", ""impact"": ""LOW"", ""time"": ""2026-03-19 14:00:00"", ""currency"": ""USD""}, {""name"": ""Final Wholesale Inventories m/m"", ""impact"": ""LOW"", ""time"": ""2026-03-19 14:00:00"", ""currency"": ""USD""}, {""name"": ""Natural Gas Storage"", ""impact"": ""LOW"", ""time"": ""2026-03-19 14:30:00"", ""currency"": ""USD""}]"
872,2026-03-19 10:42:16.342890,1,XAUUSD,,,,,,,,,,,,,,DOWN,DOWN,NORMAL,0,,,,0,,"[{""name"": ""Unemployment Claims"", ""impact"": ""HIGH"", ""time"": ""2026-03-19 12:30:00"", ""currency"": ""USD""}, {""name"": ""Philly Fed Manufacturing Index"", ""impact"": ""MEDIUM"", ""time"": ""2026-03-19 12:30:00"", ""currency"": ""USD""}, {""name"": ""New Home Sales"", ""impact"": ""MEDIUM"", ""time"": ""2026-03-19 14:00:00"", ""currency"": ""USD""}, {""name"": ""CB Leading Index m/m"", ""impact"": ""LOW"", ""time"": ""2026-03-19 14:00:00"", ""currency"": ""USD""}, {""name"": ""Final Wholesale Inventories m/m"", ""impact"": ""LOW"", ""time"": ""2026-03-19 14:00:00"", ""currency"": ""USD""}, {""name"": ""Natural Gas Storage"", ""impact"": ""LOW"", ""time"": ""2026-03-19 14:30:00"", ""currency"": ""USD""}]"
873,2026-03-19 10:42:16.342890,1,AUDUSD,,,,,,,,,,,,,,DOWN,UP,NORMAL,0,,,,0,,
874,2026-03-19 10:42:16.342890,1,USDCAD,,,,,,,,,,,,,,UP,DOWN,NORMAL,0,,,,0,,
875,2026-03-19 10:42:16.342890,1,NZDUSD,,,,,,,,,,,,,,DOWN,DOWN,NORMAL,0,,,,0,,
876,2026-03-19 10:42:16.342890,1,USDCHF,,,,,,,,,,,,,,UP,UP,NORMAL,1,SELL,ACTIVE,,0,,
877,2026-03-19 11:05:05.376044,2,EURUSD,,,,,,,,,,,,,,DOWN,DOWN,NORMAL,0,,,,0,,"[{""name"": ""Spanish 10-y Bond Auction"", ""impact"": ""LOW"", ""time"": ""2026-03-19 11:55:00"", ""currency"": ""EUR""}, {""name"": ""Unemployment Claims"", ""impact"": ""HIGH"", ""time"": ""2026-03-19 12:30:00"", ""currency"": ""USD""}, {""name"": ""Philly Fed Manufacturing Index"", ""impact"": ""MEDIUM"", ""time"": ""2026-03-19 12:30:00"", ""currency"": ""USD""}, {""name"": ""Main Refinancing Rate"", ""impact"": ""HIGH"", ""time"": ""2026-03-19 13:15:00"", ""currency"": ""EUR""}, {""name"": ""Monetary Policy Statement"", ""impact"": ""HIGH"", ""time"": ""2026-03-19 13:15:00"", ""currency"": ""EUR""}, {""name"": ""ECB Press Conference"", ""impact"": ""HIGH"", ""time"": ""2026-03-19 13:45:00"", ""currency"": ""EUR""}, {""name"": ""New Home Sales"", ""impact"": ""MEDIUM"", ""time"": ""2026-03-19 14:00:00"", ""currency"": ""USD""}, {""name"": ""CB Leading Index m/m"", ""impact"": ""LOW"", ""time"": ""2026-03-19 14:00:00"", ""currency"": ""USD""}, {""name"": ""Final Wholesale Inventories m/m"", ""impact"": ""LOW"", ""time"": ""2026-03-19 14:00:00"", ""currency"": ""USD""}, {""name"": ""Natural Gas Storage"", ""impact"": ""LOW"", ""time"": ""2026-03-19 14:30:00"", ""currency"": ""USD""}]"
878,2026-03-19 11:05:05.376044,2,GBPUSD,,,,,,,,,,,,,,DOWN,DOWN,NORMAL,0,,,,0,,"[{""name"": ""Monetary Policy Summary"", ""impact"": ""HIGH"", ""time"": ""2026-03-19 12:00:00"", ""currency"": ""GBP""}, {""name"": ""MPC Official Bank Rate Votes"", ""impact"": ""HIGH"", ""time"": ""2026-03-19 12:00:00"", ""currency"": ""GBP""}, {""name"": ""Official Bank Rate"", ""impact"": ""HIGH"", ""time"": ""2026-03-19 12:00:00"", ""currency"": ""GBP""}, {""name"": ""BOE Inflation Letter"", ""impact"": ""LOW"", ""time"": ""2026-03-19 12:10:00"", ""currency"": ""GBP""}, {""name"": ""Unemployment Claims"", ""impact"": ""HIGH"", ""time"": ""2026-03-19 12:30:00"", ""currency"": ""USD""}, {""name"": ""Philly Fed Manufacturing Index"", ""impact"": ""MEDIUM"", ""time"": ""2026-03-19 12:30:00"", ""currency"": ""USD""}, {""name"": ""New Home Sales"", ""impact"": ""MEDIUM"", ""time"": ""2026-03-19 14:00:00"", ""currency"": ""USD""}, {""name"": ""CB Leading Index m/m"", ""impact"": ""LOW"", ""time"": ""2026-03-19 14:00:00"", ""currency"": ""USD""}, {""name"": ""Final Wholesale Inventories m/m"", ""impact"": ""LOW"", ""time"": ""2026-03-19 14:00:00"", ""currency"": ""USD""}, {""name"": ""Natural Gas Storage"", ""impact"": ""LOW"", ""time"": ""2026-03-19 14:30:00"", ""currency"": ""USD""}]"
879,2026-03-19 11:05:05.376044,2,USDJPY,,,,,,,,,,,,,,UP,UP,NORMAL,0,,,,0,,"[{""name"": ""Unemployment Claims"", ""impact"": ""HIGH"", ""time"": ""2026-03-19 12:30:00"", ""currency"": ""USD""}, {""name"": ""Philly Fed Manufacturing Index"", ""impact"": ""MEDIUM"", ""time"": ""2026-03-19 12:30:00"", ""currency"": ""USD""}, {""name"": ""New Home Sales"", ""impact"": ""MEDIUM"", ""time"": ""2026-03-19 14:00:00"", ""currency"": ""USD""}, {""name"": ""CB Leading Index m/m"", ""impact"": ""LOW"", ""time"": ""2026-03-19 14:00:00"", ""currency"": ""USD""}, {""name"": ""Final Wholesale Inventories m/m"", ""impact"": ""LOW"", ""time"": ""2026-03-19 14:00:00"", ""currency"": ""USD""}, {""name"": ""Natural Gas Storage"", ""impact"": ""LOW"", ""time"": ""2026-03-19 14:30:00"", ""currency"": ""USD""}]"
880,2026-03-19 11:05:05.376044,2,XAUUSD,,,,,,,,,,,,,,DOWN,DOWN,NORMAL,1,BUY,ACTIVE,,0,,"[{""name"": ""Unemployment Claims"", ""impact"": ""HIGH"", ""time"": ""2026-03-19 12:30:00"", ""currency"": ""USD""}, {""name"": ""Philly Fed Manufacturing Index"", ""impact"": ""MEDIUM"", ""time"": ""2026-03-19 12:30:00"", ""currency"": ""USD""}, {""name"": ""New Home Sales"", ""impact"": ""MEDIUM"", ""time"": ""2026-03-19 14:00:00"", ""currency"": ""USD""}, {""name"": ""CB Leading Index m/m"", ""impact"": ""LOW"", ""time"": ""2026-03-19 14:00:00"", ""currency"": ""USD""}, {""name"": ""Final Wholesale Inventories m/m"", ""impact"": ""LOW"", ""time"": ""2026-03-19 14:00:00"", ""currency"": ""USD""}, {""name"": ""Natural Gas Storage"", ""impact"": ""LOW"", ""time"": ""2026-03-19 14:30:00"", ""currency"": ""USD""}]"
881,2026-03-19 11:05:05.376044,2,AUDUSD,,,,,,,,,,,,,,DOWN,UP,NORMAL,0,,,,0,,
882,2026-03-19 11:05:05.376044,2,USDCAD,,,,,,,,,,,,,,UP,DOWN,NORMAL,0,,,,0,,
883,2026-03-19 11:05:05.376044,2,NZDUSD,,,,,,,,,,,,,,DOWN,DOWN,NORMAL,0,,,,0,,
884,2026-03-19 11:05:05.376044,2,USDCHF,,,,,,,,,,,,,,UP,UP,NORMAL,1,SELL,ACTIVE,,0,,
885,2026-03-19 11:39:33.043802,1,EURUSD,,,,,,,,1.14706,44.67758311323364,0.0017536228293353825,,,,DOWN,DOWN,NORMAL,0,,,,0,,"[{""name"": ""Unemployment Claims"", ""impact"": ""HIGH"", ""time"": ""2026-03-19 12:30:00"", ""currency"": ""USD""}, {""name"": ""Philly Fed Manufacturing Index"", ""impact"": ""MEDIUM"", ""time"": ""2026-03-19 12:30:00"", ""currency"": ""USD""}, {""name"": ""Main Refinancing Rate"", ""impact"": ""HIGH"", ""time"": ""2026-03-19 13:15:00"", ""currency"": ""EUR""}, {""name"": ""Monetary Policy Statement"", ""impact"": ""HIGH"", ""time"": ""2026-03-19 13:15:00"", ""currency"": ""EUR""}, {""name"": ""ECB Press Conference"", ""impact"": ""HIGH"", ""time"": ""2026-03-19 13:45:00"", ""currency"": ""EUR""}, {""name"": ""New Home Sales"", ""impact"": ""MEDIUM"", ""time"": ""2026-03-19 14:00:00"", ""currency"": ""USD""}, {""name"": ""CB Leading Index m/m"", ""impact"": ""LOW"", ""time"": ""2026-03-19 14:00:00"", ""currency"": ""USD""}, {""name"": ""Final Wholesale Inventories m/m"", ""impact"": ""LOW"", ""time"": ""2026-03-19 14:00:00"", ""currency"": ""USD""}, {""name"": ""Natural Gas Storage"", ""impact"": ""LOW"", ""time"": ""2026-03-19 14:30:00"", ""currency"": ""USD""}]"
886,2026-03-19 11:39:33.043802,1,GBPUSD,,,,,,,,1.32773,44.98185565234258,0.0019722754459384245,,,,DOWN,DOWN,NORMAL,0,,,,1,HIGH impact: Monetary Policy Summary (GBP) in 21min,"[{""name"": ""Monetary Policy Summary"", ""impact"": ""HIGH"", ""time"": ""2026-03-19 12:00:00"", ""currency"": ""GBP""}, {""name"": ""MPC Official Bank Rate Votes"", ""impact"": ""HIGH"", ""time"": ""2026-03-19 12:00:00"", ""currency"": ""GBP""}, {""name"": ""Official Bank Rate"", ""impact"": ""HIGH"", ""time"": ""2026-03-19 12:00:00"", ""currency"": ""GBP""}, {""name"": ""BOE Inflation Letter"", ""impact"": ""LOW"", ""time"": ""2026-03-19 12:10:00"", ""currency"": ""GBP""}, {""name"": ""Unemployment Claims"", ""impact"": ""HIGH"", ""time"": ""2026-03-19 12:30:00"", ""currency"": ""USD""}, {""name"": ""Philly Fed Manufacturing Index"", ""impact"": ""MEDIUM"", ""time"": ""2026-03-19 12:30:00"", ""currency"": ""USD""}, {""name"": ""New Home Sales"", ""impact"": ""MEDIUM"", ""time"": ""2026-03-19 14:00:00"", ""currency"": ""USD""}, {""name"": ""CB Leading Index m/m"", ""impact"": ""LOW"", ""time"": ""2026-03-19 14:00:00"", ""currency"": ""USD""}, {""name"": ""Final Wholesale Inventories m/m"", ""impact"": ""LOW"", ""time"": ""2026-03-19 14:00:00"", ""currency"": ""USD""}, {""name"": ""Natural Gas Storage"", ""impact"": ""LOW"", ""time"": ""2026-03-19 14:30:00"", ""currency"": ""USD""}]"
887,2026-03-19 11:39:33.043802,1,USDJPY,,,,,,,,159.11,36.53947360908598,0.18803733501754596,,,,UP,UP,NORMAL,0,,,,0,,"[{""name"": ""Unemployment Claims"", ""impact"": ""HIGH"", ""time"": ""2026-03-19 12:30:00"", ""currency"": ""USD""}, {""name"": ""Philly Fed Manufacturing Index"", ""impact"": ""MEDIUM"", ""time"": ""2026-03-19 12:30:00"", ""currency"": ""USD""}, {""name"": ""New Home Sales"", ""impact"": ""MEDIUM"", ""time"": ""2026-03-19 14:00:00"", ""currency"": ""USD""}, {""name"": ""CB Leading Index m/m"", ""impact"": ""LOW"", ""time"": ""2026-03-19 14:00:00"", ""currency"": ""USD""}, {""name"": ""Final Wholesale Inventories m/m"", ""impact"": ""LOW"", ""time"": ""2026-03-19 14:00:00"", ""currency"": ""USD""}, {""name"": ""Natural Gas Storage"", ""impact"": ""LOW"", ""time"": ""2026-03-19 14:30:00"", ""currency"": ""USD""}]"
888,2026-03-19 11:39:33.043802,1,XAUUSD,,,,,,,,4682.66,15.977383618038502,34.34509659066789,,,,DOWN,DOWN,NORMAL,1,BUY,ACTIVE,,0,,"[{""name"": ""Unemployment Claims"", ""impact"": ""HIGH"", ""time"": ""2026-03-19 12:30:00"", ""currency"": ""USD""}, {""name"": ""Philly Fed Manufacturing Index"", ""impact"": ""MEDIUM"", ""time"": ""2026-03-19 12:30:00"", ""currency"": ""USD""}, {""name"": ""New Home Sales"", ""impact"": ""MEDIUM"", ""time"": ""2026-03-19 14:00:00"", ""currency"": ""USD""}, {""name"": ""CB Leading Index m/m"", ""impact"": ""LOW"", ""time"": ""2026-03-19 14:00:00"", ""currency"": ""USD""}, {""name"": ""Final Wholesale Inventories m/m"", ""impact"": ""LOW"", ""time"": ""2026-03-19 14:00:00"", ""currency"": ""USD""}, {""name"": ""Natural Gas Storage"", ""impact"": ""LOW"", ""time"": ""2026-03-19 14:30:00"", ""currency"": ""USD""}]"
889,2026-03-19 11:39:33.043802,1,AUDUSD,,,,,,,,0.70358,43.08238490193151,0.00161217528833456,,,,DOWN,UP,NORMAL,0,,,,0,,
890,2026-03-19 11:39:33.043802,1,USDCAD,,,,,,,,1.3736,59.24805245935028,0.001216403858797293,,,,UP,DOWN,NORMAL,0,,,,0,,
891,2026-03-19 11:39:33.043802,1,NZDUSD,,,,,,,,0.58088,43.126115657382854,0.0012625611206747225,,,,DOWN,DOWN,NORMAL,0,,,,0,,
892,2026-03-19 11:39:33.043802,1,USDCHF,,,,,,,,0.79542,76.46464294699888,0.001396441523783149,,,,UP,UP,NORMAL,1,SELL,ACTIVE,,0,,
893,2026-03-19 12:05:05.501911,2,EURUSD,,,,,,,,1.14773,47.50304208924751,0.001679792627239986,,,,DOWN,DOWN,NORMAL,0,,,,1,HIGH impact: Unemployment Claims (USD) in 25min,"[{""name"": ""Unemployment Claims"", ""impact"": ""HIGH"", ""time"": ""2026-03-19 12:30:00"", ""currency"": ""USD""}, {""name"": ""Philly Fed Manufacturing Index"", ""impact"": ""MEDIUM"", ""time"": ""2026-03-19 12:30:00"", ""currency"": ""USD""}, {""name"": ""Main Refinancing Rate"", ""impact"": ""HIGH"", ""time"": ""2026-03-19 13:15:00"", ""currency"": ""EUR""}, {""name"": ""Monetary Policy Statement"", ""impact"": ""HIGH"", ""time"": ""2026-03-19 13:15:00"", ""currency"": ""EUR""}, {""name"": ""ECB Press Conference"", ""impact"": ""HIGH"", ""time"": ""2026-03-19 13:45:00"", ""currency"": ""EUR""}, {""name"": ""New Home Sales"", ""impact"": ""MEDIUM"", ""time"": ""2026-03-19 14:00:00"", ""currency"": ""USD""}, {""name"": ""CB Leading Index m/m"", ""impact"": ""LOW"", ""time"": ""2026-03-19 14:00:00"", ""currency"": ""USD""}, {""name"": ""Final Wholesale Inventories m/m"", ""impact"": ""LOW"", ""time"": ""2026-03-19 14:00:00"", ""currency"": ""USD""}, {""name"": ""Natural Gas Storage"", ""impact"": ""LOW"", ""time"": ""2026-03-19 14:30:00"", ""currency"": ""USD""}]"
894,2026-03-19 12:05:05.501911,2,GBPUSD,,,,,,,,1.32917,50.04134477668713,0.002060735363065274,,,,DOWN,DOWN,NORMAL,0,,,,1,HIGH impact: Monetary Policy Summary (GBP) 5min ago,"[{""name"": ""Monetary Policy Summary"", ""impact"": ""HIGH"", ""time"": ""2026-03-19 12:00:00"", ""currency"": ""GBP""}, {""name"": ""MPC Official Bank Rate Votes"", ""impact"": ""HIGH"", ""time"": ""2026-03-19 12:00:00"", ""currency"": ""GBP""}, {""name"": ""Official Bank Rate"", ""impact"": ""HIGH"", ""time"": ""2026-03-19 12:00:00"", ""currency"": ""GBP""}, {""name"": ""BOE Inflation Letter"", ""impact"": ""LOW"", ""time"": ""2026-03-19 12:10:00"", ""currency"": ""GBP""}, {""name"": ""Unemployment Claims"", ""impact"": ""HIGH"", ""time"": ""2026-03-19 12:30:00"", ""currency"": ""USD""}, {""name"": ""Philly Fed Manufacturing Index"", ""impact"": ""MEDIUM"", ""time"": ""2026-03-19 12:30:00"", ""currency"": ""USD""}, {""name"": ""New Home Sales"", ""impact"": ""MEDIUM"", ""time"": ""2026-03-19 14:00:00"", ""currency"": ""USD""}, {""name"": ""CB Leading Index m/m"", ""impact"": ""LOW"", ""time"": ""2026-03-19 14:00:00"", ""currency"": ""USD""}, {""name"": ""Final Wholesale Inventories m/m"", ""impact"": ""LOW"", ""time"": ""2026-03-19 14:00:00"", ""currency"": ""USD""}, {""name"": ""Natural Gas Storage"", ""impact"": ""LOW"", ""time"": ""2026-03-19 14:30:00"", ""currency"": ""USD""}]"
895,2026-03-19 12:05:05.501911,2,USDJPY,,,,,,,,159.048,34.60753122054919,0.18210099476119063,,,,UP,UP,NORMAL,0,,,,1,HIGH impact: Unemployment Claims (USD) in 25min,"[{""name"": ""Unemployment Claims"", ""impact"": ""HIGH"", ""time"": ""2026-03-19 12:30:00"", ""currency"": ""USD""}, {""name"": ""Philly Fed Manufacturing Index"", ""impact"": ""MEDIUM"", ""time"": ""2026-03-19 12:30:00"", ""currency"": ""USD""}, {""name"": ""New Home Sales"", ""impact"": ""MEDIUM"", ""time"": ""2026-03-19 14:00:00"", ""currency"": ""USD""}, {""name"": ""CB Leading Index m/m"", ""impact"": ""LOW"", ""time"": ""2026-03-19 14:00:00"", ""currency"": ""USD""}, {""name"": ""Final Wholesale Inventories m/m"", ""impact"": ""LOW"", ""time"": ""2026-03-19 14:00:00"", ""currency"": ""USD""}, {""name"": ""Natural Gas Storage"", ""impact"": ""LOW"", ""time"": ""2026-03-19 14:30:00"", ""currency"": ""USD""}]"
896,2026-03-19 12:05:05.501911,2,XAUUSD,,,,,,,,4628.93,11.834540259481727,35.265242752558954,,,,DOWN,DOWN,NORMAL,0,,,,1,HIGH impact: Unemployment Claims (USD) in 25min,"[{""name"": ""Unemployment Claims"", ""impact"": ""HIGH"", ""time"": ""2026-03-19 12:30:00"", ""currency"": ""USD""}, {""name"": ""Philly Fed Manufacturing Index"", ""impact"": ""MEDIUM"", ""time"": ""2026-03-19 12:30:00"", ""currency"": ""USD""}, {""name"": ""New Home Sales"", ""impact"": ""MEDIUM"", ""time"": ""2026-03-19 14:00:00"", ""currency"": ""USD""}, {""name"": ""CB Leading Index m/m"", ""impact"": ""LOW"", ""time"": ""2026-03-19 14:00:00"", ""currency"": ""USD""}, {""name"": ""Final Wholesale Inventories m/m"", ""impact"": ""LOW"", ""time"": ""2026-03-19 14:00:00"", ""currency"": ""USD""}, {""name"": ""Natural Gas Storage"", ""impact"": ""LOW"", ""time"": ""2026-03-19 14:30:00"", ""currency"": ""USD""}]"
897,2026-03-19 12:05:05.501911,2,AUDUSD,,,,,,,,0.70339,42.25988527047686,0.0015878872575351489,,,,DOWN,UP,NORMAL,0,,,,0,,
898,2026-03-19 12:05:05.501911,2,USDCAD,,,,,,,,1.37408,61.63338507318882,0.0012002831750056579,,,,UP,DOWN,NORMAL,0,,,,0,,
899,2026-03-19 12:05:05.501911,2,NZDUSD,,,,,,,,0.58101,43.556257155563735,0.0012238067549122462,,,,DOWN,DOWN,NORMAL,0,,,,0,,
900,2026-03-19 12:05:05.501911,2,USDCHF,,,,,,,,0.79483,70.26740884879206,0.0013595528435129236,,,,UP,UP,NORMAL,0,,,,0,,
901,2026-03-19 12:58:28.392004,1,EURUSD,,,,,,,,1.14872,51.671896759137475,0.0018240783415257097,,,,DOWN,DOWN,NORMAL,0,,,,1,HIGH impact: Unemployment Claims (USD) 28min ago,"[{""name"": ""Unemployment Claims"", ""impact"": ""HIGH"", ""time"": ""2026-03-19 12:30:00"", ""currency"": ""USD""}, {""name"": ""Philly Fed Manufacturing Index"", ""impact"": ""MEDIUM"", ""time"": ""2026-03-19 12:30:00"", ""currency"": ""USD""}, {""name"": ""Main Refinancing Rate"", ""impact"": ""HIGH"", ""time"": ""2026-03-19 13:15:00"", ""currency"": ""EUR""}, {""name"": ""Monetary Policy Statement"", ""impact"": ""HIGH"", ""time"": ""2026-03-19 13:15:00"", ""currency"": ""EUR""}, {""name"": ""ECB Press Conference"", ""impact"": ""HIGH"", ""time"": ""2026-03-19 13:45:00"", ""currency"": ""EUR""}, {""name"": ""New Home Sales"", ""impact"": ""MEDIUM"", ""time"": ""2026-03-19 14:00:00"", ""currency"": ""USD""}, {""name"": ""CB Leading Index m/m"", ""impact"": ""LOW"", ""time"": ""2026-03-19 14:00:00"", ""currency"": ""USD""}, {""name"": ""Final Wholesale Inventories m/m"", ""impact"": ""LOW"", ""time"": ""2026-03-19 14:00:00"", ""currency"": ""USD""}, {""name"": ""Natural Gas Storage"", ""impact"": ""LOW"", ""time"": ""2026-03-19 14:30:00"", ""currency"": ""USD""}]"
902,2026-03-19 12:58:28.392004,1,GBPUSD,,,,,,,,1.32871,48.48115503299179,0.002102878220208122,,,,DOWN,DOWN,NORMAL,0,,,,1,HIGH impact: Unemployment Claims (USD) 28min ago,"[{""name"": ""Monetary Policy Summary"", ""impact"": ""HIGH"", ""time"": ""2026-03-19 12:00:00"", ""currency"": ""GBP""}, {""name"": ""MPC Official Bank Rate Votes"", ""impact"": ""HIGH"", ""time"": ""2026-03-19 12:00:00"", ""currency"": ""GBP""}, {""name"": ""Official Bank Rate"", ""impact"": ""HIGH"", ""time"": ""2026-03-19 12:00:00"", ""currency"": ""GBP""}, {""name"": ""Unemployment Claims"", ""impact"": ""HIGH"", ""time"": ""2026-03-19 12:30:00"", ""currency"": ""USD""}, {""name"": ""Philly Fed Manufacturing Index"", ""impact"": ""MEDIUM"", ""time"": ""2026-03-19 12:30:00"", ""currency"": ""USD""}, {""name"": ""New Home Sales"", ""impact"": ""MEDIUM"", ""time"": ""2026-03-19 14:00:00"", ""currency"": ""USD""}, {""name"": ""CB Leading Index m/m"", ""impact"": ""LOW"", ""time"": ""2026-03-19 14:00:00"", ""currency"": ""USD""}, {""name"": ""Final Wholesale Inventories m/m"", ""impact"": ""LOW"", ""time"": ""2026-03-19 14:00:00"", ""currency"": ""USD""}, {""name"": ""Natural Gas Storage"", ""impact"": ""LOW"", ""time"": ""2026-03-19 14:30:00"", ""currency"": ""USD""}]"
903,2026-03-19 12:58:28.392004,1,USDJPY,,,,,,,,158.917,30.931781059682066,0.20795813761833312,,,,UP,UP,NORMAL,1,BUY,NEWS_FILTERED,,1,HIGH impact: Unemployment Claims (USD) 28min ago,"[{""name"": ""Unemployment Claims"", ""impact"": ""HIGH"", ""time"": ""2026-03-19 12:30:00"", ""currency"": ""USD""}, {""name"": ""Philly Fed Manufacturing Index"", ""impact"": ""MEDIUM"", ""time"": ""2026-03-19 12:30:00"", ""currency"": ""USD""}, {""name"": ""New Home Sales"", ""impact"": ""MEDIUM"", ""time"": ""2026-03-19 14:00:00"", ""currency"": ""USD""}, {""name"": ""CB Leading Index m/m"", ""impact"": ""LOW"", ""time"": ""2026-03-19 14:00:00"", ""currency"": ""USD""}, {""name"": ""Final Wholesale Inventories m/m"", ""impact"": ""LOW"", ""time"": ""2026-03-19 14:00:00"", ""currency"": ""USD""}, {""name"": ""Natural Gas Storage"", ""impact"": ""LOW"", ""time"": ""2026-03-19 14:30:00"", ""currency"": ""USD""}]"
904,2026-03-19 12:58:28.392004,1,XAUUSD,,,,,,,,4605.34,10.829360924591654,37.16595703827321,,,,DOWN,DOWN,NORMAL,0,,,,1,HIGH impact: Unemployment Claims (USD) 28min ago,"[{""name"": ""Unemployment Claims"", ""impact"": ""HIGH"", ""time"": ""2026-03-19 12:30:00"", ""currency"": ""USD""}, {""name"": ""Philly Fed Manufacturing Index"", ""impact"": ""MEDIUM"", ""time"": ""2026-03-19 12:30:00"", ""currency"": ""USD""}, {""name"": ""New Home Sales"", ""impact"": ""MEDIUM"", ""time"": ""2026-03-19 14:00:00"", ""currency"": ""USD""}, {""name"": ""CB Leading Index m/m"", ""impact"": ""LOW"", ""time"": ""2026-03-19 14:00:00"", ""currency"": ""USD""}, {""name"": ""Final Wholesale Inventories m/m"", ""impact"": ""LOW"", ""time"": ""2026-03-19 14:00:00"", ""currency"": ""USD""}, {""name"": ""Natural Gas Storage"", ""impact"": ""LOW"", ""time"": ""2026-03-19 14:30:00"", ""currency"": ""USD""}]"
905,2026-03-19 12:58:28.392004,1,AUDUSD,,,,,,,,0.70153,36.79894401504214,0.0017328872575351473,,,,DOWN,UP,NORMAL,0,,,,0,,
906,2026-03-19 12:58:28.392004,1,USDCAD,,,,,,,,1.3742,62.18348884531604,0.0012417117464342312,,,,UP,DOWN,NORMAL,0,,,,0,,
907,2026-03-19 12:58:28.392004,1,NZDUSD,,,,,,,,0.58089,42.970861850945816,0.0012945210406265274,,,,DOWN,DOWN,NORMAL,0,,,,0,,
908,2026-03-19 12:58:28.392004,1,USDCHF,,,,,,,,0.79379,63.26244694466839,0.001440981414941497,,,,UP,UP,NORMAL,0,,,,0,,
909,2026-03-19 13:05:07.753888,2,EURUSD,,,,,,,,1.14941,54.44849153115872,0.0017895013171310245,,,,DOWN,DOWN,NORMAL,1,SELL,NEWS_FILTERED,,1,HIGH impact: Main Refinancing Rate (EUR) in 10min,"[{""name"": ""Unemployment Claims"", ""impact"": ""HIGH"", ""time"": ""2026-03-19 12:30:00"", ""currency"": ""USD""}, {""name"": ""Philly Fed Manufacturing Index"", ""impact"": ""MEDIUM"", ""time"": ""2026-03-19 12:30:00"", ""currency"": ""USD""}, {""name"": ""Main Refinancing Rate"", ""impact"": ""HIGH"", ""time"": ""2026-03-19 13:15:00"", ""currency"": ""EUR""}, {""name"": ""Monetary Policy Statement"", ""impact"": ""HIGH"", ""time"": ""2026-03-19 13:15:00"", ""currency"": ""EUR""}, {""name"": ""ECB Press Conference"", ""impact"": ""HIGH"", ""time"": ""2026-03-19 13:45:00"", ""currency"": ""EUR""}, {""name"": ""New Home Sales"", ""impact"": ""MEDIUM"", ""time"": ""2026-03-19 14:00:00"", ""currency"": ""USD""}, {""name"": ""CB Leading Index m/m"", ""impact"": ""LOW"", ""time"": ""2026-03-19 14:00:00"", ""currency"": ""USD""}, {""name"": ""Final Wholesale Inventories m/m"", ""impact"": ""LOW"", ""time"": ""2026-03-19 14:00:00"", ""currency"": ""USD""}, {""name"": ""Natural Gas Storage"", ""impact"": ""LOW"", ""time"": ""2026-03-19 14:30:00"", ""currency"": ""USD""}]"
910,2026-03-19 13:05:07.753888,2,GBPUSD,,,,,,,,1.33038,54.07529635522453,0.002048386918764693,,,,DOWN,DOWN,NORMAL,0,,,,0,,"[{""name"": ""Unemployment Claims"", ""impact"": ""HIGH"", ""time"": ""2026-03-19 12:30:00"", ""currency"": ""USD""}, {""name"": ""Philly Fed Manufacturing Index"", ""impact"": ""MEDIUM"", ""time"": ""2026-03-19 12:30:00"", ""currency"": ""USD""}, {""name"": ""New Home Sales"", ""impact"": ""MEDIUM"", ""time"": ""2026-03-19 14:00:00"", ""currency"": ""USD""}, {""name"": ""CB Leading Index m/m"", ""impact"": ""LOW"", ""time"": ""2026-03-19 14:00:00"", ""currency"": ""USD""}, {""name"": ""Final Wholesale Inventories m/m"", ""impact"": ""LOW"", ""time"": ""2026-03-19 14:00:00"", ""currency"": ""USD""}, {""name"": ""Natural Gas Storage"", ""impact"": ""LOW"", ""time"": ""2026-03-19 14:30:00"", ""currency"": ""USD""}]"
911,2026-03-19 13:05:07.753888,2,USDJPY,,,,,,,,158.819,28.51163814204763,0.20196112778845182,,,,UP,UP,NORMAL,1,BUY,ACTIVE,,0,,"[{""name"": ""Unemployment Claims"", ""impact"": ""HIGH"", ""time"": ""2026-03-19 12:30:00"", ""currency"": ""USD""}, {""name"": ""Philly Fed Manufacturing Index"", ""impact"": ""MEDIUM"", ""time"": ""2026-03-19 12:30:00"", ""currency"": ""USD""}, {""name"": ""New Home Sales"", ""impact"": ""MEDIUM"", ""time"": ""2026-03-19 14:00:00"", ""currency"": ""USD""}, {""name"": ""CB Leading Index m/m"", ""impact"": ""LOW"", ""time"": ""2026-03-19 14:00:00"", ""currency"": ""USD""}, {""name"": ""Final Wholesale Inventories m/m"", ""impact"": ""LOW"", ""time"": ""2026-03-19 14:00:00"", ""currency"": ""USD""}, {""name"": ""Natural Gas Storage"", ""impact"": ""LOW"", ""time"": ""2026-03-19 14:30:00"", ""currency"": ""USD""}]"
912,2026-03-19 13:05:07.753888,2,XAUUSD,,,,,,,,4552.49,9.051792959047177,44.18109276002923,,,,DOWN,DOWN,HIGH,0,,,,0,,"[{""name"": ""Unemployment Claims"", ""impact"": ""HIGH"", ""time"": ""2026-03-19 12:30:00"", ""currency"": ""USD""}, {""name"": ""Philly Fed Manufacturing Index"", ""impact"": ""MEDIUM"", ""time"": ""2026-03-19 12:30:00"", ""currency"": ""USD""}, {""name"": ""New Home Sales"", ""impact"": ""MEDIUM"", ""time"": ""2026-03-19 14:00:00"", ""currency"": ""USD""}, {""name"": ""CB Leading Index m/m"", ""impact"": ""LOW"", ""time"": ""2026-03-19 14:00:00"", ""currency"": ""USD""}, {""name"": ""Final Wholesale Inventories m/m"", ""impact"": ""LOW"", ""time"": ""2026-03-19 14:00:00"", ""currency"": ""USD""}, {""name"": ""Natural Gas Storage"", ""impact"": ""LOW"", ""time"": ""2026-03-19 14:30:00"", ""currency"": ""USD""}]"
913,2026-03-19 13:05:07.753888,2,AUDUSD,,,,,,,,0.70113,35.6648722624774,0.0016905381677112103,,,,DOWN,UP,NORMAL,1,BUY,ACTIVE,,0,,
914,2026-03-19 13:05:07.753888,2,USDCAD,,,,,,,,1.37247,51.681696646769836,0.0012499058053624078,,,,UP,DOWN,NORMAL,0,,,,0,,
915,2026-03-19 13:05:07.753888,2,NZDUSD,,,,,,,,0.58056,41.39799492737765,0.001254912394867487,,,,DOWN,DOWN,NORMAL,0,,,,0,,
916,2026-03-19 13:05:07.753888,2,USDCHF,,,,,,,,0.79335,60.09319061316164,0.0014087684567313933,,,,UP,UP,NORMAL,1,SELL,ACTIVE,,0,,
917,2026-03-19 14:05:10.940148,3,EURUSD,,,,,,,,1.15144,60.42987302432015,0.002052547141417566,,,,DOWN,DOWN,NORMAL,1,SELL,NEWS_FILTERED,,1,HIGH impact: ECB Press Conference (EUR) 20min ago,"[{""name"": ""Main Refinancing Rate"", ""impact"": ""HIGH"", ""time"": ""2026-03-19 13:15:00"", ""currency"": ""EUR""}, {""name"": ""Monetary Policy Statement"", ""impact"": ""HIGH"", ""time"": ""2026-03-19 13:15:00"", ""currency"": ""EUR""}, {""name"": ""ECB Press Conference"", ""impact"": ""HIGH"", ""time"": ""2026-03-19 13:45:00"", ""currency"": ""EUR""}, {""name"": ""New Home Sales"", ""impact"": ""MEDIUM"", ""time"": ""2026-03-19 14:00:00"", ""currency"": ""USD""}, {""name"": ""CB Leading Index m/m"", ""impact"": ""LOW"", ""time"": ""2026-03-19 14:00:00"", ""currency"": ""USD""}, {""name"": ""Final Wholesale Inventories m/m"", ""impact"": ""LOW"", ""time"": ""2026-03-19 14:00:00"", ""currency"": ""USD""}, {""name"": ""Natural Gas Storage"", ""impact"": ""LOW"", ""time"": ""2026-03-19 14:30:00"", ""currency"": ""USD""}]"
918,2026-03-19 14:05:10.940148,3,GBPUSD,,,,,,,,1.33559,66.38077746741124,0.0025522776490569964,,,,DOWN,DOWN,NORMAL,1,SELL,ACTIVE,,0,,"[{""name"": ""New Home Sales"", ""impact"": ""MEDIUM"", ""time"": ""2026-03-19 14:00:00"", ""currency"": ""USD""}, {""name"": ""CB Leading Index m/m"", ""impact"": ""LOW"", ""time"": ""2026-03-19 14:00:00"", ""currency"": ""USD""}, {""name"": ""Final Wholesale Inventories m/m"", ""impact"": ""LOW"", ""time"": ""2026-03-19 14:00:00"", ""currency"": ""USD""}, {""name"": ""Natural Gas Storage"", ""impact"": ""LOW"", ""time"": ""2026-03-19 14:30:00"", ""currency"": ""USD""}]"
919,2026-03-19 14:05:10.940148,3,USDJPY,,,,,,,,158.171,18.698445419390566,0.24521390437499294,,,,UP,UP,NORMAL,1,BUY,ACTIVE,,0,,"[{""name"": ""New Home Sales"", ""impact"": ""MEDIUM"", ""time"": ""2026-03-19 14:00:00"", ""currency"": ""USD""}, {""name"": ""CB Leading Index m/m"", ""impact"": ""LOW"", ""time"": ""2026-03-19 14:00:00"", ""currency"": ""USD""}, {""name"": ""Final Wholesale Inventories m/m"", ""impact"": ""LOW"", ""time"": ""2026-03-19 14:00:00"", ""currency"": ""USD""}, {""name"": ""Natural Gas Storage"", ""impact"": ""LOW"", ""time"": ""2026-03-19 14:30:00"", ""currency"": ""USD""}]"
920,2026-03-19 14:05:10.940148,3,XAUUSD,,,,,,,,4629.1,24.3234010288932,45.7550453179864,,,,DOWN,DOWN,HIGH,1,BUY,ACTIVE,,0,,"[{""name"": ""New Home Sales"", ""impact"": ""MEDIUM"", ""time"": ""2026-03-19 14:00:00"", ""currency"": ""USD""}, {""name"": ""CB Leading Index m/m"", ""impact"": ""LOW"", ""time"": ""2026-03-19 14:00:00"", ""currency"": ""USD""}, {""name"": ""Final Wholesale Inventories m/m"", ""impact"": ""LOW"", ""time"": ""2026-03-19 14:00:00"", ""currency"": ""USD""}, {""name"": ""Natural Gas Storage"", ""impact"": ""LOW"", ""time"": ""2026-03-19 14:30:00"", ""currency"": ""USD""}]"
921,2026-03-19 14:05:10.940148,3,AUDUSD,,,,,,,,0.70473,49.08392586254984,0.0019199385026706117,,,,DOWN,UP,NORMAL,0,,,,0,,
922,2026-03-19 14:05:10.940148,3,USDCAD,,,,,,,,1.37339,56.79384585511281,0.0013306200910766831,,,,UP,DOWN,NORMAL,0,,,,0,,
923,2026-03-19 14:05:10.940148,3,NZDUSD,,,,,,,,0.5838,57.68940821667714,0.001456704366662663,,,,DOWN,DOWN,NORMAL,1,SELL,ACTIVE,,0,,
924,2026-03-19 14:05:10.940148,3,USDCHF,,,,,,,,0.79189,51.53400010157862,0.0014908972404342555,,,,UP,UP,NORMAL,0,,,,0,,
925,2026-03-19 15:05:07.806534,4,EURUSD,,,,,,,,1.15234,63.35686400458748,0.0020829264272346952,,,,DOWN,DOWN,NORMAL,1,SELL,ACTIVE,,0,,"[{""name"": ""Natural Gas Storage"", ""impact"": ""LOW"", ""time"": ""2026-03-19 14:30:00"", ""currency"": ""USD""}]"
926,2026-03-19 15:05:07.806534,4,GBPUSD,,,,,,,,1.33741,69.54859929767207,0.0025080333271855796,,,,DOWN,DOWN,NORMAL,1,SELL,ACTIVE,,0,,"[{""name"": ""Natural Gas Storage"", ""impact"": ""LOW"", ""time"": ""2026-03-19 14:30:00"", ""currency"": ""USD""}]"
927,2026-03-19 15:05:07.806534,4,USDJPY,,,,,,,,158.28,24.265091167994143,0.24955066630738898,,,,UP,UP,NORMAL,0,,,,0,,"[{""name"": ""Natural Gas Storage"", ""impact"": ""LOW"", ""time"": ""2026-03-19 14:30:00"", ""currency"": ""USD""}]"
928,2026-03-19 15:05:07.806534,4,XAUUSD,,,,,,,,4615.97,24.665727753976626,47.15488901976282,,,,DOWN,DOWN,HIGH,1,BUY,ACTIVE,,0,,"[{""name"": ""Natural Gas Storage"", ""impact"": ""LOW"", ""time"": ""2026-03-19 14:30:00"", ""currency"": ""USD""}]"
929,2026-03-19 15:05:07.806534,4,AUDUSD,,,,,,,,0.70511,50.51528360023126,0.0018768816708471994,,,,DOWN,UP,NORMAL,0,,,,0,,
930,2026-03-19 15:05:07.806534,4,USDCAD,,,,,,,,1.37259,51.91613451569137,0.0014433663030201946,,,,UP,UP,NORMAL,0,,,,0,,
931,2026-03-19 15:05:07.806534,4,NZDUSD,,,,,,,,0.58432,59.77972428480809,0.0014427560955745113,,,,DOWN,DOWN,NORMAL,1,SELL,ACTIVE,,0,,
932,2026-03-19 15:05:07.806534,4,USDCHF,,,,,,,,0.79158,49.92739657768271,0.001565182954719965,,,,UP,UP,NORMAL,0,,,,0,,
933,2026-03-19 16:05:05.440360,5,EURUSD,,,,,,,,1.15219,62.68179308624635,0.0022206765803914085,,,,DOWN,DOWN,NORMAL,0,,,,0,,
934,2026-03-19 16:05:05.440360,5,GBPUSD,,,,,,,,1.33661,67.19314768426338,0.0026445003344274247,,,,DOWN,DOWN,NORMAL,1,SELL,ACTIVE,,0,,
935,2026-03-19 16:05:05.440360,5,USDJPY,,,,,,,,158.127,22.31012894659723,0.2613531697344146,,,,UP,UP,HIGH,0,,,,0,,
936,2026-03-19 16:05:05.440360,5,XAUUSD,,,,,,,,4613.1,25.079601553420602,48.93770306937156,,,,DOWN,DOWN,HIGH,1,BUY,ACTIVE,,0,,
937,2026-03-19 16:05:05.440360,5,AUDUSD,,,,,,,,0.70312,43.83227819703296,0.0020433102422757667,,,,DOWN,UP,NORMAL,0,,,,0,,
938,2026-03-19 16:05:05.440360,5,USDCAD,,,,,,,,1.37302,54.62118245078751,0.0015255091601630506,,,,UP,UP,NORMAL,0,,,,0,,
939,2026-03-19 16:05:05.440360,5,NZDUSD,,,,,,,,0.58373,56.68623925887314,0.0015481204560946961,,,,DOWN,DOWN,NORMAL,0,,,,0,,
940,2026-03-19 16:05:05.440360,5,USDCHF,,,,,,,,0.79155,49.68907551804166,0.0015798127436685424,,,,UP,UP,NORMAL,0,,,,0,,
941,2026-03-19 17:05:05.552954,6,EURUSD,,,,,,,,1.15394,67.29116901619258,0.0022288935593430532,,,,DOWN,DOWN,NORMAL,1,SELL,ACTIVE,,0,,
942,2026-03-19 17:05:05.552954,6,GBPUSD,,,,,,,,1.33773,69.24796106963198,0.0026065768411519816,,,,DOWN,DOWN,NORMAL,0,,,,0,,
943,2026-03-19 17:05:05.552954,6,USDJPY,,,,,,,,158.052,21.625958142386125,0.24913406577379246,,,,DOWN,UP,NORMAL,1,BUY,ACTIVE,,0,,
944,2026-03-19 17:05:05.552954,6,XAUUSD,,,,,,,,4591.71,21.899209283630867,47.957918156253264,,,,DOWN,DOWN,HIGH,1,BUY,ACTIVE,,0,,
945,2026-03-19 17:05:05.552954,6,AUDUSD,,,,,,,,0.70491,50.150835758573685,0.0020588391025213766,,,,DOWN,UP,NORMAL,0,,,,0,,
946,2026-03-19 17:05:05.552954,6,USDCAD,,,,,,,,1.37145,45.801201557394414,0.001517105444641213,,,,UP,UP,NORMAL,0,,,,0,,
947,2026-03-19 17:05:05.552954,6,NZDUSD,,,,,,,,0.58393,57.52319367367719,0.0014910098112716013,,,,DOWN,DOWN,NORMAL,0,,,,0,,
948,2026-03-19 17:05:05.552954,6,USDCHF,,,,,,,,0.79157,49.52743356054394,0.0016163567313656894,,,,UP,UP,NORMAL,0,,,,0,,
949,2026-03-19 18:05:09.469131,7,EURUSD,,,,,,,,1.1557,70.13037599773554,0.0022632072846961067,,,,DOWN,DOWN,NORMAL,1,SELL,ACTIVE,,0,,
950,2026-03-19 18:05:09.469131,7,GBPUSD,,,,,,,,1.33989,71.58215394019946,0.0026549335973962375,,,,DOWN,DOWN,NORMAL,1,SELL,ACTIVE,,0,,
951,2026-03-19 18:05:09.469131,7,USDJPY,,,,,,,,157.85,20.48717947874316,0.25203265291240035,,,,DOWN,UP,NORMAL,1,BUY,ACTIVE,,0,,
952,2026-03-19 18:05:09.469131,7,XAUUSD,,,,,,,,4610.69,27.503888189309095,48.40378114509233,,,,DOWN,DOWN,HIGH,0,,,,0,,
953,2026-03-19 18:05:09.469131,7,AUDUSD,,,,,,,,0.70537,51.8069371348257,0.0020884118196882163,,,,DOWN,UP,NORMAL,0,,,,0,,
954,2026-03-19 18:05:09.469131,7,USDCAD,,,,,,,,1.37299,54.25091566132047,0.0016350673006362314,,,,UP,UP,NORMAL,0,,,,0,,
955,2026-03-19 18:05:09.469131,7,NZDUSD,,,,,,,,0.58471,59.998963651383626,0.001503641763527718,,,,DOWN,DOWN,NORMAL,0,,,,0,,"[{""name"": ""Trade Balance"", ""impact"": ""LOW"", ""time"": ""2026-03-19 21:45:00"", ""currency"": ""NZD""}]"
956,2026-03-19 18:05:09.469131,7,USDCHF,,,,,,,,0.79047,44.0684575515809,0.0016456985974926332,,,,UP,UP,NORMAL,0,,,,0,,
957,2026-03-19 19:05:10.681324,8,EURUSD,,,,,,,,1.15968,77.57248482543315,0.002383794519462698,,,,DOWN,DOWN,NORMAL,1,SELL,ACTIVE,,0,,
958,2026-03-19 19:05:10.681324,8,GBPUSD,,,,,,,,1.34403,77.80460025068645,0.002746622013908752,,,,DOWN,DOWN,NORMAL,1,SELL,ACTIVE,,0,,
959,2026-03-19 19:05:10.681324,8,USDJPY,,,,,,,,157.581,16.704409912993228,0.2530099123982484,,,,DOWN,UP,NORMAL,0,,,,0,,"[{""name"": ""Bank Holiday"", ""impact"": ""LOW"", ""time"": ""2026-03-19 23:00:00"", ""currency"": ""JPY""}]"
960,2026-03-19 19:05:10.681324,8,XAUUSD,,,,,,,,4636.0,32.89850080402587,47.577592695953065,,,,DOWN,DOWN,NORMAL,1,BUY,ACTIVE,,0,,
961,2026-03-19 19:05:10.681324,8,AUDUSD,,,,,,,,0.70562,52.64640938765579,0.0020091375060370155,,,,DOWN,UP,NORMAL,0,,,,0,,
962,2026-03-19 19:05:10.681324,8,USDCAD,,,,,,,,1.37339,56.410809833852866,0.0016025624934479263,,,,UP,UP,NORMAL,0,,,,0,,
963,2026-03-19 19:05:10.681324,8,NZDUSD,,,,,,,,0.58808,70.78513305151688,0.0016156265355206324,,,,DOWN,DOWN,NORMAL,1,SELL,ACTIVE,,0,,"[{""name"": ""Trade Balance"", ""impact"": ""LOW"", ""time"": ""2026-03-19 21:45:00"", ""currency"": ""NZD""}]"
964,2026-03-19 19:05:10.681324,8,USDCHF,,,,,,,,0.79052,44.282729217353626,0.0015767201262431602,,,,UP,UP,NORMAL,0,,,,0,,
965,2026-03-19 20:05:05.969028,9,EURUSD,,,,,,,,1.15865,76.13331787455851,0.0024011255231745545,,,,DOWN,DOWN,NORMAL,0,,,,0,,
966,2026-03-19 20:05:05.969028,9,GBPUSD,,,,,,,,1.34338,77.1243752732562,0.0027573224823030378,,,,DOWN,DOWN,NORMAL,0,,,,0,,
967,2026-03-19 20:05:05.969028,9,USDJPY,,,,,,,,157.623,17.05490994216919,0.2434275717167425,,,,DOWN,UP,NORMAL,0,,,,0,,"[{""name"": ""Bank Holiday"", ""impact"": ""LOW"", ""time"": ""2026-03-19 23:00:00"", ""currency"": ""JPY""}]"
968,2026-03-19 20:05:05.969028,9,XAUUSD,,,,,,,,4651.02,36.351296892400256,46.01827485032379,,,,DOWN,DOWN,NORMAL,0,,,,0,,
969,2026-03-19 20:05:05.969028,9,AUDUSD,,,,,,,,0.70894,62.22548640621161,0.0022052705413200843,,,,DOWN,UP,NORMAL,1,SELL,ACTIVE,,0,,
970,2026-03-19 20:05:05.969028,9,USDCAD,,,,,,,,1.37252,51.358642695521155,0.0016770733357526694,,,,UP,UP,NORMAL,0,,,,0,,
971,2026-03-19 20:05:05.969028,9,NZDUSD,,,,,,,,0.58764,69.72441160953156,0.0016977693926634885,,,,DOWN,DOWN,NORMAL,1,SELL,ACTIVE,,0,,"[{""name"": ""Trade Balance"", ""impact"": ""LOW"", ""time"": ""2026-03-19 21:45:00"", ""currency"": ""NZD""}]"
972,2026-03-19 20:05:05.969028,9,USDCHF,,,,,,,,0.78789,34.36586539294322,0.001788280933552321,,,,UP,UP,HIGH,1,BUY,ACTIVE,,0,,
973,2026-03-19 21:05:06.093669,10,EURUSD,,,,,,,,1.15876,76.19271490681959,0.002288953291927392,,,,DOWN,DOWN,NORMAL,1,SELL,ACTIVE,,0,,
974,2026-03-19 21:05:06.093669,10,GBPUSD,,,,,,,,1.3428499999999999,75.58550895967717,0.002605166794791603,,,,UP,DOWN,NORMAL,0,,,,0,,
975,2026-03-19 21:05:06.093669,10,USDJPY,,,,,,,,157.635,18.624686474522562,0.23731029618595334,,,,DOWN,UP,NORMAL,0,,,,0,,"[{""name"": ""Bank Holiday"", ""impact"": ""LOW"", ""time"": ""2026-03-19 23:00:00"", ""currency"": ""JPY""}]"
976,2026-03-19 21:05:06.093669,10,XAUUSD,,,,,,,,4648.73,35.828672639281905,46.53184627889526,,,,DOWN,DOWN,NORMAL,0,,,,0,,
977,2026-03-19 21:05:06.093669,10,AUDUSD,,,,,,,,0.70846,61.040186849268956,0.002087036931225796,,,,DOWN,UP,NORMAL,1,SELL,ACTIVE,,0,,
978,2026-03-19 21:05:06.093669,10,USDCAD,,,,,,,,1.37429,60.917245360825554,0.0016912619750356305,,,,UP,UP,NORMAL,0,,,,0,,
979,2026-03-19 21:05:06.093669,10,NZDUSD,,,,,,,,0.58714,67.89212043174425,0.001605785864616098,,,,DOWN,DOWN,NORMAL,1,SELL,ACTIVE,,0,,"[{""name"": ""Trade Balance"", ""impact"": ""LOW"", ""time"": ""2026-03-19 21:45:00"", ""currency"": ""NZD""}]"
980,2026-03-19 21:05:06.093669,10,USDCHF,,,,,,,,0.78807,34.86653038003567,0.0016969751525842986,,,,UP,UP,NORMAL,1,BUY,ACTIVE,,0,,
981,2026-03-19 22:05:03.514763,11,EURUSD,,,,,,,,1.15916,74.86315171263195,0.002268364791483606,,,,UP,DOWN,NORMAL,0,,,,0,,
982,2026-03-19 22:05:03.514763,11,GBPUSD,,,,,,,,1.34367,76.71547920290985,0.0026104099829187296,,,,UP,DOWN,NORMAL,0,,,,0,,
983,2026-03-19 22:05:03.514763,11,USDJPY,,,,,,,,157.735,22.61714617051429,0.23315547911144696,,,,DOWN,UP,NORMAL,0,,,,0,,"[{""name"": ""Bank Holiday"", ""impact"": ""LOW"", ""time"": ""2026-03-19 23:00:00"", ""currency"": ""JPY""}]"
984,2026-03-19 22:05:03.514763,11,XAUUSD,,,,,,,,4659.24,38.331413654870836,44.197428687545624,,,,DOWN,DOWN,NORMAL,0,,,,0,,
985,2026-03-19 22:05:03.514763,11,AUDUSD,,,,,,,,0.70822,60.00305405160396,0.002008166946342324,,,,DOWN,UP,NORMAL,0,,,,0,,
986,2026-03-19 22:05:03.514763,11,USDCAD,,,,,,,,1.3732,54.35439860260371,0.001631171833961658,,,,UP,UP,NORMAL,0,,,,0,,
987,2026-03-19 22:05:03.514763,11,NZDUSD,,,,,,,,0.587,66.95301464130927,0.001555372588572092,,,,DOWN,DOWN,NORMAL,0,,,,0,,"[{""name"": ""Trade Balance"", ""impact"": ""LOW"", ""time"": ""2026-03-19 21:45:00"", ""currency"": ""NZD""}, {""name"": ""Credit Card Spending y/y"", ""impact"": ""LOW"", ""time"": ""2026-03-20 02:00:00"", ""currency"": ""NZD""}]"
988,2026-03-19 22:05:03.514763,11,USDCHF,,,,,,,,0.78809,34.92654662337952,0.0016019871314813295,,,,UP,UP,NORMAL,0,,,,0,,
989,2026-03-19 23:05:06.046401,12,EURUSD,,,,,,,,1.15797,71.54105690983886,0.0021624101635204936,,,,UP,DOWN,NORMAL,0,,,,0,,
990,2026-03-19 23:05:06.046401,12,GBPUSD,,,,,,,,1.3428499999999999,74.82612637061267,0.0024907414855965438,,,,UP,DOWN,NORMAL,0,,,,0,,
991,2026-03-19 23:05:06.046401,12,USDJPY,,,,,,,,157.857,27.282884233794363,0.22854233264430387,,,,DOWN,UP,NORMAL,0,,,,0,,"[{""name"": ""Bank Holiday"", ""impact"": ""LOW"", ""time"": ""2026-03-19 23:00:00"", ""currency"": ""JPY""}]"
992,2026-03-19 23:05:06.046401,12,XAUUSD,,,,,,,,4644.58,36.260438414655354,43.6642960261902,,,,DOWN,DOWN,NORMAL,0,,,,0,,
993,2026-03-19 23:05:06.046401,12,AUDUSD,,,,,,,,0.70843,60.64058326126825,0.0019204407358893011,,,,DOWN,UP,NORMAL,0,,,,0,,
994,2026-03-19 23:05:06.046401,12,USDCAD,,,,,,,,1.37356,56.15091970877996,0.001610373845821548,,,,UP,UP,NORMAL,0,,,,0,,
995,2026-03-19 23:05:06.046401,12,NZDUSD,,,,,,,,0.58676,65.3388611605388,0.0015176929138781656,,,,DOWN,DOWN,NORMAL,0,,,,0,,"[{""name"": ""Credit Card Spending y/y"", ""impact"": ""LOW"", ""time"": ""2026-03-20 02:00:00"", ""currency"": ""NZD""}]"
996,2026-03-19 23:05:06.046401,12,USDCHF,,,,,,,,0.78826,36.701223885749364,0.0015604676424979796,,,,UP,UP,NORMAL,0,,,,0,,
997,2026-03-20 00:05:06.127855,13,EURUSD,,,,,,,,1.15739,68.77981417808137,0.002068870662044555,,,,UP,DOWN,NORMAL,0,,,,0,,
998,2026-03-20 00:05:06.127855,13,GBPUSD,,,,,,,,1.3422,72.65626594335748,0.0023951272978498684,,,,UP,DOWN,NORMAL,1,SELL,ACTIVE,,0,,
999,2026-03-20 00:05:06.127855,13,USDJPY,,,,,,,,157.938,30.39785078326271,0.2233046150064462,,,,DOWN,UP,NORMAL,0,,,,0,,
1000,2026-03-20 00:05:06.127855,13,XAUUSD,,,,,,,,4652.18,38.2230717512489,41.40169324880927,,,,DOWN,DOWN,NORMAL,0,,,,0,,
1001,2026-03-20 00:05:06.127855,13,AUDUSD,,,,,,,,0.70818,59.45092484904359,0.00185474598944823,,,,DOWN,UP,NORMAL,0,,,,0,,
1002,2026-03-20 00:05:06.127855,13,USDCAD,,,,,,,,1.3734899999999999,55.436696471231365,0.001537489999691428,,,,UP,UP,NORMAL,0,,,,0,,
1003,2026-03-20 00:05:06.127855,13,NZDUSD,,,,,,,,0.58683,65.21169785980425,0.0014580107669685033,,,,DOWN,DOWN,NORMAL,0,,,,0,,"[{""name"": ""Credit Card Spending y/y"", ""impact"": ""LOW"", ""time"": ""2026-03-20 02:00:00"", ""currency"": ""NZD""}]"
1004,2026-03-20 00:05:06.127855,13,USDCHF,,,,,,,,0.78891,40.89768862958793,0.0015206383210950578,,,,UP,UP,NORMAL,0,,,,0,,
1005,2026-03-20 01:05:06.404068,14,EURUSD,,,,,,,,1.1575199999999999,69.07544224948043,0.0019900737780209577,,,,UP,DOWN,NORMAL,0,,,,0,,
1006,2026-03-20 01:05:06.404068,14,GBPUSD,,,,,,,,1.34266,74.06430525893416,0.0023008324908605844,,,,UP,DOWN,NORMAL,0,,,,0,,
1007,2026-03-20 01:05:06.404068,14,USDJPY,,,,,,,,157.873,29.343287405710598,0.2212216323019023,,,,DOWN,UP,NORMAL,1,BUY,ACTIVE,,0,,
1008,2026-03-20 01:05:06.404068,14,XAUUSD,,,,,,,,4669.93,42.68373080513311,41.51524577185354,,,,DOWN,DOWN,NORMAL,0,,,,0,,
1009,2026-03-20 01:05:06.404068,14,AUDUSD,,,,,,,,0.70747,55.934598263096404,0.0018219069902019264,,,,DOWN,UP,NORMAL,0,,,,0,,
1010,2026-03-20 01:05:06.404068,14,USDCAD,,,,,,,,1.37421,59.661361675246745,0.0014755264282848935,,,,UP,UP,NORMAL,1,BUY,ACTIVE,,0,,
1011,2026-03-20 01:05:06.404068,14,NZDUSD,,,,,,,,0.58731,67.01852998674839,0.0014224385693279008,,,,UP,DOWN,NORMAL,0,,,,0,,"[{""name"": ""Credit Card Spending y/y"", ""impact"": ""LOW"", ""time"": ""2026-03-20 02:00:00"", ""currency"": ""NZD""}]"
1012,2026-03-20 01:05:06.404068,14,USDCHF,,,,,,,,0.78873,40.01005648664106,0.001469164155302552,,,,UP,UP,NORMAL,0,,,,0,,
1013,2026-03-20 02:05:05.471610,15,EURUSD,,,,,,,,1.15627,62.521581435866615,0.001930374630611313,,,,UP,DOWN,NORMAL,0,,,,0,,
1014,2026-03-20 02:05:05.471610,15,GBPUSD,,,,,,,,1.34127,67.859879102988,0.002219242414982787,,,,UP,DOWN,NORMAL,0,,,,0,,
1015,2026-03-20 02:05:05.471610,15,USDJPY,,,,,,,,158.178,41.45164828717518,0.23168539325993068,,,,DOWN,UP,NORMAL,1,BUY,ACTIVE,,0,,
1016,2026-03-20 02:05:05.471610,15,XAUUSD,,,,,,,,4670.66,43.12883164490529,41.32242209427215,,,,DOWN,DOWN,NORMAL,0,,,,0,,
1017,2026-03-20 02:05:05.471610,15,AUDUSD,,,,,,,,0.70889,61.72809220363986,0.0017689136337589373,,,,DOWN,UP,NORMAL,0,,,,0,,
1018,2026-03-20 02:05:05.471610,15,USDCAD,,,,,,,,1.37303,51.764188856528335,0.0014350806629992352,,,,UP,UP,NORMAL,0,,,,0,,
1019,2026-03-20 02:05:05.471610,15,NZDUSD,,,,,,,,0.58862,71.13192634912518,0.001431346018457536,,,,UP,DOWN,NORMAL,0,,,,0,,"[{""name"": ""Credit Card Spending y/y"", ""impact"": ""LOW"", ""time"": ""2026-03-20 02:00:00"", ""currency"": ""NZD""}]"
1020,2026-03-20 02:05:05.471610,15,USDCHF,,,,,,,,0.78842,38.58135973571212,0.0014156524299237941,,,,UP,UP,NORMAL,0,,,,0,,
1021,2026-03-20 03:05:05.225898,16,EURUSD,,,,,,,,1.15628,62.54647614141837,0.0018363172590370187,,,,UP,DOWN,NORMAL,0,,,,0,,"[{""name"": ""German PPI m/m"", ""impact"": ""LOW"", ""time"": ""2026-03-20 07:00:00"", ""currency"": ""EUR""}]"
1022,2026-03-20 03:05:05.225898,16,GBPUSD,,,,,,,,1.34104,66.69137393163491,0.0021176128547289374,,,,UP,DOWN,NORMAL,0,,,,0,,"[{""name"": ""Public Sector Net Borrowing"", ""impact"": ""LOW"", ""time"": ""2026-03-20 07:00:00"", ""currency"": ""GBP""}]"
1023,2026-03-20 03:05:05.225898,16,USDJPY,,,,,,,,158.315,45.883552071906905,0.2290139876189164,,,,DOWN,UP,NORMAL,0,,,,0,,
1024,2026-03-20 03:05:05.225898,16,XAUUSD,,,,,,,,4706.04,50.43328035896751,40.77893276100788,,,,DOWN,DOWN,NORMAL,0,,,,0,,
1025,2026-03-20 03:05:05.225898,16,AUDUSD,,,,,,,,0.70867,61.05233007794825,0.0016941442925720751,,,,DOWN,UP,NORMAL,0,,,,0,,
1026,2026-03-20 03:05:05.225898,16,USDCAD,,,,,,,,1.37257,48.4603672584712,0.00140420755441767,,,,UP,UP,NORMAL,0,,,,0,,
1027,2026-03-20 03:05:05.225898,16,NZDUSD,,,,,,,,0.58836,69.80540936186117,0.0013803315069350565,,,,UP,DOWN,NORMAL,0,,,,0,,
1028,2026-03-20 03:05:05.225898,16,USDCHF,,,,,,,,0.78861,39.62001225918068,0.0013455037869700532,,,,UP,UP,NORMAL,0,,,,0,,
1029,2026-03-20 04:05:09.234920,17,EURUSD,,,,,,,,1.15572,59.38413232169927,0.0017474986793098778,,,,UP,DOWN,NORMAL,1,SELL,ACTIVE,,0,,"[{""name"": ""German PPI m/m"", ""impact"": ""LOW"", ""time"": ""2026-03-20 07:00:00"", ""currency"": ""EUR""}]"
1030,2026-03-20 04:05:09.234920,17,GBPUSD,,,,,,,,1.3407499999999999,65.21587653650053,0.002134755711871796,,,,UP,DOWN,NORMAL,0,,,,0,,"[{""name"": ""Public Sector Net Borrowing"", ""impact"": ""LOW"", ""time"": ""2026-03-20 07:00:00"", ""currency"": ""GBP""}]"
1031,2026-03-20 04:05:09.234920,17,USDJPY,,,,,,,,158.39,48.18534969370265,0.22060482523797467,,,,DOWN,UP,NORMAL,0,,,,0,,
1032,2026-03-20 04:05:09.234920,17,XAUUSD,,,,,,,,4724.01,53.42330435606632,40.37125389032362,,,,DOWN,DOWN,NORMAL,0,,,,0,,
1033,2026-03-20 04:05:09.234920,17,AUDUSD,,,,,,,,0.70833,58.72169236506301,0.001642419700245494,,,,DOWN,UP,NORMAL,0,,,,0,,
1034,2026-03-20 04:05:09.234920,17,USDCAD,,,,,,,,1.3731,52.1054187449932,0.0013535498719592445,,,,UP,UP,NORMAL,0,,,,0,,
1035,2026-03-20 04:05:09.234920,17,NZDUSD,,,,,,,,0.58825,67.63875887809489,0.0013500527258274613,,,,UP,DOWN,NORMAL,0,,,,0,,
1036,2026-03-20 04:05:09.234920,17,USDCHF,,,,,,,,0.78916,43.67940720318164,0.0012855188225946424,,,,UP,UP,NORMAL,0,,,,0,,
1037,2026-03-20 05:05:05.503016,18,EURUSD,,,,,,,,1.1558,59.56114036858285,0.0016775242838489774,,,,UP,DOWN,NORMAL,0,,,,0,,"[{""name"": ""German PPI m/m"", ""impact"": ""LOW"", ""time"": ""2026-03-20 07:00:00"", ""currency"": ""EUR""}, {""name"": ""Current Account"", ""impact"": ""LOW"", ""time"": ""2026-03-20 09:00:00"", ""currency"": ""EUR""}, {""name"": ""Italian Trade Balance"", ""impact"": ""LOW"", ""time"": ""2026-03-20 09:00:00"", ""currency"": ""EUR""}]"
1038,2026-03-20 05:05:05.503016,18,GBPUSD,,,,,,,,1.34064,63.96142681211708,0.001915401608705794,,,,UP,DOWN,NORMAL,0,,,,0,,"[{""name"": ""Public Sector Net Borrowing"", ""impact"": ""LOW"", ""time"": ""2026-03-20 07:00:00"", ""currency"": ""GBP""}]"
1039,2026-03-20 05:05:05.503016,18,USDJPY,,,,,,,,158.353,47.06409875417167,0.20996468465975276,,,,DOWN,UP,NORMAL,0,,,,0,,
1040,2026-03-20 05:05:05.503016,18,XAUUSD,,,,,,,,4712.37,51.183134666729174,38.52743983693319,,,,DOWN,DOWN,NORMAL,0,,,,0,,
1041,2026-03-20 05:05:05.503016,18,AUDUSD,,,,,,,,0.70829,58.346955841476706,0.0015766856400238746,,,,DOWN,UP,NORMAL,0,,,,0,,
1042,2026-03-20 05:05:05.503016,18,USDCAD,,,,,,,,1.373,51.37778852334486,0.0012862554933499163,,,,UP,UP,NORMAL,0,,,,0,,
1043,2026-03-20 05:05:05.503016,18,NZDUSD,,,,,,,,0.588,65.76222619471757,0.0012923958984724343,,,,UP,DOWN,NORMAL,0,,,,0,,
1044,2026-03-20 05:05:05.503016,18,USDCHF,,,,,,,,0.78915,43.71418801119907,0.0012173695189399234,,,,UP,UP,NORMAL,0,,,,0,,
1045,2026-03-20 06:05:05.253560,19,EURUSD,,,,,,,,1.15577,59.03485343919845,0.0016422929574516063,,,,UP,DOWN,NORMAL,0,,,,0,,"[{""name"": ""German PPI m/m"", ""impact"": ""LOW"", ""time"": ""2026-03-20 07:00:00"", ""currency"": ""EUR""}, {""name"": ""Current Account"", ""impact"": ""LOW"", ""time"": ""2026-03-20 09:00:00"", ""currency"": ""EUR""}, {""name"": ""Italian Trade Balance"", ""impact"": ""LOW"", ""time"": ""2026-03-20 09:00:00"", ""currency"": ""EUR""}, {""name"": ""Trade Balance"", ""impact"": ""LOW"", ""time"": ""2026-03-20 10:00:00"", ""currency"": ""EUR""}]"
1046,2026-03-20 06:05:05.253560,19,GBPUSD,,,,,,,,1.34026,62.79782135129775,0.0019361158944200727,,,,UP,DOWN,NORMAL,0,,,,0,,"[{""name"": ""Public Sector Net Borrowing"", ""impact"": ""LOW"", ""time"": ""2026-03-20 07:00:00"", ""currency"": ""GBP""}]"
1047,2026-03-20 06:05:05.253560,19,USDJPY,,,,,,,,158.391,48.265513398687595,0.20082435004119956,,,,DOWN,UP,NORMAL,0,,,,0,,
1048,2026-03-20 06:05:05.253560,19,XAUUSD,,,,,,,,4703.81,49.44953360766916,39.26886840836177,,,,DOWN,DOWN,NORMAL,0,,,,0,,
1049,2026-03-20 06:05:05.253560,19,AUDUSD,,,,,,,,0.70879,60.401802924762016,0.0015766672779813577,,,,UP,UP,NORMAL,0,,,,0,,
1050,2026-03-20 06:05:05.253560,19,USDCAD,,,,,,,,1.37338,54.045993178141636,0.0012332576519882067,,,,UP,UP,NORMAL,0,,,,0,,
1051,2026-03-20 06:05:05.253560,19,NZDUSD,,,,,,,,0.58801,65.81906183738931,0.0012322247628672566,,,,UP,DOWN,NORMAL,0,,,,0,,
1052,2026-03-20 06:05:05.253560,19,USDCHF,,,,,,,,0.78951,46.39480607233583,0.0011722002675870627,,,,UP,UP,NORMAL,0,,,,0,,
1053,2026-03-20 07:05:05.209237,20,EURUSD,,,,,,,,1.15611,60.43985449494489,0.0016278944808989454,,,,UP,DOWN,NORMAL,0,,,,0,,"[{""name"": ""German PPI m/m"", ""impact"": ""LOW"", ""time"": ""2026-03-20 07:00:00"", ""currency"": ""EUR""}, {""name"": ""Current Account"", ""impact"": ""LOW"", ""time"": ""2026-03-20 09:00:00"", ""currency"": ""EUR""}, {""name"": ""Italian Trade Balance"", ""impact"": ""LOW"", ""time"": ""2026-03-20 09:00:00"", ""currency"": ""EUR""}, {""name"": ""Trade Balance"", ""impact"": ""LOW"", ""time"": ""2026-03-20 10:00:00"", ""currency"": ""EUR""}]"
1054,2026-03-20 07:05:05.209237,20,GBPUSD,,,,,,,,1.3403800000000001,62.74351533719758,0.0018330102792266454,,,,UP,DOWN,NORMAL,0,,,,0,,"[{""name"": ""Public Sector Net Borrowing"", ""impact"": ""LOW"", ""time"": ""2026-03-20 07:00:00"", ""currency"": ""GBP""}, {""name"": ""CBI Industrial Order Expectations"", ""impact"": ""LOW"", ""time"": ""2026-03-20 11:00:00"", ""currency"": ""GBP""}]"
1055,2026-03-20 07:05:05.209237,20,USDJPY,,,,,,,,158.432,49.662941439060006,0.1927705699362149,,,,DOWN,UP,NORMAL,0,,,,0,,
1056,2026-03-20 07:05:05.209237,20,XAUUSD,,,,,,,,4673.62,43.848103406626116,37.22191787688925,,,,DOWN,DOWN,NORMAL,0,,,,0,,
1057,2026-03-20 07:05:05.209237,20,AUDUSD,,,,,,,,0.70871,59.450789778389115,0.0015324155336357446,,,,UP,UP,NORMAL,0,,,,0,,
1058,2026-03-20 07:05:05.209237,20,USDCAD,,,,,,,,1.37347,53.80849651253674,0.0012286372074584175,,,,UP,UP,NORMAL,0,,,,0,,
1059,2026-03-20 07:05:05.209237,20,NZDUSD,,,,,,,,0.5881,65.03631972132723,0.0012109434022542864,,,,UP,DOWN,NORMAL,0,,,,0,,
1060,2026-03-20 07:05:05.209237,20,USDCHF,,,,,,,,0.78905,43.41751318670163,0.0011393900443920644,,,,DOWN,UP,NORMAL,0,,,,0,,
1061,2026-03-20 08:05:05.452172,21,EURUSD,,,,,,,,1.15727,64.65617481193739,0.001627942834304119,,,,UP,DOWN,NORMAL,0,,,,0,,"[{""name"": ""Current Account"", ""impact"": ""LOW"", ""time"": ""2026-03-20 09:00:00"", ""currency"": ""EUR""}, {""name"": ""Italian Trade Balance"", ""impact"": ""LOW"", ""time"": ""2026-03-20 09:00:00"", ""currency"": ""EUR""}, {""name"": ""Trade Balance"", ""impact"": ""LOW"", ""time"": ""2026-03-20 10:00:00"", ""currency"": ""EUR""}]"
1062,2026-03-20 08:05:05.452172,21,GBPUSD,,,,,,,,1.34314,70.44585867266495,0.001927948320506399,,,,UP,DOWN,NORMAL,0,,,,0,,"[{""name"": ""CBI Industrial Order Expectations"", ""impact"": ""LOW"", ""time"": ""2026-03-20 11:00:00"", ""currency"": ""GBP""}]"
1063,2026-03-20 08:05:05.452172,21,USDJPY,,,,,,,,158.313,45.81784773534501,0.1923226720836281,,,,DOWN,UP,NORMAL,0,,,,0,,
1064,2026-03-20 08:05:05.452172,21,XAUUSD,,,,,,,,4704.3,50.24672779310145,37.768355229706174,,,,DOWN,DOWN,NORMAL,0,,,,0,,
1065,2026-03-20 08:05:05.452172,21,AUDUSD,,,,,,,,0.70933,61.40492194091136,0.0015996919751107474,,,,UP,UP,NORMAL,0,,,,0,,
1066,2026-03-20 08:05:05.452172,21,USDCAD,,,,,,,,1.37249,46.87990529116843,0.001260163121211392,,,,UP,UP,NORMAL,0,,,,0,,
1067,2026-03-20 08:05:05.452172,21,NZDUSD,,,,,,,,0.58873,67.09865212799454,0.0012560290776034758,,,,UP,DOWN,NORMAL,0,,,,0,,
1068,2026-03-20 08:05:05.452172,21,USDCHF,,,,,,,,0.78915,43.845351637706585,0.0010865476840494302,,,,DOWN,UP,NORMAL,1,BUY,ACTIVE,,0,,
1069,2026-03-20 09:05:05.447682,22,EURUSD,,,,,,,,1.15651,60.016635628088494,0.0016054367134864895,,,,UP,DOWN,NORMAL,0,,,,0,,"[{""name"": ""Current Account"", ""impact"": ""LOW"", ""time"": ""2026-03-20 09:00:00"", ""currency"": ""EUR""}, {""name"": ""Italian Trade Balance"", ""impact"": ""LOW"", ""time"": ""2026-03-20 09:00:00"", ""currency"": ""EUR""}, {""name"": ""Trade Balance"", ""impact"": ""LOW"", ""time"": ""2026-03-20 10:00:00"", ""currency"": ""EUR""}]"
1070,2026-03-20 09:05:05.447682,22,GBPUSD,,,,,,,,1.34103,60.83383416419786,0.001918758134347771,,,,UP,DOWN,NORMAL,0,,,,0,,"[{""name"": ""CBI Industrial Order Expectations"", ""impact"": ""LOW"", ""time"": ""2026-03-20 11:00:00"", ""currency"": ""GBP""}]"
1071,2026-03-20 09:05:05.447682,22,USDJPY,,,,,,,,158.527,53.04412161451424,0.1959322771388789,,,,DOWN,UP,NORMAL,0,,,,0,,
1072,2026-03-20 09:05:05.447682,22,XAUUSD,,,,,,,,4687.11,47.12980440457024,38.83780944799242,,,,DOWN,DOWN,NORMAL,0,,,,0,,
1073,2026-03-20 09:05:05.447682,22,AUDUSD,,,,,,,,0.70894,59.55741435631486,0.0015650711197456963,,,,UP,UP,NORMAL,0,,,,0,,
1074,2026-03-20 09:05:05.447682,22,USDCAD,,,,,,,,1.37192,43.58628193389186,0.0012816820819411894,,,,UP,UP,NORMAL,0,,,,0,,"[{""name"": ""Core Retail Sales m/m"", ""impact"": ""MEDIUM"", ""time"": ""2026-03-20 12:30:00"", ""currency"": ""CAD""}, {""name"": ""Retail Sales m/m"", ""impact"": ""MEDIUM"", ""time"": ""2026-03-20 12:30:00"", ""currency"": ""CAD""}, {""name"": ""IPPI m/m"", ""impact"": ""LOW"", ""time"": ""2026-03-20 12:30:00"", ""currency"": ""CAD""}, {""name"": ""NHPI m/m"", ""impact"": ""LOW"", ""time"": ""2026-03-20 12:30:00"", ""currency"": ""CAD""}, {""name"": ""RMPI m/m"", ""impact"": ""LOW"", ""time"": ""2026-03-20 12:30:00"", ""currency"": ""CAD""}]"
1075,2026-03-20 09:05:05.447682,22,NZDUSD,,,,,,,,0.58842,64.48420534366946,0.0012457004700195484,,,,UP,DOWN,NORMAL,0,,,,0,,
1076,2026-03-20 09:05:05.447682,22,USDCHF,,,,,,,,0.78867,40.78990663226773,0.001140119112620861,,,,DOWN,UP,NORMAL,0,,,,0,,
1077,2026-03-20 10:05:07.423042,23,EURUSD,,,,,,,,1.15397,47.65589535775111,0.001707803478849686,,,,UP,DOWN,NORMAL,0,,,,0,,"[{""name"": ""Trade Balance"", ""impact"": ""LOW"", ""time"": ""2026-03-20 10:00:00"", ""currency"": ""EUR""}]"
1078,2026-03-20 10:05:07.423042,23,GBPUSD,,,,,,,,1.33744,47.31285251505788,0.0020751223492412895,,,,UP,DOWN,NORMAL,0,,,,0,,"[{""name"": ""CBI Industrial Order Expectations"", ""impact"": ""LOW"", ""time"": ""2026-03-20 11:00:00"", ""currency"": ""GBP""}]"
1079,2026-03-20 10:05:07.423042,23,USDJPY,,,,,,,,158.89,62.227268480125375,0.20926364509834713,,,,DOWN,UP,NORMAL,1,SELL,ACTIVE,,0,,
1080,2026-03-20 10:05:07.423042,23,XAUUSD,,,,,,,,4655.53,41.97689231921169,39.31638428333996,,,,DOWN,DOWN,NORMAL,0,,,,0,,
1081,2026-03-20 10:05:07.423042,23,AUDUSD,,,,,,,,0.70797,53.71134748263495,0.0015472088969067108,,,,UP,UP,NORMAL,0,,,,0,,
1082,2026-03-20 10:05:07.423042,23,USDCAD,,,,,,,,1.37177,43.08257072258439,0.0012536537699657873,,,,UP,UP,NORMAL,0,,,,0,,"[{""name"": ""Core Retail Sales m/m"", ""impact"": ""MEDIUM"", ""time"": ""2026-03-20 12:30:00"", ""currency"": ""CAD""}, {""name"": ""Retail Sales m/m"", ""impact"": ""MEDIUM"", ""time"": ""2026-03-20 12:30:00"", ""currency"": ""CAD""}, {""name"": ""IPPI m/m"", ""impact"": ""LOW"", ""time"": ""2026-03-20 12:30:00"", ""currency"": ""CAD""}, {""name"": ""NHPI m/m"", ""impact"": ""LOW"", ""time"": ""2026-03-20 12:30:00"", ""currency"": ""CAD""}, {""name"": ""RMPI m/m"", ""impact"": ""LOW"", ""time"": ""2026-03-20 12:30:00"", ""currency"": ""CAD""}]"
1083,2026-03-20 10:05:07.423042,23,NZDUSD,,,,,,,,0.58724,56.33321891437144,0.0012559055384875446,,,,UP,DOWN,NORMAL,1,SELL,ACTIVE,,0,,
1084,2026-03-20 10:05:07.423042,23,USDCHF,,,,,,,,0.78796,36.50763346448289,0.0011711310127397823,,,,DOWN,UP,NORMAL,0,,,,0,,
1085,2026-03-20 11:05:05.499720,24,EURUSD,,,,,,,,1.15623,57.03809786091117,0.0017358685364828636,,,,UP,DOWN,NORMAL,0,,,,0,,
1086,2026-03-20 11:05:05.499720,24,GBPUSD,,,,,,,,1.33811,49.56362956154278,0.0020212360589893525,,,,UP,DOWN,NORMAL,0,,,,0,,"[{""name"": ""CBI Industrial Order Expectations"", ""impact"": ""LOW"", ""time"": ""2026-03-20 11:00:00"", ""currency"": ""GBP""}]"
1087,2026-03-20 11:05:05.499720,24,USDJPY,,,,,,,,158.659,55.109997418961576,0.2100356296321399,,,,DOWN,UP,NORMAL,0,,,,0,,
1088,2026-03-20 11:05:05.499720,24,XAUUSD,,,,,,,,4654.01,42.36057441688085,39.04342826310137,,,,DOWN,DOWN,NORMAL,0,,,,0,,
1089,2026-03-20 11:05:05.499720,24,AUDUSD,,,,,,,,0.70647,46.48031340438533,0.0016336837716174617,,,,UP,UP,NORMAL,0,,,,0,,
1090,2026-03-20 11:05:05.499720,24,USDCAD,,,,,,,,1.37214,45.816754702199695,0.0012359438068049629,,,,UP,UP,NORMAL,0,,,,0,,"[{""name"": ""Core Retail Sales m/m"", ""impact"": ""MEDIUM"", ""time"": ""2026-03-20 12:30:00"", ""currency"": ""CAD""}, {""name"": ""Retail Sales m/m"", ""impact"": ""MEDIUM"", ""time"": ""2026-03-20 12:30:00"", ""currency"": ""CAD""}, {""name"": ""IPPI m/m"", ""impact"": ""LOW"", ""time"": ""2026-03-20 12:30:00"", ""currency"": ""CAD""}, {""name"": ""NHPI m/m"", ""impact"": ""LOW"", ""time"": ""2026-03-20 12:30:00"", ""currency"": ""CAD""}, {""name"": ""RMPI m/m"", ""impact"": ""LOW"", ""time"": ""2026-03-20 12:30:00"", ""currency"": ""CAD""}]"
1091,2026-03-20 11:05:05.499720,24,NZDUSD,,,,,,,,0.58615,50.309308970295184,0.0013018102449221052,,,,UP,DOWN,NORMAL,0,,,,0,,
1092,2026-03-20 11:05:05.499720,24,USDCHF,,,,,,,,0.78806,36.902012604999456,0.0011874787975440805,,,,DOWN,UP,NORMAL,0,,,,0,,
1093,2026-03-20 12:05:05.163303,25,EURUSD,,,,,,,,1.15669,57.93334280602609,0.0017731024165300088,,,,UP,DOWN,NORMAL,0,,,,0,,
1094,2026-03-20 12:05:05.163303,25,GBPUSD,,,,,,,,1.33928,53.3746506003473,0.002032372258857458,,,,UP,DOWN,NORMAL,0,,,,0,,
1095,2026-03-20 12:05:05.163303,25,USDJPY,,,,,,,,158.657,54.777070055756184,0.21007900302576218,,,,DOWN,UP,NORMAL,0,,,,0,,
1096,2026-03-20 12:05:05.163303,25,XAUUSD,,,,,,,,4679.97,47.453616928668325,38.01471399941047,,,,DOWN,DOWN,NORMAL,0,,,,0,,
1097,2026-03-20 12:05:05.163303,25,AUDUSD,,,,,,,,0.70787,53.272419873178634,0.0016340328899713224,,,,UP,UP,NORMAL,0,,,,0,,
1098,2026-03-20 12:05:05.163303,25,USDCAD,,,,,,,,1.37168,43.42470116366231,0.001214804963461747,,,,UP,UP,NORMAL,0,,,,0,,"[{""name"": ""Core Retail Sales m/m"", ""impact"": ""MEDIUM"", ""time"": ""2026-03-20 12:30:00"", ""currency"": ""CAD""}, {""name"": ""Retail Sales m/m"", ""impact"": ""MEDIUM"", ""time"": ""2026-03-20 12:30:00"", ""currency"": ""CAD""}, {""name"": ""IPPI m/m"", ""impact"": ""LOW"", ""time"": ""2026-03-20 12:30:00"", ""currency"": ""CAD""}, {""name"": ""NHPI m/m"", ""impact"": ""LOW"", ""time"": ""2026-03-20 12:30:00"", ""currency"": ""CAD""}, {""name"": ""RMPI m/m"", ""impact"": ""LOW"", ""time"": ""2026-03-20 12:30:00"", ""currency"": ""CAD""}]"
1099,2026-03-20 12:05:05.163303,25,NZDUSD,,,,,,,,0.58717,55.44184637510197,0.0012959666559990977,,,,UP,DOWN,NORMAL,0,,,,0,,
1100,2026-03-20 12:05:05.163303,25,USDCHF,,,,,,,,0.78735,32.8939833592632,0.0011819445977195072,,,,DOWN,UP,NORMAL,0,,,,0,,
1101,2026-03-20 13:05:06.463870,26,EURUSD,,,,,,,,1.156,54.61624251134673,0.0017699726520839937,,,,UP,DOWN,NORMAL,0,,,,0,,
1102,2026-03-20 13:05:06.463870,26,GBPUSD,,,,,,,,1.33722,46.46053748476398,0.0021441926077145606,,,,UP,DOWN,NORMAL,0,,,,0,,
1103,2026-03-20 13:05:06.463870,26,USDJPY,,,,,,,,158.735,56.7606176383045,0.20596621709535198,,,,DOWN,UP,NORMAL,0,,,,0,,
1104,2026-03-20 13:05:06.463870,26,XAUUSD,,,,,,,,4670.64,45.78029104860969,37.63963238720758,,,,DOWN,DOWN,NORMAL,0,,,,0,,
1105,2026-03-20 13:05:06.463870,26,AUDUSD,,,,,,,,0.70779,52.806208226208376,0.0016545611529325554,,,,UP,UP,NORMAL,0,,,,0,,
1106,2026-03-20 13:05:06.463870,26,USDCAD,,,,,,,,1.37097,40.00748296844066,0.0013340025681124353,,,,UP,UP,NORMAL,1,BUY,ACTIVE,,0,,"[{""name"": ""Core Retail Sales m/m"", ""impact"": ""MEDIUM"", ""time"": ""2026-03-20 12:30:00"", ""currency"": ""CAD""}, {""name"": ""Retail Sales m/m"", ""impact"": ""MEDIUM"", ""time"": ""2026-03-20 12:30:00"", ""currency"": ""CAD""}, {""name"": ""IPPI m/m"", ""impact"": ""LOW"", ""time"": ""2026-03-20 12:30:00"", ""currency"": ""CAD""}, {""name"": ""NHPI m/m"", ""impact"": ""LOW"", ""time"": ""2026-03-20 12:30:00"", ""currency"": ""CAD""}, {""name"": ""RMPI m/m"", ""impact"": ""LOW"", ""time"": ""2026-03-20 12:30:00"", ""currency"": ""CAD""}]"
1107,2026-03-20 13:05:06.463870,26,NZDUSD,,,,,,,,0.58686,53.69454822084565,0.0013284486295501907,,,,UP,DOWN,NORMAL,0,,,,0,,
1108,2026-03-20 13:05:06.463870,26,USDCHF,,,,,,,,0.78596,26.90125957214481,0.0012459893713517806,,,,DOWN,UP,NORMAL,1,BUY,ACTIVE,,0,,
1109,2026-03-20 14:05:08.001910,27,EURUSD,,,,,,,,1.15389,46.21587682653958,0.0018079337891800198,,,,UP,DOWN,NORMAL,0,,,,0,,"[{""name"": ""German Buba President Nagel Speaks"", ""impact"": ""LOW"", ""time"": ""2026-03-20 17:30:00"", ""currency"": ""EUR""}]"
1110,2026-03-20 14:05:08.001910,27,GBPUSD,,,,,,,,1.33454,39.423305786832636,0.002216750278592095,,,,UP,DOWN,NORMAL,1,BUY,ACTIVE,,0,,
1111,2026-03-20 14:05:08.001910,27,USDJPY,,,,,,,,159.074,63.98769153882413,0.21631556893547865,,,,DOWN,UP,NORMAL,0,,,,0,,
1112,2026-03-20 14:05:08.001910,27,XAUUSD,,,,,,,,4617.24,38.19302602561107,39.5876688493458,,,,DOWN,DOWN,NORMAL,0,,,,0,,
1113,2026-03-20 14:05:08.001910,27,AUDUSD,,,,,,,,0.70445,39.66030746122578,0.0017045450757428645,,,,UP,UP,NORMAL,1,BUY,ACTIVE,,0,,
1114,2026-03-20 14:05:08.001910,27,USDCAD,,,,,,,,1.3719999999999999,47.05007381002751,0.0013560532347500138,,,,UP,UP,NORMAL,0,,,,0,,
1115,2026-03-20 14:05:08.001910,27,NZDUSD,,,,,,,,0.58416,41.36903084731414,0.0013665194816019435,,,,UP,DOWN,NORMAL,1,BUY,ACTIVE,,0,,
1116,2026-03-20 14:05:08.001910,27,USDCHF,,,,,,,,0.78927,50.665770161778596,0.0013009806314206666,,,,DOWN,UP,NORMAL,1,BUY,ACTIVE,,0,,
1117,2026-03-20 14:41:45.396242,1,EURUSD,,,,,,,,1.15338,44.45042696968125,0.0019122195034657354,,,,UP,DOWN,NORMAL,1,BUY,ACTIVE,,0,,"[{""name"": ""German Buba President Nagel Speaks"", ""impact"": ""LOW"", ""time"": ""2026-03-20 17:30:00"", ""currency"": ""EUR""}]"
1118,2026-03-20 14:41:45.396242,1,GBPUSD,,,,,,,,1.33191,34.05513651583449,0.002478893135734957,,,,UP,DOWN,NORMAL,1,BUY,ACTIVE,,0,,
1119,2026-03-20 14:41:45.396242,1,USDJPY,,,,,,,,159.097,64.41698024588854,0.22224414036404996,,,,DOWN,UP,NORMAL,0,,,,0,,
1120,2026-03-20 14:41:45.396242,1,XAUUSD,,,,,,,,4580.26,33.900433838779676,43.67266884934584,,,,DOWN,DOWN,NORMAL,1,SELL,ACTIVE,,0,,
1121,2026-03-20 14:41:45.396242,1,AUDUSD,,,,,,,,0.70349,36.461973538526586,0.0017909736471714392,,,,UP,UP,NORMAL,1,BUY,ACTIVE,,0,,
1122,2026-03-20 14:41:45.396242,1,USDCAD,,,,,,,,1.37225,48.41664056058394,0.0013917675204642955,,,,UP,UP,NORMAL,0,,,,0,,
1123,2026-03-20 14:41:45.396242,1,NZDUSD,,,,,,,,0.58359,38.9821530236657,0.0014250909101733752,,,,UP,DOWN,NORMAL,1,BUY,ACTIVE,,0,,
1124,2026-03-20 14:41:45.396242,1,USDCHF,,,,,,,,0.7894,51.38593028361241,0.001385266345706386,,,,DOWN,UP,NORMAL,1,BUY,ACTIVE,,0,,
1125,2026-03-20 15:05:06.877407,2,EURUSD,,,,,,,,1.1538599999999999,46.44000645228209,0.001829918110361031,,,,UP,DOWN,NORMAL,0,,,,0,,"[{""name"": ""German Buba President Nagel Speaks"", ""impact"": ""LOW"", ""time"": ""2026-03-20 17:30:00"", ""currency"": ""EUR""}]"
1126,2026-03-20 15:05:06.877407,2,GBPUSD,,,,,,,,1.33137,34.217284169831444,0.002376829340325301,,,,UP,DOWN,NORMAL,1,BUY,ACTIVE,,0,,
1127,2026-03-20 15:05:06.877407,2,USDJPY,,,,,,,,159.113,64.4314862651446,0.21201241605233265,,,,DOWN,UP,NORMAL,0,,,,0,,
1128,2026-03-20 15:05:06.877407,2,XAUUSD,,,,,,,,4570.84,33.70548115798243,41.96115168663742,,,,DOWN,DOWN,NORMAL,0,,,,0,,
1129,2026-03-20 15:05:06.877407,2,AUDUSD,,,,,,,,0.70372,37.671860333696756,0.00173636328461838,,,,UP,UP,NORMAL,1,BUY,ACTIVE,,0,,
1130,2026-03-20 15:05:06.877407,2,USDCAD,,,,,,,,1.37323,53.91400961232312,0.0014328147383903223,,,,UP,UP,NORMAL,0,,,,0,,
1131,2026-03-20 15:05:06.877407,2,NZDUSD,,,,,,,,0.58366,39.66501692991941,0.0013638599267936416,,,,UP,DOWN,NORMAL,1,BUY,ACTIVE,,0,,
1132,2026-03-20 15:05:06.877407,2,USDCHF,,,,,,,,0.7894,51.35600537738039,0.001332033035298785,,,,DOWN,UP,NORMAL,0,,,,0,,
1133,2026-03-20 16:05:05.059078,3,EURUSD,,,,,,,,1.1555,52.900946460421885,0.0019055362045189085,,,,UP,DOWN,NORMAL,0,,,,0,,"[{""name"": ""German Buba President Nagel Speaks"", ""impact"": ""LOW"", ""time"": ""2026-03-20 17:30:00"", ""currency"": ""EUR""}]"
1134,2026-03-20 16:05:05.059078,3,GBPUSD,,,,,,,,1.3317999999999999,36.874150925110456,0.002607617040506163,,,,UP,DOWN,NORMAL,0,,,,0,,
1135,2026-03-20 16:05:05.059078,3,USDJPY,,,,,,,,159.163,63.989717330487146,0.21905744755879633,,,,DOWN,UP,NORMAL,0,,,,0,,
1136,2026-03-20 16:05:05.059078,3,XAUUSD,,,,,,,,4573.31,35.438971746948596,42.28346738248985,,,,DOWN,DOWN,NORMAL,0,,,,0,,
1137,2026-03-20 16:05:05.059078,3,AUDUSD,,,,,,,,0.70399,39.754390138934646,0.0017872352949007367,,,,UP,UP,NORMAL,0,,,,0,,
1138,2026-03-20 16:05:05.059078,3,USDCAD,,,,,,,,1.37221,48.10469542634751,0.0015135290241046135,,,,UP,UP,NORMAL,0,,,,0,,
1139,2026-03-20 16:05:05.059078,3,NZDUSD,,,,,,,,0.58424,42.79046721909304,0.0014360027839365036,,,,UP,DOWN,NORMAL,0,,,,0,,
1140,2026-03-20 16:05:05.059078,3,USDCHF,,,,,,,,0.78814,44.304437815341196,0.0013494898593080524,,,,DOWN,UP,NORMAL,0,,,,0,,
1141,2026-03-20 16:25:44.182732,1,EURUSD,,,,,,,,1.15616,55.11280345786382,0.001983393347376054,,,,UP,DOWN,NORMAL,0,,,,0,,"[{""name"": ""German Buba President Nagel Speaks"", ""impact"": ""LOW"", ""time"": ""2026-03-20 17:30:00"", ""currency"": ""EUR""}]"
1142,2026-03-20 16:25:44.182732,1,GBPUSD,,,,,,,,1.33266,39.491407564025344,0.0027054741833632966,,,,UP,DOWN,NORMAL,0,,,,0,,
1143,2026-03-20 16:25:44.182732,1,USDJPY,,,,,,,,159.175,64.39596626627386,0.2197003047016545,,,,DOWN,UP,NORMAL,0,,,,0,,
1144,2026-03-20 16:25:44.182732,1,XAUUSD,,,,,,,,4592.69,39.00581084148945,44.90346738248988,,,,DOWN,DOWN,NORMAL,0,,,,0,,
1145,2026-03-20 16:25:44.182732,1,AUDUSD,,,,,,,,0.70442,41.794076049137495,0.0018329495806150287,,,,UP,UP,NORMAL,0,,,,0,,
1146,2026-03-20 16:25:44.182732,1,USDCAD,,,,,,,,1.3719000000000001,46.20386257559578,0.0015951647060563183,,,,UP,UP,NORMAL,0,,,,0,,
1147,2026-03-20 16:25:44.182732,1,NZDUSD,,,,,,,,0.58455,44.583675275232075,0.0014141454422267508,,,,UP,DOWN,NORMAL,0,,,,0,,
1148,2026-03-20 16:25:44.182732,1,USDCHF,,,,,,,,0.78785,42.91902877485566,0.0013894898593080527,,,,DOWN,UP,NORMAL,0,,,,0,,
1149,2026-03-20 17:03:23.192699,1,EURUSD,,,,,,,,1.15618,55.24019748970774,0.0018667223939920555,,,,UP,DOWN,NORMAL,0,,,,0,,"[{""name"": ""German Buba President Nagel Speaks"", ""impact"": ""LOW"", ""time"": ""2026-03-20 17:30:00"", ""currency"": ""EUR""}]"
1150,2026-03-20 17:03:23.192699,1,GBPUSD,,,,,,,,1.3327,39.6078686871982,0.0027054741833632966,,,,UP,DOWN,NORMAL,0,,,,0,,
1151,2026-03-20 17:03:23.192699,1,USDJPY,,,,,,,,159.234,66.14432461712704,0.2077268135494953,,,,DOWN,UP,NORMAL,0,,,,0,,
1152,2026-03-20 17:03:23.192699,1,XAUUSD,,,,,,,,4591.33,38.87659954163075,42.4839339980263,,,,DOWN,DOWN,NORMAL,0,,,,0,,
1153,2026-03-20 17:03:23.192699,1,AUDUSD,,,,,,,,0.70393,39.48885763407051,0.0017091674677139543,,,,UP,UP,NORMAL,0,,,,0,,
1154,2026-03-20 17:03:23.192699,1,USDCAD,,,,,,,,1.37138,43.75726308291099,0.0016308789917706,,,,UP,UP,NORMAL,0,,,,0,,
1155,2026-03-20 17:03:23.192699,1,NZDUSD,,,,,,,,0.58447,44.167528774961674,0.0014141454422267508,,,,UP,DOWN,NORMAL,0,,,,0,,
1156,2026-03-20 17:03:23.192699,1,USDCHF,,,,,,,,0.78794,43.288859342446614,0.001303812012214622,,,,DOWN,UP,NORMAL,0,,,,0,,
1157,2026-03-20 17:05:03.614132,2,EURUSD,,,,,,,,1.15619,55.274372427736246,0.0018717223939920566,,,,UP,DOWN,NORMAL,0,,,,0,,"[{""name"": ""German Buba President Nagel Speaks"", ""impact"": ""LOW"", ""time"": ""2026-03-20 17:30:00"", ""currency"": ""EUR""}]"
1158,2026-03-20 17:05:03.614132,2,GBPUSD,,,,,,,,1.3329900000000001,40.595122960993386,0.002572226027408788,,,,UP,DOWN,NORMAL,0,,,,0,,
1159,2026-03-20 17:05:03.614132,2,USDJPY,,,,,,,,159.24,66.37492545379638,0.2077982421209242,,,,DOWN,UP,NORMAL,0,,,,0,,
1160,2026-03-20 17:05:03.614132,2,XAUUSD,,,,,,,,4589.47,38.52481575594405,42.51036256945486,,,,DOWN,DOWN,NORMAL,0,,,,0,,
1161,2026-03-20 17:05:03.614132,2,AUDUSD,,,,,,,,0.70432,41.49999973709352,0.0017391674677139605,,,,UP,UP,NORMAL,0,,,,0,,
1162,2026-03-20 17:05:03.614132,2,USDCAD,,,,,,,,1.37093,41.686989716824286,0.001553673349501275,,,,UP,UP,NORMAL,0,,,,0,,
1163,2026-03-20 17:05:03.614132,2,NZDUSD,,,,,,,,0.58441,43.9530407188715,0.0013359921963534103,,,,UP,DOWN,NORMAL,0,,,,0,,
1164,2026-03-20 17:05:03.614132,2,USDCHF,,,,,,,,0.78781,42.63962651127161,0.0013145262979289067,,,,DOWN,UP,NORMAL,0,,,,0,,
1165,2026-03-20 18:05:04.274367,3,EURUSD,,,,,,,,1.1559300000000001,54.31156463057686,0.0018806299780946588,,,,UP,DOWN,NORMAL,0,,,,0,,"[{""name"": ""German Buba President Nagel Speaks"", ""impact"": ""LOW"", ""time"": ""2026-03-20 17:30:00"", ""currency"": ""EUR""}]"
1166,2026-03-20 18:05:04.274367,3,GBPUSD,,,,,,,,1.33403,43.66749096172227,0.0025560976376959033,,,,UP,DOWN,NORMAL,0,,,,0,,
1167,2026-03-20 18:05:04.274367,3,USDJPY,,,,,,,,159.217,65.48224284269459,0.20733306156126624,,,,DOWN,UP,NORMAL,0,,,,0,,
1168,2026-03-20 18:05:04.274367,3,XAUUSD,,,,,,,,4571.05,35.919459690921116,42.40584687571832,,,,DOWN,DOWN,NORMAL,0,,,,0,,
1169,2026-03-20 18:05:04.274367,3,AUDUSD,,,,,,,,0.70355,38.04583487037286,0.0017920246105711008,,,,UP,UP,NORMAL,0,,,,0,,
1170,2026-03-20 18:05:04.274367,3,USDCAD,,,,,,,,1.37135,43.600160321107374,0.0016008162066441396,,,,UP,UP,NORMAL,0,,,,0,,
1171,2026-03-20 18:05:04.274367,3,NZDUSD,,,,,,,,0.58387,41.24867899338931,0.0013874207677819857,,,,UP,DOWN,NORMAL,0,,,,0,,
1172,2026-03-20 18:05:04.274367,3,USDCHF,,,,,,,,0.78834,45.83608121849213,0.0013116519705258145,,,,DOWN,UP,NORMAL,0,,,,0,,
1173,2026-03-20 18:37:22.005752,1,EURUSD,,,,,,,,1.15637,55.900688379095286,0.0020242014066660765,,,,UP,DOWN,NORMAL,0,,,,0,,
1174,2026-03-20 18:37:22.005752,1,GBPUSD,,,,,,,,1.33434,44.56207409403432,0.0026560976376959083,,,,UP,DOWN,NORMAL,0,,,,0,,
1175,2026-03-20 18:37:22.005752,1,USDJPY,,,,,,,,159.235,65.97865959918057,0.21454734727555191,,,,DOWN,UP,NORMAL,0,,,,0,,
1176,2026-03-20 18:37:22.005752,1,XAUUSD,,,,,,,,4543.51,32.95262348933957,44.80870401857548,,,,DOWN,DOWN,NORMAL,0,,,,0,,
1177,2026-03-20 18:37:22.005752,1,AUDUSD,,,,,,,,0.70265,35.13389981245294,0.0017984106077752098,,,,UP,UP,NORMAL,0,,,,0,,
1178,2026-03-20 18:37:22.005752,1,USDCAD,,,,,,,,1.3713600000000001,44.617574469555215,0.0016369313755572954,,,,DOWN,UP,NORMAL,0,,,,0,,
1179,2026-03-20 18:37:22.005752,1,NZDUSD,,,,,,,,0.58339,39.27613340371883,0.0013777070394710303,,,,UP,DOWN,NORMAL,0,,,,0,,
1180,2026-03-20 18:37:22.005752,1,USDCHF,,,,,,,,0.78818,44.99321589889324,0.0013745091133829568,,,,DOWN,UP,NORMAL,0,,,,0,,
1181,2026-03-20 19:05:03.615318,2,EURUSD,,,,,,,,1.15523,51.41450431542642,0.0019123196735368908,,,,UP,DOWN,NORMAL,0,,,,0,,
1182,2026-03-20 19:05:03.615318,2,GBPUSD,,,,,,,,1.33269,40.576485806718324,0.002560458010513543,,,,UP,DOWN,NORMAL,0,,,,0,,
1183,2026-03-20 19:05:03.615318,2,USDJPY,,,,,,,,159.316,66.77711478271911,0.20740110818444107,,,,DOWN,UP,NORMAL,0,,,,0,,
1184,2026-03-20 19:05:03.615318,2,XAUUSD,,,,,,,,4499.07,29.073591335773003,46.76318434377924,,,,DOWN,DOWN,NORMAL,0,,,,0,,
1185,2026-03-20 19:05:03.615318,2,AUDUSD,,,,,,,,0.70119,31.756802203534875,0.001770718013342289,,,,UP,UP,NORMAL,0,,,,0,,
1186,2026-03-20 19:05:03.615318,2,USDCAD,,,,,,,,1.37234,49.66066978282626,0.0016058750528134202,,,,DOWN,UP,NORMAL,0,,,,0,,
1187,2026-03-20 19:05:03.615318,2,NZDUSD,,,,,,,,0.58231,35.81914441215255,0.0013536871488965714,,,,UP,DOWN,NORMAL,0,,,,0,,
1188,2026-03-20 19:05:03.615318,2,USDCHF,,,,,,,,0.78871,47.96772810950466,0.0012970441767127386,,,,DOWN,UP,NORMAL,0,,,,0,,
1189,2026-03-20 20:05:04.540225,3,EURUSD,,,,,,,,1.15612,54.837157983994345,0.0018836335744067039,,,,UP,DOWN,NORMAL,0,,,,0,,
1190,2026-03-20 20:05:04.540225,3,GBPUSD,,,,,,,,1.33377,43.93564716308167,0.002566496724048279,,,,UP,DOWN,NORMAL,0,,,,0,,
1191,2026-03-20 20:05:04.540225,3,USDJPY,,,,,,,,159.286,65.5398733454906,0.20008674331412124,,,,DOWN,UP,NORMAL,0,,,,0,,
1192,2026-03-20 20:05:04.540225,3,XAUUSD,,,,,,,,4501.69,29.533022166248344,45.122599747795,,,,DOWN,DOWN,NORMAL,0,,,,0,,
1193,2026-03-20 20:05:04.540225,3,AUDUSD,,,,,,,,0.70102,30.814466116475415,0.0017957180133422862,,,,UP,UP,NORMAL,0,,,,0,,
1194,2026-03-20 20:05:04.540225,3,USDCAD,,,,,,,,1.37115,44.531239517351466,0.001689446481384841,,,,DOWN,UP,NORMAL,0,,,,0,,
1195,2026-03-20 20:05:04.540225,3,NZDUSD,,,,,,,,0.58211,34.666417323181165,0.0013765442917537134,,,,UP,DOWN,NORMAL,0,,,,0,,
1196,2026-03-20 20:05:04.540225,3,USDCHF,,,,,,,,0.78811,44.49672015222352,0.0012781736742944916,,,,DOWN,UP,NORMAL,0,,,,0,,
1197,2026-03-20 21:05:05.121121,4,EURUSD,,,,,,,,1.15713,58.33642862596786,0.0019514907172638472,,,,UP,DOWN,NORMAL,0,,,,0,,
1198,2026-03-20 21:05:05.121121,4,GBPUSD,,,,,,,,1.33407,44.84192852896349,0.0026050681526197067,,,,UP,DOWN,NORMAL,0,,,,0,,
1199,2026-03-20 21:05:05.121121,4,USDJPY,,,,,,,,159.224,63.04266343009202,0.2063724575998371,,,,DOWN,UP,NORMAL,0,,,,0,,
1200,2026-03-20 21:05:05.121121,4,XAUUSD,,,,,,,,4493.01,28.76988070676191,45.87759974779498,,,,DOWN,DOWN,NORMAL,0,,,,0,,
1201,2026-03-20 21:05:05.121121,4,AUDUSD,,,,,,,,0.70211,36.59457341768615,0.0017941361144300895,,,,UP,UP,NORMAL,0,,,,0,,
1202,2026-03-20 21:05:05.121121,4,USDCAD,,,,,,,,1.37212,48.76494879865633,0.0016600982633267415,,,,DOWN,UP,NORMAL,0,,,,0,,
1203,2026-03-20 21:05:05.121121,4,NZDUSD,,,,,,,,0.58276,38.57907372439115,0.0013487809239753885,,,,UP,DOWN,NORMAL,0,,,,0,,
1204,2026-03-20 21:05:05.121121,4,USDCHF,,,,,,,,0.78802,43.992818566825804,0.0013017451028659159,,,,DOWN,UP,NORMAL,0,,,,0,,
1205,2026-03-20 22:05:05.796684,5,EURUSD,,,,,,,,1.15713,58.33642862596786,0.0019514907172638472,,,,UP,DOWN,NORMAL,0,,,,0,,
1206,2026-03-20 22:05:05.796684,5,GBPUSD,,,,,,,,1.33407,44.84192852896349,0.0026050681526197067,,,,UP,DOWN,NORMAL,0,,,,0,,
1207,2026-03-20 22:05:05.796684,5,USDJPY,,,,,,,,159.224,63.04266343009202,0.2063724575998371,,,,DOWN,UP,NORMAL,0,,,,0,,
1208,2026-03-20 22:05:05.796684,5,XAUUSD,,,,,,,,4493.01,28.76988070676191,45.87759974779498,,,,DOWN,DOWN,NORMAL,0,,,,0,,
1209,2026-03-20 22:05:05.796684,5,AUDUSD,,,,,,,,0.70204,36.236755739239676,0.0017941361144300895,,,,UP,UP,NORMAL,0,,,,0,,
1210,2026-03-20 22:05:05.796684,5,USDCAD,,,,,,,,1.37238,50.03351339401558,0.0016858125490410213,,,,DOWN,UP,NORMAL,0,,,,0,,
1211,2026-03-20 22:05:05.796684,5,NZDUSD,,,,,,,,0.58262,37.703973849760764,0.0013487809239753885,,,,UP,DOWN,NORMAL,0,,,,0,,
1212,2026-03-20 22:05:05.796684,5,USDCHF,,,,,,,,0.78802,43.992818566825804,0.0013017451028659159,,,,DOWN,UP,NORMAL,0,,,,0,,
1213,2026-03-20 22:11:19.095085,1,EURUSD,,,,,,,,1.15713,58.33642862596786,0.0019514907172638472,,,,UP,DOWN,NORMAL,0,,,,0,,
1214,2026-03-20 22:11:19.095085,1,GBPUSD,,,,,,,,1.33407,44.84192852896349,0.0026050681526197067,,,,UP,DOWN,NORMAL,0,,,,0,,
1215,2026-03-20 22:11:19.095085,1,USDJPY,,,,,,,,159.224,63.04266343009202,0.2063724575998371,,,,DOWN,UP,NORMAL,0,,,,0,,
1216,2026-03-20 22:11:19.095085,1,XAUUSD,,,,,,,,4493.01,28.76988070676191,45.87759974779498,,,,DOWN,DOWN,NORMAL,0,,,,0,,
1217,2026-03-20 22:11:19.095085,1,AUDUSD,,,,,,,,0.70204,36.236755739239676,0.0017941361144300895,,,,UP,UP,NORMAL,0,,,,0,,
1218,2026-03-20 22:11:19.095085,1,USDCAD,,,,,,,,1.37238,50.03351339401558,0.0016858125490410213,,,,DOWN,UP,NORMAL,0,,,,0,,
1219,2026-03-20 22:11:19.095085,1,NZDUSD,,,,,,,,0.58262,37.703973849760764,0.0013487809239753885,,,,UP,DOWN,NORMAL,0,,,,0,,
1220,2026-03-20 22:11:19.095085,1,USDCHF,,,,,,,,0.78802,43.992818566825804,0.0013017451028659159,,,,DOWN,UP,NORMAL,0,,,,0,,
1221,2026-03-20 23:05:03.890699,2,EURUSD,,,,,,,,1.15713,58.33642862596786,0.0019514907172638472,,,,UP,DOWN,NORMAL,0,,,,0,,
1222,2026-03-20 23:05:03.890699,2,GBPUSD,,,,,,,,1.33407,44.84192852896349,0.0026050681526197067,,,,UP,DOWN,NORMAL,0,,,,0,,
1223,2026-03-20 23:05:03.890699,2,USDJPY,,,,,,,,159.224,63.04266343009202,0.2063724575998371,,,,DOWN,UP,NORMAL,0,,,,0,,
1224,2026-03-20 23:05:03.890699,2,XAUUSD,,,,,,,,4493.01,28.76988070676191,45.87759974779498,,,,DOWN,DOWN,NORMAL,0,,,,0,,
1225,2026-03-20 23:05:03.890699,2,AUDUSD,,,,,,,,0.70204,36.236755739239676,0.0017941361144300895,,,,UP,UP,NORMAL,0,,,,0,,
1226,2026-03-20 23:05:03.890699,2,USDCAD,,,,,,,,1.37238,50.03351339401558,0.0016858125490410213,,,,DOWN,UP,NORMAL,0,,,,0,,
1227,2026-03-20 23:05:03.890699,2,NZDUSD,,,,,,,,0.58262,37.703973849760764,0.0013487809239753885,,,,UP,DOWN,NORMAL,0,,,,0,,
1228,2026-03-20 23:05:03.890699,2,USDCHF,,,,,,,,0.78802,43.992818566825804,0.0013017451028659159,,,,DOWN,UP,NORMAL,0,,,,0,,
1229,2026-03-21 00:05:05.674883,3,EURUSD,,,,,,,,1.15713,58.33642862596786,0.0019514907172638472,,,,UP,DOWN,NORMAL,0,,,,0,,
1230,2026-03-21 00:05:05.674883,3,GBPUSD,,,,,,,,1.33407,44.84192852896349,0.0026050681526197067,,,,UP,DOWN,NORMAL,0,,,,0,,
1231,2026-03-21 00:05:05.674883,3,USDJPY,,,,,,,,159.224,63.04266343009202,0.2063724575998371,,,,DOWN,UP,NORMAL,0,,,,0,,
1232,2026-03-21 00:05:05.674883,3,XAUUSD,,,,,,,,4493.01,28.76988070676191,45.87759974779498,,,,DOWN,DOWN,NORMAL,0,,,,0,,
1233,2026-03-21 00:05:05.674883,3,AUDUSD,,,,,,,,0.70204,36.236755739239676,0.0017941361144300895,,,,UP,UP,NORMAL,0,,,,0,,
1234,2026-03-21 00:05:05.674883,3,USDCAD,,,,,,,,1.37238,50.03351339401558,0.0016858125490410213,,,,DOWN,UP,NORMAL,0,,,,0,,
1235,2026-03-21 00:05:05.674883,3,NZDUSD,,,,,,,,0.58262,37.703973849760764,0.0013487809239753885,,,,UP,DOWN,NORMAL,0,,,,0,,
1236,2026-03-21 00:05:05.674883,3,USDCHF,,,,,,,,0.78802,43.992818566825804,0.0013017451028659159,,,,DOWN,UP,NORMAL,0,,,,0,,
1237,2026-03-21 01:05:04.997088,4,EURUSD,,,,,,,,1.15713,58.33642862596786,0.0019514907172638472,,,,UP,DOWN,NORMAL,0,,,,0,,
1238,2026-03-21 01:05:04.997088,4,GBPUSD,,,,,,,,1.33407,44.84192852896349,0.0026050681526197067,,,,UP,DOWN,NORMAL,0,,,,0,,
1239,2026-03-21 01:05:04.997088,4,USDJPY,,,,,,,,159.224,63.04266343009202,0.2063724575998371,,,,DOWN,UP,NORMAL,0,,,,0,,
1240,2026-03-21 01:05:04.997088,4,XAUUSD,,,,,,,,4493.01,28.76988070676191,45.87759974779498,,,,DOWN,DOWN,NORMAL,0,,,,0,,
1241,2026-03-21 01:05:04.997088,4,AUDUSD,,,,,,,,0.70204,36.236755739239676,0.0017941361144300895,,,,UP,UP,NORMAL,0,,,,0,,
1242,2026-03-21 01:05:04.997088,4,USDCAD,,,,,,,,1.37238,50.03351339401558,0.0016858125490410213,,,,DOWN,UP,NORMAL,0,,,,0,,
1243,2026-03-21 01:05:04.997088,4,NZDUSD,,,,,,,,0.58262,37.703973849760764,0.0013487809239753885,,,,UP,DOWN,NORMAL,0,,,,0,,
1244,2026-03-21 01:05:04.997088,4,USDCHF,,,,,,,,0.78802,43.992818566825804,0.0013017451028659159,,,,DOWN,UP,NORMAL,0,,,,0,,
1245,2026-03-21 02:05:07.687506,5,EURUSD,,,,,,,,1.15713,58.33642862596786,0.0019514907172638472,,,,UP,DOWN,NORMAL,0,,,,0,,
1246,2026-03-21 02:05:07.687506,5,GBPUSD,,,,,,,,1.33407,44.84192852896349,0.0026050681526197067,,,,UP,DOWN,NORMAL,0,,,,0,,
1247,2026-03-21 02:05:07.687506,5,USDJPY,,,,,,,,159.224,63.04266343009202,0.2063724575998371,,,,DOWN,UP,NORMAL,0,,,,0,,
1248,2026-03-21 02:05:07.687506,5,XAUUSD,,,,,,,,4493.01,28.76988070676191,45.87759974779498,,,,DOWN,DOWN,NORMAL,0,,,,0,,
1249,2026-03-21 02:05:07.687506,5,AUDUSD,,,,,,,,0.70204,36.236755739239676,0.0017941361144300895,,,,UP,UP,NORMAL,0,,,,0,,
1250,2026-03-21 02:05:07.687506,5,USDCAD,,,,,,,,1.37238,50.03351339401558,0.0016858125490410213,,,,DOWN,UP,NORMAL,0,,,,0,,
1251,2026-03-21 02:05:07.687506,5,NZDUSD,,,,,,,,0.58262,37.703973849760764,0.0013487809239753885,,,,UP,DOWN,NORMAL,0,,,,0,,
1252,2026-03-21 02:05:07.687506,5,USDCHF,,,,,,,,0.78802,43.992818566825804,0.0013017451028659159,,,,DOWN,UP,NORMAL,0,,,,0,,
1253,2026-03-21 03:05:05.916286,6,EURUSD,,,,,,,,1.15713,58.33642862596786,0.0019514907172638472,,,,UP,DOWN,NORMAL,0,,,,0,,
1254,2026-03-21 03:05:05.916286,6,GBPUSD,,,,,,,,1.33407,44.84192852896349,0.0026050681526197067,,,,UP,DOWN,NORMAL,0,,,,0,,
1255,2026-03-21 03:05:05.916286,6,USDJPY,,,,,,,,159.224,63.04266343009202,0.2063724575998371,,,,DOWN,UP,NORMAL,0,,,,0,,
1256,2026-03-21 03:05:05.916286,6,XAUUSD,,,,,,,,4493.01,28.76988070676191,45.87759974779498,,,,DOWN,DOWN,NORMAL,0,,,,0,,
1257,2026-03-21 03:05:05.916286,6,AUDUSD,,,,,,,,0.70204,36.236755739239676,0.0017941361144300895,,,,UP,UP,NORMAL,0,,,,0,,
1258,2026-03-21 03:05:05.916286,6,USDCAD,,,,,,,,1.37238,50.03351339401558,0.0016858125490410213,,,,DOWN,UP,NORMAL,0,,,,0,,
1259,2026-03-21 03:05:05.916286,6,NZDUSD,,,,,,,,0.58262,37.703973849760764,0.0013487809239753885,,,,UP,DOWN,NORMAL,0,,,,0,,
1260,2026-03-21 03:05:05.916286,6,USDCHF,,,,,,,,0.78802,43.992818566825804,0.0013017451028659159,,,,DOWN,UP,NORMAL,0,,,,0,,
1261,2026-03-21 04:05:04.917774,7,EURUSD,,,,,,,,1.15713,58.33642862596786,0.0019514907172638472,,,,UP,DOWN,NORMAL,0,,,,0,,
1262,2026-03-21 04:05:04.917774,7,GBPUSD,,,,,,,,1.33407,44.84192852896349,0.0026050681526197067,,,,UP,DOWN,NORMAL,0,,,,0,,
1263,2026-03-21 04:05:04.917774,7,USDJPY,,,,,,,,159.224,63.04266343009202,0.2063724575998371,,,,DOWN,UP,NORMAL,0,,,,0,,
1264,2026-03-21 04:05:04.917774,7,XAUUSD,,,,,,,,4493.01,28.76988070676191,45.87759974779498,,,,DOWN,DOWN,NORMAL,0,,,,0,,
1265,2026-03-21 04:05:04.917774,7,AUDUSD,,,,,,,,0.70204,36.236755739239676,0.0017941361144300895,,,,UP,UP,NORMAL,0,,,,0,,
1266,2026-03-21 04:05:04.917774,7,USDCAD,,,,,,,,1.37238,50.03351339401558,0.0016858125490410213,,,,DOWN,UP,NORMAL,0,,,,0,,
1267,2026-03-21 04:05:04.917774,7,NZDUSD,,,,,,,,0.58262,37.703973849760764,0.0013487809239753885,,,,UP,DOWN,NORMAL,0,,,,0,,
1268,2026-03-21 04:05:04.917774,7,USDCHF,,,,,,,,0.78802,43.992818566825804,0.0013017451028659159,,,,DOWN,UP,NORMAL,0,,,,0,,
1269,2026-03-21 05:05:05.285404,8,EURUSD,,,,,,,,1.15713,58.33642862596786,0.0019514907172638472,,,,UP,DOWN,NORMAL,0,,,,0,,
1270,2026-03-21 05:05:05.285404,8,GBPUSD,,,,,,,,1.33407,44.84192852896349,0.0026050681526197067,,,,UP,DOWN,NORMAL,0,,,,0,,
1271,2026-03-21 05:05:05.285404,8,USDJPY,,,,,,,,159.224,63.04266343009202,0.2063724575998371,,,,DOWN,UP,NORMAL,0,,,,0,,
1272,2026-03-21 05:05:05.285404,8,XAUUSD,,,,,,,,4493.01,28.76988070676191,45.87759974779498,,,,DOWN,DOWN,NORMAL,0,,,,0,,
1273,2026-03-21 05:05:05.285404,8,AUDUSD,,,,,,,,0.70204,36.236755739239676,0.0017941361144300895,,,,UP,UP,NORMAL,0,,,,0,,
1274,2026-03-21 05:05:05.285404,8,USDCAD,,,,,,,,1.37238,50.03351339401558,0.0016858125490410213,,,,DOWN,UP,NORMAL,0,,,,0,,
1275,2026-03-21 05:05:05.285404,8,NZDUSD,,,,,,,,0.58262,37.703973849760764,0.0013487809239753885,,,,UP,DOWN,NORMAL,0,,,,0,,
1276,2026-03-21 05:05:05.285404,8,USDCHF,,,,,,,,0.78802,43.992818566825804,0.0013017451028659159,,,,DOWN,UP,NORMAL,0,,,,0,,
1277,2026-03-21 06:05:05.118951,9,EURUSD,,,,,,,,1.15713,58.33642862596786,0.0019514907172638472,,,,UP,DOWN,NORMAL,0,,,,0,,
1278,2026-03-21 06:05:05.118951,9,GBPUSD,,,,,,,,1.33407,44.84192852896349,0.0026050681526197067,,,,UP,DOWN,NORMAL,0,,,,0,,
1279,2026-03-21 06:05:05.118951,9,USDJPY,,,,,,,,159.224,63.04266343009202,0.2063724575998371,,,,DOWN,UP,NORMAL,0,,,,0,,
1280,2026-03-21 06:05:05.118951,9,XAUUSD,,,,,,,,4493.01,28.76988070676191,45.87759974779498,,,,DOWN,DOWN,NORMAL,0,,,,0,,
1281,2026-03-21 06:05:05.118951,9,AUDUSD,,,,,,,,0.70204,36.236755739239676,0.0017941361144300895,,,,UP,UP,NORMAL,0,,,,0,,
1282,2026-03-21 06:05:05.118951,9,USDCAD,,,,,,,,1.37238,50.03351339401558,0.0016858125490410213,,,,DOWN,UP,NORMAL,0,,,,0,,
1283,2026-03-21 06:05:05.118951,9,NZDUSD,,,,,,,,0.58262,37.703973849760764,0.0013487809239753885,,,,UP,DOWN,NORMAL,0,,,,0,,
1284,2026-03-21 06:05:05.118951,9,USDCHF,,,,,,,,0.78802,43.992818566825804,0.0013017451028659159,,,,DOWN,UP,NORMAL,0,,,,0,,
1285,2026-03-21 07:05:04.856352,10,EURUSD,,,,,,,,1.15713,58.33642862596786,0.0019514907172638472,,,,UP,DOWN,NORMAL,0,,,,0,,
1286,2026-03-21 07:05:04.856352,10,GBPUSD,,,,,,,,1.33407,44.84192852896349,0.0026050681526197067,,,,UP,DOWN,NORMAL,0,,,,0,,
1287,2026-03-21 07:05:04.856352,10,USDJPY,,,,,,,,159.224,63.04266343009202,0.2063724575998371,,,,DOWN,UP,NORMAL,0,,,,0,,
1288,2026-03-21 07:05:04.856352,10,XAUUSD,,,,,,,,4493.01,28.76988070676191,45.87759974779498,,,,DOWN,DOWN,NORMAL,0,,,,0,,
1289,2026-03-21 07:05:04.856352,10,AUDUSD,,,,,,,,0.70204,36.236755739239676,0.0017941361144300895,,,,UP,UP,NORMAL,0,,,,0,,
1290,2026-03-21 07:05:04.856352,10,USDCAD,,,,,,,,1.37238,50.03351339401558,0.0016858125490410213,,,,DOWN,UP,NORMAL,0,,,,0,,
1291,2026-03-21 07:05:04.856352,10,NZDUSD,,,,,,,,0.58262,37.703973849760764,0.0013487809239753885,,,,UP,DOWN,NORMAL,0,,,,0,,
1292,2026-03-21 07:05:04.856352,10,USDCHF,,,,,,,,0.78802,43.992818566825804,0.0013017451028659159,,,,DOWN,UP,NORMAL,0,,,,0,,
1293,2026-03-21 08:05:05.450039,11,EURUSD,,,,,,,,1.15713,58.33642862596786,0.0019514907172638472,,,,UP,DOWN,NORMAL,0,,,,0,,
1294,2026-03-21 08:05:05.450039,11,GBPUSD,,,,,,,,1.33407,44.84192852896349,0.0026050681526197067,,,,UP,DOWN,NORMAL,0,,,,0,,
1295,2026-03-21 08:05:05.450039,11,USDJPY,,,,,,,,159.224,63.04266343009202,0.2063724575998371,,,,DOWN,UP,NORMAL,0,,,,0,,
1296,2026-03-21 08:05:05.450039,11,XAUUSD,,,,,,,,4493.01,28.76988070676191,45.87759974779498,,,,DOWN,DOWN,NORMAL,0,,,,0,,
1297,2026-03-21 08:05:05.450039,11,AUDUSD,,,,,,,,0.70204,36.236755739239676,0.0017941361144300895,,,,UP,UP,NORMAL,0,,,,0,,
1298,2026-03-21 08:05:05.450039,11,USDCAD,,,,,,,,1.37238,50.03351339401558,0.0016858125490410213,,,,DOWN,UP,NORMAL,0,,,,0,,
1299,2026-03-21 08:05:05.450039,11,NZDUSD,,,,,,,,0.58262,37.703973849760764,0.0013487809239753885,,,,UP,DOWN,NORMAL,0,,,,0,,
1300,2026-03-21 08:05:05.450039,11,USDCHF,,,,,,,,0.78802,43.992818566825804,0.0013017451028659159,,,,DOWN,UP,NORMAL,0,,,,0,,
1301,2026-03-21 09:05:05.191564,12,EURUSD,,,,,,,,1.15713,58.33642862596786,0.0019514907172638472,,,,UP,DOWN,NORMAL,0,,,,0,,
1302,2026-03-21 09:05:05.191564,12,GBPUSD,,,,,,,,1.33407,44.84192852896349,0.0026050681526197067,,,,UP,DOWN,NORMAL,0,,,,0,,
1303,2026-03-21 09:05:05.191564,12,USDJPY,,,,,,,,159.224,63.04266343009202,0.2063724575998371,,,,DOWN,UP,NORMAL,0,,,,0,,
1304,2026-03-21 09:05:05.191564,12,XAUUSD,,,,,,,,4493.01,28.76988070676191,45.87759974779498,,,,DOWN,DOWN,NORMAL,0,,,,0,,
1305,2026-03-21 09:05:05.191564,12,AUDUSD,,,,,,,,0.70204,36.236755739239676,0.0017941361144300895,,,,UP,UP,NORMAL,0,,,,0,,
1306,2026-03-21 09:05:05.191564,12,USDCAD,,,,,,,,1.37238,50.03351339401558,0.0016858125490410213,,,,DOWN,UP,NORMAL,0,,,,0,,
1307,2026-03-21 09:05:05.191564,12,NZDUSD,,,,,,,,0.58262,37.703973849760764,0.0013487809239753885,,,,UP,DOWN,NORMAL,0,,,,0,,
1308,2026-03-21 09:05:05.191564,12,USDCHF,,,,,,,,0.78802,43.992818566825804,0.0013017451028659159,,,,DOWN,UP,NORMAL,0,,,,0,,
1309,2026-03-21 10:05:05.989103,13,EURUSD,,,,,,,,1.15713,58.33642862596786,0.0019514907172638472,,,,UP,DOWN,NORMAL,0,,,,0,,
1310,2026-03-21 10:05:05.989103,13,GBPUSD,,,,,,,,1.33407,44.84192852896349,0.0026050681526197067,,,,UP,DOWN,NORMAL,0,,,,0,,
1311,2026-03-21 10:05:05.989103,13,USDJPY,,,,,,,,159.224,63.04266343009202,0.2063724575998371,,,,DOWN,UP,NORMAL,0,,,,0,,
1312,2026-03-21 10:05:05.989103,13,XAUUSD,,,,,,,,4493.01,28.76988070676191,45.87759974779498,,,,DOWN,DOWN,NORMAL,0,,,,0,,
1313,2026-03-21 10:05:05.989103,13,AUDUSD,,,,,,,,0.70204,36.236755739239676,0.0017941361144300895,,,,UP,UP,NORMAL,0,,,,0,,
1314,2026-03-21 10:05:05.989103,13,USDCAD,,,,,,,,1.37238,50.03351339401558,0.0016858125490410213,,,,DOWN,UP,NORMAL,0,,,,0,,
1315,2026-03-21 10:05:05.989103,13,NZDUSD,,,,,,,,0.58262,37.703973849760764,0.0013487809239753885,,,,UP,DOWN,NORMAL,0,,,,0,,
1316,2026-03-21 10:05:05.989103,13,USDCHF,,,,,,,,0.78802,43.992818566825804,0.0013017451028659159,,,,DOWN,UP,NORMAL,0,,,,0,,
1317,2026-03-21 11:05:06.388342,14,EURUSD,,,,,,,,1.15713,58.33642862596786,0.0019514907172638472,,,,UP,DOWN,NORMAL,0,,,,0,,
1318,2026-03-21 11:05:06.388342,14,GBPUSD,,,,,,,,1.33407,44.84192852896349,0.0026050681526197067,,,,UP,DOWN,NORMAL,0,,,,0,,
1319,2026-03-21 11:05:06.388342,14,USDJPY,,,,,,,,159.224,63.04266343009202,0.2063724575998371,,,,DOWN,UP,NORMAL,0,,,,0,,
1320,2026-03-21 11:05:06.388342,14,XAUUSD,,,,,,,,4493.01,28.76988070676191,45.87759974779498,,,,DOWN,DOWN,NORMAL,0,,,,0,,
1321,2026-03-21 11:05:06.388342,14,AUDUSD,,,,,,,,0.70204,36.236755739239676,0.0017941361144300895,,,,UP,UP,NORMAL,0,,,,0,,
1322,2026-03-21 11:05:06.388342,14,USDCAD,,,,,,,,1.37238,50.03351339401558,0.0016858125490410213,,,,DOWN,UP,NORMAL,0,,,,0,,
1323,2026-03-21 11:05:06.388342,14,NZDUSD,,,,,,,,0.58262,37.703973849760764,0.0013487809239753885,,,,UP,DOWN,NORMAL,0,,,,0,,
1324,2026-03-21 11:05:06.388342,14,USDCHF,,,,,,,,0.78802,43.992818566825804,0.0013017451028659159,,,,DOWN,UP,NORMAL,0,,,,0,,
1325,2026-03-21 12:05:07.692766,15,EURUSD,,,,,,,,1.15713,58.33642862596786,0.0019514907172638472,,,,UP,DOWN,NORMAL,0,,,,0,,
1326,2026-03-21 12:05:07.692766,15,GBPUSD,,,,,,,,1.33407,44.84192852896349,0.0026050681526197067,,,,UP,DOWN,NORMAL,0,,,,0,,
1327,2026-03-21 12:05:07.692766,15,USDJPY,,,,,,,,159.224,63.04266343009202,0.2063724575998371,,,,DOWN,UP,NORMAL,0,,,,0,,
1328,2026-03-21 12:05:07.692766,15,XAUUSD,,,,,,,,4493.01,28.76988070676191,45.87759974779498,,,,DOWN,DOWN,NORMAL,0,,,,0,,
1329,2026-03-21 12:05:07.692766,15,AUDUSD,,,,,,,,0.70204,36.236755739239676,0.0017941361144300895,,,,UP,UP,NORMAL,0,,,,0,,
1330,2026-03-21 12:05:07.692766,15,USDCAD,,,,,,,,1.37238,50.03351339401558,0.0016858125490410213,,,,DOWN,UP,NORMAL,0,,,,0,,
1331,2026-03-21 12:05:07.692766,15,NZDUSD,,,,,,,,0.58262,37.703973849760764,0.0013487809239753885,,,,UP,DOWN,NORMAL,0,,,,0,,
1332,2026-03-21 12:05:07.692766,15,USDCHF,,,,,,,,0.78802,43.992818566825804,0.0013017451028659159,,,,DOWN,UP,NORMAL,0,,,,0,,
1333,2026-03-21 13:05:05.545104,16,EURUSD,,,,,,,,1.15713,58.33642862596786,0.0019514907172638472,,,,UP,DOWN,NORMAL,0,,,,0,,
1334,2026-03-21 13:05:05.545104,16,GBPUSD,,,,,,,,1.33407,44.84192852896349,0.0026050681526197067,,,,UP,DOWN,NORMAL,0,,,,0,,
1335,2026-03-21 13:05:05.545104,16,USDJPY,,,,,,,,159.224,63.04266343009202,0.2063724575998371,,,,DOWN,UP,NORMAL,0,,,,0,,
1336,2026-03-21 13:05:05.545104,16,XAUUSD,,,,,,,,4493.01,28.76988070676191,45.87759974779498,,,,DOWN,DOWN,NORMAL,0,,,,0,,
1337,2026-03-21 13:05:05.545104,16,AUDUSD,,,,,,,,0.70204,36.236755739239676,0.0017941361144300895,,,,UP,UP,NORMAL,0,,,,0,,
1338,2026-03-21 13:05:05.545104,16,USDCAD,,,,,,,,1.37238,50.03351339401558,0.0016858125490410213,,,,DOWN,UP,NORMAL,0,,,,0,,
1339,2026-03-21 13:05:05.545104,16,NZDUSD,,,,,,,,0.58262,37.703973849760764,0.0013487809239753885,,,,UP,DOWN,NORMAL,0,,,,0,,
1340,2026-03-21 13:05:05.545104,16,USDCHF,,,,,,,,0.78802,43.992818566825804,0.0013017451028659159,,,,DOWN,UP,NORMAL,0,,,,0,,
1341,2026-03-21 14:05:05.322035,17,EURUSD,,,,,,,,1.15713,58.33642862596786,0.0019514907172638472,,,,UP,DOWN,NORMAL,0,,,,0,,"[{""name"": ""Fed Chair Powell Speaks"", ""impact"": ""MEDIUM"", ""time"": ""2026-03-21 17:30:00"", ""currency"": ""USD""}]"
1342,2026-03-21 14:05:05.322035,17,GBPUSD,,,,,,,,1.33407,44.84192852896349,0.0026050681526197067,,,,UP,DOWN,NORMAL,0,,,,0,,"[{""name"": ""Fed Chair Powell Speaks"", ""impact"": ""MEDIUM"", ""time"": ""2026-03-21 17:30:00"", ""currency"": ""USD""}]"
1343,2026-03-21 14:05:05.322035,17,USDJPY,,,,,,,,159.224,63.04266343009202,0.2063724575998371,,,,DOWN,UP,NORMAL,0,,,,0,,"[{""name"": ""Fed Chair Powell Speaks"", ""impact"": ""MEDIUM"", ""time"": ""2026-03-21 17:30:00"", ""currency"": ""USD""}]"
1344,2026-03-21 14:05:05.322035,17,XAUUSD,,,,,,,,4493.01,28.76988070676191,45.87759974779498,,,,DOWN,DOWN,NORMAL,0,,,,0,,"[{""name"": ""Fed Chair Powell Speaks"", ""impact"": ""MEDIUM"", ""time"": ""2026-03-21 17:30:00"", ""currency"": ""USD""}]"
1345,2026-03-21 14:05:05.322035,17,AUDUSD,,,,,,,,0.70204,36.236755739239676,0.0017941361144300895,,,,UP,UP,NORMAL,0,,,,0,,
1346,2026-03-21 14:05:05.322035,17,USDCAD,,,,,,,,1.37238,50.03351339401558,0.0016858125490410213,,,,DOWN,UP,NORMAL,0,,,,0,,
1347,2026-03-21 14:05:05.322035,17,NZDUSD,,,,,,,,0.58262,37.703973849760764,0.0013487809239753885,,,,UP,DOWN,NORMAL,0,,,,0,,
1348,2026-03-21 14:05:05.322035,17,USDCHF,,,,,,,,0.78802,43.992818566825804,0.0013017451028659159,,,,DOWN,UP,NORMAL,0,,,,0,,
1349,2026-03-21 15:05:05.987187,18,EURUSD,,,,,,,,1.15713,58.33642862596786,0.0019514907172638472,,,,UP,DOWN,NORMAL,0,,,,0,,"[{""name"": ""Fed Chair Powell Speaks"", ""impact"": ""MEDIUM"", ""time"": ""2026-03-21 17:30:00"", ""currency"": ""USD""}]"
1350,2026-03-21 15:05:05.987187,18,GBPUSD,,,,,,,,1.33407,44.84192852896349,0.0026050681526197067,,,,UP,DOWN,NORMAL,0,,,,0,,"[{""name"": ""Fed Chair Powell Speaks"", ""impact"": ""MEDIUM"", ""time"": ""2026-03-21 17:30:00"", ""currency"": ""USD""}]"
1351,2026-03-21 15:05:05.987187,18,USDJPY,,,,,,,,159.224,63.04266343009202,0.2063724575998371,,,,DOWN,UP,NORMAL,0,,,,0,,"[{""name"": ""Fed Chair Powell Speaks"", ""impact"": ""MEDIUM"", ""time"": ""2026-03-21 17:30:00"", ""currency"": ""USD""}]"
1352,2026-03-21 15:05:05.987187,18,XAUUSD,,,,,,,,4493.01,28.76988070676191,45.87759974779498,,,,DOWN,DOWN,NORMAL,0,,,,0,,"[{""name"": ""Fed Chair Powell Speaks"", ""impact"": ""MEDIUM"", ""time"": ""2026-03-21 17:30:00"", ""currency"": ""USD""}]"
1353,2026-03-21 15:05:05.987187,18,AUDUSD,,,,,,,,0.70204,36.236755739239676,0.0017941361144300895,,,,UP,UP,NORMAL,0,,,,0,,
1354,2026-03-21 15:05:05.987187,18,USDCAD,,,,,,,,1.37238,50.03351339401558,0.0016858125490410213,,,,DOWN,UP,NORMAL,0,,,,0,,
1355,2026-03-21 15:05:05.987187,18,NZDUSD,,,,,,,,0.58262,37.703973849760764,0.0013487809239753885,,,,UP,DOWN,NORMAL,0,,,,0,,
1356,2026-03-21 15:05:05.987187,18,USDCHF,,,,,,,,0.78802,43.992818566825804,0.0013017451028659159,,,,DOWN,UP,NORMAL,0,,,,0,,
1357,2026-03-21 16:05:05.413679,19,EURUSD,,,,,,,,1.15713,58.33642862596786,0.0019514907172638472,,,,UP,DOWN,NORMAL,0,,,,0,,"[{""name"": ""Fed Chair Powell Speaks"", ""impact"": ""MEDIUM"", ""time"": ""2026-03-21 17:30:00"", ""currency"": ""USD""}]"
1358,2026-03-21 16:05:05.413679,19,GBPUSD,,,,,,,,1.33407,44.84192852896349,0.0026050681526197067,,,,UP,DOWN,NORMAL,0,,,,0,,"[{""name"": ""Fed Chair Powell Speaks"", ""impact"": ""MEDIUM"", ""time"": ""2026-03-21 17:30:00"", ""currency"": ""USD""}]"
1359,2026-03-21 16:05:05.413679,19,USDJPY,,,,,,,,159.224,63.04266343009202,0.2063724575998371,,,,DOWN,UP,NORMAL,0,,,,0,,"[{""name"": ""Fed Chair Powell Speaks"", ""impact"": ""MEDIUM"", ""time"": ""2026-03-21 17:30:00"", ""currency"": ""USD""}]"
1360,2026-03-21 16:05:05.413679,19,XAUUSD,,,,,,,,4493.01,28.76988070676191,45.87759974779498,,,,DOWN,DOWN,NORMAL,0,,,,0,,"[{""name"": ""Fed Chair Powell Speaks"", ""impact"": ""MEDIUM"", ""time"": ""2026-03-21 17:30:00"", ""currency"": ""USD""}]"
1361,2026-03-21 16:05:05.413679,19,AUDUSD,,,,,,,,0.70204,36.236755739239676,0.0017941361144300895,,,,UP,UP,NORMAL,0,,,,0,,
1362,2026-03-21 16:05:05.413679,19,USDCAD,,,,,,,,1.37238,50.03351339401558,0.0016858125490410213,,,,DOWN,UP,NORMAL,0,,,,0,,
1363,2026-03-21 16:05:05.413679,19,NZDUSD,,,,,,,,0.58262,37.703973849760764,0.0013487809239753885,,,,UP,DOWN,NORMAL,0,,,,0,,
1364,2026-03-21 16:05:05.413679,19,USDCHF,,,,,,,,0.78802,43.992818566825804,0.0013017451028659159,,,,DOWN,UP,NORMAL,0,,,,0,,
1365,2026-03-21 17:05:06.514315,20,EURUSD,,,,,,,,1.15713,58.33642862596786,0.0019514907172638472,,,,UP,DOWN,NORMAL,0,,,,0,,"[{""name"": ""Fed Chair Powell Speaks"", ""impact"": ""MEDIUM"", ""time"": ""2026-03-21 17:30:00"", ""currency"": ""USD""}]"
1366,2026-03-21 17:05:06.514315,20,GBPUSD,,,,,,,,1.33407,44.84192852896349,0.0026050681526197067,,,,UP,DOWN,NORMAL,0,,,,0,,"[{""name"": ""Fed Chair Powell Speaks"", ""impact"": ""MEDIUM"", ""time"": ""2026-03-21 17:30:00"", ""currency"": ""USD""}]"
1367,2026-03-21 17:05:06.514315,20,USDJPY,,,,,,,,159.224,63.04266343009202,0.2063724575998371,,,,DOWN,UP,NORMAL,0,,,,0,,"[{""name"": ""Fed Chair Powell Speaks"", ""impact"": ""MEDIUM"", ""time"": ""2026-03-21 17:30:00"", ""currency"": ""USD""}]"
1368,2026-03-21 17:05:06.514315,20,XAUUSD,,,,,,,,4493.01,28.76988070676191,45.87759974779498,,,,DOWN,DOWN,NORMAL,0,,,,0,,"[{""name"": ""Fed Chair Powell Speaks"", ""impact"": ""MEDIUM"", ""time"": ""2026-03-21 17:30:00"", ""currency"": ""USD""}]"
1369,2026-03-21 17:05:06.514315,20,AUDUSD,,,,,,,,0.70204,36.236755739239676,0.0017941361144300895,,,,UP,UP,NORMAL,0,,,,0,,
1370,2026-03-21 17:05:06.514315,20,USDCAD,,,,,,,,1.37238,50.03351339401558,0.0016858125490410213,,,,DOWN,UP,NORMAL,0,,,,0,,
1371,2026-03-21 17:05:06.514315,20,NZDUSD,,,,,,,,0.58262,37.703973849760764,0.0013487809239753885,,,,UP,DOWN,NORMAL,0,,,,0,,
1372,2026-03-21 17:05:06.514315,20,USDCHF,,,,,,,,0.78802,43.992818566825804,0.0013017451028659159,,,,DOWN,UP,NORMAL,0,,,,0,,
1373,2026-03-21 18:05:04.797056,21,EURUSD,,,,,,,,1.15713,58.33642862596786,0.0019514907172638472,,,,UP,DOWN,NORMAL,0,,,,0,,"[{""name"": ""Fed Chair Powell Speaks"", ""impact"": ""MEDIUM"", ""time"": ""2026-03-21 17:30:00"", ""currency"": ""USD""}]"
1374,2026-03-21 18:05:04.797056,21,GBPUSD,,,,,,,,1.33407,44.84192852896349,0.0026050681526197067,,,,UP,DOWN,NORMAL,0,,,,0,,"[{""name"": ""Fed Chair Powell Speaks"", ""impact"": ""MEDIUM"", ""time"": ""2026-03-21 17:30:00"", ""currency"": ""USD""}]"
1375,2026-03-21 18:05:04.797056,21,USDJPY,,,,,,,,159.224,63.04266343009202,0.2063724575998371,,,,DOWN,UP,NORMAL,0,,,,0,,"[{""name"": ""Fed Chair Powell Speaks"", ""impact"": ""MEDIUM"", ""time"": ""2026-03-21 17:30:00"", ""currency"": ""USD""}]"
1376,2026-03-21 18:05:04.797056,21,XAUUSD,,,,,,,,4493.01,28.76988070676191,45.87759974779498,,,,DOWN,DOWN,NORMAL,0,,,,0,,"[{""name"": ""Fed Chair Powell Speaks"", ""impact"": ""MEDIUM"", ""time"": ""2026-03-21 17:30:00"", ""currency"": ""USD""}]"
1377,2026-03-21 18:05:04.797056,21,AUDUSD,,,,,,,,0.70204,36.236755739239676,0.0017941361144300895,,,,UP,UP,NORMAL,0,,,,0,,
1378,2026-03-21 18:05:04.797056,21,USDCAD,,,,,,,,1.37238,50.03351339401558,0.0016858125490410213,,,,DOWN,UP,NORMAL,0,,,,0,,
1379,2026-03-21 18:05:04.797056,21,NZDUSD,,,,,,,,0.58262,37.703973849760764,0.0013487809239753885,,,,UP,DOWN,NORMAL,0,,,,0,,
1380,2026-03-21 18:05:04.797056,21,USDCHF,,,,,,,,0.78802,43.992818566825804,0.0013017451028659159,,,,DOWN,UP,NORMAL,0,,,,0,,
1381,2026-03-21 19:05:05.770845,22,EURUSD,,,,,,,,1.15713,58.33642862596786,0.0019514907172638472,,,,UP,DOWN,NORMAL,0,,,,0,,
1382,2026-03-21 19:05:05.770845,22,GBPUSD,,,,,,,,1.33407,44.84192852896349,0.0026050681526197067,,,,UP,DOWN,NORMAL,0,,,,0,,
1383,2026-03-21 19:05:05.770845,22,USDJPY,,,,,,,,159.224,63.04266343009202,0.2063724575998371,,,,DOWN,UP,NORMAL,0,,,,0,,
1384,2026-03-21 19:05:05.770845,22,XAUUSD,,,,,,,,4493.01,28.76988070676191,45.87759974779498,,,,DOWN,DOWN,NORMAL,0,,,,0,,
1385,2026-03-21 19:05:05.770845,22,AUDUSD,,,,,,,,0.70204,36.236755739239676,0.0017941361144300895,,,,UP,UP,NORMAL,0,,,,0,,
1386,2026-03-21 19:05:05.770845,22,USDCAD,,,,,,,,1.37238,50.03351339401558,0.0016858125490410213,,,,DOWN,UP,NORMAL,0,,,,0,,
1387,2026-03-21 19:05:05.770845,22,NZDUSD,,,,,,,,0.58262,37.703973849760764,0.0013487809239753885,,,,UP,DOWN,NORMAL,0,,,,0,,
1388,2026-03-21 19:05:05.770845,22,USDCHF,,,,,,,,0.78802,43.992818566825804,0.0013017451028659159,,,,DOWN,UP,NORMAL,0,,,,0,,
1389,2026-03-21 20:05:06.022976,23,EURUSD,,,,,,,,1.15713,58.33642862596786,0.0019514907172638472,,,,UP,DOWN,NORMAL,0,,,,0,,
1390,2026-03-21 20:05:06.022976,23,GBPUSD,,,,,,,,1.33407,44.84192852896349,0.0026050681526197067,,,,UP,DOWN,NORMAL,0,,,,0,,
1391,2026-03-21 20:05:06.022976,23,USDJPY,,,,,,,,159.224,63.04266343009202,0.2063724575998371,,,,DOWN,UP,NORMAL,0,,,,0,,
1392,2026-03-21 20:05:06.022976,23,XAUUSD,,,,,,,,4493.01,28.76988070676191,45.87759974779498,,,,DOWN,DOWN,NORMAL,0,,,,0,,
1393,2026-03-21 20:05:06.022976,23,AUDUSD,,,,,,,,0.70204,36.236755739239676,0.0017941361144300895,,,,UP,UP,NORMAL,0,,,,0,,
1394,2026-03-21 20:05:06.022976,23,USDCAD,,,,,,,,1.37238,50.03351339401558,0.0016858125490410213,,,,DOWN,UP,NORMAL,0,,,,0,,
1395,2026-03-21 20:05:06.022976,23,NZDUSD,,,,,,,,0.58262,37.703973849760764,0.0013487809239753885,,,,UP,DOWN,NORMAL,0,,,,0,,
1396,2026-03-21 20:05:06.022976,23,USDCHF,,,,,,,,0.78802,43.992818566825804,0.0013017451028659159,,,,DOWN,UP,NORMAL,0,,,,0,,
1397,2026-03-21 21:05:03.923672,24,EURUSD,,,,,,,,1.15713,58.33642862596786,0.0019514907172638472,,,,UP,DOWN,NORMAL,0,,,,0,,
1398,2026-03-21 21:05:03.923672,24,GBPUSD,,,,,,,,1.33407,44.84192852896349,0.0026050681526197067,,,,UP,DOWN,NORMAL,0,,,,0,,
1399,2026-03-21 21:05:03.923672,24,USDJPY,,,,,,,,159.224,63.04266343009202,0.2063724575998371,,,,DOWN,UP,NORMAL,0,,,,0,,
1400,2026-03-21 21:05:03.923672,24,XAUUSD,,,,,,,,4493.01,28.76988070676191,45.87759974779498,,,,DOWN,DOWN,NORMAL,0,,,,0,,
1401,2026-03-21 21:05:03.923672,24,AUDUSD,,,,,,,,0.70204,36.236755739239676,0.0017941361144300895,,,,UP,UP,NORMAL,0,,,,0,,
1402,2026-03-21 21:05:03.923672,24,USDCAD,,,,,,,,1.37238,50.03351339401558,0.0016858125490410213,,,,DOWN,UP,NORMAL,0,,,,0,,
1403,2026-03-21 21:05:03.923672,24,NZDUSD,,,,,,,,0.58262,37.703973849760764,0.0013487809239753885,,,,UP,DOWN,NORMAL,0,,,,0,,
1404,2026-03-21 21:05:03.923672,24,USDCHF,,,,,,,,0.78802,43.992818566825804,0.0013017451028659159,,,,DOWN,UP,NORMAL,0,,,,0,,
1405,2026-03-21 22:05:05.025819,25,EURUSD,,,,,,,,1.15713,58.33642862596786,0.0019514907172638472,,,,UP,DOWN,NORMAL,0,,,,0,,
1406,2026-03-21 22:05:05.025819,25,GBPUSD,,,,,,,,1.33407,44.84192852896349,0.0026050681526197067,,,,UP,DOWN,NORMAL,0,,,,0,,
1407,2026-03-21 22:05:05.025819,25,USDJPY,,,,,,,,159.224,63.04266343009202,0.2063724575998371,,,,DOWN,UP,NORMAL,0,,,,0,,
1408,2026-03-21 22:05:05.025819,25,XAUUSD,,,,,,,,4493.01,28.76988070676191,45.87759974779498,,,,DOWN,DOWN,NORMAL,0,,,,0,,
1409,2026-03-21 22:05:05.025819,25,AUDUSD,,,,,,,,0.70204,36.236755739239676,0.0017941361144300895,,,,UP,UP,NORMAL,0,,,,0,,
1410,2026-03-21 22:05:05.025819,25,USDCAD,,,,,,,,1.37238,50.03351339401558,0.0016858125490410213,,,,DOWN,UP,NORMAL,0,,,,0,,
1411,2026-03-21 22:05:05.025819,25,NZDUSD,,,,,,,,0.58262,37.703973849760764,0.0013487809239753885,,,,UP,DOWN,NORMAL,0,,,,0,,
1412,2026-03-21 22:05:05.025819,25,USDCHF,,,,,,,,0.78802,43.992818566825804,0.0013017451028659159,,,,DOWN,UP,NORMAL,0,,,,0,,
1413,2026-03-21 23:05:11.616794,26,EURUSD,,,,,,,,1.15713,58.33642862596786,0.0019514907172638472,,,,UP,DOWN,NORMAL,0,,,,0,,
1414,2026-03-21 23:05:11.616794,26,GBPUSD,,,,,,,,1.33407,44.84192852896349,0.0026050681526197067,,,,UP,DOWN,NORMAL,0,,,,0,,
1415,2026-03-21 23:05:11.616794,26,USDJPY,,,,,,,,159.224,63.04266343009202,0.2063724575998371,,,,DOWN,UP,NORMAL,0,,,,0,,
1416,2026-03-21 23:05:11.616794,26,XAUUSD,,,,,,,,4493.01,28.76988070676191,45.87759974779498,,,,DOWN,DOWN,NORMAL,0,,,,0,,
1417,2026-03-21 23:05:11.616794,26,AUDUSD,,,,,,,,0.70204,36.236755739239676,0.0017941361144300895,,,,UP,UP,NORMAL,0,,,,0,,
1418,2026-03-21 23:05:11.616794,26,USDCAD,,,,,,,,1.37238,50.03351339401558,0.0016858125490410213,,,,DOWN,UP,NORMAL,0,,,,0,,
1419,2026-03-21 23:05:11.616794,26,NZDUSD,,,,,,,,0.58262,37.703973849760764,0.0013487809239753885,,,,UP,DOWN,NORMAL,0,,,,0,,
1420,2026-03-21 23:05:11.616794,26,USDCHF,,,,,,,,0.78802,43.992818566825804,0.0013017451028659159,,,,DOWN,UP,NORMAL,0,,,,0,,
1421,2026-03-22 00:05:06.091871,27,EURUSD,,,,,,,,1.15713,58.33642862596786,0.0019514907172638472,,,,UP,DOWN,NORMAL,0,,,,0,,
1422,2026-03-22 00:05:06.091871,27,GBPUSD,,,,,,,,1.33407,44.84192852896349,0.0026050681526197067,,,,UP,DOWN,NORMAL,0,,,,0,,
1423,2026-03-22 00:05:06.091871,27,USDJPY,,,,,,,,159.224,63.04266343009202,0.2063724575998371,,,,DOWN,UP,NORMAL,0,,,,0,,
1424,2026-03-22 00:05:06.091871,27,XAUUSD,,,,,,,,4493.01,28.76988070676191,45.87759974779498,,,,DOWN,DOWN,NORMAL,0,,,,0,,
1425,2026-03-22 00:05:06.091871,27,AUDUSD,,,,,,,,0.70204,36.236755739239676,0.0017941361144300895,,,,UP,UP,NORMAL,0,,,,0,,
1426,2026-03-22 00:05:06.091871,27,USDCAD,,,,,,,,1.37238,50.03351339401558,0.0016858125490410213,,,,DOWN,UP,NORMAL,0,,,,0,,
1427,2026-03-22 00:05:06.091871,27,NZDUSD,,,,,,,,0.58262,37.703973849760764,0.0013487809239753885,,,,UP,DOWN,NORMAL,0,,,,0,,
1428,2026-03-22 00:05:06.091871,27,USDCHF,,,,,,,,0.78802,43.992818566825804,0.0013017451028659159,,,,DOWN,UP,NORMAL,0,,,,0,,
1429,2026-03-22 01:05:06.204406,28,EURUSD,,,,,,,,1.15713,58.33642862596786,0.0019514907172638472,,,,UP,DOWN,NORMAL,0,,,,0,,
1430,2026-03-22 01:05:06.204406,28,GBPUSD,,,,,,,,1.33407,44.84192852896349,0.0026050681526197067,,,,UP,DOWN,NORMAL,0,,,,0,,
1431,2026-03-22 01:05:06.204406,28,USDJPY,,,,,,,,159.224,63.04266343009202,0.2063724575998371,,,,DOWN,UP,NORMAL,0,,,,0,,
1432,2026-03-22 01:05:06.204406,28,XAUUSD,,,,,,,,4493.01,28.76988070676191,45.87759974779498,,,,DOWN,DOWN,NORMAL,0,,,,0,,
1433,2026-03-22 01:05:06.204406,28,AUDUSD,,,,,,,,0.70204,36.236755739239676,0.0017941361144300895,,,,UP,UP,NORMAL,0,,,,0,,
1434,2026-03-22 01:05:06.204406,28,USDCAD,,,,,,,,1.37238,50.03351339401558,0.0016858125490410213,,,,DOWN,UP,NORMAL,0,,,,0,,
1435,2026-03-22 01:05:06.204406,28,NZDUSD,,,,,,,,0.58262,37.703973849760764,0.0013487809239753885,,,,UP,DOWN,NORMAL,0,,,,0,,
1436,2026-03-22 01:05:06.204406,28,USDCHF,,,,,,,,0.78802,43.992818566825804,0.0013017451028659159,,,,DOWN,UP,NORMAL,0,,,,0,,
1437,2026-03-22 02:05:05.481827,29,EURUSD,,,,,,,,1.15713,58.33642862596786,0.0019514907172638472,,,,UP,DOWN,NORMAL,0,,,,0,,
1438,2026-03-22 02:05:05.481827,29,GBPUSD,,,,,,,,1.33407,44.84192852896349,0.0026050681526197067,,,,UP,DOWN,NORMAL,0,,,,0,,
1439,2026-03-22 02:05:05.481827,29,USDJPY,,,,,,,,159.224,63.04266343009202,0.2063724575998371,,,,DOWN,UP,NORMAL,0,,,,0,,
1440,2026-03-22 02:05:05.481827,29,XAUUSD,,,,,,,,4493.01,28.76988070676191,45.87759974779498,,,,DOWN,DOWN,NORMAL,0,,,,0,,
1441,2026-03-22 02:05:05.481827,29,AUDUSD,,,,,,,,0.70204,36.236755739239676,0.0017941361144300895,,,,UP,UP,NORMAL,0,,,,0,,
1442,2026-03-22 02:05:05.481827,29,USDCAD,,,,,,,,1.37238,50.03351339401558,0.0016858125490410213,,,,DOWN,UP,NORMAL,0,,,,0,,
1443,2026-03-22 02:05:05.481827,29,NZDUSD,,,,,,,,0.58262,37.703973849760764,0.0013487809239753885,,,,UP,DOWN,NORMAL,0,,,,0,,
1444,2026-03-22 02:05:05.481827,29,USDCHF,,,,,,,,0.78802,43.992818566825804,0.0013017451028659159,,,,DOWN,UP,NORMAL,0,,,,0,,
1445,2026-03-22 03:05:05.284188,30,EURUSD,,,,,,,,1.15713,58.33642862596786,0.0019514907172638472,,,,UP,DOWN,NORMAL,0,,,,0,,
1446,2026-03-22 03:05:05.284188,30,GBPUSD,,,,,,,,1.33407,44.84192852896349,0.0026050681526197067,,,,UP,DOWN,NORMAL,0,,,,0,,
1447,2026-03-22 03:05:05.284188,30,USDJPY,,,,,,,,159.224,63.04266343009202,0.2063724575998371,,,,DOWN,UP,NORMAL,0,,,,0,,
1448,2026-03-22 03:05:05.284188,30,XAUUSD,,,,,,,,4493.01,28.76988070676191,45.87759974779498,,,,DOWN,DOWN,NORMAL,0,,,,0,,
1449,2026-03-22 03:05:05.284188,30,AUDUSD,,,,,,,,0.70204,36.236755739239676,0.0017941361144300895,,,,UP,UP,NORMAL,0,,,,0,,
1450,2026-03-22 03:05:05.284188,30,USDCAD,,,,,,,,1.37238,50.03351339401558,0.0016858125490410213,,,,DOWN,UP,NORMAL,0,,,,0,,
1451,2026-03-22 03:05:05.284188,30,NZDUSD,,,,,,,,0.58262,37.703973849760764,0.0013487809239753885,,,,UP,DOWN,NORMAL,0,,,,0,,
1452,2026-03-22 03:05:05.284188,30,USDCHF,,,,,,,,0.78802,43.992818566825804,0.0013017451028659159,,,,DOWN,UP,NORMAL,0,,,,0,,
1453,2026-03-22 04:05:05.181886,31,EURUSD,,,,,,,,1.15713,58.33642862596786,0.0019514907172638472,,,,UP,DOWN,NORMAL,0,,,,0,,
1454,2026-03-22 04:05:05.181886,31,GBPUSD,,,,,,,,1.33407,44.84192852896349,0.0026050681526197067,,,,UP,DOWN,NORMAL,0,,,,0,,
1455,2026-03-22 04:05:05.181886,31,USDJPY,,,,,,,,159.224,63.04266343009202,0.2063724575998371,,,,DOWN,UP,NORMAL,0,,,,0,,
1456,2026-03-22 04:05:05.181886,31,XAUUSD,,,,,,,,4493.01,28.76988070676191,45.87759974779498,,,,DOWN,DOWN,NORMAL,0,,,,0,,
1457,2026-03-22 04:05:05.181886,31,AUDUSD,,,,,,,,0.70204,36.236755739239676,0.0017941361144300895,,,,UP,UP,NORMAL,0,,,,0,,
1458,2026-03-22 04:05:05.181886,31,USDCAD,,,,,,,,1.37238,50.03351339401558,0.0016858125490410213,,,,DOWN,UP,NORMAL,0,,,,0,,
1459,2026-03-22 04:05:05.181886,31,NZDUSD,,,,,,,,0.58262,37.703973849760764,0.0013487809239753885,,,,UP,DOWN,NORMAL,0,,,,0,,
1460,2026-03-22 04:05:05.181886,31,USDCHF,,,,,,,,0.78802,43.992818566825804,0.0013017451028659159,,,,DOWN,UP,NORMAL,0,,,,0,,
1461,2026-03-22 05:05:05.382866,32,EURUSD,,,,,,,,1.15713,58.33642862596786,0.0019514907172638472,,,,UP,DOWN,NORMAL,0,,,,0,,
1462,2026-03-22 05:05:05.382866,32,GBPUSD,,,,,,,,1.33407,44.84192852896349,0.0026050681526197067,,,,UP,DOWN,NORMAL,0,,,,0,,
1463,2026-03-22 05:05:05.382866,32,USDJPY,,,,,,,,159.224,63.04266343009202,0.2063724575998371,,,,DOWN,UP,NORMAL,0,,,,0,,
1464,2026-03-22 05:05:05.382866,32,XAUUSD,,,,,,,,4493.01,28.76988070676191,45.87759974779498,,,,DOWN,DOWN,NORMAL,0,,,,0,,
1465,2026-03-22 05:05:05.382866,32,AUDUSD,,,,,,,,0.70204,36.236755739239676,0.0017941361144300895,,,,UP,UP,NORMAL,0,,,,0,,
1466,2026-03-22 05:05:05.382866,32,USDCAD,,,,,,,,1.37238,50.03351339401558,0.0016858125490410213,,,,DOWN,UP,NORMAL,0,,,,0,,
1467,2026-03-22 05:05:05.382866,32,NZDUSD,,,,,,,,0.58262,37.703973849760764,0.0013487809239753885,,,,UP,DOWN,NORMAL,0,,,,0,,
1468,2026-03-22 05:05:05.382866,32,USDCHF,,,,,,,,0.78802,43.992818566825804,0.0013017451028659159,,,,DOWN,UP,NORMAL,0,,,,0,,
1469,2026-03-22 06:05:05.729029,33,EURUSD,,,,,,,,1.15713,58.33642862596786,0.0019514907172638472,,,,UP,DOWN,NORMAL,0,,,,0,,
1470,2026-03-22 06:05:05.729029,33,GBPUSD,,,,,,,,1.33407,44.84192852896349,0.0026050681526197067,,,,UP,DOWN,NORMAL,0,,,,0,,
1471,2026-03-22 06:05:05.729029,33,USDJPY,,,,,,,,159.224,63.04266343009202,0.2063724575998371,,,,DOWN,UP,NORMAL,0,,,,0,,
1472,2026-03-22 06:05:05.729029,33,XAUUSD,,,,,,,,4493.01,28.76988070676191,45.87759974779498,,,,DOWN,DOWN,NORMAL,0,,,,0,,
1473,2026-03-22 06:05:05.729029,33,AUDUSD,,,,,,,,0.70204,36.236755739239676,0.0017941361144300895,,,,UP,UP,NORMAL,0,,,,0,,
1474,2026-03-22 06:05:05.729029,33,USDCAD,,,,,,,,1.37238,50.03351339401558,0.0016858125490410213,,,,DOWN,UP,NORMAL,0,,,,0,,
1475,2026-03-22 06:05:05.729029,33,NZDUSD,,,,,,,,0.58262,37.703973849760764,0.0013487809239753885,,,,UP,DOWN,NORMAL,0,,,,0,,
1476,2026-03-22 06:05:05.729029,33,USDCHF,,,,,,,,0.78802,43.992818566825804,0.0013017451028659159,,,,DOWN,UP,NORMAL,0,,,,0,,
1477,2026-03-22 07:05:05.386109,34,EURUSD,,,,,,,,1.15713,58.33642862596786,0.0019514907172638472,,,,UP,DOWN,NORMAL,0,,,,0,,
1478,2026-03-22 07:05:05.386109,34,GBPUSD,,,,,,,,1.33407,44.84192852896349,0.0026050681526197067,,,,UP,DOWN,NORMAL,0,,,,0,,
1479,2026-03-22 07:05:05.386109,34,USDJPY,,,,,,,,159.224,63.04266343009202,0.2063724575998371,,,,DOWN,UP,NORMAL,0,,,,0,,
1480,2026-03-22 07:05:05.386109,34,XAUUSD,,,,,,,,4493.01,28.76988070676191,45.87759974779498,,,,DOWN,DOWN,NORMAL,0,,,,0,,
1481,2026-03-22 07:05:05.386109,34,AUDUSD,,,,,,,,0.70204,36.236755739239676,0.0017941361144300895,,,,UP,UP,NORMAL,0,,,,0,,
1482,2026-03-22 07:05:05.386109,34,USDCAD,,,,,,,,1.37238,50.03351339401558,0.0016858125490410213,,,,DOWN,UP,NORMAL,0,,,,0,,
1483,2026-03-22 07:05:05.386109,34,NZDUSD,,,,,,,,0.58262,37.703973849760764,0.0013487809239753885,,,,UP,DOWN,NORMAL,0,,,,0,,
1484,2026-03-22 07:05:05.386109,34,USDCHF,,,,,,,,0.78802,43.992818566825804,0.0013017451028659159,,,,DOWN,UP,NORMAL,0,,,,0,,
1485,2026-03-22 08:05:05.681611,35,EURUSD,,,,,,,,1.15713,58.33642862596786,0.0019514907172638472,,,,UP,DOWN,NORMAL,0,,,,0,,
1486,2026-03-22 08:05:05.681611,35,GBPUSD,,,,,,,,1.33407,44.84192852896349,0.0026050681526197067,,,,UP,DOWN,NORMAL,0,,,,0,,
1487,2026-03-22 08:05:05.681611,35,USDJPY,,,,,,,,159.224,63.04266343009202,0.2063724575998371,,,,DOWN,UP,NORMAL,0,,,,0,,
1488,2026-03-22 08:05:05.681611,35,XAUUSD,,,,,,,,4493.01,28.76988070676191,45.87759974779498,,,,DOWN,DOWN,NORMAL,0,,,,0,,
1489,2026-03-22 08:05:05.681611,35,AUDUSD,,,,,,,,0.70204,36.236755739239676,0.0017941361144300895,,,,UP,UP,NORMAL,0,,,,0,,
1490,2026-03-22 08:05:05.681611,35,USDCAD,,,,,,,,1.37238,50.03351339401558,0.0016858125490410213,,,,DOWN,UP,NORMAL,0,,,,0,,
1491,2026-03-22 08:05:05.681611,35,NZDUSD,,,,,,,,0.58262,37.703973849760764,0.0013487809239753885,,,,UP,DOWN,NORMAL,0,,,,0,,
1492,2026-03-22 08:05:05.681611,35,USDCHF,,,,,,,,0.78802,43.992818566825804,0.0013017451028659159,,,,DOWN,UP,NORMAL,0,,,,0,,
1493,2026-03-22 09:05:05.228446,36,EURUSD,,,,,,,,1.15713,58.33642862596786,0.0019514907172638472,,,,UP,DOWN,NORMAL,0,,,,0,,
1494,2026-03-22 09:05:05.228446,36,GBPUSD,,,,,,,,1.33407,44.84192852896349,0.0026050681526197067,,,,UP,DOWN,NORMAL,0,,,,0,,
1495,2026-03-22 09:05:05.228446,36,USDJPY,,,,,,,,159.224,63.04266343009202,0.2063724575998371,,,,DOWN,UP,NORMAL,0,,,,0,,
1496,2026-03-22 09:05:05.228446,36,XAUUSD,,,,,,,,4493.01,28.76988070676191,45.87759974779498,,,,DOWN,DOWN,NORMAL,0,,,,0,,
1497,2026-03-22 09:05:05.228446,36,AUDUSD,,,,,,,,0.70204,36.236755739239676,0.0017941361144300895,,,,UP,UP,NORMAL,0,,,,0,,
1498,2026-03-22 09:05:05.228446,36,USDCAD,,,,,,,,1.37238,50.03351339401558,0.0016858125490410213,,,,DOWN,UP,NORMAL,0,,,,0,,
1499,2026-03-22 09:05:05.228446,36,NZDUSD,,,,,,,,0.58262,37.703973849760764,0.0013487809239753885,,,,UP,DOWN,NORMAL,0,,,,0,,
1500,2026-03-22 09:05:05.228446,36,USDCHF,,,,,,,,0.78802,43.992818566825804,0.0013017451028659159,,,,DOWN,UP,NORMAL,0,,,,0,,
1501,2026-03-22 22:05:06.237086,1,EURUSD,,,,,,,,1.15492,49.32981837897882,0.0020320985231735704,,,,UP,DOWN,NORMAL,0,,,,0,,
1502,2026-03-22 22:05:06.237086,1,GBPUSD,,,,,,,,1.3311899999999999,38.42096222502374,0.0026868489988611664,,,,UP,DOWN,NORMAL,0,,,,0,,
1503,2026-03-22 22:05:06.237086,1,USDJPY,,,,,,,,159.403,66.95713524623096,0.20520299634270572,,,,UP,UP,NORMAL,0,,,,0,,
1504,2026-03-22 22:05:06.237086,1,XAUUSD,,,,,,,,4475.1,27.207637878423384,45.702056908666776,,,,DOWN,DOWN,NORMAL,0,,,,0,,
1505,2026-03-22 22:05:06.237086,1,AUDUSD,,,,,,,,0.70204,36.236755739239676,0.0017941361144300895,,,,UP,UP,NORMAL,0,,,,0,,
1506,2026-03-22 22:05:06.237086,1,USDCAD,,,,,,,,1.37238,50.03351339401558,0.0016858125490410213,,,,DOWN,UP,NORMAL,0,,,,0,,
1507,2026-03-22 22:05:06.237086,1,NZDUSD,,,,,,,,0.58262,37.703973849760764,0.0013487809239753885,,,,UP,DOWN,NORMAL,0,,,,0,,
1508,2026-03-22 22:05:06.237086,1,USDCHF,,,,,,,,0.78822,45.47063447897734,0.0012494775955183474,,,,DOWN,UP,NORMAL,0,,,,0,,
1509,2026-03-22 23:05:07.886685,2,EURUSD,,,,,,,,1.156,53.30967117438407,0.0019126629143754682,,,,UP,DOWN,NORMAL,0,,,,0,,
1510,2026-03-22 23:05:07.886685,2,GBPUSD,,,,,,,,1.3326500000000001,41.77602370462881,0.0025392169275139293,,,,UP,DOWN,NORMAL,0,,,,0,,
1511,2026-03-22 23:05:07.886685,2,USDJPY,,,,,,,,159.171,59.720915537131155,0.20383645578761633,,,,UP,UP,NORMAL,0,,,,0,,
1512,2026-03-22 23:05:07.886685,2,XAUUSD,,,,,,,,4500.29,30.426135678420962,46.500379374374205,,,,DOWN,DOWN,NORMAL,0,,,,0,,
1513,2026-03-22 23:05:07.886685,2,AUDUSD,,,,,,,,0.70096,33.130261009780426,0.0018516978205422292,,,,UP,UP,NORMAL,0,,,,0,,
1514,2026-03-22 23:05:07.886685,2,USDCAD,,,,,,,,1.37256,50.93917119643329,0.0017239687955380833,,,,DOWN,UP,NORMAL,1,BUY,ACTIVE,,0,,
1515,2026-03-22 23:05:07.886685,2,NZDUSD,,,,,,,,0.58286,39.30056528762745,0.0013617251436914344,,,,UP,DOWN,NORMAL,0,,,,0,,
1516,2026-03-22 23:05:07.886685,2,USDCHF,,,,,,,,0.78699,38.60469824735187,0.0013551918812326359,,,,DOWN,UP,NORMAL,1,SELL,ACTIVE,,0,,
1517,2026-03-23 00:05:07.576324,3,EURUSD,,,,,,,,1.15592,52.805725916890005,0.0018532890327364003,,,,UP,DOWN,NORMAL,0,,,,0,,
1518,2026-03-23 00:05:07.576324,3,GBPUSD,,,,,,,,1.33312,43.413919051595364,0.002451670820446614,,,,UP,DOWN,NORMAL,0,,,,0,,
1519,2026-03-23 00:05:07.576324,3,USDJPY,,,,,,,,159.123,57.905777597632984,0.20023589261911223,,,,UP,UP,NORMAL,0,,,,0,,
1520,2026-03-23 00:05:07.576324,3,XAUUSD,,,,,,,,4440.8,24.94796926053442,48.6811175823271,,,,DOWN,DOWN,NORMAL,0,,,,0,,
1521,2026-03-23 00:05:07.576324,3,AUDUSD,,,,,,,,0.70088,33.60858835774084,0.0017708622619320659,,,,DOWN,UP,NORMAL,0,,,,0,,
1522,2026-03-23 00:05:07.576324,3,USDCAD,,,,,,,,1.3713199999999999,44.88935530435587,0.0017208281672853722,,,,DOWN,UP,NORMAL,1,SELL,ACTIVE,,0,,
1523,2026-03-23 00:05:07.576324,3,NZDUSD,,,,,,,,0.58311,41.044014349449846,0.0013044590619991894,,,,UP,DOWN,NORMAL,0,,,,0,,
1524,2026-03-23 00:05:07.576324,3,USDCHF,,,,,,,,0.78774,43.784616339611006,0.001321963889716015,,,,DOWN,UP,NORMAL,0,,,,0,,
1525,2026-03-23 01:05:04.662877,4,EURUSD,,,,,,,,1.1550799999999999,49.64043447110399,0.0018992785916225696,,,,UP,DOWN,NORMAL,0,,,,0,,
1526,2026-03-23 01:05:04.662877,4,GBPUSD,,,,,,,,1.33258,42.766989908090515,0.0024949188230677633,,,,UP,DOWN,NORMAL,0,,,,0,,
1527,2026-03-23 01:05:04.662877,4,USDJPY,,,,,,,,159.464,65.2799876644949,0.21852516559529742,,,,UP,UP,NORMAL,0,,,,0,,
1528,2026-03-23 01:05:04.662877,4,XAUUSD,,,,,,,,4377.42,24.295890633858136,56.45695612236493,,,,DOWN,DOWN,NORMAL,1,BUY,ACTIVE,,0,,
1529,2026-03-23 01:05:04.662877,4,AUDUSD,,,,,,,,0.69998,31.32357771675207,0.001754933324855289,,,,DOWN,UP,NORMAL,0,,,,0,,
1530,2026-03-23 01:05:04.662877,4,USDCAD,,,,,,,,1.37211,49.24068961034391,0.0017344935022751856,,,,DOWN,UP,NORMAL,0,,,,0,,
1531,2026-03-23 01:05:04.662877,4,NZDUSD,,,,,,,,0.58271,39.27758429214956,0.0012924568841012978,,,,UP,DOWN,NORMAL,0,,,,0,,
1532,2026-03-23 01:05:04.662877,4,USDCHF,,,,,,,,0.78832,47.720865628390406,0.001292741979226098,,,,DOWN,UP,NORMAL,1,BUY,ACTIVE,,0,,
1533,2026-03-23 02:05:03.826914,5,EURUSD,,,,,,,,1.1555900000000001,51.53024533538232,0.0018565239983434124,,,,UP,DOWN,NORMAL,0,,,,0,,
1534,2026-03-23 02:05:03.826914,5,GBPUSD,,,,,,,,1.33371,46.239526567152886,0.002469465437746603,,,,UP,DOWN,NORMAL,0,,,,0,,
1535,2026-03-23 02:05:03.826914,5,USDJPY,,,,,,,,159.435,64.09018980441914,0.2155692864201216,,,,UP,UP,NORMAL,0,,,,0,,
1536,2026-03-23 02:05:03.826914,5,XAUUSD,,,,,,,,4416.84,31.298107641620092,59.93156129729806,,,,DOWN,DOWN,HIGH,0,,,,0,,
1537,2026-03-23 02:05:03.826914,5,AUDUSD,,,,,,,,0.6994,29.91803126306864,0.0018648360465493023,,,,DOWN,UP,NORMAL,0,,,,0,,
1538,2026-03-23 02:05:03.826914,5,USDCAD,,,,,,,,1.3707,43.31728999389879,0.0017596827419085988,,,,DOWN,UP,NORMAL,0,,,,0,,
1539,2026-03-23 02:05:03.826914,5,NZDUSD,,,,,,,,0.58238,38.29284756035454,0.001384628331155282,,,,UP,DOWN,NORMAL,0,,,,0,,
1540,2026-03-23 02:05:03.826914,5,USDCHF,,,,,,,,0.78801,46.16765027878999,0.0013495869398936254,,,,DOWN,UP,NORMAL,0,,,,0,,
1541,2026-03-23 03:05:04.345584,6,EURUSD,,,,,,,,1.15485,48.799612975995124,0.00182085391682909,,,,UP,DOWN,NORMAL,0,,,,0,,
1542,2026-03-23 03:05:04.345584,6,GBPUSD,,,,,,,,1.33223,42.667770382463026,0.0024649628044381604,,,,DOWN,DOWN,NORMAL,0,,,,0,,
1543,2026-03-23 03:05:04.345584,6,USDJPY,,,,,,,,159.529,66.924794649201,0.20962045983909353,,,,UP,UP,NORMAL,0,,,,0,,
1544,2026-03-23 03:05:04.345584,6,XAUUSD,,,,,,,,4367.42,25.756817173731974,58.92961304136857,,,,DOWN,DOWN,NORMAL,1,BUY,ACTIVE,,0,,
1545,2026-03-23 03:05:04.345584,6,AUDUSD,,,,,,,,0.69853,27.75372903897005,0.001843776328938635,,,,DOWN,UP,NORMAL,0,,,,0,,
1546,2026-03-23 03:05:04.345584,6,USDCAD,,,,,,,,1.37113,45.26271820932867,0.0017204196889151384,,,,DOWN,UP,NORMAL,0,,,,0,,
1547,2026-03-23 03:05:04.345584,6,NZDUSD,,,,,,,,0.58141,33.81314405498473,0.001365726307501334,,,,UP,DOWN,NORMAL,0,,,,0,,
1548,2026-03-23 03:05:04.345584,6,USDCHF,,,,,,,,0.78908,52.17842937041041,0.0013357899135746885,,,,DOWN,UP,NORMAL,0,,,,0,,
1549,2026-03-23 04:05:04.284260,7,EURUSD,,,,,,,,1.15469,48.14932125763642,0.0017528337390964085,,,,UP,DOWN,NORMAL,0,,,,0,,
1550,2026-03-23 04:05:04.284260,7,GBPUSD,,,,,,,,1.33172,41.49595137006277,0.0023549144408558484,,,,DOWN,DOWN,NORMAL,0,,,,0,,
1551,2026-03-23 04:05:04.284260,7,USDJPY,,,,,,,,159.446,63.54269874086026,0.2163312433199729,,,,UP,UP,NORMAL,0,,,,0,,
1552,2026-03-23 04:05:04.284260,7,XAUUSD,,,,,,,,4362.71,25.9514684978858,57.6071406812708,,,,DOWN,DOWN,NORMAL,1,BUY,ACTIVE,,0,,
1553,2026-03-23 04:05:04.284260,7,AUDUSD,,,,,,,,0.698,26.5678423140929,0.00184105761156547,,,,DOWN,UP,NORMAL,0,,,,0,,
1554,2026-03-23 04:05:04.284260,7,USDCAD,,,,,,,,1.37118,45.66716987901871,0.0016860529764416046,,,,DOWN,UP,NORMAL,0,,,,0,,
1555,2026-03-23 04:05:04.284260,7,NZDUSD,,,,,,,,0.5811,32.618579765703586,0.0013471540202308404,,,,DOWN,DOWN,NORMAL,0,,,,0,,
1556,2026-03-23 04:05:04.284260,7,USDCHF,,,,,,,,0.78906,52.07147946999461,0.0012976212462785402,,,,DOWN,UP,NORMAL,0,,,,0,,
1557,2026-03-23 05:05:04.880605,8,EURUSD,,,,,,,,1.1551,49.92103655322058,0.0016590088801813482,,,,UP,DOWN,NORMAL,0,,,,0,,
1558,2026-03-23 05:05:04.880605,8,GBPUSD,,,,,,,,1.33249,44.08004152734043,0.0022575225930396045,,,,DOWN,DOWN,NORMAL,0,,,,0,,
1559,2026-03-23 05:05:04.880605,8,USDJPY,,,,,,,,159.367,60.2796673232476,0.20910860349099522,,,,UP,UP,NORMAL,0,,,,0,,
1560,2026-03-23 05:05:04.880605,8,XAUUSD,,,,,,,,4365.94,26.582530171627255,57.652140681270744,,,,DOWN,DOWN,NORMAL,1,BUY,ACTIVE,,0,,
1561,2026-03-23 05:05:04.880605,8,AUDUSD,,,,,,,,0.69807,26.72441920072501,0.001760982067882226,,,,DOWN,UP,NORMAL,0,,,,0,,
1562,2026-03-23 05:05:04.880605,8,USDCAD,,,,,,,,1.37168,47.961533930302245,0.0015977634781243358,,,,DOWN,UP,NORMAL,0,,,,0,,
1563,2026-03-23 05:05:04.880605,8,NZDUSD,,,,,,,,0.58104,32.38735775667409,0.001291387916744969,,,,DOWN,DOWN,NORMAL,0,,,,0,,
1564,2026-03-23 05:05:04.880605,8,USDCHF,,,,,,,,0.78916,52.641783674566746,0.0012426380960341536,,,,DOWN,UP,NORMAL,0,,,,0,,
1565,2026-03-23 06:05:05.305262,9,EURUSD,,,,,,,,1.1531,42.251654495576155,0.001677651103025551,,,,UP,DOWN,NORMAL,0,,,,0,,
1566,2026-03-23 06:05:05.305262,9,GBPUSD,,,,,,,,1.33064,39.476100833823494,0.0023825225930395985,,,,DOWN,DOWN,NORMAL,0,,,,0,,
1567,2026-03-23 06:05:05.305262,9,USDJPY,,,,,,,,159.58,65.90421248415201,0.20890696854776206,,,,UP,UP,NORMAL,0,,,,0,,
1568,2026-03-23 06:05:05.305262,9,XAUUSD,,,,,,,,4332.76,24.463081448159357,58.61101838771065,,,,DOWN,DOWN,NORMAL,0,,,,0,,
1569,2026-03-23 06:05:05.305262,9,AUDUSD,,,,,,,,0.6966,23.33037201083927,0.0017888711038498257,,,,DOWN,UP,NORMAL,0,,,,0,,
1570,2026-03-23 06:05:05.305262,9,USDCAD,,,,,,,,1.37268,53.073101133099485,0.0015826681276460666,,,,DOWN,UP,NORMAL,1,BUY,ACTIVE,,0,,
1571,2026-03-23 06:05:05.305262,9,NZDUSD,,,,,,,,0.58006,29.162198340626247,0.0013055744941203279,,,,DOWN,DOWN,NORMAL,0,,,,0,,
1572,2026-03-23 06:05:05.305262,9,USDCHF,,,,,,,,0.78985,56.53175130550798,0.0012245925177459952,,,,DOWN,UP,NORMAL,0,,,,0,,
1573,2026-03-23 07:05:04.355830,10,EURUSD,,,,,,,,1.15334,43.51624796296704,0.0016515433711767828,,,,UP,DOWN,NORMAL,0,,,,0,,
1574,2026-03-23 07:05:04.355830,10,GBPUSD,,,,,,,,1.32935,37.39155412202506,0.002265659057992597,,,,DOWN,DOWN,NORMAL,0,,,,0,,
1575,2026-03-23 07:05:04.355830,10,USDJPY,,,,,,,,159.432,60.034295605343274,0.20895442997802352,,,,UP,UP,NORMAL,1,SELL,ACTIVE,,0,,
1576,2026-03-23 07:05:04.355830,10,XAUUSD,,,,,,,,4179.7,17.117111763294574,64.56283509669218,,,,DOWN,DOWN,NORMAL,0,,,,0,,
1577,2026-03-23 07:05:04.355830,10,AUDUSD,,,,,,,,0.69571,21.58509120432626,0.00173099255561565,,,,DOWN,UP,NORMAL,0,,,,0,,
1578,2026-03-23 07:05:04.355830,10,USDCAD,,,,,,,,1.37338,56.21032282757254,0.0014700884803245547,,,,DOWN,UP,NORMAL,0,,,,0,,
1579,2026-03-23 07:05:04.355830,10,NZDUSD,,,,,,,,0.57934,26.756320177601026,0.0012735946833158129,,,,DOWN,DOWN,NORMAL,0,,,,0,,
1580,2026-03-23 07:05:04.355830,10,USDCHF,,,,,,,,0.79039,59.33223606497883,0.0011853359093355678,,,,DOWN,UP,NORMAL,0,,,,0,,
1581,2026-03-23 08:05:04.853427,11,EURUSD,,,,,,,,1.15284,41.55794657439468,0.0016549535385417028,,,,UP,DOWN,NORMAL,0,,,,0,,
1582,2026-03-23 08:05:04.853427,11,GBPUSD,,,,,,,,1.3296000000000001,38.49652078820579,0.002278928308952295,,,,DOWN,DOWN,NORMAL,0,,,,0,,
1583,2026-03-23 08:05:04.853427,11,USDJPY,,,,,,,,159.639,65.62438965705621,0.21258013395918607,,,,UP,UP,NORMAL,0,,,,0,,
1584,2026-03-23 08:05:04.853427,11,XAUUSD,,,,,,,,4220.7,21.126723200237606,67.78860197754074,,,,DOWN,DOWN,NORMAL,1,BUY,ACTIVE,,0,,
1585,2026-03-23 08:05:04.853427,11,AUDUSD,,,,,,,,0.69521,20.634018054037497,0.0016732175771533037,,,,DOWN,UP,NORMAL,0,,,,0,,
1586,2026-03-23 08:05:04.853427,11,USDCAD,,,,,,,,1.37301,54.272192250988155,0.0014610005276483092,,,,DOWN,UP,NORMAL,0,,,,0,,
1587,2026-03-23 08:05:04.853427,11,NZDUSD,,,,,,,,0.57916,26.141124813370183,0.0012430317977728494,,,,DOWN,DOWN,NORMAL,0,,,,0,,
1588,2026-03-23 08:05:04.853427,11,USDCHF,,,,,,,,0.78946,53.47388767569968,0.0011805159974442537,,,,DOWN,UP,NORMAL,0,,,,0,,
1589,2026-03-23 09:05:04.390155,12,EURUSD,,,,,,,,1.15259,40.731545767907086,0.00170419155109484,,,,UP,DOWN,NORMAL,0,,,,0,,"[{""name"": ""FOMC Member Miran Speaks"", ""impact"": ""LOW"", ""time"": ""2026-03-23 12:45:00"", ""currency"": ""USD""}]"
1590,2026-03-23 09:05:04.390155,12,GBPUSD,,,,,,,,1.33074,42.53449188021125,0.0023952803685169345,,,,DOWN,DOWN,NORMAL,0,,,,0,,"[{""name"": ""FOMC Member Miran Speaks"", ""impact"": ""LOW"", ""time"": ""2026-03-23 12:45:00"", ""currency"": ""USD""}]"
1591,2026-03-23 09:05:04.390155,12,USDJPY,,,,,,,,159.487,59.77355895612522,0.21878869581924443,,,,UP,UP,NORMAL,0,,,,0,,"[{""name"": ""FOMC Member Miran Speaks"", ""impact"": ""LOW"", ""time"": ""2026-03-23 12:45:00"", ""currency"": ""USD""}]"
1592,2026-03-23 09:05:04.390155,12,XAUUSD,,,,,,,,4253.35,26.63039568010285,66.72574265261427,,,,DOWN,DOWN,NORMAL,1,BUY,ACTIVE,,0,,"[{""name"": ""FOMC Member Miran Speaks"", ""impact"": ""LOW"", ""time"": ""2026-03-23 12:45:00"", ""currency"": ""USD""}]"
1593,2026-03-23 09:05:04.390155,12,AUDUSD,,,,,,,,0.69698,31.808054981349372,0.001747987750213782,,,,DOWN,UP,NORMAL,0,,,,0,,
1594,2026-03-23 09:05:04.390155,12,USDCAD,,,,,,,,1.37274,52.65497109205413,0.0015031433847911729,,,,DOWN,UP,NORMAL,0,,,,0,,
1595,2026-03-23 09:05:04.390155,12,NZDUSD,,,,,,,,0.58031,36.046191388396316,0.0012915397305849933,,,,DOWN,DOWN,NORMAL,0,,,,0,,
1596,2026-03-23 09:05:04.390155,12,USDCHF,,,,,,,,0.78947,53.542856481970894,0.0012267546506880222,,,,DOWN,UP,NORMAL,0,,,,0,,
1597,2026-03-23 10:05:07.276925,13,EURUSD,,,,,,,,1.14923,30.973665550636824,0.0018645043994860383,,,,DOWN,DOWN,NORMAL,1,BUY,ACTIVE,,0,,"[{""name"": ""FOMC Member Miran Speaks"", ""impact"": ""LOW"", ""time"": ""2026-03-23 12:45:00"", ""currency"": ""USD""}, {""name"": ""Construction Spending m/m"", ""impact"": ""LOW"", ""time"": ""2026-03-23 14:00:00"", ""currency"": ""USD""}]"
1598,2026-03-23 10:05:07.276925,13,GBPUSD,,,,,,,,1.32668,34.15638804258755,0.002590974627908585,,,,DOWN,DOWN,NORMAL,1,BUY,ACTIVE,,0,,"[{""name"": ""FOMC Member Miran Speaks"", ""impact"": ""LOW"", ""time"": ""2026-03-23 12:45:00"", ""currency"": ""USD""}, {""name"": ""Construction Spending m/m"", ""impact"": ""LOW"", ""time"": ""2026-03-23 14:00:00"", ""currency"": ""USD""}]"
1599,2026-03-23 10:05:07.276925,13,USDJPY,,,,,,,,159.56,61.589648966240446,0.21579868693419652,,,,UP,UP,NORMAL,0,,,,0,,"[{""name"": ""FOMC Member Miran Speaks"", ""impact"": ""LOW"", ""time"": ""2026-03-23 12:45:00"", ""currency"": ""USD""}, {""name"": ""Construction Spending m/m"", ""impact"": ""LOW"", ""time"": ""2026-03-23 14:00:00"", ""currency"": ""USD""}]"
1600,2026-03-23 10:05:07.276925,13,XAUUSD,,,,,,,,4257.89,27.43872970298429,67.90150593252963,,,,DOWN,DOWN,NORMAL,1,BUY,ACTIVE,,0,,"[{""name"": ""FOMC Member Miran Speaks"", ""impact"": ""LOW"", ""time"": ""2026-03-23 12:45:00"", ""currency"": ""USD""}, {""name"": ""Construction Spending m/m"", ""impact"": ""LOW"", ""time"": ""2026-03-23 14:00:00"", ""currency"": ""USD""}]"
1601,2026-03-23 10:05:07.276925,13,AUDUSD,,,,,,,,0.69405,24.02378760126109,0.0017294238400167004,,,,DOWN,UP,NORMAL,0,,,,0,,
1602,2026-03-23 10:05:07.276925,13,USDCAD,,,,,,,,1.37438,60.7468668522825,0.0014816943675101662,,,,DOWN,UP,NORMAL,1,SELL,ACTIVE,,0,,
1603,2026-03-23 10:05:07.276925,13,NZDUSD,,,,,,,,0.57851,27.03342868264805,0.0012978583212574894,,,,DOWN,DOWN,NORMAL,0,,,,0,,
1604,2026-03-23 10:05:07.276925,13,USDCHF,,,,,,,,0.79245,67.47472381130119,0.001351833400128675,,,,DOWN,UP,NORMAL,1,SELL,ACTIVE,,0,,
1605,2026-03-23 11:05:07.037248,14,EURUSD,,,,,,,,1.14873,30.39197826965753,0.0018613765342166287,,,,DOWN,DOWN,NORMAL,1,BUY,ACTIVE,,0,,"[{""name"": ""FOMC Member Miran Speaks"", ""impact"": ""LOW"", ""time"": ""2026-03-23 12:45:00"", ""currency"": ""USD""}, {""name"": ""Construction Spending m/m"", ""impact"": ""LOW"", ""time"": ""2026-03-23 14:00:00"", ""currency"": ""USD""}, {""name"": ""Consumer Confidence"", ""impact"": ""LOW"", ""time"": ""2026-03-23 15:00:00"", ""currency"": ""EUR""}]"
1606,2026-03-23 11:05:07.037248,14,GBPUSD,,,,,,,,1.32679,35.37317132169946,0.002538405011629385,,,,DOWN,DOWN,NORMAL,0,,,,0,,"[{""name"": ""FOMC Member Miran Speaks"", ""impact"": ""LOW"", ""time"": ""2026-03-23 12:45:00"", ""currency"": ""USD""}, {""name"": ""Construction Spending m/m"", ""impact"": ""LOW"", ""time"": ""2026-03-23 14:00:00"", ""currency"": ""USD""}]"
1607,2026-03-23 11:05:07.037248,14,USDJPY,,,,,,,,159.604,62.327378508444724,0.2087161276633856,,,,UP,UP,NORMAL,0,,,,0,,"[{""name"": ""FOMC Member Miran Speaks"", ""impact"": ""LOW"", ""time"": ""2026-03-23 12:45:00"", ""currency"": ""USD""}, {""name"": ""Construction Spending m/m"", ""impact"": ""LOW"", ""time"": ""2026-03-23 14:00:00"", ""currency"": ""USD""}]"
1608,2026-03-23 11:05:07.037248,14,XAUUSD,,,,,,,,4284.14,31.985365374037798,66.47078612102239,,,,DOWN,DOWN,NORMAL,0,,,,0,,"[{""name"": ""FOMC Member Miran Speaks"", ""impact"": ""LOW"", ""time"": ""2026-03-23 12:45:00"", ""currency"": ""USD""}, {""name"": ""Construction Spending m/m"", ""impact"": ""LOW"", ""time"": ""2026-03-23 14:00:00"", ""currency"": ""USD""}]"
1609,2026-03-23 11:05:07.037248,14,AUDUSD,,,,,,,,0.69207,20.796575146859666,0.0018990156767513897,,,,DOWN,UP,NORMAL,1,BUY,ACTIVE,,0,,
1610,2026-03-23 11:05:07.037248,14,USDCAD,,,,,,,,1.37519,63.900693318922215,0.0014627468106471865,,,,DOWN,UP,NORMAL,1,SELL,ACTIVE,,0,,
1611,2026-03-23 11:05:07.037248,14,NZDUSD,,,,,,,,0.57696,22.84700732758847,0.001340613339126856,,,,DOWN,DOWN,NORMAL,1,BUY,ACTIVE,,0,,
1612,2026-03-23 11:05:07.037248,14,USDCHF,,,,,,,,0.7932,69.9062693973232,0.0013485391776705063,,,,DOWN,UP,NORMAL,1,SELL,ACTIVE,,0,,
1613,2026-03-23 12:05:12.454002,15,EURUSD,,,,,,,,1.15584,55.09230341852415,0.002671584332792997,,,,DOWN,DOWN,HIGH,0,,,,0,,"[{""name"": ""FOMC Member Miran Speaks"", ""impact"": ""LOW"", ""time"": ""2026-03-23 12:45:00"", ""currency"": ""USD""}, {""name"": ""Construction Spending m/m"", ""impact"": ""LOW"", ""time"": ""2026-03-23 14:00:00"", ""currency"": ""USD""}, {""name"": ""Consumer Confidence"", ""impact"": ""LOW"", ""time"": ""2026-03-23 15:00:00"", ""currency"": ""EUR""}]"
1614,2026-03-23 12:05:12.454002,15,GBPUSD,,,,,,,,1.33658,57.56744465258311,0.0036322434291660537,,,,DOWN,DOWN,HIGH,0,,,,0,,"[{""name"": ""FOMC Member Miran Speaks"", ""impact"": ""LOW"", ""time"": ""2026-03-23 12:45:00"", ""currency"": ""USD""}, {""name"": ""Construction Spending m/m"", ""impact"": ""LOW"", ""time"": ""2026-03-23 14:00:00"", ""currency"": ""USD""}]"
1615,2026-03-23 12:05:12.454002,15,USDJPY,,,,,,,,158.906,42.45301288689608,0.29086395527926684,,,,UP,UP,NORMAL,1,BUY,ACTIVE,,0,,"[{""name"": ""FOMC Member Miran Speaks"", ""impact"": ""LOW"", ""time"": ""2026-03-23 12:45:00"", ""currency"": ""USD""}, {""name"": ""Construction Spending m/m"", ""impact"": ""LOW"", ""time"": ""2026-03-23 14:00:00"", ""currency"": ""USD""}]"
1616,2026-03-23 12:05:12.454002,15,XAUUSD,,,,,,,,4361.64,43.94850963775152,77.0715462960514,,,,DOWN,DOWN,NORMAL,0,,,,0,,"[{""name"": ""FOMC Member Miran Speaks"", ""impact"": ""LOW"", ""time"": ""2026-03-23 12:45:00"", ""currency"": ""USD""}, {""name"": ""Construction Spending m/m"", ""impact"": ""LOW"", ""time"": ""2026-03-23 14:00:00"", ""currency"": ""USD""}]"
1617,2026-03-23 12:05:12.454002,15,AUDUSD,,,,,,,,0.69869,46.913799050633315,0.002624763517198906,,,,DOWN,UP,HIGH,1,BUY,ACTIVE,,0,,
1618,2026-03-23 12:05:12.454002,15,USDCAD,,,,,,,,1.37184,46.41990859162619,0.00186576489560096,,,,DOWN,UP,NORMAL,0,,,,0,,
1619,2026-03-23 12:05:12.454002,15,NZDUSD,,,,,,,,0.58434,57.24467194638572,0.0018918960598014651,,,,DOWN,DOWN,HIGH,1,BUY,ACTIVE,,0,,
1620,2026-03-23 12:05:12.454002,15,USDCHF,,,,,,,,0.78796,44.31682643594073,0.0018533884200817895,,,,DOWN,UP,HIGH,0,,,,0,,
1621,2026-03-23 18:22:51.878946,1,EURUSD,,,,,,,,1.16052,47.27648789426959,0.0033251815884642144,,,,DOWN,DOWN,NORMAL,0,,,,0,,
1622,2026-03-23 18:22:51.878946,1,GBPUSD,,,,,,,,1.34225,59.97138346768148,0.004274059160363865,,,,DOWN,DOWN,HIGH,0,,,,0,,
1623,2026-03-23 18:22:51.878946,1,USDJPY,,,,,,,,158.316,35.06285745206969,0.32069141958933356,,,,UP,UP,NORMAL,0,,,,0,,
1624,2026-03-23 18:22:51.878946,1,XAUUSD,,,,,,,,4411.47,48.688067172255735,77.68114563945971,,,,DOWN,DOWN,NORMAL,0,,,,0,,
1625,2026-03-23 18:22:51.878946,1,AUDUSD,,,,,,,,0.70065,50.269727005602896,0.003082347789497856,,,,DOWN,DOWN,HIGH,0,,,,0,,"[{""name"": ""Flash Manufacturing PMI"", ""impact"": ""LOW"", ""time"": ""2026-03-23 22:00:00"", ""currency"": ""AUD""}, {""name"": ""Flash Services PMI"", ""impact"": ""LOW"", ""time"": ""2026-03-23 22:00:00"", ""currency"": ""AUD""}]"
1626,2026-03-23 18:22:51.878946,1,USDCAD,,,,,,,,1.373,52.789322851366805,0.002193231921117242,,,,DOWN,UP,NORMAL,1,BUY,ACTIVE,,0,,
1627,2026-03-23 18:22:51.878946,1,NZDUSD,,,,,,,,0.5862,58.35334346877627,0.002284340295155016,,,,DOWN,DOWN,HIGH,0,,,,0,,"[{""name"": ""RBNZ Gov Breman Speaks"", ""impact"": ""MEDIUM"", ""time"": ""2026-03-23 20:00:00"", ""currency"": ""NZD""}]"
1628,2026-03-23 18:22:51.878946,1,USDCHF,,,,,,,,0.78663,43.709413875698665,0.0021653843443540767,,,,UP,UP,HIGH,0,,,,0,,
1629,2026-03-23 18:26:30.821318,1,EURUSD,,,,,,,,1.16125,61.4564472099155,0.0031156731716742744,,,,DOWN,DOWN,HIGH,0,,,,0,,
1630,2026-03-23 18:26:30.821318,1,GBPUSD,,,,,,,,1.34304,60.99984836273077,0.004274059160363865,,,,DOWN,DOWN,HIGH,0,,,,0,,
1631,2026-03-23 18:26:30.821318,1,USDJPY,,,,,,,,158.268,34.31357973787232,0.32426284816076295,,,,UP,UP,NORMAL,0,,,,0,,
1632,2026-03-23 18:26:30.821318,1,XAUUSD,,,,,,,,4426.55,50.102823243999254,77.68114563945971,,,,DOWN,DOWN,NORMAL,0,,,,0,,
1633,2026-03-23 18:26:30.821318,1,AUDUSD,,,,,,,,0.70111,51.31180064278322,0.003082347789497856,,,,DOWN,DOWN,HIGH,0,,,,0,,"[{""name"": ""Flash Manufacturing PMI"", ""impact"": ""LOW"", ""time"": ""2026-03-23 22:00:00"", ""currency"": ""AUD""}, {""name"": ""Flash Services PMI"", ""impact"": ""LOW"", ""time"": ""2026-03-23 22:00:00"", ""currency"": ""AUD""}]"
1634,2026-03-23 18:26:30.821318,1,USDCAD,,,,,,,,1.37264,51.41146018219241,0.002204660492545809,,,,DOWN,UP,NORMAL,0,,,,0,,
1635,2026-03-23 18:26:30.821318,1,NZDUSD,,,,,,,,0.58652,59.42220597751047,0.002284340295155016,,,,DOWN,DOWN,HIGH,0,,,,0,,"[{""name"": ""RBNZ Gov Breman Speaks"", ""impact"": ""MEDIUM"", ""time"": ""2026-03-23 20:00:00"", ""currency"": ""NZD""}]"
1636,2026-03-23 18:26:30.821318,1,USDCHF,,,,,,,,0.7863,42.82085088922523,0.0021846700586397906,,,,UP,UP,HIGH,0,,,,0,,
1637,2026-03-23 18:29:43.106456,1,EURUSD,,,,,,,,1.16119,61.35275245417064,0.0031185303145314204,,,,DOWN,DOWN,HIGH,0,,,,0,,
1638,2026-03-23 18:29:43.106456,1,GBPUSD,,,,,,,,1.34286,60.78643658919244,0.00427691630322101,,,,DOWN,DOWN,HIGH,0,,,,0,,
1639,2026-03-23 18:29:43.106456,1,USDJPY,,,,,,,,158.268,34.31357973787232,0.3247628481607633,,,,UP,UP,NORMAL,0,,,,0,,
1640,2026-03-23 18:29:43.106456,1,XAUUSD,,,,,,,,4425.28,49.98062876775267,77.81043135374539,,,,DOWN,DOWN,NORMAL,0,,,,0,,
1641,2026-03-23 18:29:43.106456,1,AUDUSD,,,,,,,,0.7008,50.604851938246064,0.003082347789497856,,,,DOWN,DOWN,HIGH,0,,,,0,,"[{""name"": ""Flash Manufacturing PMI"", ""impact"": ""LOW"", ""time"": ""2026-03-23 22:00:00"", ""currency"": ""AUD""}, {""name"": ""Flash Services PMI"", ""impact"": ""LOW"", ""time"": ""2026-03-23 22:00:00"", ""currency"": ""AUD""}]"
1642,2026-03-23 18:29:43.106456,1,USDCAD,,,,,,,,1.37269,51.610849223752325,0.002204660492545809,,,,DOWN,UP,NORMAL,1,BUY,ACTIVE,,0,,
1643,2026-03-23 18:29:43.106456,1,NZDUSD,,,,,,,,0.58635,58.84954426679959,0.002284340295155016,,,,DOWN,DOWN,HIGH,0,,,,0,,"[{""name"": ""RBNZ Gov Breman Speaks"", ""impact"": ""MEDIUM"", ""time"": ""2026-03-23 20:00:00"", ""currency"": ""NZD""}]"
1644,2026-03-23 18:29:43.106456,1,USDCHF,,,,,,,,0.78636,42.97971069750236,0.002185384344354081,,,,UP,UP,HIGH,0,,,,0,,
1645,2026-03-23 19:05:03.426550,2,EURUSD,,,,,,,,1.16346,64.92302812594366,0.0032928160288171345,,,,DOWN,DOWN,HIGH,0,,,,0,,
1646,2026-03-23 19:05:03.426550,2,GBPUSD,,,,,,,,1.34486,62.56214043127785,0.004197646771358287,,,,DOWN,DOWN,NORMAL,0,,,,0,,
1647,2026-03-23 19:05:03.426550,2,USDJPY,,,,,,,,158.159,34.044599087555284,0.324218563088054,,,,UP,UP,NORMAL,0,,,,0,,
1648,2026-03-23 19:05:03.426550,2,XAUUSD,,,,,,,,4449.81,52.240918260121774,80.38471706803111,,,,DOWN,DOWN,NORMAL,0,,,,0,,
1649,2026-03-23 19:05:03.426550,2,AUDUSD,,,,,,,,0.70267,54.602810580786844,0.003175919218069279,,,,DOWN,DOWN,HIGH,0,,,,0,,"[{""name"": ""Flash Manufacturing PMI"", ""impact"": ""LOW"", ""time"": ""2026-03-23 22:00:00"", ""currency"": ""AUD""}, {""name"": ""Flash Services PMI"", ""impact"": ""LOW"", ""time"": ""2026-03-23 22:00:00"", ""currency"": ""AUD""}]"
1650,2026-03-23 19:05:03.426550,2,USDCAD,,,,,,,,1.37167,47.826912543694164,0.002291803349688666,,,,DOWN,UP,NORMAL,0,,,,0,,
1651,2026-03-23 19:05:03.426550,2,NZDUSD,,,,,,,,0.58776,62.202791032437474,0.0023850545808693033,,,,DOWN,DOWN,HIGH,0,,,,0,,"[{""name"": ""RBNZ Gov Breman Speaks"", ""impact"": ""MEDIUM"", ""time"": ""2026-03-23 20:00:00"", ""currency"": ""NZD""}]"
1652,2026-03-23 19:05:03.426550,2,USDCHF,,,,,,,,0.78525,40.65011149017997,0.002190509952410423,,,,UP,UP,NORMAL,0,,,,0,,
1653,2026-03-23 20:05:04.254652,3,EURUSD,,,,,,,,1.16119,58.99810458745875,0.0030189076983168166,,,,UP,DOWN,NORMAL,0,,,,0,,
1654,2026-03-23 20:05:04.254652,3,GBPUSD,,,,,,,,1.34284,58.966000716897966,0.0040461822060571685,,,,DOWN,DOWN,NORMAL,0,,,,0,,
1655,2026-03-23 20:05:04.254652,3,USDJPY,,,,,,,,158.429,40.861602648290386,0.3222437677654397,,,,UP,UP,NORMAL,0,,,,0,,"[{""name"": ""National Core CPI y/y"", ""impact"": ""LOW"", ""time"": ""2026-03-23 23:30:00"", ""currency"": ""JPY""}]"
1656,2026-03-23 20:05:04.254652,3,XAUUSD,,,,,,,,4392.04,46.82877040779486,74.36590400253704,,,,DOWN,DOWN,NORMAL,0,,,,0,,
1657,2026-03-23 20:05:04.254652,3,AUDUSD,,,,,,,,0.70164,52.128655066566566,0.0030497821310643243,,,,DOWN,DOWN,NORMAL,0,,,,0,,"[{""name"": ""Flash Manufacturing PMI"", ""impact"": ""LOW"", ""time"": ""2026-03-23 22:00:00"", ""currency"": ""AUD""}, {""name"": ""Flash Services PMI"", ""impact"": ""LOW"", ""time"": ""2026-03-23 22:00:00"", ""currency"": ""AUD""}]"
1658,2026-03-23 20:05:04.254652,3,USDCAD,,,,,,,,1.37256,51.18962344320927,0.002220245967568048,,,,DOWN,UP,NORMAL,0,,,,0,,
1659,2026-03-23 20:05:04.254652,3,NZDUSD,,,,,,,,0.58674,58.79630620845273,0.002313979253664353,,,,DOWN,DOWN,HIGH,0,,,,0,,"[{""name"": ""RBNZ Gov Breman Speaks"", ""impact"": ""MEDIUM"", ""time"": ""2026-03-23 20:00:00"", ""currency"": ""NZD""}]"
1660,2026-03-23 20:05:04.254652,3,USDCHF,,,,,,,,0.78625,44.01215911207157,0.0021129225068300867,,,,DOWN,UP,NORMAL,0,,,,0,,
1661,2026-03-23 21:05:04.566023,4,EURUSD,,,,,,,,1.1613,59.19200518028011,0.002846230617824804,,,,UP,DOWN,NORMAL,0,,,,0,,
1662,2026-03-23 21:05:04.566023,4,GBPUSD,,,,,,,,1.3426,58.472111281072515,0.0038971181709306557,,,,DOWN,DOWN,NORMAL,0,,,,0,,
1663,2026-03-23 21:05:04.566023,4,USDJPY,,,,,,,,158.4,40.29506837304804,0.3024508455781123,,,,UP,UP,NORMAL,0,,,,0,,"[{""name"": ""National Core CPI y/y"", ""impact"": ""LOW"", ""time"": ""2026-03-23 23:30:00"", ""currency"": ""JPY""}, {""name"": ""Flash Manufacturing PMI"", ""impact"": ""LOW"", ""time"": ""2026-03-24 00:30:00"", ""currency"": ""JPY""}]"
1664,2026-03-23 21:05:04.566023,4,XAUUSD,,,,,,,,4405.77,48.15507824205444,75.28661828825128,,,,DOWN,DOWN,NORMAL,0,,,,0,,
1665,2026-03-23 21:05:04.566023,4,AUDUSD,,,,,,,,0.70102,50.72045118773259,0.002905307897212795,,,,DOWN,DOWN,NORMAL,0,,,,0,,"[{""name"": ""Flash Manufacturing PMI"", ""impact"": ""LOW"", ""time"": ""2026-03-23 22:00:00"", ""currency"": ""AUD""}, {""name"": ""Flash Services PMI"", ""impact"": ""LOW"", ""time"": ""2026-03-23 22:00:00"", ""currency"": ""AUD""}]"
1666,2026-03-23 21:05:04.566023,4,USDCAD,,,,,,,,1.37215,49.68410171228228,0.0021315549290682884,,,,DOWN,UP,NORMAL,0,,,,0,,
1667,2026-03-23 21:05:04.566023,4,NZDUSD,,,,,,,,0.58553,54.90948748354157,0.0022431337967699643,,,,DOWN,DOWN,NORMAL,0,,,,0,,
1668,2026-03-23 21:05:04.566023,4,USDCHF,,,,,,,,0.786,43.299453926762055,0.001996285184913648,,,,DOWN,UP,NORMAL,0,,,,0,,
1669,2026-03-23 22:05:04.054908,5,EURUSD,,,,,,,,1.16129,59.17331066282375,0.0028533734749676604,,,,UP,DOWN,NORMAL,0,,,,0,,
1670,2026-03-23 22:05:04.054908,5,GBPUSD,,,,,,,,1.3428,58.832738370256834,0.0036479872811703037,,,,DOWN,DOWN,NORMAL,0,,,,0,,
1671,2026-03-23 22:05:04.054908,5,USDJPY,,,,,,,,158.379,39.9469259571957,0.29290333620008213,,,,UP,UP,NORMAL,0,,,,0,,"[{""name"": ""National Core CPI y/y"", ""impact"": ""LOW"", ""time"": ""2026-03-23 23:30:00"", ""currency"": ""JPY""}, {""name"": ""Flash Manufacturing PMI"", ""impact"": ""LOW"", ""time"": ""2026-03-24 00:30:00"", ""currency"": ""JPY""}]"
1672,2026-03-23 22:05:04.054908,5,XAUUSD,,,,,,,,4380.31,45.75600207944156,72.79400269623329,,,,DOWN,DOWN,NORMAL,0,,,,0,,
1673,2026-03-23 22:05:04.054908,5,AUDUSD,,,,,,,,0.70142,51.69137967481619,0.0027992144759833083,,,,DOWN,DOWN,NORMAL,0,,,,0,,"[{""name"": ""Flash Manufacturing PMI"", ""impact"": ""LOW"", ""time"": ""2026-03-23 22:00:00"", ""currency"": ""AUD""}, {""name"": ""Flash Services PMI"", ""impact"": ""LOW"", ""time"": ""2026-03-23 22:00:00"", ""currency"": ""AUD""}]"
1674,2026-03-23 22:05:04.054908,5,USDCAD,,,,,,,,1.37207,49.333004702916426,0.0020921581484205634,,,,DOWN,UP,NORMAL,0,,,,0,,
1675,2026-03-23 22:05:04.054908,5,NZDUSD,,,,,,,,0.58601,56.20910950262862,0.002273624239857828,,,,DOWN,DOWN,NORMAL,0,,,,0,,
1676,2026-03-23 22:05:04.054908,5,USDCHF,,,,,,,,0.78633,44.46672323896162,0.0018896627737463516,,,,DOWN,UP,NORMAL,0,,,,0,,
1677,2026-03-23 23:05:04.399174,6,EURUSD,,,,,,,,1.16135,59.15984028646047,0.002705683532878123,,,,UP,DOWN,NORMAL,0,,,,0,,
1678,2026-03-23 23:05:04.399174,6,GBPUSD,,,,,,,,1.3431899999999999,59.45594220669287,0.0034518555365968943,,,,UP,DOWN,NORMAL,0,,,,0,,
1679,2026-03-23 23:05:04.399174,6,USDJPY,,,,,,,,158.314,38.7184170641621,0.28109901626742195,,,,UP,UP,NORMAL,0,,,,0,,"[{""name"": ""National Core CPI y/y"", ""impact"": ""LOW"", ""time"": ""2026-03-23 23:30:00"", ""currency"": ""JPY""}, {""name"": ""Flash Manufacturing PMI"", ""impact"": ""LOW"", ""time"": ""2026-03-24 00:30:00"", ""currency"": ""JPY""}]"
1680,2026-03-23 23:05:04.399174,6,XAUUSD,,,,,,,,4426.63,50.288166249706954,70.00147189140027,,,,DOWN,DOWN,NORMAL,0,,,,0,,
1681,2026-03-23 23:05:04.399174,6,AUDUSD,,,,,,,,0.70129,51.51350997002038,0.0026985052787192017,,,,DOWN,DOWN,NORMAL,0,,,,0,,
1682,2026-03-23 23:05:04.399174,6,USDCAD,,,,,,,,1.37255,51.48060406003436,0.0020234325663905286,,,,DOWN,UP,NORMAL,1,BUY,ACTIVE,,0,,
1683,2026-03-23 23:05:04.399174,6,NZDUSD,,,,,,,,0.58603,56.0987462346845,0.002181936794153701,,,,DOWN,DOWN,NORMAL,0,,,,0,,
1684,2026-03-23 23:05:04.399174,6,USDCHF,,,,,,,,0.78629,44.32767702567274,0.0017900440041930382,,,,DOWN,UP,NORMAL,0,,,,0,,
1685,2026-03-24 00:05:04.014750,7,EURUSD,,,,,,,,1.16013,55.44972967516976,0.00247395671967553,,,,UP,DOWN,NORMAL,0,,,,0,,
1686,2026-03-24 00:05:04.014750,7,GBPUSD,,,,,,,,1.34177,56.325474010844935,0.0033246821819420147,,,,UP,DOWN,NORMAL,0,,,,0,,
1687,2026-03-24 00:05:04.014750,7,USDJPY,,,,,,,,158.538,44.81628637038606,0.27983684163607614,,,,DOWN,UP,NORMAL,0,,,,0,,"[{""name"": ""National Core CPI y/y"", ""impact"": ""LOW"", ""time"": ""2026-03-23 23:30:00"", ""currency"": ""JPY""}, {""name"": ""Flash Manufacturing PMI"", ""impact"": ""LOW"", ""time"": ""2026-03-24 00:30:00"", ""currency"": ""JPY""}]"
1688,2026-03-24 00:05:04.014750,7,XAUUSD,,,,,,,,4431.34,50.674953631299516,67.73243818487174,,,,DOWN,DOWN,NORMAL,0,,,,0,,
1689,2026-03-24 00:05:04.014750,7,AUDUSD,,,,,,,,0.70117,51.05089479365642,0.0026192753098310956,,,,DOWN,DOWN,NORMAL,0,,,,0,,
1690,2026-03-24 00:05:04.014750,7,USDCAD,,,,,,,,1.37263,51.900963328045606,0.0019089016687911953,,,,UP,UP,NORMAL,0,,,,0,,
1691,2026-03-24 00:05:04.014750,7,NZDUSD,,,,,,,,0.58579,55.0798297891678,0.002102359676203938,,,,DOWN,DOWN,NORMAL,0,,,,0,,
1692,2026-03-24 00:05:04.014750,7,USDCHF,,,,,,,,0.7869,46.840714905908634,0.0017178980038935413,,,,DOWN,UP,NORMAL,0,,,,0,,
1693,2026-03-24 01:05:05.226079,8,EURUSD,,,,,,,,1.15956,53.82730741239342,0.002554671005389805,,,,UP,DOWN,NORMAL,0,,,,0,,
1694,2026-03-24 01:05:05.226079,8,GBPUSD,,,,,,,,1.33966,52.05249998518969,0.00329995998527267,,,,UP,DOWN,NORMAL,1,SELL,ACTIVE,,0,,
1695,2026-03-24 01:05:05.226079,8,USDJPY,,,,,,,,158.52,44.52622476043518,0.2782566590702347,,,,DOWN,UP,NORMAL,0,,,,0,,"[{""name"": ""Flash Manufacturing PMI"", ""impact"": ""LOW"", ""time"": ""2026-03-24 00:30:00"", ""currency"": ""JPY""}]"
1696,2026-03-24 01:05:05.226079,8,XAUUSD,,,,,,,,4353.53,43.26958428706469,70.84619260023804,,,,DOWN,DOWN,NORMAL,0,,,,0,,
1697,2026-03-24 01:05:05.226079,8,AUDUSD,,,,,,,,0.69898,45.681369965368866,0.0026386638081084624,,,,DOWN,DOWN,NORMAL,0,,,,0,,
1698,2026-03-24 01:05:05.226079,8,USDCAD,,,,,,,,1.37378,56.70822309763929,0.0018980107332652908,,,,UP,UP,NORMAL,0,,,,0,,
1699,2026-03-24 01:05:05.226079,8,NZDUSD,,,,,,,,0.58431,50.2481212368867,0.002120507454434271,,,,DOWN,DOWN,NORMAL,0,,,,0,,
1700,2026-03-24 01:05:05.226079,8,USDCHF,,,,,,,,0.78816,51.5250546826883,0.0017252420240235933,,,,DOWN,UP,NORMAL,1,BUY,ACTIVE,,0,,
1701,2026-03-24 02:05:05.910640,9,EURUSD,,,,,,,,1.15859,51.226079853180195,0.0025157659335762637,,,,UP,DOWN,NORMAL,1,SELL,ACTIVE,,0,,
1702,2026-03-24 02:05:05.910640,9,GBPUSD,,,,,,,,1.3396,51.932416673173115,0.003150115904691977,,,,UP,DOWN,NORMAL,0,,,,0,,
1703,2026-03-24 02:05:05.910640,9,USDJPY,,,,,,,,158.62,47.08338602022117,0.26938118342235895,,,,DOWN,UP,NORMAL,1,BUY,ACTIVE,,0,,
1704,2026-03-24 02:05:05.910640,9,XAUUSD,,,,,,,,4331.66,41.82687943350859,70.30728088389453,,,,DOWN,DOWN,NORMAL,0,,,,0,,
1705,2026-03-24 02:05:05.910640,9,AUDUSD,,,,,,,,0.69788,43.240518022588844,0.002674728638141531,,,,DOWN,DOWN,NORMAL,1,SELL,ACTIVE,,0,,
1706,2026-03-24 02:05:05.910640,9,USDCAD,,,,,,,,1.37443,59.135582693595886,0.0017988671094606278,,,,UP,UP,NORMAL,0,,,,0,,
1707,2026-03-24 02:05:05.910640,9,NZDUSD,,,,,,,,0.58371,48.35597665557062,0.002069042636260394,,,,DOWN,DOWN,NORMAL,1,SELL,ACTIVE,,0,,
1708,2026-03-24 02:05:05.910640,9,USDCHF,,,,,,,,0.78814,51.33221064272998,0.0016743063692463986,,,,DOWN,UP,NORMAL,0,,,,0,,
1709,2026-03-24 03:05:03.551329,10,EURUSD,,,,,,,,1.15905,52.45656034444611,0.0024455071424024535,,,,UP,DOWN,NORMAL,0,,,,0,,
1710,2026-03-24 03:05:03.551329,10,GBPUSD,,,,,,,,1.33987,52.38063529885894,0.0030543423196629526,,,,UP,DOWN,NORMAL,0,,,,0,,
1711,2026-03-24 03:05:03.551329,10,USDJPY,,,,,,,,158.694,49.1713426221053,0.26071620093300707,,,,DOWN,UP,NORMAL,0,,,,0,,
1712,2026-03-24 03:05:03.551329,10,XAUUSD,,,,,,,,4351.96,44.30318554193568,69.9449240860653,,,,DOWN,DOWN,NORMAL,0,,,,0,,
1713,2026-03-24 03:05:03.551329,10,AUDUSD,,,,,,,,0.6977,43.50541184812677,0.002680921490519178,,,,DOWN,DOWN,NORMAL,0,,,,0,,
1714,2026-03-24 03:05:03.551329,10,USDCAD,,,,,,,,1.37465,59.335490931710105,0.0017484888465399615,,,,UP,UP,NORMAL,0,,,,0,,
1715,2026-03-24 03:05:03.551329,10,NZDUSD,,,,,,,,0.58394,49.19425865081354,0.0020204375499968882,,,,DOWN,DOWN,NORMAL,0,,,,0,,
1716,2026-03-24 03:05:03.551329,10,USDCHF,,,,,,,,0.78852,52.87526102305607,0.0016085906081777903,,,,DOWN,UP,NORMAL,0,,,,0,,
1717,2026-03-24 04:05:03.747904,11,EURUSD,,,,,,,,1.15846,50.83725726791268,0.0023315423465165653,,,,UP,DOWN,NORMAL,0,,,,0,,
1718,2026-03-24 04:05:03.747904,11,GBPUSD,,,,,,,,1.33963,51.82225516347657,0.002913062766217645,,,,UP,DOWN,NORMAL,0,,,,0,,
1719,2026-03-24 04:05:03.747904,11,USDJPY,,,,,,,,158.753,50.83142441276345,0.2504966763765675,,,,DOWN,UP,NORMAL,0,,,,0,,
1720,2026-03-24 04:05:03.747904,11,XAUUSD,,,,,,,,4352.79,44.53880380513163,66.45549073297896,,,,DOWN,DOWN,NORMAL,0,,,,0,,
1721,2026-03-24 04:05:03.747904,11,AUDUSD,,,,,,,,0.69666,40.713049286927316,0.002560855669767808,,,,DOWN,DOWN,NORMAL,0,,,,0,,
1722,2026-03-24 04:05:03.747904,11,USDCAD,,,,,,,,1.37544,62.74731161294521,0.0016592090309707917,,,,UP,UP,NORMAL,0,,,,0,,
1723,2026-03-24 04:05:03.747904,11,NZDUSD,,,,,,,,0.58331,47.05510267690597,0.0019232124188746688,,,,DOWN,DOWN,NORMAL,0,,,,0,,
1724,2026-03-24 04:05:03.747904,11,USDCHF,,,,,,,,0.78849,52.783351509058896,0.0015356300545324422,,,,DOWN,UP,NORMAL,0,,,,0,,
1725,2026-03-24 05:05:06.214395,12,EURUSD,,,,,,,,1.1577600000000001,48.699481485197126,0.0022221464646225344,,,,UP,DOWN,NORMAL,0,,,,0,,"[{""name"": ""French Flash Manufacturing PMI"", ""impact"": ""MEDIUM"", ""time"": ""2026-03-24 08:15:00"", ""currency"": ""EUR""}, {""name"": ""French Flash Services PMI"", ""impact"": ""MEDIUM"", ""time"": ""2026-03-24 08:15:00"", ""currency"": ""EUR""}, {""name"": ""German Flash Manufacturing PMI"", ""impact"": ""HIGH"", ""time"": ""2026-03-24 08:30:00"", ""currency"": ""EUR""}, {""name"": ""German Flash Services PMI"", ""impact"": ""HIGH"", ""time"": ""2026-03-24 08:30:00"", ""currency"": ""EUR""}, {""name"": ""Flash Manufacturing PMI"", ""impact"": ""LOW"", ""time"": ""2026-03-24 09:00:00"", ""currency"": ""EUR""}, {""name"": ""Flash Services PMI"", ""impact"": ""LOW"", ""time"": ""2026-03-24 09:00:00"", ""currency"": ""EUR""}]"
1726,2026-03-24 05:05:06.214395,12,GBPUSD,,,,,,,,1.33891,50.1120311800329,0.002814425629855148,,,,UP,DOWN,NORMAL,0,,,,0,,
1727,2026-03-24 05:05:06.214395,12,USDJPY,,,,,,,,158.748,50.670271266335895,0.2370683423496699,,,,DOWN,UP,NORMAL,0,,,,0,,
1728,2026-03-24 05:05:06.214395,12,XAUUSD,,,,,,,,4342.24,43.44676340886127,68.12906216155041,,,,DOWN,DOWN,NORMAL,0,,,,0,,
1729,2026-03-24 05:05:06.214395,12,AUDUSD,,,,,,,,0.69636,39.99853446613025,0.002442937407641534,,,,DOWN,DOWN,NORMAL,0,,,,0,,
1730,2026-03-24 05:05:06.214395,12,USDCAD,,,,,,,,1.37583,64.18713007083849,0.0015812553246769719,,,,UP,UP,NORMAL,0,,,,0,,
1731,2026-03-24 05:05:06.214395,12,NZDUSD,,,,,,,,0.58264,44.80342400258248,0.0018439523481387186,,,,UP,DOWN,NORMAL,0,,,,0,,
1732,2026-03-24 05:05:06.214395,12,USDCHF,,,,,,,,0.78881,54.163281071532346,0.0014745136220658385,,,,DOWN,UP,NORMAL,0,,,,0,,
1733,2026-03-24 06:05:04.139868,13,EURUSD,,,,,,,,1.1586,51.45790788101105,0.0020637895536796337,,,,UP,DOWN,NORMAL,0,,,,0,,"[{""name"": ""French Flash Manufacturing PMI"", ""impact"": ""MEDIUM"", ""time"": ""2026-03-24 08:15:00"", ""currency"": ""EUR""}, {""name"": ""French Flash Services PMI"", ""impact"": ""MEDIUM"", ""time"": ""2026-03-24 08:15:00"", ""currency"": ""EUR""}, {""name"": ""German Flash Manufacturing PMI"", ""impact"": ""HIGH"", ""time"": ""2026-03-24 08:30:00"", ""currency"": ""EUR""}, {""name"": ""German Flash Services PMI"", ""impact"": ""HIGH"", ""time"": ""2026-03-24 08:30:00"", ""currency"": ""EUR""}, {""name"": ""Flash Manufacturing PMI"", ""impact"": ""LOW"", ""time"": ""2026-03-24 09:00:00"", ""currency"": ""EUR""}, {""name"": ""Flash Services PMI"", ""impact"": ""LOW"", ""time"": ""2026-03-24 09:00:00"", ""currency"": ""EUR""}]"
1734,2026-03-24 06:05:04.139868,13,GBPUSD,,,,,,,,1.34098,54.8988601814338,0.002771456452212422,,,,UP,DOWN,NORMAL,0,,,,0,,"[{""name"": ""Flash Manufacturing PMI"", ""impact"": ""HIGH"", ""time"": ""2026-03-24 09:30:00"", ""currency"": ""GBP""}, {""name"": ""Flash Services PMI"", ""impact"": ""HIGH"", ""time"": ""2026-03-24 09:30:00"", ""currency"": ""GBP""}]"
1735,2026-03-24 06:05:04.139868,13,USDJPY,,,,,,,,158.638,47.47585194130508,0.23985427707979498,,,,DOWN,UP,NORMAL,0,,,,0,,
1736,2026-03-24 06:05:04.139868,13,XAUUSD,,,,,,,,4357.6,45.62769456746888,63.6871505372552,,,,DOWN,DOWN,NORMAL,0,,,,0,,
1737,2026-03-24 06:05:04.139868,13,AUDUSD,,,,,,,,0.69634,39.91237388072984,0.0023681867764834695,,,,DOWN,DOWN,NORMAL,0,,,,0,,
1738,2026-03-24 06:05:04.139868,13,USDCAD,,,,,,,,1.37572,63.81751871809464,0.0015104513729143375,,,,UP,UP,NORMAL,0,,,,0,,
1739,2026-03-24 06:05:04.139868,13,NZDUSD,,,,,,,,0.5825,44.25363449483465,0.0017736700375573875,,,,UP,DOWN,NORMAL,0,,,,0,,
1740,2026-03-24 06:05:04.139868,13,USDCHF,,,,,,,,0.78822,51.24818622680435,0.0014436299959999018,,,,DOWN,UP,NORMAL,0,,,,0,,
1741,2026-03-24 07:05:03.802243,14,EURUSD,,,,,,,,1.15972,55.094307591755474,0.0020234168304576246,,,,UP,DOWN,NORMAL,0,,,,0,,"[{""name"": ""French Flash Manufacturing PMI"", ""impact"": ""MEDIUM"", ""time"": ""2026-03-24 08:15:00"", ""currency"": ""EUR""}, {""name"": ""French Flash Services PMI"", ""impact"": ""MEDIUM"", ""time"": ""2026-03-24 08:15:00"", ""currency"": ""EUR""}, {""name"": ""German Flash Manufacturing PMI"", ""impact"": ""HIGH"", ""time"": ""2026-03-24 08:30:00"", ""currency"": ""EUR""}, {""name"": ""German Flash Services PMI"", ""impact"": ""HIGH"", ""time"": ""2026-03-24 08:30:00"", ""currency"": ""EUR""}, {""name"": ""Flash Manufacturing PMI"", ""impact"": ""LOW"", ""time"": ""2026-03-24 09:00:00"", ""currency"": ""EUR""}, {""name"": ""Flash Services PMI"", ""impact"": ""LOW"", ""time"": ""2026-03-24 09:00:00"", ""currency"": ""EUR""}]"
1742,2026-03-24 07:05:03.802243,14,GBPUSD,,,,,,,,1.34226,57.66328962693577,0.0027186993586870616,,,,UP,DOWN,NORMAL,0,,,,0,,"[{""name"": ""Flash Manufacturing PMI"", ""impact"": ""HIGH"", ""time"": ""2026-03-24 09:30:00"", ""currency"": ""GBP""}, {""name"": ""Flash Services PMI"", ""impact"": ""HIGH"", ""time"": ""2026-03-24 09:30:00"", ""currency"": ""GBP""}, {""name"": ""10-y Bond Auction"", ""impact"": ""LOW"", ""time"": ""2026-03-24 10:33:00"", ""currency"": ""GBP""}, {""name"": ""CBI Realized Sales"", ""impact"": ""LOW"", ""time"": ""2026-03-24 11:00:00"", ""currency"": ""GBP""}]"
1743,2026-03-24 07:05:03.802243,14,USDJPY,,,,,,,,158.584,45.85586645456183,0.2330024409618501,,,,DOWN,UP,NORMAL,0,,,,0,,
1744,2026-03-24 07:05:03.802243,14,XAUUSD,,,,,,,,4408.29,51.187713275041574,63.06235407030836,,,,DOWN,DOWN,NORMAL,0,,,,0,,
1745,2026-03-24 07:05:03.802243,14,AUDUSD,,,,,,,,0.69766,44.53414982016941,0.0023158673128570945,,,,DOWN,DOWN,NORMAL,0,,,,0,,
1746,2026-03-24 07:05:03.802243,14,USDCAD,,,,,,,,1.37588,64.50352363255047,0.0014614905605633065,,,,UP,UP,NORMAL,0,,,,0,,
1747,2026-03-24 07:05:03.802243,14,NZDUSD,,,,,,,,0.58335,47.669610565472055,0.0016983058512012358,,,,UP,DOWN,NORMAL,0,,,,0,,
1748,2026-03-24 07:05:03.802243,14,USDCHF,,,,,,,,0.78794,49.819676058312304,0.0014069931595509341,,,,DOWN,UP,NORMAL,0,,,,0,,
1749,2026-03-24 08:05:03.854234,15,EURUSD,,,,,,,,1.16003,56.04018370582136,0.0021591311161719114,,,,UP,DOWN,NORMAL,0,,,,1,HIGH impact: German Flash Manufacturing PMI (EUR) in 25min,"[{""name"": ""French Flash Manufacturing PMI"", ""impact"": ""MEDIUM"", ""time"": ""2026-03-24 08:15:00"", ""currency"": ""EUR""}, {""name"": ""French Flash Services PMI"", ""impact"": ""MEDIUM"", ""time"": ""2026-03-24 08:15:00"", ""currency"": ""EUR""}, {""name"": ""German Flash Manufacturing PMI"", ""impact"": ""HIGH"", ""time"": ""2026-03-24 08:30:00"", ""currency"": ""EUR""}, {""name"": ""German Flash Services PMI"", ""impact"": ""HIGH"", ""time"": ""2026-03-24 08:30:00"", ""currency"": ""EUR""}, {""name"": ""Flash Manufacturing PMI"", ""impact"": ""LOW"", ""time"": ""2026-03-24 09:00:00"", ""currency"": ""EUR""}, {""name"": ""Flash Services PMI"", ""impact"": ""LOW"", ""time"": ""2026-03-24 09:00:00"", ""currency"": ""EUR""}]"
1750,2026-03-24 08:05:03.854234,15,GBPUSD,,,,,,,,1.34236,57.24817736413944,0.0027483330779645137,,,,UP,DOWN,NORMAL,0,,,,0,,"[{""name"": ""Flash Manufacturing PMI"", ""impact"": ""HIGH"", ""time"": ""2026-03-24 09:30:00"", ""currency"": ""GBP""}, {""name"": ""Flash Services PMI"", ""impact"": ""HIGH"", ""time"": ""2026-03-24 09:30:00"", ""currency"": ""GBP""}, {""name"": ""10-y Bond Auction"", ""impact"": ""LOW"", ""time"": ""2026-03-24 10:33:00"", ""currency"": ""GBP""}, {""name"": ""CBI Realized Sales"", ""impact"": ""LOW"", ""time"": ""2026-03-24 11:00:00"", ""currency"": ""GBP""}]"
1751,2026-03-24 08:05:03.854234,15,USDJPY,,,,,,,,158.459,42.33044329322554,0.23154818497478008,,,,DOWN,UP,NORMAL,0,,,,0,,
1752,2026-03-24 08:05:03.854234,15,XAUUSD,,,,,,,,4406.95,50.91899588543237,60.84958388161286,,,,DOWN,DOWN,NORMAL,0,,,,0,,
1753,2026-03-24 08:05:03.854234,15,AUDUSD,,,,,,,,0.69826,46.622282614866165,0.002448407402755062,,,,DOWN,DOWN,NORMAL,0,,,,0,,
1754,2026-03-24 08:05:03.854234,15,USDCAD,,,,,,,,1.37442,55.29347860494495,0.0015715371531761224,,,,UP,UP,NORMAL,0,,,,0,,
1755,2026-03-24 08:05:03.854234,15,NZDUSD,,,,,,,,0.58449,52.326073118116675,0.0017703146169317648,,,,UP,DOWN,NORMAL,0,,,,0,,
1756,2026-03-24 08:05:03.854234,15,USDCHF,,,,,,,,0.7864,43.258563094794,0.0014490956889707616,,,,DOWN,UP,NORMAL,0,,,,0,,
1757,2026-03-24 09:05:03.821217,16,EURUSD,,,,,,,,1.15923,52.43837350709035,0.0020926181562910895,,,,UP,DOWN,NORMAL,0,,,,0,,"[{""name"": ""French Flash Manufacturing PMI"", ""impact"": ""MEDIUM"", ""time"": ""2026-03-24 08:15:00"", ""currency"": ""EUR""}, {""name"": ""French Flash Services PMI"", ""impact"": ""MEDIUM"", ""time"": ""2026-03-24 08:15:00"", ""currency"": ""EUR""}, {""name"": ""German Flash Manufacturing PMI"", ""impact"": ""HIGH"", ""time"": ""2026-03-24 08:30:00"", ""currency"": ""EUR""}, {""name"": ""German Flash Services PMI"", ""impact"": ""HIGH"", ""time"": ""2026-03-24 08:30:00"", ""currency"": ""EUR""}, {""name"": ""Flash Manufacturing PMI"", ""impact"": ""LOW"", ""time"": ""2026-03-24 09:00:00"", ""currency"": ""EUR""}, {""name"": ""Flash Services PMI"", ""impact"": ""LOW"", ""time"": ""2026-03-24 09:00:00"", ""currency"": ""EUR""}, {""name"": ""ADP Weekly Employment Change"", ""impact"": ""LOW"", ""time"": ""2026-03-24 12:15:00"", ""currency"": ""USD""}, {""name"": ""Revised Nonfarm Productivity q/q"", ""impact"": ""LOW"", ""time"": ""2026-03-24 12:30:00"", ""currency"": ""USD""}, {""name"": ""Revised Unit Labor Costs q/q"", ""impact"": ""LOW"", ""time"": ""2026-03-24 12:30:00"", ""currency"": ""USD""}]"
1758,2026-03-24 09:05:03.821217,16,GBPUSD,,,,,,,,1.33936,50.03032738982356,0.002818758266273172,,,,UP,DOWN,NORMAL,0,,,,1,HIGH impact: Flash Manufacturing PMI (GBP) in 25min,"[{""name"": ""Flash Manufacturing PMI"", ""impact"": ""HIGH"", ""time"": ""2026-03-24 09:30:00"", ""currency"": ""GBP""}, {""name"": ""Flash Services PMI"", ""impact"": ""HIGH"", ""time"": ""2026-03-24 09:30:00"", ""currency"": ""GBP""}, {""name"": ""10-y Bond Auction"", ""impact"": ""LOW"", ""time"": ""2026-03-24 10:33:00"", ""currency"": ""GBP""}, {""name"": ""CBI Realized Sales"", ""impact"": ""LOW"", ""time"": ""2026-03-24 11:00:00"", ""currency"": ""GBP""}, {""name"": ""ADP Weekly Employment Change"", ""impact"": ""LOW"", ""time"": ""2026-03-24 12:15:00"", ""currency"": ""USD""}, {""name"": ""Revised Nonfarm Productivity q/q"", ""impact"": ""LOW"", ""time"": ""2026-03-24 12:30:00"", ""currency"": ""USD""}, {""name"": ""Revised Unit Labor Costs q/q"", ""impact"": ""LOW"", ""time"": ""2026-03-24 12:30:00"", ""currency"": ""USD""}]"
1759,2026-03-24 09:05:03.821217,16,USDJPY,,,,,,,,158.64,48.31637380066653,0.22989678400719363,,,,DOWN,UP,NORMAL,0,,,,0,,"[{""name"": ""ADP Weekly Employment Change"", ""impact"": ""LOW"", ""time"": ""2026-03-24 12:15:00"", ""currency"": ""USD""}, {""name"": ""Revised Nonfarm Productivity q/q"", ""impact"": ""LOW"", ""time"": ""2026-03-24 12:30:00"", ""currency"": ""USD""}, {""name"": ""Revised Unit Labor Costs q/q"", ""impact"": ""LOW"", ""time"": ""2026-03-24 12:30:00"", ""currency"": ""USD""}]"
1760,2026-03-24 09:05:03.821217,16,XAUUSD,,,,,,,,4413.4,51.660483132535305,58.259613604354854,,,,DOWN,DOWN,NORMAL,0,,,,0,,"[{""name"": ""ADP Weekly Employment Change"", ""impact"": ""LOW"", ""time"": ""2026-03-24 12:15:00"", ""currency"": ""USD""}, {""name"": ""Revised Nonfarm Productivity q/q"", ""impact"": ""LOW"", ""time"": ""2026-03-24 12:30:00"", ""currency"": ""USD""}, {""name"": ""Revised Unit Labor Costs q/q"", ""impact"": ""LOW"", ""time"": ""2026-03-24 12:30:00"", ""currency"": ""USD""}]"
1761,2026-03-24 09:05:03.821217,16,AUDUSD,,,,,,,,0.69695,42.95683020352739,0.0024435211597011244,,,,DOWN,DOWN,NORMAL,0,,,,0,,
1762,2026-03-24 09:05:03.821217,16,USDCAD,,,,,,,,1.37517,58.43123006176993,0.0015599987850921074,,,,UP,UP,NORMAL,0,,,,0,,
1763,2026-03-24 09:05:03.821217,16,NZDUSD,,,,,,,,0.58283,45.79411717066068,0.0018031492871509213,,,,UP,DOWN,NORMAL,0,,,,0,,
1764,2026-03-24 09:05:03.821217,16,USDCHF,,,,,,,,0.78693,46.010017716992444,0.00144109905812592,,,,DOWN,UP,NORMAL,0,,,,0,,
1765,2026-03-24 10:05:03.851627,17,EURUSD,,,,,,,,1.1592500000000001,52.37589087632843,0.0020804923696172246,,,,UP,DOWN,NORMAL,0,,,,0,,"[{""name"": ""ADP Weekly Employment Change"", ""impact"": ""LOW"", ""time"": ""2026-03-24 12:15:00"", ""currency"": ""USD""}, {""name"": ""Revised Nonfarm Productivity q/q"", ""impact"": ""LOW"", ""time"": ""2026-03-24 12:30:00"", ""currency"": ""USD""}, {""name"": ""Revised Unit Labor Costs q/q"", ""impact"": ""LOW"", ""time"": ""2026-03-24 12:30:00"", ""currency"": ""USD""}, {""name"": ""Flash Manufacturing PMI"", ""impact"": ""HIGH"", ""time"": ""2026-03-24 13:45:00"", ""currency"": ""USD""}, {""name"": ""Flash Services PMI"", ""impact"": ""HIGH"", ""time"": ""2026-03-24 13:45:00"", ""currency"": ""USD""}, {""name"": ""Richmond Manufacturing Index"", ""impact"": ""MEDIUM"", ""time"": ""2026-03-24 14:00:00"", ""currency"": ""USD""}]"
1766,2026-03-24 10:05:03.851627,17,GBPUSD,,,,,,,,1.33995,51.22164571452414,0.0028110918594985703,,,,UP,DOWN,NORMAL,0,,,,0,,"[{""name"": ""Flash Manufacturing PMI"", ""impact"": ""HIGH"", ""time"": ""2026-03-24 09:30:00"", ""currency"": ""GBP""}, {""name"": ""Flash Services PMI"", ""impact"": ""HIGH"", ""time"": ""2026-03-24 09:30:00"", ""currency"": ""GBP""}, {""name"": ""10-y Bond Auction"", ""impact"": ""LOW"", ""time"": ""2026-03-24 10:33:00"", ""currency"": ""GBP""}, {""name"": ""CBI Realized Sales"", ""impact"": ""LOW"", ""time"": ""2026-03-24 11:00:00"", ""currency"": ""GBP""}, {""name"": ""ADP Weekly Employment Change"", ""impact"": ""LOW"", ""time"": ""2026-03-24 12:15:00"", ""currency"": ""USD""}, {""name"": ""Revised Nonfarm Productivity q/q"", ""impact"": ""LOW"", ""time"": ""2026-03-24 12:30:00"", ""currency"": ""USD""}, {""name"": ""Revised Unit Labor Costs q/q"", ""impact"": ""LOW"", ""time"": ""2026-03-24 12:30:00"", ""currency"": ""USD""}, {""name"": ""MPC Member Pill Speaks"", ""impact"": ""LOW"", ""time"": ""2026-03-24 13:25:00"", ""currency"": ""GBP""}, {""name"": ""Flash Manufacturing PMI"", ""impact"": ""HIGH"", ""time"": ""2026-03-24 13:45:00"", ""currency"": ""USD""}, {""name"": ""Flash Services PMI"", ""impact"": ""HIGH"", ""time"": ""2026-03-24 13:45:00"", ""currency"": ""USD""}, {""name"": ""Richmond Manufacturing Index"", ""impact"": ""MEDIUM"", ""time"": ""2026-03-24 14:00:00"", ""currency"": ""USD""}]"
1767,2026-03-24 10:05:03.851627,17,USDJPY,,,,,,,,158.709,50.6736153802734,0.226802115761783,,,,DOWN,UP,NORMAL,0,,,,0,,"[{""name"": ""ADP Weekly Employment Change"", ""impact"": ""LOW"", ""time"": ""2026-03-24 12:15:00"", ""currency"": ""USD""}, {""name"": ""Revised Nonfarm Productivity q/q"", ""impact"": ""LOW"", ""time"": ""2026-03-24 12:30:00"", ""currency"": ""USD""}, {""name"": ""Revised Unit Labor Costs q/q"", ""impact"": ""LOW"", ""time"": ""2026-03-24 12:30:00"", ""currency"": ""USD""}, {""name"": ""Flash Manufacturing PMI"", ""impact"": ""HIGH"", ""time"": ""2026-03-24 13:45:00"", ""currency"": ""USD""}, {""name"": ""Flash Services PMI"", ""impact"": ""HIGH"", ""time"": ""2026-03-24 13:45:00"", ""currency"": ""USD""}, {""name"": ""Richmond Manufacturing Index"", ""impact"": ""MEDIUM"", ""time"": ""2026-03-24 14:00:00"", ""currency"": ""USD""}]"
1768,2026-03-24 10:05:03.851627,17,XAUUSD,,,,,,,,4420.43,52.3424531502912,56.62015140812543,,,,DOWN,DOWN,NORMAL,0,,,,0,,"[{""name"": ""ADP Weekly Employment Change"", ""impact"": ""LOW"", ""time"": ""2026-03-24 12:15:00"", ""currency"": ""USD""}, {""name"": ""Revised Nonfarm Productivity q/q"", ""impact"": ""LOW"", ""time"": ""2026-03-24 12:30:00"", ""currency"": ""USD""}, {""name"": ""Revised Unit Labor Costs q/q"", ""impact"": ""LOW"", ""time"": ""2026-03-24 12:30:00"", ""currency"": ""USD""}, {""name"": ""Flash Manufacturing PMI"", ""impact"": ""HIGH"", ""time"": ""2026-03-24 13:45:00"", ""currency"": ""USD""}, {""name"": ""Flash Services PMI"", ""impact"": ""HIGH"", ""time"": ""2026-03-24 13:45:00"", ""currency"": ""USD""}, {""name"": ""Richmond Manufacturing Index"", ""impact"": ""MEDIUM"", ""time"": ""2026-03-24 14:00:00"", ""currency"": ""USD""}]"
1769,2026-03-24 10:05:03.851627,17,AUDUSD,,,,,,,,0.69608,40.808655755859355,0.002402606382987773,,,,DOWN,DOWN,NORMAL,0,,,,0,,
1770,2026-03-24 10:05:03.851627,17,USDCAD,,,,,,,,1.3743699999999999,54.21101871346662,0.0015285703004426718,,,,UP,UP,NORMAL,0,,,,0,,
1771,2026-03-24 10:05:03.851627,17,NZDUSD,,,,,,,,0.58188,42.71061747048668,0.001779914133987081,,,,UP,DOWN,NORMAL,0,,,,0,,
1772,2026-03-24 10:05:03.851627,17,USDCHF,,,,,,,,0.78673,45.420044601552036,0.0014289287172393784,,,,DOWN,UP,NORMAL,0,,,,0,,
1773,2026-03-24 11:05:04.441335,18,EURUSD,,,,,,,,1.15914,51.982961267167596,0.0020008653636241452,,,,UP,DOWN,NORMAL,0,,,,0,,"[{""name"": ""ADP Weekly Employment Change"", ""impact"": ""LOW"", ""time"": ""2026-03-24 12:15:00"", ""currency"": ""USD""}, {""name"": ""Revised Nonfarm Productivity q/q"", ""impact"": ""LOW"", ""time"": ""2026-03-24 12:30:00"", ""currency"": ""USD""}, {""name"": ""Revised Unit Labor Costs q/q"", ""impact"": ""LOW"", ""time"": ""2026-03-24 12:30:00"", ""currency"": ""USD""}, {""name"": ""Flash Manufacturing PMI"", ""impact"": ""HIGH"", ""time"": ""2026-03-24 13:45:00"", ""currency"": ""USD""}, {""name"": ""Flash Services PMI"", ""impact"": ""HIGH"", ""time"": ""2026-03-24 13:45:00"", ""currency"": ""USD""}, {""name"": ""Richmond Manufacturing Index"", ""impact"": ""MEDIUM"", ""time"": ""2026-03-24 14:00:00"", ""currency"": ""USD""}, {""name"": ""German Buba President Nagel Speaks"", ""impact"": ""LOW"", ""time"": ""2026-03-24 15:00:00"", ""currency"": ""EUR""}]"
1774,2026-03-24 11:05:04.441335,18,GBPUSD,,,,,,,,1.34033,52.02764568356992,0.0027017281552486672,,,,UP,DOWN,NORMAL,0,,,,0,,"[{""name"": ""10-y Bond Auction"", ""impact"": ""LOW"", ""time"": ""2026-03-24 10:33:00"", ""currency"": ""GBP""}, {""name"": ""CBI Realized Sales"", ""impact"": ""LOW"", ""time"": ""2026-03-24 11:00:00"", ""currency"": ""GBP""}, {""name"": ""ADP Weekly Employment Change"", ""impact"": ""LOW"", ""time"": ""2026-03-24 12:15:00"", ""currency"": ""USD""}, {""name"": ""Revised Nonfarm Productivity q/q"", ""impact"": ""LOW"", ""time"": ""2026-03-24 12:30:00"", ""currency"": ""USD""}, {""name"": ""Revised Unit Labor Costs q/q"", ""impact"": ""LOW"", ""time"": ""2026-03-24 12:30:00"", ""currency"": ""USD""}, {""name"": ""MPC Member Pill Speaks"", ""impact"": ""LOW"", ""time"": ""2026-03-24 13:25:00"", ""currency"": ""GBP""}, {""name"": ""Flash Manufacturing PMI"", ""impact"": ""HIGH"", ""time"": ""2026-03-24 13:45:00"", ""currency"": ""USD""}, {""name"": ""Flash Services PMI"", ""impact"": ""HIGH"", ""time"": ""2026-03-24 13:45:00"", ""currency"": ""USD""}, {""name"": ""Richmond Manufacturing Index"", ""impact"": ""MEDIUM"", ""time"": ""2026-03-24 14:00:00"", ""currency"": ""USD""}]"
1775,2026-03-24 11:05:04.441335,18,USDJPY,,,,,,,,158.69,50.05202346377553,0.22058665851349146,,,,DOWN,UP,NORMAL,0,,,,0,,"[{""name"": ""ADP Weekly Employment Change"", ""impact"": ""LOW"", ""time"": ""2026-03-24 12:15:00"", ""currency"": ""USD""}, {""name"": ""Revised Nonfarm Productivity q/q"", ""impact"": ""LOW"", ""time"": ""2026-03-24 12:30:00"", ""currency"": ""USD""}, {""name"": ""Revised Unit Labor Costs q/q"", ""impact"": ""LOW"", ""time"": ""2026-03-24 12:30:00"", ""currency"": ""USD""}, {""name"": ""Flash Manufacturing PMI"", ""impact"": ""HIGH"", ""time"": ""2026-03-24 13:45:00"", ""currency"": ""USD""}, {""name"": ""Flash Services PMI"", ""impact"": ""HIGH"", ""time"": ""2026-03-24 13:45:00"", ""currency"": ""USD""}, {""name"": ""Richmond Manufacturing Index"", ""impact"": ""MEDIUM"", ""time"": ""2026-03-24 14:00:00"", ""currency"": ""USD""}]"
1776,2026-03-24 11:05:04.441335,18,XAUUSD,,,,,,,,4410.07,50.96733544508686,53.37039569530012,,,,DOWN,DOWN,NORMAL,0,,,,0,,"[{""name"": ""ADP Weekly Employment Change"", ""impact"": ""LOW"", ""time"": ""2026-03-24 12:15:00"", ""currency"": ""USD""}, {""name"": ""Revised Nonfarm Productivity q/q"", ""impact"": ""LOW"", ""time"": ""2026-03-24 12:30:00"", ""currency"": ""USD""}, {""name"": ""Revised Unit Labor Costs q/q"", ""impact"": ""LOW"", ""time"": ""2026-03-24 12:30:00"", ""currency"": ""USD""}, {""name"": ""Flash Manufacturing PMI"", ""impact"": ""HIGH"", ""time"": ""2026-03-24 13:45:00"", ""currency"": ""USD""}, {""name"": ""Flash Services PMI"", ""impact"": ""HIGH"", ""time"": ""2026-03-24 13:45:00"", ""currency"": ""USD""}, {""name"": ""Richmond Manufacturing Index"", ""impact"": ""MEDIUM"", ""time"": ""2026-03-24 14:00:00"", ""currency"": ""USD""}]"
1777,2026-03-24 11:05:04.441335,18,AUDUSD,,,,,,,,0.69675,43.27290920904344,0.0023886447025702785,,,,DOWN,DOWN,NORMAL,0,,,,0,,
1778,2026-03-24 11:05:04.441335,18,USDCAD,,,,,,,,1.37356,49.65345462785839,0.0015423969116355356,,,,UP,UP,NORMAL,1,SELL,ACTIVE,,0,,
1779,2026-03-24 11:05:04.441335,18,NZDUSD,,,,,,,,0.58359,49.47491428500811,0.0016907058458503807,,,,UP,DOWN,NORMAL,0,,,,0,,
1780,2026-03-24 11:05:04.441335,18,USDCHF,,,,,,,,0.78758,49.493196334668845,0.0014374746251916617,,,,DOWN,UP,NORMAL,0,,,,0,,
1781,2026-03-24 12:05:21.950910,19,EURUSD,,,,,,,,1.15901,51.5034584560729,0.002005307925114577,,,,UP,DOWN,NORMAL,0,,,,0,,"[{""name"": ""ADP Weekly Employment Change"", ""impact"": ""LOW"", ""time"": ""2026-03-24 12:15:00"", ""currency"": ""USD""}, {""name"": ""Revised Nonfarm Productivity q/q"", ""impact"": ""LOW"", ""time"": ""2026-03-24 12:30:00"", ""currency"": ""USD""}, {""name"": ""Revised Unit Labor Costs q/q"", ""impact"": ""LOW"", ""time"": ""2026-03-24 12:30:00"", ""currency"": ""USD""}, {""name"": ""Flash Manufacturing PMI"", ""impact"": ""HIGH"", ""time"": ""2026-03-24 13:45:00"", ""currency"": ""USD""}, {""name"": ""Flash Services PMI"", ""impact"": ""HIGH"", ""time"": ""2026-03-24 13:45:00"", ""currency"": ""USD""}, {""name"": ""Richmond Manufacturing Index"", ""impact"": ""MEDIUM"", ""time"": ""2026-03-24 14:00:00"", ""currency"": ""USD""}, {""name"": ""German Buba President Nagel Speaks"", ""impact"": ""LOW"", ""time"": ""2026-03-24 15:00:00"", ""currency"": ""EUR""}]"
1782,2026-03-24 12:05:21.950910,19,GBPUSD,,,,,,,,1.33932,49.55618333773715,0.0026948700217104987,,,,UP,DOWN,NORMAL,0,,,,0,,"[{""name"": ""ADP Weekly Employment Change"", ""impact"": ""LOW"", ""time"": ""2026-03-24 12:15:00"", ""currency"": ""USD""}, {""name"": ""Revised Nonfarm Productivity q/q"", ""impact"": ""LOW"", ""time"": ""2026-03-24 12:30:00"", ""currency"": ""USD""}, {""name"": ""Revised Unit Labor Costs q/q"", ""impact"": ""LOW"", ""time"": ""2026-03-24 12:30:00"", ""currency"": ""USD""}, {""name"": ""MPC Member Pill Speaks"", ""impact"": ""LOW"", ""time"": ""2026-03-24 13:25:00"", ""currency"": ""GBP""}, {""name"": ""Flash Manufacturing PMI"", ""impact"": ""HIGH"", ""time"": ""2026-03-24 13:45:00"", ""currency"": ""USD""}, {""name"": ""Flash Services PMI"", ""impact"": ""HIGH"", ""time"": ""2026-03-24 13:45:00"", ""currency"": ""USD""}, {""name"": ""Richmond Manufacturing Index"", ""impact"": ""MEDIUM"", ""time"": ""2026-03-24 14:00:00"", ""currency"": ""USD""}]"
1783,2026-03-24 12:05:21.950910,19,USDJPY,,,,,,,,158.728,51.1915154980735,0.21865189719109906,,,,DOWN,UP,NORMAL,0,,,,0,,"[{""name"": ""ADP Weekly Employment Change"", ""impact"": ""LOW"", ""time"": ""2026-03-24 12:15:00"", ""currency"": ""USD""}, {""name"": ""Revised Nonfarm Productivity q/q"", ""impact"": ""LOW"", ""time"": ""2026-03-24 12:30:00"", ""currency"": ""USD""}, {""name"": ""Revised Unit Labor Costs q/q"", ""impact"": ""LOW"", ""time"": ""2026-03-24 12:30:00"", ""currency"": ""USD""}, {""name"": ""Flash Manufacturing PMI"", ""impact"": ""HIGH"", ""time"": ""2026-03-24 13:45:00"", ""currency"": ""USD""}, {""name"": ""Flash Services PMI"", ""impact"": ""HIGH"", ""time"": ""2026-03-24 13:45:00"", ""currency"": ""USD""}, {""name"": ""Richmond Manufacturing Index"", ""impact"": ""MEDIUM"", ""time"": ""2026-03-24 14:00:00"", ""currency"": ""USD""}]"
1784,2026-03-24 12:05:21.950910,19,XAUUSD,,,,,,,,4406.63,50.09213375928685,55.68487909315765,,,,DOWN,DOWN,NORMAL,0,,,,0,,"[{""name"": ""ADP Weekly Employment Change"", ""impact"": ""LOW"", ""time"": ""2026-03-24 12:15:00"", ""currency"": ""USD""}, {""name"": ""Revised Nonfarm Productivity q/q"", ""impact"": ""LOW"", ""time"": ""2026-03-24 12:30:00"", ""currency"": ""USD""}, {""name"": ""Revised Unit Labor Costs q/q"", ""impact"": ""LOW"", ""time"": ""2026-03-24 12:30:00"", ""currency"": ""USD""}, {""name"": ""Flash Manufacturing PMI"", ""impact"": ""HIGH"", ""time"": ""2026-03-24 13:45:00"", ""currency"": ""USD""}, {""name"": ""Flash Services PMI"", ""impact"": ""HIGH"", ""time"": ""2026-03-24 13:45:00"", ""currency"": ""USD""}, {""name"": ""Richmond Manufacturing Index"", ""impact"": ""MEDIUM"", ""time"": ""2026-03-24 14:00:00"", ""currency"": ""USD""}]"
1785,2026-03-24 12:05:21.950910,19,AUDUSD,,,,,,,,0.6963,42.062145939778425,0.0022739844629304953,,,,DOWN,DOWN,NORMAL,0,,,,0,,
1786,2026-03-24 12:05:21.950910,19,USDCAD,,,,,,,,1.37506,56.935927171510336,0.0014967606023796188,,,,UP,UP,NORMAL,0,,,,0,,
1787,2026-03-24 12:05:21.950910,19,NZDUSD,,,,,,,,0.58274,45.96941053109848,0.0016902472650243213,,,,UP,DOWN,NORMAL,0,,,,0,,
1788,2026-03-24 12:05:21.950910,19,USDCHF,,,,,,,,0.78745,48.85538759706949,0.0014173488866575667,,,,DOWN,UP,NORMAL,0,,,,0,,"[{""name"": ""Gov Board Member Tschudin Speaks"", ""impact"": ""LOW"", ""time"": ""2026-03-24 15:15:00"", ""currency"": ""CHF""}]"
1789,2026-03-24 13:05:05.775230,20,EURUSD,,,,,,,,1.15854,49.74527607287642,0.0020538793536860065,,,,UP,DOWN,NORMAL,0,,,,0,,"[{""name"": ""ADP Weekly Employment Change"", ""impact"": ""LOW"", ""time"": ""2026-03-24 12:15:00"", ""currency"": ""USD""}, {""name"": ""Revised Nonfarm Productivity q/q"", ""impact"": ""LOW"", ""time"": ""2026-03-24 12:30:00"", ""currency"": ""USD""}, {""name"": ""Revised Unit Labor Costs q/q"", ""impact"": ""LOW"", ""time"": ""2026-03-24 12:30:00"", ""currency"": ""USD""}, {""name"": ""Flash Manufacturing PMI"", ""impact"": ""HIGH"", ""time"": ""2026-03-24 13:45:00"", ""currency"": ""USD""}, {""name"": ""Flash Services PMI"", ""impact"": ""HIGH"", ""time"": ""2026-03-24 13:45:00"", ""currency"": ""USD""}, {""name"": ""Richmond Manufacturing Index"", ""impact"": ""MEDIUM"", ""time"": ""2026-03-24 14:00:00"", ""currency"": ""USD""}, {""name"": ""German Buba President Nagel Speaks"", ""impact"": ""LOW"", ""time"": ""2026-03-24 15:00:00"", ""currency"": ""EUR""}]"
1790,2026-03-24 13:05:05.775230,20,GBPUSD,,,,,,,,1.3392,49.254567177854604,0.002607991550772015,,,,UP,DOWN,NORMAL,0,,,,0,,"[{""name"": ""ADP Weekly Employment Change"", ""impact"": ""LOW"", ""time"": ""2026-03-24 12:15:00"", ""currency"": ""USD""}, {""name"": ""Revised Nonfarm Productivity q/q"", ""impact"": ""LOW"", ""time"": ""2026-03-24 12:30:00"", ""currency"": ""USD""}, {""name"": ""Revised Unit Labor Costs q/q"", ""impact"": ""LOW"", ""time"": ""2026-03-24 12:30:00"", ""currency"": ""USD""}, {""name"": ""MPC Member Pill Speaks"", ""impact"": ""LOW"", ""time"": ""2026-03-24 13:25:00"", ""currency"": ""GBP""}, {""name"": ""Flash Manufacturing PMI"", ""impact"": ""HIGH"", ""time"": ""2026-03-24 13:45:00"", ""currency"": ""USD""}, {""name"": ""Flash Services PMI"", ""impact"": ""HIGH"", ""time"": ""2026-03-24 13:45:00"", ""currency"": ""USD""}, {""name"": ""Richmond Manufacturing Index"", ""impact"": ""MEDIUM"", ""time"": ""2026-03-24 14:00:00"", ""currency"": ""USD""}]"
1791,2026-03-24 13:05:05.775230,20,USDJPY,,,,,,,,158.774,52.595748669707355,0.21403900657540811,,,,DOWN,UP,NORMAL,0,,,,0,,"[{""name"": ""ADP Weekly Employment Change"", ""impact"": ""LOW"", ""time"": ""2026-03-24 12:15:00"", ""currency"": ""USD""}, {""name"": ""Revised Nonfarm Productivity q/q"", ""impact"": ""LOW"", ""time"": ""2026-03-24 12:30:00"", ""currency"": ""USD""}, {""name"": ""Revised Unit Labor Costs q/q"", ""impact"": ""LOW"", ""time"": ""2026-03-24 12:30:00"", ""currency"": ""USD""}, {""name"": ""Flash Manufacturing PMI"", ""impact"": ""HIGH"", ""time"": ""2026-03-24 13:45:00"", ""currency"": ""USD""}, {""name"": ""Flash Services PMI"", ""impact"": ""HIGH"", ""time"": ""2026-03-24 13:45:00"", ""currency"": ""USD""}, {""name"": ""Richmond Manufacturing Index"", ""impact"": ""MEDIUM"", ""time"": ""2026-03-24 14:00:00"", ""currency"": ""USD""}]"
1792,2026-03-24 13:05:05.775230,20,XAUUSD,,,,,,,,4386.23,47.73744815479665,57.937021950300554,,,,DOWN,DOWN,NORMAL,0,,,,0,,"[{""name"": ""ADP Weekly Employment Change"", ""impact"": ""LOW"", ""time"": ""2026-03-24 12:15:00"", ""currency"": ""USD""}, {""name"": ""Revised Nonfarm Productivity q/q"", ""impact"": ""LOW"", ""time"": ""2026-03-24 12:30:00"", ""currency"": ""USD""}, {""name"": ""Revised Unit Labor Costs q/q"", ""impact"": ""LOW"", ""time"": ""2026-03-24 12:30:00"", ""currency"": ""USD""}, {""name"": ""Flash Manufacturing PMI"", ""impact"": ""HIGH"", ""time"": ""2026-03-24 13:45:00"", ""currency"": ""USD""}, {""name"": ""Flash Services PMI"", ""impact"": ""HIGH"", ""time"": ""2026-03-24 13:45:00"", ""currency"": ""USD""}, {""name"": ""Richmond Manufacturing Index"", ""impact"": ""MEDIUM"", ""time"": ""2026-03-24 14:00:00"", ""currency"": ""USD""}]"
1793,2026-03-24 13:05:05.775230,20,AUDUSD,,,,,,,,0.6958,40.73466182917153,0.0023254130343590704,,,,DOWN,DOWN,NORMAL,0,,,,0,,
1794,2026-03-24 13:05:05.775230,20,USDCAD,,,,,,,,1.37531,57.98961739854442,0.001538189173808192,,,,UP,UP,NORMAL,0,,,,0,,
1795,2026-03-24 13:05:05.775230,20,NZDUSD,,,,,,,,0.58234,44.502513218122786,0.0017302472650243216,,,,UP,DOWN,NORMAL,0,,,,0,,
1796,2026-03-24 13:05:05.775230,20,USDCHF,,,,,,,,0.78889,54.97566817433773,0.0015109566192432504,,,,DOWN,UP,NORMAL,0,,,,0,,"[{""name"": ""Gov Board Member Tschudin Speaks"", ""impact"": ""LOW"", ""time"": ""2026-03-24 15:15:00"", ""currency"": ""CHF""}, {""name"": ""SNB Chairman Schlegel Speaks"", ""impact"": ""MEDIUM"", ""time"": ""2026-03-24 17:00:00"", ""currency"": ""CHF""}]"
1797,2026-03-24 14:05:04.594631,21,EURUSD,,,,,,,,1.15856,50.0851620888821,0.002045932416479988,,,,UP,DOWN,NORMAL,0,,,,1,HIGH impact: Flash Manufacturing PMI (USD) 20min ago,"[{""name"": ""Flash Manufacturing PMI"", ""impact"": ""HIGH"", ""time"": ""2026-03-24 13:45:00"", ""currency"": ""USD""}, {""name"": ""Flash Services PMI"", ""impact"": ""HIGH"", ""time"": ""2026-03-24 13:45:00"", ""currency"": ""USD""}, {""name"": ""Richmond Manufacturing Index"", ""impact"": ""MEDIUM"", ""time"": ""2026-03-24 14:00:00"", ""currency"": ""USD""}, {""name"": ""German Buba President Nagel Speaks"", ""impact"": ""LOW"", ""time"": ""2026-03-24 15:00:00"", ""currency"": ""EUR""}]"
1798,2026-03-24 14:05:04.594631,21,GBPUSD,,,,,,,,1.33865,48.23601491526441,0.0026483390930638283,,,,UP,DOWN,NORMAL,0,,,,1,HIGH impact: Flash Manufacturing PMI (USD) 20min ago,"[{""name"": ""MPC Member Pill Speaks"", ""impact"": ""LOW"", ""time"": ""2026-03-24 13:25:00"", ""currency"": ""GBP""}, {""name"": ""Flash Manufacturing PMI"", ""impact"": ""HIGH"", ""time"": ""2026-03-24 13:45:00"", ""currency"": ""USD""}, {""name"": ""Flash Services PMI"", ""impact"": ""HIGH"", ""time"": ""2026-03-24 13:45:00"", ""currency"": ""USD""}, {""name"": ""Richmond Manufacturing Index"", ""impact"": ""MEDIUM"", ""time"": ""2026-03-24 14:00:00"", ""currency"": ""USD""}]"
1799,2026-03-24 14:05:04.594631,21,USDJPY,,,,,,,,158.755,51.73178844008196,0.21026581222818583,,,,DOWN,UP,NORMAL,0,,,,1,HIGH impact: Flash Manufacturing PMI (USD) 20min ago,"[{""name"": ""Flash Manufacturing PMI"", ""impact"": ""HIGH"", ""time"": ""2026-03-24 13:45:00"", ""currency"": ""USD""}, {""name"": ""Flash Services PMI"", ""impact"": ""HIGH"", ""time"": ""2026-03-24 13:45:00"", ""currency"": ""USD""}, {""name"": ""Richmond Manufacturing Index"", ""impact"": ""MEDIUM"", ""time"": ""2026-03-24 14:00:00"", ""currency"": ""USD""}]"
1800,2026-03-24 14:05:04.594631,21,XAUUSD,,,,,,,,4396.9,49.42686633371504,54.421247789508385,,,,DOWN,DOWN,NORMAL,0,,,,1,HIGH impact: Flash Manufacturing PMI (USD) 20min ago,"[{""name"": ""Flash Manufacturing PMI"", ""impact"": ""HIGH"", ""time"": ""2026-03-24 13:45:00"", ""currency"": ""USD""}, {""name"": ""Flash Services PMI"", ""impact"": ""HIGH"", ""time"": ""2026-03-24 13:45:00"", ""currency"": ""USD""}, {""name"": ""Richmond Manufacturing Index"", ""impact"": ""MEDIUM"", ""time"": ""2026-03-24 14:00:00"", ""currency"": ""USD""}]"
1801,2026-03-24 14:05:04.594631,21,AUDUSD,,,,,,,,0.69556,40.11335768828878,0.002321403940068114,,,,DOWN,DOWN,NORMAL,0,,,,0,,
1802,2026-03-24 14:05:04.594631,21,USDCAD,,,,,,,,1.37565,59.24390139053493,0.001625257294046371,,,,UP,UP,NORMAL,1,BUY,ACTIVE,,0,,
1803,2026-03-24 14:05:04.594631,21,NZDUSD,,,,,,,,0.58166,42.016927419013925,0.0017358928685429925,,,,UP,DOWN,NORMAL,0,,,,0,,
1804,2026-03-24 14:05:04.594631,21,USDCHF,,,,,,,,0.79036,60.179120284527016,0.0015767046158279103,,,,DOWN,UP,NORMAL,0,,,,0,,"[{""name"": ""Gov Board Member Tschudin Speaks"", ""impact"": ""LOW"", ""time"": ""2026-03-24 15:15:00"", ""currency"": ""CHF""}, {""name"": ""SNB Chairman Schlegel Speaks"", ""impact"": ""MEDIUM"", ""time"": ""2026-03-24 17:00:00"", ""currency"": ""CHF""}]"
1805,2026-03-24 15:05:03.710957,22,EURUSD,,,,,,,,1.15911,52.06788290142675,0.002116646702194277,,,,UP,DOWN,NORMAL,0,,,,0,,"[{""name"": ""German Buba President Nagel Speaks"", ""impact"": ""LOW"", ""time"": ""2026-03-24 15:00:00"", ""currency"": ""EUR""}]"
1806,2026-03-24 15:05:03.710957,22,GBPUSD,,,,,,,,1.3394300000000001,50.10166912144464,0.0028021822190694512,,,,UP,DOWN,NORMAL,0,,,,0,,
1807,2026-03-24 15:05:03.710957,22,USDJPY,,,,,,,,158.701,49.57336275414133,0.21277743788535522,,,,DOWN,UP,NORMAL,0,,,,0,,
1808,2026-03-24 15:05:03.710957,22,XAUUSD,,,,,,,,4409.77,51.029276987475775,54.13034233515581,,,,DOWN,DOWN,NORMAL,0,,,,0,,
1809,2026-03-24 15:05:03.710957,22,AUDUSD,,,,,,,,0.69724,46.369992119862545,0.0022520179443489604,,,,DOWN,DOWN,NORMAL,0,,,,0,,
1810,2026-03-24 15:05:03.710957,22,USDCAD,,,,,,,,1.3738299999999999,50.34508176872623,0.0016622287118185737,,,,UP,UP,NORMAL,0,,,,0,,
1811,2026-03-24 15:05:03.710957,22,NZDUSD,,,,,,,,0.58292,47.529944195193686,0.0016983801126266482,,,,UP,DOWN,NORMAL,0,,,,0,,
1812,2026-03-24 15:05:03.710957,22,USDCHF,,,,,,,,0.79076,61.95064196934628,0.0015857155106157252,,,,DOWN,UP,NORMAL,0,,,,0,,"[{""name"": ""Gov Board Member Tschudin Speaks"", ""impact"": ""LOW"", ""time"": ""2026-03-24 15:15:00"", ""currency"": ""CHF""}, {""name"": ""SNB Chairman Schlegel Speaks"", ""impact"": ""MEDIUM"", ""time"": ""2026-03-24 17:00:00"", ""currency"": ""CHF""}]"
1813,2026-03-24 16:05:03.622970,23,EURUSD,,,,,,,,1.15878,50.83566843581656,0.0021340801010171348,,,,UP,DOWN,NORMAL,0,,,,0,,
1814,2026-03-24 16:05:03.622970,23,GBPUSD,,,,,,,,1.33799,46.72880130210784,0.0027748834891359177,,,,UP,DOWN,NORMAL,0,,,,0,,
1815,2026-03-24 16:05:03.622970,23,USDJPY,,,,,,,,158.906,56.959647482899996,0.21490047803640352,,,,DOWN,UP,NORMAL,0,,,,0,,
1816,2026-03-24 16:05:03.622970,23,XAUUSD,,,,,,,,4405.58,50.39249967391937,52.13200155611399,,,,DOWN,DOWN,NORMAL,0,,,,0,,
1817,2026-03-24 16:05:03.622970,23,AUDUSD,,,,,,,,0.69674,44.606707484825556,0.0023109554381199444,,,,DOWN,DOWN,NORMAL,0,,,,0,,
1818,2026-03-24 16:05:03.622970,23,USDCAD,,,,,,,,1.37657,63.5040546268533,0.0016316957478727323,,,,UP,UP,NORMAL,0,,,,0,,
1819,2026-03-24 16:05:03.622970,23,NZDUSD,,,,,,,,0.58236,45.03782085284708,0.0017248223494798535,,,,UP,DOWN,NORMAL,0,,,,0,,
1820,2026-03-24 16:05:03.622970,23,USDCHF,,,,,,,,0.79124,63.021628036956145,0.001569235831286029,,,,DOWN,UP,NORMAL,0,,,,0,,"[{""name"": ""Gov Board Member Tschudin Speaks"", ""impact"": ""LOW"", ""time"": ""2026-03-24 15:15:00"", ""currency"": ""CHF""}, {""name"": ""SNB Chairman Schlegel Speaks"", ""impact"": ""MEDIUM"", ""time"": ""2026-03-24 17:00:00"", ""currency"": ""CHF""}]"
1821,2026-03-24 17:05:05.438620,24,EURUSD,,,,,,,,1.15699,44.77118460160432,0.002146947346576731,,,,UP,DOWN,NORMAL,0,,,,0,,"[{""name"": ""API Weekly Statistical Bulletin"", ""impact"": ""LOW"", ""time"": ""2026-03-24 20:30:00"", ""currency"": ""USD""}]"
1822,2026-03-24 17:05:05.438620,24,GBPUSD,,,,,,,,1.33685,44.081947762277444,0.0027705040562384484,,,,UP,DOWN,NORMAL,0,,,,0,,"[{""name"": ""API Weekly Statistical Bulletin"", ""impact"": ""LOW"", ""time"": ""2026-03-24 20:30:00"", ""currency"": ""USD""}]"
1823,2026-03-24 17:05:05.438620,24,USDJPY,,,,,,,,159.044,61.35595693650673,0.21492289287053856,,,,DOWN,UP,NORMAL,1,SELL,ACTIVE,,0,,"[{""name"": ""API Weekly Statistical Bulletin"", ""impact"": ""LOW"", ""time"": ""2026-03-24 20:30:00"", ""currency"": ""USD""}]"
1824,2026-03-24 17:05:05.438620,24,XAUUSD,,,,,,,,4404.16,49.99731494461583,51.04298103679976,,,,DOWN,DOWN,NORMAL,0,,,,0,,"[{""name"": ""API Weekly Statistical Bulletin"", ""impact"": ""LOW"", ""time"": ""2026-03-24 20:30:00"", ""currency"": ""USD""}]"
1825,2026-03-24 17:05:05.438620,24,AUDUSD,,,,,,,,0.69712,46.399907820085794,0.002254356580295056,,,,DOWN,DOWN,NORMAL,1,BUY,ACTIVE,,0,,
1826,2026-03-24 17:05:05.438620,24,USDCAD,,,,,,,,1.3766,63.42460024076934,0.0016991447274645726,,,,UP,UP,NORMAL,0,,,,0,,
1827,2026-03-24 17:05:05.438620,24,NZDUSD,,,,,,,,0.58201,44.18742983756764,0.0017196819775782339,,,,UP,DOWN,NORMAL,0,,,,0,,
1828,2026-03-24 17:05:05.438620,24,USDCHF,,,,,,,,0.79191,65.11067063519195,0.0015601577617043736,,,,UP,UP,NORMAL,0,,,,0,,"[{""name"": ""SNB Chairman Schlegel Speaks"", ""impact"": ""MEDIUM"", ""time"": ""2026-03-24 17:00:00"", ""currency"": ""CHF""}]"
1829,2026-03-24 18:05:06.099346,25,EURUSD,,,,,,,,1.15674,43.714133701182526,0.0022055187751481627,,,,UP,DOWN,NORMAL,0,,,,0,,"[{""name"": ""API Weekly Statistical Bulletin"", ""impact"": ""LOW"", ""time"": ""2026-03-24 20:30:00"", ""currency"": ""USD""}]"
1830,2026-03-24 18:05:06.099346,25,GBPUSD,,,,,,,,1.33725,44.88943493790176,0.0027798558073234736,,,,UP,DOWN,NORMAL,0,,,,0,,"[{""name"": ""API Weekly Statistical Bulletin"", ""impact"": ""LOW"", ""time"": ""2026-03-24 20:30:00"", ""currency"": ""USD""}, {""name"": ""FOMC Member Goolsbee Speaks"", ""impact"": ""LOW"", ""time"": ""2026-03-24 22:00:00"", ""currency"": ""USD""}]"
1831,2026-03-24 18:05:06.099346,25,USDJPY,,,,,,,,159.095,62.81864495416706,0.2159028903185597,,,,DOWN,UP,NORMAL,1,SELL,ACTIVE,,0,,"[{""name"": ""API Weekly Statistical Bulletin"", ""impact"": ""LOW"", ""time"": ""2026-03-24 20:30:00"", ""currency"": ""USD""}, {""name"": ""FOMC Member Goolsbee Speaks"", ""impact"": ""LOW"", ""time"": ""2026-03-24 22:00:00"", ""currency"": ""USD""}]"
1832,2026-03-24 18:05:06.099346,25,XAUUSD,,,,,,,,4390.03,48.046253348168385,50.15516606478342,,,,DOWN,DOWN,NORMAL,0,,,,0,,"[{""name"": ""API Weekly Statistical Bulletin"", ""impact"": ""LOW"", ""time"": ""2026-03-24 20:30:00"", ""currency"": ""USD""}, {""name"": ""FOMC Member Goolsbee Speaks"", ""impact"": ""LOW"", ""time"": ""2026-03-24 22:00:00"", ""currency"": ""USD""}]"
1833,2026-03-24 18:05:06.099346,25,AUDUSD,,,,,,,,0.69522,40.78193987067919,0.002176664602397261,,,,DOWN,DOWN,NORMAL,0,,,,0,,
1834,2026-03-24 18:05:06.099346,25,USDCAD,,,,,,,,1.37829,69.16141698740273,0.00171139969591097,,,,UP,UP,NORMAL,1,SELL,ACTIVE,,0,,
1835,2026-03-24 18:05:06.099346,25,NZDUSD,,,,,,,,0.57996,36.230918275675045,0.0017504189791797877,,,,UP,DOWN,NORMAL,1,BUY,ACTIVE,,0,,
1836,2026-03-24 18:05:06.099346,25,USDCHF,,,,,,,,0.79154,63.94094275761545,0.0015508607787254893,,,,UP,UP,NORMAL,0,,,,0,,
1837,2026-03-24 19:05:05.983098,26,EURUSD,,,,,,,,1.15865,50.95647853780316,0.0020465661158894106,,,,UP,DOWN,NORMAL,0,,,,0,,"[{""name"": ""API Weekly Statistical Bulletin"", ""impact"": ""LOW"", ""time"": ""2026-03-24 20:30:00"", ""currency"": ""USD""}, {""name"": ""FOMC Member Goolsbee Speaks"", ""impact"": ""LOW"", ""time"": ""2026-03-24 22:00:00"", ""currency"": ""USD""}, {""name"": ""FOMC Member Barr Speaks"", ""impact"": ""LOW"", ""time"": ""2026-03-24 22:30:00"", ""currency"": ""USD""}]"
1838,2026-03-24 19:05:05.983098,26,GBPUSD,,,,,,,,1.33841,48.09728311045017,0.0027344579435350617,,,,UP,DOWN,NORMAL,0,,,,0,,"[{""name"": ""API Weekly Statistical Bulletin"", ""impact"": ""LOW"", ""time"": ""2026-03-24 20:30:00"", ""currency"": ""USD""}, {""name"": ""FOMC Member Goolsbee Speaks"", ""impact"": ""LOW"", ""time"": ""2026-03-24 22:00:00"", ""currency"": ""USD""}, {""name"": ""FOMC Member Barr Speaks"", ""impact"": ""LOW"", ""time"": ""2026-03-24 22:30:00"", ""currency"": ""USD""}]"
1839,2026-03-24 19:05:05.983098,26,USDJPY,,,,,,,,158.92,55.375372834871065,0.21950166345907152,,,,DOWN,UP,NORMAL,0,,,,0,,"[{""name"": ""API Weekly Statistical Bulletin"", ""impact"": ""LOW"", ""time"": ""2026-03-24 20:30:00"", ""currency"": ""USD""}, {""name"": ""FOMC Member Goolsbee Speaks"", ""impact"": ""LOW"", ""time"": ""2026-03-24 22:00:00"", ""currency"": ""USD""}, {""name"": ""FOMC Member Barr Speaks"", ""impact"": ""LOW"", ""time"": ""2026-03-24 22:30:00"", ""currency"": ""USD""}]"
1840,2026-03-24 19:05:05.983098,26,XAUUSD,,,,,,,,4397.72,49.311682224426626,49.41683787648257,,,,DOWN,DOWN,NORMAL,0,,,,0,,"[{""name"": ""API Weekly Statistical Bulletin"", ""impact"": ""LOW"", ""time"": ""2026-03-24 20:30:00"", ""currency"": ""USD""}, {""name"": ""FOMC Member Goolsbee Speaks"", ""impact"": ""LOW"", ""time"": ""2026-03-24 22:00:00"", ""currency"": ""USD""}, {""name"": ""FOMC Member Barr Speaks"", ""impact"": ""LOW"", ""time"": ""2026-03-24 22:30:00"", ""currency"": ""USD""}]"
1841,2026-03-24 19:05:05.983098,26,AUDUSD,,,,,,,,0.69655,45.481914416410376,0.002291664602397261,,,,DOWN,DOWN,NORMAL,0,,,,0,,
1842,2026-03-24 19:05:05.983098,26,USDCAD,,,,,,,,1.37671,60.42054721907219,0.001724565023754064,,,,UP,UP,NORMAL,0,,,,0,,
1843,2026-03-24 19:05:05.983098,26,NZDUSD,,,,,,,,0.58154,43.849484354720616,0.0017546747663812299,,,,DOWN,DOWN,NORMAL,0,,,,0,,
1844,2026-03-24 19:05:05.983098,26,USDCHF,,,,,,,,0.79042,57.48350365891176,0.00154880949861244,,,,UP,UP,NORMAL,0,,,,0,,
1845,2026-03-24 19:20:08.588755,1,EURUSD,,,,,,,,1.15906,52.55973530952733,0.002148964075073099,,,,UP,DOWN,NORMAL,0,,,,0,,"[{""name"": ""API Weekly Statistical Bulletin"", ""impact"": ""LOW"", ""time"": ""2026-03-24 20:30:00"", ""currency"": ""USD""}, {""name"": ""FOMC Member Goolsbee Speaks"", ""impact"": ""LOW"", ""time"": ""2026-03-24 22:00:00"", ""currency"": ""USD""}, {""name"": ""FOMC Member Barr Speaks"", ""impact"": ""LOW"", ""time"": ""2026-03-24 22:30:00"", ""currency"": ""USD""}]"
1846,2026-03-24 19:20:08.588755,1,GBPUSD,,,,,,,,1.33896,49.712908730473046,0.0027716008006779245,,,,UP,DOWN,NORMAL,0,,,,0,,"[{""name"": ""API Weekly Statistical Bulletin"", ""impact"": ""LOW"", ""time"": ""2026-03-24 20:30:00"", ""currency"": ""USD""}, {""name"": ""FOMC Member Goolsbee Speaks"", ""impact"": ""LOW"", ""time"": ""2026-03-24 22:00:00"", ""currency"": ""USD""}, {""name"": ""FOMC Member Barr Speaks"", ""impact"": ""LOW"", ""time"": ""2026-03-24 22:30:00"", ""currency"": ""USD""}]"
1847,2026-03-24 19:20:08.588755,1,USDJPY,,,,,,,,158.897,54.430840942479676,0.2241445206019285,,,,DOWN,UP,NORMAL,0,,,,0,,"[{""name"": ""API Weekly Statistical Bulletin"", ""impact"": ""LOW"", ""time"": ""2026-03-24 20:30:00"", ""currency"": ""USD""}, {""name"": ""FOMC Member Goolsbee Speaks"", ""impact"": ""LOW"", ""time"": ""2026-03-24 22:00:00"", ""currency"": ""USD""}, {""name"": ""FOMC Member Barr Speaks"", ""impact"": ""LOW"", ""time"": ""2026-03-24 22:30:00"", ""currency"": ""USD""}]"
1848,2026-03-24 19:20:08.588755,1,XAUUSD,,,,,,,,4408.22,50.93470579431627,50.01755216219684,,,,DOWN,DOWN,NORMAL,0,,,,0,,"[{""name"": ""API Weekly Statistical Bulletin"", ""impact"": ""LOW"", ""time"": ""2026-03-24 20:30:00"", ""currency"": ""USD""}, {""name"": ""FOMC Member Goolsbee Speaks"", ""impact"": ""LOW"", ""time"": ""2026-03-24 22:00:00"", ""currency"": ""USD""}, {""name"": ""FOMC Member Barr Speaks"", ""impact"": ""LOW"", ""time"": ""2026-03-24 22:30:00"", ""currency"": ""USD""}]"
1849,2026-03-24 19:20:08.588755,1,AUDUSD,,,,,,,,0.69768,49.9123872021619,0.0022432803961035816,,,,DOWN,DOWN,NORMAL,0,,,,0,,
1850,2026-03-24 19:20:08.588755,1,USDCAD,,,,,,,,1.37647,58.83293757474749,0.001664494052669598,,,,UP,UP,NORMAL,0,,,,0,,
1851,2026-03-24 19:20:08.588755,1,NZDUSD,,,,,,,,0.5824,47.98365715405736,0.0017217898340886849,,,,DOWN,DOWN,NORMAL,0,,,,0,,
1852,2026-03-24 19:20:08.588755,1,USDCHF,,,,,,,,0.7901,55.66968844867882,0.0015766666414695828,,,,UP,UP,NORMAL,0,,,,0,,
1853,2026-03-24 20:59:35.313534,2,EURUSD,,,,,,,,1.15823,49.17719457097721,0.0020240380697107317,,,,UP,DOWN,NORMAL,0,,,,0,,"[{""name"": ""API Weekly Statistical Bulletin"", ""impact"": ""LOW"", ""time"": ""2026-03-24 20:30:00"", ""currency"": ""USD""}, {""name"": ""FOMC Member Goolsbee Speaks"", ""impact"": ""LOW"", ""time"": ""2026-03-24 22:00:00"", ""currency"": ""USD""}, {""name"": ""FOMC Member Barr Speaks"", ""impact"": ""LOW"", ""time"": ""2026-03-24 22:30:00"", ""currency"": ""USD""}]"
1854,2026-03-24 20:59:35.313534,2,GBPUSD,,,,,,,,1.33806,47.0647941515991,0.0026143436006295087,,,,UP,DOWN,NORMAL,0,,,,0,,"[{""name"": ""API Weekly Statistical Bulletin"", ""impact"": ""LOW"", ""time"": ""2026-03-24 20:30:00"", ""currency"": ""USD""}, {""name"": ""FOMC Member Goolsbee Speaks"", ""impact"": ""LOW"", ""time"": ""2026-03-24 22:00:00"", ""currency"": ""USD""}, {""name"": ""FOMC Member Barr Speaks"", ""impact"": ""LOW"", ""time"": ""2026-03-24 22:30:00"", ""currency"": ""USD""}]"
1855,2026-03-24 20:59:35.313534,2,USDJPY,,,,,,,,158.696,46.76111904024572,0.2343841977017888,,,,DOWN,UP,NORMAL,0,,,,0,,"[{""name"": ""API Weekly Statistical Bulletin"", ""impact"": ""LOW"", ""time"": ""2026-03-24 20:30:00"", ""currency"": ""USD""}, {""name"": ""FOMC Member Goolsbee Speaks"", ""impact"": ""LOW"", ""time"": ""2026-03-24 22:00:00"", ""currency"": ""USD""}, {""name"": ""FOMC Member Barr Speaks"", ""impact"": ""LOW"", ""time"": ""2026-03-24 22:30:00"", ""currency"": ""USD""}, {""name"": ""Monetary Policy Meeting Minutes"", ""impact"": ""LOW"", ""time"": ""2026-03-24 23:50:00"", ""currency"": ""JPY""}]"
1856,2026-03-24 20:59:35.313534,2,XAUUSD,,,,,,,,4461.8,58.34155697024448,52.83282904857056,,,,UP,DOWN,NORMAL,0,,,,0,,"[{""name"": ""API Weekly Statistical Bulletin"", ""impact"": ""LOW"", ""time"": ""2026-03-24 20:30:00"", ""currency"": ""USD""}, {""name"": ""FOMC Member Goolsbee Speaks"", ""impact"": ""LOW"", ""time"": ""2026-03-24 22:00:00"", ""currency"": ""USD""}, {""name"": ""FOMC Member Barr Speaks"", ""impact"": ""LOW"", ""time"": ""2026-03-24 22:30:00"", ""currency"": ""USD""}]"
1857,2026-03-24 20:59:35.313534,2,AUDUSD,,,,,,,,0.69946,56.17933211555405,0.002419474653524754,,,,DOWN,DOWN,NORMAL,1,SELL,ACTIVE,,0,,"[{""name"": ""CPI m/m"", ""impact"": ""HIGH"", ""time"": ""2026-03-25 00:30:00"", ""currency"": ""AUD""}, {""name"": ""CPI y/y"", ""impact"": ""HIGH"", ""time"": ""2026-03-25 00:30:00"", ""currency"": ""AUD""}, {""name"": ""Trimmed Mean CPI m/m"", ""impact"": ""HIGH"", ""time"": ""2026-03-25 00:30:00"", ""currency"": ""AUD""}]"
1858,2026-03-24 20:59:35.313534,2,USDCAD,,,,,,,,1.37634,58.03200073833797,0.0017592750897238076,,,,UP,UP,NORMAL,0,,,,0,,
1859,2026-03-24 20:59:35.313534,2,NZDUSD,,,,,,,,0.58203,46.280596196789624,0.0017217898340886849,,,,DOWN,DOWN,NORMAL,0,,,,0,,
1860,2026-03-24 20:59:35.313534,2,USDCHF,,,,,,,,0.78814,46.05020078415119,0.001693282289527881,,,,UP,UP,NORMAL,0,,,,0,,
1861,2026-03-24 21:06:48.501373,3,EURUSD,,,,,,,,1.16053,57.943519383161956,0.002324752355425021,,,,UP,DOWN,NORMAL,1,SELL,ACTIVE,,0,,"[{""name"": ""API Weekly Statistical Bulletin"", ""impact"": ""LOW"", ""time"": ""2026-03-24 20:30:00"", ""currency"": ""USD""}, {""name"": ""FOMC Member Goolsbee Speaks"", ""impact"": ""LOW"", ""time"": ""2026-03-24 22:00:00"", ""currency"": ""USD""}, {""name"": ""FOMC Member Barr Speaks"", ""impact"": ""LOW"", ""time"": ""2026-03-24 22:30:00"", ""currency"": ""USD""}]"
1862,2026-03-24 21:06:48.501373,3,GBPUSD,,,,,,,,1.34013,52.980402549252695,0.0028155639556865773,,,,UP,DOWN,NORMAL,0,,,,0,,"[{""name"": ""API Weekly Statistical Bulletin"", ""impact"": ""LOW"", ""time"": ""2026-03-24 20:30:00"", ""currency"": ""USD""}, {""name"": ""FOMC Member Goolsbee Speaks"", ""impact"": ""LOW"", ""time"": ""2026-03-24 22:00:00"", ""currency"": ""USD""}, {""name"": ""FOMC Member Barr Speaks"", ""impact"": ""LOW"", ""time"": ""2026-03-24 22:30:00"", ""currency"": ""USD""}]"
1863,2026-03-24 21:06:48.501373,3,USDJPY,,,,,,,,158.681,46.45141445857541,0.24050981623329293,,,,DOWN,UP,NORMAL,0,,,,0,,"[{""name"": ""API Weekly Statistical Bulletin"", ""impact"": ""LOW"", ""time"": ""2026-03-24 20:30:00"", ""currency"": ""USD""}, {""name"": ""FOMC Member Goolsbee Speaks"", ""impact"": ""LOW"", ""time"": ""2026-03-24 22:00:00"", ""currency"": ""USD""}, {""name"": ""FOMC Member Barr Speaks"", ""impact"": ""LOW"", ""time"": ""2026-03-24 22:30:00"", ""currency"": ""USD""}, {""name"": ""Monetary Policy Meeting Minutes"", ""impact"": ""LOW"", ""time"": ""2026-03-24 23:50:00"", ""currency"": ""JPY""}]"
1864,2026-03-24 21:06:48.501373,3,XAUUSD,,,,,,,,4474.85,59.80417985999753,52.83282904857056,,,,UP,DOWN,NORMAL,0,,,,0,,"[{""name"": ""API Weekly Statistical Bulletin"", ""impact"": ""LOW"", ""time"": ""2026-03-24 20:30:00"", ""currency"": ""USD""}, {""name"": ""FOMC Member Goolsbee Speaks"", ""impact"": ""LOW"", ""time"": ""2026-03-24 22:00:00"", ""currency"": ""USD""}, {""name"": ""FOMC Member Barr Speaks"", ""impact"": ""LOW"", ""time"": ""2026-03-24 22:30:00"", ""currency"": ""USD""}]"
1865,2026-03-24 21:06:48.501373,3,AUDUSD,,,,,,,,0.69877,53.640561824325765,0.0023295121782729816,,,,DOWN,DOWN,NORMAL,0,,,,0,,"[{""name"": ""CPI m/m"", ""impact"": ""HIGH"", ""time"": ""2026-03-25 00:30:00"", ""currency"": ""AUD""}, {""name"": ""CPI y/y"", ""impact"": ""HIGH"", ""time"": ""2026-03-25 00:30:00"", ""currency"": ""AUD""}, {""name"": ""Trimmed Mean CPI m/m"", ""impact"": ""HIGH"", ""time"": ""2026-03-25 00:30:00"", ""currency"": ""AUD""}]"
1866,2026-03-24 21:06:48.501373,3,USDCAD,,,,,,,,1.3759700000000001,55.79051539065945,0.0016943268690292512,,,,UP,UP,NORMAL,0,,,,0,,
1867,2026-03-24 21:06:48.501373,3,NZDUSD,,,,,,,,0.5834,52.547999609248606,0.001714502458984633,,,,DOWN,DOWN,NORMAL,1,BUY,ACTIVE,,0,,
1868,2026-03-24 21:06:48.501373,3,USDCHF,,,,,,,,0.78802,45.53027556668566,0.0015923335545616078,,,,UP,UP,NORMAL,1,SELL,ACTIVE,,0,,
1869,2026-03-24 22:05:10.746420,4,EURUSD,,,,,,,,1.16144,60.79234416613629,0.0021345568778919737,,,,UP,DOWN,NORMAL,1,SELL,ACTIVE,,0,,"[{""name"": ""FOMC Member Goolsbee Speaks"", ""impact"": ""LOW"", ""time"": ""2026-03-24 22:00:00"", ""currency"": ""USD""}, {""name"": ""FOMC Member Barr Speaks"", ""impact"": ""LOW"", ""time"": ""2026-03-24 22:30:00"", ""currency"": ""USD""}]"
1870,2026-03-24 22:05:10.746420,4,GBPUSD,,,,,,,,1.3412899999999999,56.18855383042959,0.002688125713953886,,,,UP,DOWN,NORMAL,1,BUY,ACTIVE,,0,,"[{""name"": ""FOMC Member Goolsbee Speaks"", ""impact"": ""LOW"", ""time"": ""2026-03-24 22:00:00"", ""currency"": ""USD""}, {""name"": ""FOMC Member Barr Speaks"", ""impact"": ""LOW"", ""time"": ""2026-03-24 22:30:00"", ""currency"": ""USD""}]"
1871,2026-03-24 22:05:10.746420,4,USDJPY,,,,,,,,158.643,45.212119025055415,0.23587135997173264,,,,DOWN,UP,NORMAL,1,SELL,ACTIVE,,0,,"[{""name"": ""FOMC Member Goolsbee Speaks"", ""impact"": ""LOW"", ""time"": ""2026-03-24 22:00:00"", ""currency"": ""USD""}, {""name"": ""FOMC Member Barr Speaks"", ""impact"": ""LOW"", ""time"": ""2026-03-24 22:30:00"", ""currency"": ""USD""}, {""name"": ""Monetary Policy Meeting Minutes"", ""impact"": ""LOW"", ""time"": ""2026-03-24 23:50:00"", ""currency"": ""JPY""}]"
1872,2026-03-24 22:05:10.746420,4,XAUUSD,,,,,,,,4474.85,59.80417985999753,52.83282904857056,,,,UP,DOWN,NORMAL,0,,,,0,,"[{""name"": ""FOMC Member Goolsbee Speaks"", ""impact"": ""LOW"", ""time"": ""2026-03-24 22:00:00"", ""currency"": ""USD""}, {""name"": ""FOMC Member Barr Speaks"", ""impact"": ""LOW"", ""time"": ""2026-03-24 22:30:00"", ""currency"": ""USD""}]"
1873,2026-03-24 22:05:10.746420,4,AUDUSD,,,,,,,,0.69923,55.34361196943995,0.0022072000839065482,,,,DOWN,DOWN,NORMAL,0,,,,0,,"[{""name"": ""CPI m/m"", ""impact"": ""HIGH"", ""time"": ""2026-03-25 00:30:00"", ""currency"": ""AUD""}, {""name"": ""CPI y/y"", ""impact"": ""HIGH"", ""time"": ""2026-03-25 00:30:00"", ""currency"": ""AUD""}, {""name"": ""Trimmed Mean CPI m/m"", ""impact"": ""HIGH"", ""time"": ""2026-03-25 00:30:00"", ""currency"": ""AUD""}]"
1874,2026-03-24 22:05:10.746420,4,USDCAD,,,,,,,,1.37614,56.31736823707051,0.0016375892355271547,,,,UP,UP,NORMAL,1,SELL,ACTIVE,,0,,
1875,2026-03-24 22:05:10.746420,4,NZDUSD,,,,,,,,0.58352,53.02233041028259,0.0016553033037510268,,,,DOWN,DOWN,NORMAL,0,,,,0,,
1876,2026-03-24 22:05:10.746420,4,USDCHF,,,,,,,,0.78792,45.61269379844196,0.0015477791169908736,,,,UP,UP,NORMAL,0,,,,0,,
1877,2026-03-24 23:05:04.780542,5,EURUSD,,,,,,,,1.16095,58.47070258975409,0.0020847452350105,,,,UP,DOWN,NORMAL,0,,,,0,,"[{""name"": ""FOMC Member Barr Speaks"", ""impact"": ""LOW"", ""time"": ""2026-03-24 22:30:00"", ""currency"": ""USD""}]"
1878,2026-03-24 23:05:04.780542,5,GBPUSD,,,,,,,,1.34124,55.546453753327,0.0026152493874469656,,,,UP,DOWN,NORMAL,0,,,,0,,"[{""name"": ""FOMC Member Barr Speaks"", ""impact"": ""LOW"", ""time"": ""2026-03-24 22:30:00"", ""currency"": ""USD""}]"
1879,2026-03-24 23:05:04.780542,5,USDJPY,,,,,,,,158.74,49.03328871055823,0.230457079157425,,,,DOWN,UP,NORMAL,0,,,,0,,"[{""name"": ""FOMC Member Barr Speaks"", ""impact"": ""LOW"", ""time"": ""2026-03-24 22:30:00"", ""currency"": ""USD""}, {""name"": ""Monetary Policy Meeting Minutes"", ""impact"": ""LOW"", ""time"": ""2026-03-24 23:50:00"", ""currency"": ""JPY""}]"
1880,2026-03-24 23:05:04.780542,5,XAUUSD,,,,,,,,4475.26,59.233560003876114,48.429990353104216,,,,UP,DOWN,NORMAL,0,,,,0,,"[{""name"": ""FOMC Member Barr Speaks"", ""impact"": ""LOW"", ""time"": ""2026-03-24 22:30:00"", ""currency"": ""USD""}]"
1881,2026-03-24 23:05:04.780542,5,AUDUSD,,,,,,,,0.6994,56.051708321294456,0.0022136286553351143,,,,DOWN,DOWN,NORMAL,0,,,,0,,"[{""name"": ""CPI m/m"", ""impact"": ""HIGH"", ""time"": ""2026-03-25 00:30:00"", ""currency"": ""AUD""}, {""name"": ""CPI y/y"", ""impact"": ""HIGH"", ""time"": ""2026-03-25 00:30:00"", ""currency"": ""AUD""}, {""name"": ""Trimmed Mean CPI m/m"", ""impact"": ""HIGH"", ""time"": ""2026-03-25 00:30:00"", ""currency"": ""AUD""}, {""name"": ""RBA Assist Gov Jones Speaks"", ""impact"": ""LOW"", ""time"": ""2026-03-25 02:40:00"", ""currency"": ""AUD""}]"
1882,2026-03-24 23:05:04.780542,5,USDCAD,,,,,,,,1.37637,57.4080761086578,0.0016508545416495978,,,,UP,UP,NORMAL,1,SELL,ACTIVE,,0,,
1883,2026-03-24 23:05:04.780542,5,NZDUSD,,,,,,,,0.58356,53.198307383223295,0.0016740788139551126,,,,DOWN,DOWN,NORMAL,0,,,,0,,
1884,2026-03-24 23:05:04.780542,5,USDCHF,,,,,,,,0.78823,47.24260445928143,0.0014944173433282598,,,,UP,UP,NORMAL,0,,,,0,,
1885,2026-03-25 00:05:18.316956,6,EURUSD,,,,,,,,1.16165,61.615086338473674,0.0019916511876117847,,,,UP,DOWN,NORMAL,0,,,,0,,
1886,2026-03-25 00:05:18.316956,6,GBPUSD,,,,,,,,1.34199,57.831630524208364,0.0025104866760987357,,,,UP,DOWN,NORMAL,0,,,,0,,
1887,2026-03-25 00:05:18.316956,6,USDJPY,,,,,,,,158.703,47.59723615702386,0.22385300207475115,,,,DOWN,UP,NORMAL,0,,,,0,,"[{""name"": ""Monetary Policy Meeting Minutes"", ""impact"": ""LOW"", ""time"": ""2026-03-24 23:50:00"", ""currency"": ""JPY""}]"
1888,2026-03-25 00:05:18.316956,6,XAUUSD,,,,,,,,4553.99,67.7540350291022,50.60713389931103,,,,UP,DOWN,NORMAL,0,,,,0,,
1889,2026-03-25 00:05:18.316956,6,AUDUSD,,,,,,,,0.69958,56.21470856782155,0.0020219443872167863,,,,DOWN,DOWN,NORMAL,0,,,,1,HIGH impact: CPI m/m (AUD) in 25min,"[{""name"": ""CPI m/m"", ""impact"": ""HIGH"", ""time"": ""2026-03-25 00:30:00"", ""currency"": ""AUD""}, {""name"": ""CPI y/y"", ""impact"": ""HIGH"", ""time"": ""2026-03-25 00:30:00"", ""currency"": ""AUD""}, {""name"": ""Trimmed Mean CPI m/m"", ""impact"": ""HIGH"", ""time"": ""2026-03-25 00:30:00"", ""currency"": ""AUD""}, {""name"": ""RBA Assist Gov Jones Speaks"", ""impact"": ""LOW"", ""time"": ""2026-03-25 02:40:00"", ""currency"": ""AUD""}]"
1890,2026-03-25 00:05:18.316956,6,USDCAD,,,,,,,,1.37544,51.94511579654462,0.0015063490690754191,,,,UP,UP,NORMAL,0,,,,0,,
1891,2026-03-25 00:05:18.316956,6,NZDUSD,,,,,,,,0.58387,54.48478934715842,0.001526067956930687,,,,DOWN,DOWN,NORMAL,0,,,,0,,
1892,2026-03-25 00:05:18.316956,6,USDCHF,,,,,,,,0.78775,44.86107805547193,0.0014316018188048141,,,,UP,UP,NORMAL,0,,,,0,,
1893,2026-03-25 01:05:04.843132,7,EURUSD,,,,,,,,1.16259,64.66005534971848,0.0020587940447546536,,,,UP,DOWN,NORMAL,1,SELL,ACTIVE,,0,,
1894,2026-03-25 01:05:04.843132,7,GBPUSD,,,,,,,,1.34266,59.32111443846554,0.00247121721964269,,,,UP,DOWN,NORMAL,0,,,,0,,
1895,2026-03-25 01:05:04.843132,7,USDJPY,,,,,,,,158.689,47.38129342049708,0.22288391008982247,,,,DOWN,UP,NORMAL,0,,,,0,,
1896,2026-03-25 01:05:04.843132,7,XAUUSD,,,,,,,,4564.58,68.65754772315223,49.43458351874801,,,,UP,DOWN,NORMAL,0,,,,0,,
1897,2026-03-25 01:05:04.843132,7,AUDUSD,,,,,,,,0.69981,57.05072599643998,0.0021405158157882225,,,,DOWN,DOWN,NORMAL,0,,,,0,,"[{""name"": ""CPI m/m"", ""impact"": ""HIGH"", ""time"": ""2026-03-25 00:30:00"", ""currency"": ""AUD""}, {""name"": ""CPI y/y"", ""impact"": ""HIGH"", ""time"": ""2026-03-25 00:30:00"", ""currency"": ""AUD""}, {""name"": ""Trimmed Mean CPI m/m"", ""impact"": ""HIGH"", ""time"": ""2026-03-25 00:30:00"", ""currency"": ""AUD""}, {""name"": ""RBA Assist Gov Jones Speaks"", ""impact"": ""LOW"", ""time"": ""2026-03-25 02:40:00"", ""currency"": ""AUD""}]"
1898,2026-03-25 01:05:04.843132,7,USDCAD,,,,,,,,1.37539,51.67453083195434,0.0015783388649937822,,,,UP,UP,NORMAL,0,,,,0,,
1899,2026-03-25 01:05:04.843132,7,NZDUSD,,,,,,,,0.58395,54.854877675607334,0.0015974965283592584,,,,DOWN,DOWN,NORMAL,0,,,,0,,
1900,2026-03-25 01:05:04.843132,7,USDCHF,,,,,,,,0.78742,43.37927306571233,0.0014018955664412062,,,,UP,UP,NORMAL,0,,,,0,,
1901,2026-03-25 02:05:04.202195,8,EURUSD,,,,,,,,1.16178,60.783452990745594,0.001992859776251758,,,,UP,DOWN,NORMAL,0,,,,0,,
1902,2026-03-25 02:05:04.202195,8,GBPUSD,,,,,,,,1.34122,54.14216570445625,0.0024241404794641203,,,,UP,DOWN,NORMAL,0,,,,0,,
1903,2026-03-25 02:05:04.202195,8,USDJPY,,,,,,,,158.694,47.61381033566853,0.21515750834871342,,,,DOWN,UP,NORMAL,0,,,,0,,
1904,2026-03-25 02:05:04.202195,8,XAUUSD,,,,,,,,4589.79,70.12226533739837,48.689052042919116,,,,UP,DOWN,NORMAL,1,SELL,ACTIVE,,0,,
1905,2026-03-25 02:05:04.202195,8,AUDUSD,,,,,,,,0.69866,51.93327766409531,0.0020875197881298777,,,,DOWN,DOWN,NORMAL,0,,,,0,,"[{""name"": ""RBA Assist Gov Jones Speaks"", ""impact"": ""LOW"", ""time"": ""2026-03-25 02:40:00"", ""currency"": ""AUD""}]"
1906,2026-03-25 02:05:04.202195,8,USDCAD,,,,,,,,1.3759700000000001,55.03309706642234,0.00152560037463708,,,,UP,UP,NORMAL,0,,,,0,,
1907,2026-03-25 02:05:04.202195,8,NZDUSD,,,,,,,,0.58336,51.5886658637962,0.0015583896334764537,,,,DOWN,DOWN,NORMAL,0,,,,0,,
1908,2026-03-25 02:05:04.202195,8,USDCHF,,,,,,,,0.78816,47.55556847502095,0.00136905608720561,,,,UP,UP,NORMAL,0,,,,0,,
1909,2026-03-25 03:05:04.605902,9,EURUSD,,,,,,,,1.1602999999999999,53.41263397493412,0.0018492624747127144,,,,UP,DOWN,NORMAL,0,,,,0,,
1910,2026-03-25 03:05:04.605902,9,GBPUSD,,,,,,,,1.33989,49.778333235413655,0.002379252894196302,,,,UP,DOWN,NORMAL,0,,,,0,,"[{""name"": ""CPI y/y"", ""impact"": ""HIGH"", ""time"": ""2026-03-25 07:00:00"", ""currency"": ""GBP""}, {""name"": ""Core CPI y/y"", ""impact"": ""LOW"", ""time"": ""2026-03-25 07:00:00"", ""currency"": ""GBP""}, {""name"": ""PPI Input m/m"", ""impact"": ""LOW"", ""time"": ""2026-03-25 07:00:00"", ""currency"": ""GBP""}, {""name"": ""PPI Output m/m"", ""impact"": ""LOW"", ""time"": ""2026-03-25 07:00:00"", ""currency"": ""GBP""}, {""name"": ""RPI y/y"", ""impact"": ""LOW"", ""time"": ""2026-03-25 07:00:00"", ""currency"": ""GBP""}]"
1911,2026-03-25 03:05:04.605902,9,USDJPY,,,,,,,,158.814,52.522863639394764,0.20925850265033735,,,,DOWN,UP,NORMAL,0,,,,0,,
1912,2026-03-25 03:05:04.605902,9,XAUUSD,,,,,,,,4575.8,67.40545416189326,46.91493608066973,,,,UP,DOWN,NORMAL,0,,,,0,,
1913,2026-03-25 03:05:04.605902,9,AUDUSD,,,,,,,,0.69771,47.901461214721714,0.002037850007345089,,,,DOWN,DOWN,NORMAL,0,,,,0,,"[{""name"": ""RBA Assist Gov Jones Speaks"", ""impact"": ""LOW"", ""time"": ""2026-03-25 02:40:00"", ""currency"": ""AUD""}]"
1914,2026-03-25 03:05:04.605902,9,USDCAD,,,,,,,,1.3772,60.9823890406846,0.0015007105519589169,,,,UP,UP,NORMAL,0,,,,0,,
1915,2026-03-25 03:05:04.605902,9,NZDUSD,,,,,,,,0.58257,47.56673051758907,0.0015317699657791557,,,,DOWN,DOWN,NORMAL,0,,,,0,,
1916,2026-03-25 03:05:04.605902,9,USDCHF,,,,,,,,0.78935,53.50496990196199,0.0013502969789358187,,,,UP,UP,NORMAL,0,,,,0,,
1917,2026-03-25 04:05:05.689959,10,EURUSD,,,,,,,,1.16028,53.31640021541432,0.0018735481889984292,,,,UP,DOWN,NORMAL,0,,,,0,,
1918,2026-03-25 04:05:05.689959,10,GBPUSD,,,,,,,,1.33985,49.65143325271784,0.0022586940139985956,,,,UP,DOWN,NORMAL,1,SELL,ACTIVE,,0,,"[{""name"": ""CPI y/y"", ""impact"": ""HIGH"", ""time"": ""2026-03-25 07:00:00"", ""currency"": ""GBP""}, {""name"": ""Core CPI y/y"", ""impact"": ""LOW"", ""time"": ""2026-03-25 07:00:00"", ""currency"": ""GBP""}, {""name"": ""PPI Input m/m"", ""impact"": ""LOW"", ""time"": ""2026-03-25 07:00:00"", ""currency"": ""GBP""}, {""name"": ""PPI Output m/m"", ""impact"": ""LOW"", ""time"": ""2026-03-25 07:00:00"", ""currency"": ""GBP""}, {""name"": ""RPI y/y"", ""impact"": ""LOW"", ""time"": ""2026-03-25 07:00:00"", ""currency"": ""GBP""}]"
1919,2026-03-25 04:05:05.689959,10,USDJPY,,,,,,,,158.815,52.594607695713904,0.1995053442977618,,,,DOWN,UP,NORMAL,1,BUY,ACTIVE,,0,,
1920,2026-03-25 04:05:05.689959,10,XAUUSD,,,,,,,,4573.35,66.66468809115378,44.56560391164229,,,,UP,DOWN,NORMAL,0,,,,0,,
1921,2026-03-25 04:05:05.689959,10,AUDUSD,,,,,,,,0.69729,46.31555990178596,0.001960095414983702,,,,DOWN,DOWN,NORMAL,0,,,,0,,
1922,2026-03-25 04:05:05.689959,10,USDCAD,,,,,,,,1.3771,60.14342886318387,0.0014293842880434698,,,,UP,UP,NORMAL,1,BUY,ACTIVE,,0,,
1923,2026-03-25 04:05:05.689959,10,NZDUSD,,,,,,,,0.58234,46.41617594171899,0.001460214968223504,,,,DOWN,DOWN,NORMAL,0,,,,0,,
1924,2026-03-25 04:05:05.689959,10,USDCHF,,,,,,,,0.78932,53.37335018725002,0.001284357398807754,,,,UP,UP,NORMAL,0,,,,0,,
1925,2026-03-25 05:05:05.220371,11,EURUSD,,,,,,,,1.15948,49.34536466650247,0.0016929573670445583,,,,UP,DOWN,NORMAL,1,SELL,ACTIVE,,0,,"[{""name"": ""ECB President Lagarde Speaks"", ""impact"": ""MEDIUM"", ""time"": ""2026-03-25 08:45:00"", ""currency"": ""EUR""}, {""name"": ""German ifo Business Climate"", ""impact"": ""LOW"", ""time"": ""2026-03-25 09:00:00"", ""currency"": ""EUR""}]"
1926,2026-03-25 05:05:05.220371,11,GBPUSD,,,,,,,,1.33887,46.455593597389445,0.0021581750538150254,,,,UP,DOWN,NORMAL,0,,,,0,,"[{""name"": ""CPI y/y"", ""impact"": ""HIGH"", ""time"": ""2026-03-25 07:00:00"", ""currency"": ""GBP""}, {""name"": ""Core CPI y/y"", ""impact"": ""LOW"", ""time"": ""2026-03-25 07:00:00"", ""currency"": ""GBP""}, {""name"": ""PPI Input m/m"", ""impact"": ""LOW"", ""time"": ""2026-03-25 07:00:00"", ""currency"": ""GBP""}, {""name"": ""PPI Output m/m"", ""impact"": ""LOW"", ""time"": ""2026-03-25 07:00:00"", ""currency"": ""GBP""}, {""name"": ""RPI y/y"", ""impact"": ""LOW"", ""time"": ""2026-03-25 07:00:00"", ""currency"": ""GBP""}]"
1927,2026-03-25 05:05:05.220371,11,USDJPY,,,,,,,,158.928,57.15006279154094,0.19714271766424898,,,,UP,UP,NORMAL,0,,,,0,,
1928,2026-03-25 05:05:05.220371,11,XAUUSD,,,,,,,,4570.04,66.04099010043056,41.800407713871934,,,,UP,DOWN,NORMAL,0,,,,0,,
1929,2026-03-25 05:05:05.220371,11,AUDUSD,,,,,,,,0.69767,48.041132188519235,0.0018593232935052778,,,,DOWN,DOWN,NORMAL,0,,,,0,,
1930,2026-03-25 05:05:05.220371,11,USDCAD,,,,,,,,1.37707,59.62594629134367,0.0013672343899179282,,,,UP,UP,NORMAL,1,BUY,ACTIVE,,0,,
1931,2026-03-25 05:05:05.220371,11,NZDUSD,,,,,,,,0.5821,45.17119602511674,0.001383056756207543,,,,DOWN,DOWN,NORMAL,0,,,,0,,
1932,2026-03-25 05:05:05.220371,11,USDCHF,,,,,,,,0.78963,55.00033026290554,0.0012463420744031233,,,,UP,UP,NORMAL,1,BUY,ACTIVE,,0,,"[{""name"": ""UBS Economic Expectations"", ""impact"": ""LOW"", ""time"": ""2026-03-25 09:00:00"", ""currency"": ""CHF""}]"
1933,2026-03-25 06:05:05.204562,12,EURUSD,,,,,,,,1.1596899999999999,50.368148015943966,0.0017101002241874167,,,,UP,DOWN,NORMAL,1,SELL,ACTIVE,,0,,"[{""name"": ""ECB President Lagarde Speaks"", ""impact"": ""MEDIUM"", ""time"": ""2026-03-25 08:45:00"", ""currency"": ""EUR""}, {""name"": ""German ifo Business Climate"", ""impact"": ""LOW"", ""time"": ""2026-03-25 09:00:00"", ""currency"": ""EUR""}]"
1934,2026-03-25 06:05:05.204562,12,GBPUSD,,,,,,,,1.3379699999999999,44.238023505754725,0.002158509488746609,,,,UP,DOWN,NORMAL,0,,,,0,,"[{""name"": ""CPI y/y"", ""impact"": ""HIGH"", ""time"": ""2026-03-25 07:00:00"", ""currency"": ""GBP""}, {""name"": ""Core CPI y/y"", ""impact"": ""LOW"", ""time"": ""2026-03-25 07:00:00"", ""currency"": ""GBP""}, {""name"": ""PPI Input m/m"", ""impact"": ""LOW"", ""time"": ""2026-03-25 07:00:00"", ""currency"": ""GBP""}, {""name"": ""PPI Output m/m"", ""impact"": ""LOW"", ""time"": ""2026-03-25 07:00:00"", ""currency"": ""GBP""}, {""name"": ""RPI y/y"", ""impact"": ""LOW"", ""time"": ""2026-03-25 07:00:00"", ""currency"": ""GBP""}, {""name"": ""HPI y/y"", ""impact"": ""LOW"", ""time"": ""2026-03-25 09:30:00"", ""currency"": ""GBP""}]"
1935,2026-03-25 06:05:05.204562,12,USDJPY,,,,,,,,158.97,58.27449694674912,0.19169374803517059,,,,UP,UP,NORMAL,0,,,,0,,
1936,2026-03-25 06:05:05.204562,12,XAUUSD,,,,,,,,4553.13,62.639715855123484,43.126836285300485,,,,UP,DOWN,NORMAL,0,,,,0,,
1937,2026-03-25 06:05:05.204562,12,AUDUSD,,,,,,,,0.6974,46.90823649569217,0.0017855961194793875,,,,DOWN,DOWN,NORMAL,0,,,,0,,
1938,2026-03-25 06:05:05.204562,12,USDCAD,,,,,,,,1.37743,61.37969610108963,0.0012930441783931747,,,,UP,UP,NORMAL,0,,,,0,,
1939,2026-03-25 06:05:05.204562,12,NZDUSD,,,,,,,,0.58137,41.61958534163279,0.0013587567838253649,,,,DOWN,DOWN,NORMAL,0,,,,0,,
1940,2026-03-25 06:05:05.204562,12,USDCHF,,,,,,,,0.78968,54.874578790387375,0.0012053788650069766,,,,UP,UP,NORMAL,0,,,,0,,"[{""name"": ""UBS Economic Expectations"", ""impact"": ""LOW"", ""time"": ""2026-03-25 09:00:00"", ""currency"": ""CHF""}]"
1941,2026-03-25 07:05:04.620837,13,EURUSD,,,,,,,,1.15932,48.66909116792566,0.001669480820418936,,,,UP,DOWN,NORMAL,0,,,,0,,"[{""name"": ""ECB President Lagarde Speaks"", ""impact"": ""MEDIUM"", ""time"": ""2026-03-25 08:45:00"", ""currency"": ""EUR""}, {""name"": ""German ifo Business Climate"", ""impact"": ""LOW"", ""time"": ""2026-03-25 09:00:00"", ""currency"": ""EUR""}]"
1942,2026-03-25 07:05:04.620837,13,GBPUSD,,,,,,,,1.33923,48.75351820180115,0.0021664220762851287,,,,UP,DOWN,NORMAL,0,,,,1,HIGH impact: CPI y/y (GBP) 5min ago,"[{""name"": ""CPI y/y"", ""impact"": ""HIGH"", ""time"": ""2026-03-25 07:00:00"", ""currency"": ""GBP""}, {""name"": ""Core CPI y/y"", ""impact"": ""LOW"", ""time"": ""2026-03-25 07:00:00"", ""currency"": ""GBP""}, {""name"": ""PPI Input m/m"", ""impact"": ""LOW"", ""time"": ""2026-03-25 07:00:00"", ""currency"": ""GBP""}, {""name"": ""PPI Output m/m"", ""impact"": ""LOW"", ""time"": ""2026-03-25 07:00:00"", ""currency"": ""GBP""}, {""name"": ""RPI y/y"", ""impact"": ""LOW"", ""time"": ""2026-03-25 07:00:00"", ""currency"": ""GBP""}, {""name"": ""HPI y/y"", ""impact"": ""LOW"", ""time"": ""2026-03-25 09:30:00"", ""currency"": ""GBP""}]"
1943,2026-03-25 07:05:04.620837,13,USDJPY,,,,,,,,158.969,57.913595418650196,0.18565950072653528,,,,UP,UP,NORMAL,0,,,,0,,
1944,2026-03-25 07:05:04.620837,13,XAUUSD,,,,,,,,4549.45,61.59258397801521,39.14951700110089,,,,UP,DOWN,NORMAL,0,,,,0,,
1945,2026-03-25 07:05:04.620837,13,AUDUSD,,,,,,,,0.6972,46.11725641320234,0.001717594355843109,,,,DOWN,DOWN,NORMAL,1,SELL,ACTIVE,,0,,
1946,2026-03-25 07:05:04.620837,13,USDCAD,,,,,,,,1.37796,63.85796642169499,0.0012496124513651009,,,,UP,UP,NORMAL,0,,,,0,,
1947,2026-03-25 07:05:04.620837,13,NZDUSD,,,,,,,,0.58121,41.10084070716124,0.0013128251768174343,,,,DOWN,DOWN,NORMAL,0,,,,0,,
1948,2026-03-25 07:05:04.620837,13,USDCHF,,,,,,,,0.78949,53.595615277869356,0.0011719334358738288,,,,UP,UP,NORMAL,0,,,,0,,"[{""name"": ""UBS Economic Expectations"", ""impact"": ""LOW"", ""time"": ""2026-03-25 09:00:00"", ""currency"": ""CHF""}]"
1949,2026-03-25 08:05:05.123853,14,EURUSD,,,,,,,,1.15944,49.14300767998722,0.0016423985499676508,,,,UP,DOWN,NORMAL,0,,,,0,,"[{""name"": ""ECB President Lagarde Speaks"", ""impact"": ""MEDIUM"", ""time"": ""2026-03-25 08:45:00"", ""currency"": ""EUR""}, {""name"": ""German ifo Business Climate"", ""impact"": ""LOW"", ""time"": ""2026-03-25 09:00:00"", ""currency"": ""EUR""}]"
1950,2026-03-25 08:05:05.123853,14,GBPUSD,,,,,,,,1.33966,50.2938163017631,0.002173922540223936,,,,UP,DOWN,NORMAL,0,,,,0,,"[{""name"": ""HPI y/y"", ""impact"": ""LOW"", ""time"": ""2026-03-25 09:30:00"", ""currency"": ""GBP""}, {""name"": ""MPC Member Greene Speaks"", ""impact"": ""LOW"", ""time"": ""2026-03-25 12:00:00"", ""currency"": ""GBP""}]"
1951,2026-03-25 08:05:05.123853,14,USDJPY,,,,,,,,159.116,63.21242286575196,0.18944912822565996,,,,UP,UP,NORMAL,0,,,,0,,
1952,2026-03-25 08:05:05.123853,14,XAUUSD,,,,,,,,4546.37,60.811813526650624,38.711388235716115,,,,UP,DOWN,NORMAL,0,,,,0,,
1953,2026-03-25 08:05:05.123853,14,AUDUSD,,,,,,,,0.6966,43.328203137158184,0.0016857763916502304,,,,DOWN,DOWN,NORMAL,0,,,,0,,
1954,2026-03-25 08:05:05.123853,14,USDCAD,,,,,,,,1.37831,65.56539757073728,0.0012439258476961733,,,,UP,UP,NORMAL,0,,,,0,,
1955,2026-03-25 08:05:05.123853,14,NZDUSD,,,,,,,,0.58127,41.55589355345729,0.001277215215208021,,,,DOWN,DOWN,NORMAL,0,,,,0,,
1956,2026-03-25 08:05:05.123853,14,USDCHF,,,,,,,,0.79056,59.58457717471947,0.0012221014557603895,,,,UP,UP,NORMAL,0,,,,0,,"[{""name"": ""UBS Economic Expectations"", ""impact"": ""LOW"", ""time"": ""2026-03-25 09:00:00"", ""currency"": ""CHF""}]"
1957,2026-03-25 09:05:04.316647,15,EURUSD,,,,,,,,1.16056,55.00644560889212,0.0017064108984393466,,,,UP,DOWN,NORMAL,0,,,,0,,"[{""name"": ""ECB President Lagarde Speaks"", ""impact"": ""MEDIUM"", ""time"": ""2026-03-25 08:45:00"", ""currency"": ""EUR""}, {""name"": ""German ifo Business Climate"", ""impact"": ""LOW"", ""time"": ""2026-03-25 09:00:00"", ""currency"": ""EUR""}, {""name"": ""Current Account"", ""impact"": ""LOW"", ""time"": ""2026-03-25 12:30:00"", ""currency"": ""USD""}, {""name"": ""Import Prices m/m"", ""impact"": ""LOW"", ""time"": ""2026-03-25 12:30:00"", ""currency"": ""USD""}]"
1958,2026-03-25 09:05:04.316647,15,GBPUSD,,,,,,,,1.34081,53.91802871822946,0.002232060726126311,,,,UP,DOWN,NORMAL,0,,,,0,,"[{""name"": ""HPI y/y"", ""impact"": ""LOW"", ""time"": ""2026-03-25 09:30:00"", ""currency"": ""GBP""}, {""name"": ""MPC Member Greene Speaks"", ""impact"": ""LOW"", ""time"": ""2026-03-25 12:00:00"", ""currency"": ""GBP""}, {""name"": ""Current Account"", ""impact"": ""LOW"", ""time"": ""2026-03-25 12:30:00"", ""currency"": ""USD""}, {""name"": ""Import Prices m/m"", ""impact"": ""LOW"", ""time"": ""2026-03-25 12:30:00"", ""currency"": ""USD""}]"
1959,2026-03-25 09:05:04.316647,15,USDJPY,,,,,,,,158.772,48.24806697247771,0.20459051702586764,,,,UP,UP,NORMAL,0,,,,0,,"[{""name"": ""Current Account"", ""impact"": ""LOW"", ""time"": ""2026-03-25 12:30:00"", ""currency"": ""USD""}, {""name"": ""Import Prices m/m"", ""impact"": ""LOW"", ""time"": ""2026-03-25 12:30:00"", ""currency"": ""USD""}]"
1960,2026-03-25 09:05:04.316647,15,XAUUSD,,,,,,,,4563.03,63.062315546342504,37.945778871940405,,,,UP,DOWN,NORMAL,0,,,,0,,"[{""name"": ""Current Account"", ""impact"": ""LOW"", ""time"": ""2026-03-25 12:30:00"", ""currency"": ""USD""}, {""name"": ""Import Prices m/m"", ""impact"": ""LOW"", ""time"": ""2026-03-25 12:30:00"", ""currency"": ""USD""}]"
1961,2026-03-25 09:05:04.316647,15,AUDUSD,,,,,,,,0.69877,54.155119888285526,0.0017836290983690866,,,,DOWN,DOWN,NORMAL,1,BUY,ACTIVE,,0,,
1962,2026-03-25 09:05:04.316647,15,USDCAD,,,,,,,,1.3780299999999999,63.166764869868736,0.001222267878983182,,,,UP,UP,NORMAL,0,,,,0,,
1963,2026-03-25 09:05:04.316647,15,NZDUSD,,,,,,,,0.58306,52.868800786206656,0.0013331794345298905,,,,DOWN,DOWN,NORMAL,0,,,,0,,
1964,2026-03-25 09:05:04.316647,15,USDCHF,,,,,,,,0.78927,51.770557849384154,0.0012904717599407645,,,,UP,UP,NORMAL,0,,,,0,,"[{""name"": ""UBS Economic Expectations"", ""impact"": ""LOW"", ""time"": ""2026-03-25 09:00:00"", ""currency"": ""CHF""}]"
1965,2026-03-25 10:05:04.311039,16,EURUSD,,,,,,,,1.16035,53.80893451424106,0.0017030958342651083,,,,UP,DOWN,NORMAL,0,,,,0,,"[{""name"": ""Current Account"", ""impact"": ""LOW"", ""time"": ""2026-03-25 12:30:00"", ""currency"": ""USD""}, {""name"": ""Import Prices m/m"", ""impact"": ""LOW"", ""time"": ""2026-03-25 12:30:00"", ""currency"": ""USD""}, {""name"": ""Belgian NBB Business Climate"", ""impact"": ""LOW"", ""time"": ""2026-03-25 14:00:00"", ""currency"": ""EUR""}]"
1966,2026-03-25 10:05:04.311039,16,GBPUSD,,,,,,,,1.33987,50.729979575987024,0.0022166074089540015,,,,DOWN,DOWN,NORMAL,0,,,,0,,"[{""name"": ""HPI y/y"", ""impact"": ""LOW"", ""time"": ""2026-03-25 09:30:00"", ""currency"": ""GBP""}, {""name"": ""MPC Member Greene Speaks"", ""impact"": ""LOW"", ""time"": ""2026-03-25 12:00:00"", ""currency"": ""GBP""}, {""name"": ""Current Account"", ""impact"": ""LOW"", ""time"": ""2026-03-25 12:30:00"", ""currency"": ""USD""}, {""name"": ""Import Prices m/m"", ""impact"": ""LOW"", ""time"": ""2026-03-25 12:30:00"", ""currency"": ""USD""}]"
1967,2026-03-25 10:05:04.311039,16,USDJPY,,,,,,,,158.89,52.41229474203278,0.20629323519749027,,,,UP,UP,NORMAL,0,,,,0,,"[{""name"": ""Current Account"", ""impact"": ""LOW"", ""time"": ""2026-03-25 12:30:00"", ""currency"": ""USD""}, {""name"": ""Import Prices m/m"", ""impact"": ""LOW"", ""time"": ""2026-03-25 12:30:00"", ""currency"": ""USD""}]"
1968,2026-03-25 10:05:04.311039,16,XAUUSD,,,,,,,,4559.76,62.33745819795502,37.81454976884266,,,,UP,DOWN,NORMAL,0,,,,0,,"[{""name"": ""Current Account"", ""impact"": ""LOW"", ""time"": ""2026-03-25 12:30:00"", ""currency"": ""USD""}, {""name"": ""Import Prices m/m"", ""impact"": ""LOW"", ""time"": ""2026-03-25 12:30:00"", ""currency"": ""USD""}]"
1969,2026-03-25 10:05:04.311039,16,AUDUSD,,,,,,,,0.69681,45.25726635984012,0.0017846964076692557,,,,DOWN,DOWN,NORMAL,0,,,,0,,
1970,2026-03-25 10:05:04.311039,16,USDCAD,,,,,,,,1.37916,69.38231512709189,0.0011914936427292752,,,,UP,UP,NORMAL,1,SELL,ACTIVE,,0,,
1971,2026-03-25 10:05:04.311039,16,NZDUSD,,,,,,,,0.58176,45.73289123430586,0.0013417788626757237,,,,DOWN,DOWN,NORMAL,0,,,,0,,
1972,2026-03-25 10:05:04.311039,16,USDCHF,,,,,,,,0.78953,52.79706369389251,0.0013097237770878583,,,,UP,UP,NORMAL,0,,,,0,,"[{""name"": ""SNB Quarterly Bulletin"", ""impact"": ""LOW"", ""time"": ""2026-03-25 14:00:00"", ""currency"": ""CHF""}]"
1973,2026-03-25 11:05:08.530362,17,EURUSD,,,,,,,,1.1597,50.20005378464968,0.0017230958342650965,,,,UP,DOWN,NORMAL,0,,,,0,,"[{""name"": ""Current Account"", ""impact"": ""LOW"", ""time"": ""2026-03-25 12:30:00"", ""currency"": ""USD""}, {""name"": ""Import Prices m/m"", ""impact"": ""LOW"", ""time"": ""2026-03-25 12:30:00"", ""currency"": ""USD""}, {""name"": ""Belgian NBB Business Climate"", ""impact"": ""LOW"", ""time"": ""2026-03-25 14:00:00"", ""currency"": ""EUR""}, {""name"": ""Crude Oil Inventories"", ""impact"": ""LOW"", ""time"": ""2026-03-25 14:30:00"", ""currency"": ""USD""}]"
1974,2026-03-25 11:05:08.530362,17,GBPUSD,,,,,,,,1.34176,56.444251009702455,0.002171951777702196,,,,DOWN,DOWN,NORMAL,1,BUY,ACTIVE,,0,,"[{""name"": ""MPC Member Greene Speaks"", ""impact"": ""LOW"", ""time"": ""2026-03-25 12:00:00"", ""currency"": ""GBP""}, {""name"": ""Current Account"", ""impact"": ""LOW"", ""time"": ""2026-03-25 12:30:00"", ""currency"": ""USD""}, {""name"": ""Import Prices m/m"", ""impact"": ""LOW"", ""time"": ""2026-03-25 12:30:00"", ""currency"": ""USD""}, {""name"": ""Crude Oil Inventories"", ""impact"": ""LOW"", ""time"": ""2026-03-25 14:30:00"", ""currency"": ""USD""}]"
1975,2026-03-25 11:05:08.530362,17,USDJPY,,,,,,,,158.827,49.91834807505278,0.20054269798950783,,,,UP,UP,NORMAL,0,,,,0,,"[{""name"": ""Current Account"", ""impact"": ""LOW"", ""time"": ""2026-03-25 12:30:00"", ""currency"": ""USD""}, {""name"": ""Import Prices m/m"", ""impact"": ""LOW"", ""time"": ""2026-03-25 12:30:00"", ""currency"": ""USD""}, {""name"": ""Crude Oil Inventories"", ""impact"": ""LOW"", ""time"": ""2026-03-25 14:30:00"", ""currency"": ""USD""}]"
1976,2026-03-25 11:05:08.530362,17,XAUUSD,,,,,,,,4566.94,63.420791303423016,35.998102336374316,,,,UP,DOWN,NORMAL,1,SELL,ACTIVE,,0,,"[{""name"": ""Current Account"", ""impact"": ""LOW"", ""time"": ""2026-03-25 12:30:00"", ""currency"": ""USD""}, {""name"": ""Import Prices m/m"", ""impact"": ""LOW"", ""time"": ""2026-03-25 12:30:00"", ""currency"": ""USD""}, {""name"": ""Crude Oil Inventories"", ""impact"": ""LOW"", ""time"": ""2026-03-25 14:30:00"", ""currency"": ""USD""}]"
1977,2026-03-25 11:05:08.530362,17,AUDUSD,,,,,,,,0.69615,42.491741701846074,0.0018004833989581784,,,,DOWN,DOWN,NORMAL,0,,,,0,,
1978,2026-03-25 11:05:08.530362,17,USDCAD,,,,,,,,1.37888,65.3342340917959,0.0011419730170180292,,,,UP,UP,NORMAL,0,,,,0,,
1979,2026-03-25 11:05:08.530362,17,NZDUSD,,,,,,,,0.58119,42.904464717003336,0.0013597130255458265,,,,DOWN,DOWN,NORMAL,0,,,,0,,
1980,2026-03-25 11:05:08.530362,17,USDCHF,,,,,,,,0.78865,47.59604787643382,0.0012817843236223995,,,,UP,UP,NORMAL,1,SELL,ACTIVE,,0,,"[{""name"": ""SNB Quarterly Bulletin"", ""impact"": ""LOW"", ""time"": ""2026-03-25 14:00:00"", ""currency"": ""CHF""}]"
1981,2026-03-25 12:05:15.749594,18,EURUSD,,,,,,,,1.16038,53.9094807304954,0.0016684869481441247,,,,UP,DOWN,NORMAL,0,,,,0,,"[{""name"": ""Current Account"", ""impact"": ""LOW"", ""time"": ""2026-03-25 12:30:00"", ""currency"": ""USD""}, {""name"": ""Import Prices m/m"", ""impact"": ""LOW"", ""time"": ""2026-03-25 12:30:00"", ""currency"": ""USD""}, {""name"": ""Belgian NBB Business Climate"", ""impact"": ""LOW"", ""time"": ""2026-03-25 14:00:00"", ""currency"": ""EUR""}, {""name"": ""Crude Oil Inventories"", ""impact"": ""LOW"", ""time"": ""2026-03-25 14:30:00"", ""currency"": ""USD""}]"
1982,2026-03-25 12:05:15.749594,18,GBPUSD,,,,,,,,1.34188,56.85857743291539,0.002126149099703058,,,,DOWN,DOWN,NORMAL,0,,,,0,,"[{""name"": ""MPC Member Greene Speaks"", ""impact"": ""LOW"", ""time"": ""2026-03-25 12:00:00"", ""currency"": ""GBP""}, {""name"": ""Current Account"", ""impact"": ""LOW"", ""time"": ""2026-03-25 12:30:00"", ""currency"": ""USD""}, {""name"": ""Import Prices m/m"", ""impact"": ""LOW"", ""time"": ""2026-03-25 12:30:00"", ""currency"": ""USD""}, {""name"": ""Crude Oil Inventories"", ""impact"": ""LOW"", ""time"": ""2026-03-25 14:30:00"", ""currency"": ""USD""}]"
1983,2026-03-25 12:05:15.749594,18,USDJPY,,,,,,,,158.812,49.25488399018074,0.19413148486780693,,,,UP,UP,NORMAL,1,SELL,ACTIVE,,0,,"[{""name"": ""Current Account"", ""impact"": ""LOW"", ""time"": ""2026-03-25 12:30:00"", ""currency"": ""USD""}, {""name"": ""Import Prices m/m"", ""impact"": ""LOW"", ""time"": ""2026-03-25 12:30:00"", ""currency"": ""USD""}, {""name"": ""Crude Oil Inventories"", ""impact"": ""LOW"", ""time"": ""2026-03-25 14:30:00"", ""currency"": ""USD""}]"
1984,2026-03-25 12:05:15.749594,18,XAUUSD,,,,,,,,4578.73,65.04140508318739,35.11844196540884,,,,UP,DOWN,NORMAL,0,,,,0,,"[{""name"": ""Current Account"", ""impact"": ""LOW"", ""time"": ""2026-03-25 12:30:00"", ""currency"": ""USD""}, {""name"": ""Import Prices m/m"", ""impact"": ""LOW"", ""time"": ""2026-03-25 12:30:00"", ""currency"": ""USD""}, {""name"": ""Crude Oil Inventories"", ""impact"": ""LOW"", ""time"": ""2026-03-25 14:30:00"", ""currency"": ""USD""}]"
1985,2026-03-25 12:05:15.749594,18,AUDUSD,,,,,,,,0.69666,44.58577892771535,0.0016741412980812922,,,,DOWN,DOWN,NORMAL,0,,,,0,,
1986,2026-03-25 12:05:15.749594,18,USDCAD,,,,,,,,1.37924,67.53326627945577,0.00113366882192491,,,,UP,UP,NORMAL,0,,,,0,,
1987,2026-03-25 12:05:15.749594,18,NZDUSD,,,,,,,,0.58235,49.42101180472687,0.001259803578149213,,,,DOWN,DOWN,NORMAL,0,,,,0,,
1988,2026-03-25 12:05:15.749594,18,USDCHF,,,,,,,,0.78874,48.08639709644188,0.001227167076016717,,,,UP,UP,NORMAL,0,,,,0,,"[{""name"": ""SNB Quarterly Bulletin"", ""impact"": ""LOW"", ""time"": ""2026-03-25 14:00:00"", ""currency"": ""CHF""}]"
1989,2026-03-25 13:05:08.925087,19,EURUSD,,,,,,,,1.15973,50.00020198705546,0.0017411808014974619,,,,UP,DOWN,NORMAL,0,,,,0,,"[{""name"": ""Current Account"", ""impact"": ""LOW"", ""time"": ""2026-03-25 12:30:00"", ""currency"": ""USD""}, {""name"": ""Import Prices m/m"", ""impact"": ""LOW"", ""time"": ""2026-03-25 12:30:00"", ""currency"": ""USD""}, {""name"": ""Belgian NBB Business Climate"", ""impact"": ""LOW"", ""time"": ""2026-03-25 14:00:00"", ""currency"": ""EUR""}, {""name"": ""Crude Oil Inventories"", ""impact"": ""LOW"", ""time"": ""2026-03-25 14:30:00"", ""currency"": ""USD""}]"
1990,2026-03-25 13:05:08.925087,19,GBPUSD,,,,,,,,1.33976,49.7625201543594,0.0022453527354385737,,,,DOWN,DOWN,NORMAL,1,SELL,ACTIVE,,0,,"[{""name"": ""Current Account"", ""impact"": ""LOW"", ""time"": ""2026-03-25 12:30:00"", ""currency"": ""USD""}, {""name"": ""Import Prices m/m"", ""impact"": ""LOW"", ""time"": ""2026-03-25 12:30:00"", ""currency"": ""USD""}, {""name"": ""Crude Oil Inventories"", ""impact"": ""LOW"", ""time"": ""2026-03-25 14:30:00"", ""currency"": ""USD""}]"
1991,2026-03-25 13:05:08.925087,19,USDJPY,,,,,,,,158.977,54.9696536495006,0.2038925012548019,,,,UP,UP,NORMAL,0,,,,0,,"[{""name"": ""Current Account"", ""impact"": ""LOW"", ""time"": ""2026-03-25 12:30:00"", ""currency"": ""USD""}, {""name"": ""Import Prices m/m"", ""impact"": ""LOW"", ""time"": ""2026-03-25 12:30:00"", ""currency"": ""USD""}, {""name"": ""Crude Oil Inventories"", ""impact"": ""LOW"", ""time"": ""2026-03-25 14:30:00"", ""currency"": ""USD""}]"
1992,2026-03-25 13:05:08.925087,19,XAUUSD,,,,,,,,4566.61,60.41097148911502,38.44054304951231,,,,UP,DOWN,NORMAL,0,,,,0,,"[{""name"": ""Current Account"", ""impact"": ""LOW"", ""time"": ""2026-03-25 12:30:00"", ""currency"": ""USD""}, {""name"": ""Import Prices m/m"", ""impact"": ""LOW"", ""time"": ""2026-03-25 12:30:00"", ""currency"": ""USD""}, {""name"": ""Crude Oil Inventories"", ""impact"": ""LOW"", ""time"": ""2026-03-25 14:30:00"", ""currency"": ""USD""}]"
1993,2026-03-25 13:05:08.925087,19,AUDUSD,,,,,,,,0.69659,45.260833655135,0.0017584373278101751,,,,DOWN,DOWN,NORMAL,0,,,,0,,
1994,2026-03-25 13:05:08.925087,19,USDCAD,,,,,,,,1.37815,57.78600225588205,0.0011672332938282074,,,,UP,UP,NORMAL,0,,,,0,,
1995,2026-03-25 13:05:08.925087,19,NZDUSD,,,,,,,,0.5815,44.61607430557886,0.0013726607210063498,,,,DOWN,DOWN,NORMAL,1,SELL,ACTIVE,,0,,
1996,2026-03-25 13:05:08.925087,19,USDCHF,,,,,,,,0.78939,51.821063376889384,0.0012938490195665397,,,,UP,UP,NORMAL,0,,,,0,,"[{""name"": ""SNB Quarterly Bulletin"", ""impact"": ""LOW"", ""time"": ""2026-03-25 14:00:00"", ""currency"": ""CHF""}]"
1997,2026-03-25 14:05:05.255213,20,EURUSD,,,,,,,,1.15826,42.27915423236416,0.0017940379443546022,,,,UP,DOWN,NORMAL,0,,,,0,,"[{""name"": ""Belgian NBB Business Climate"", ""impact"": ""LOW"", ""time"": ""2026-03-25 14:00:00"", ""currency"": ""EUR""}, {""name"": ""Crude Oil Inventories"", ""impact"": ""LOW"", ""time"": ""2026-03-25 14:30:00"", ""currency"": ""USD""}]"
1998,2026-03-25 14:05:05.255213,20,GBPUSD,,,,,,,,1.33621,39.97007152671601,0.002313337744131735,,,,DOWN,DOWN,NORMAL,1,BUY,ACTIVE,,0,,"[{""name"": ""Crude Oil Inventories"", ""impact"": ""LOW"", ""time"": ""2026-03-25 14:30:00"", ""currency"": ""USD""}]"
1999,2026-03-25 14:05:05.255213,20,USDJPY,,,,,,,,159.185,61.818937852200655,0.20301242463456087,,,,UP,UP,NORMAL,0,,,,0,,"[{""name"": ""Crude Oil Inventories"", ""impact"": ""LOW"", ""time"": ""2026-03-25 14:30:00"", ""currency"": ""USD""}]"
2000,2026-03-25 14:05:05.255213,20,XAUUSD,,,,,,,,4546.12,57.330931928950825,37.27861650515941,,,,UP,DOWN,NORMAL,0,,,,0,,"[{""name"": ""Crude Oil Inventories"", ""impact"": ""LOW"", ""time"": ""2026-03-25 14:30:00"", ""currency"": ""USD""}]"
2001,2026-03-25 14:05:05.255213,20,AUDUSD,,,,,,,,0.69607,42.151248104679496,0.0017634373278101762,,,,DOWN,DOWN,NORMAL,0,,,,0,,
2002,2026-03-25 14:05:05.255213,20,USDCAD,,,,,,,,1.37832,59.17738786472163,0.001209376150971071,,,,UP,UP,NORMAL,0,,,,0,,
2003,2026-03-25 14:05:05.255213,20,NZDUSD,,,,,,,,0.58165,45.38572244643237,0.0013324706695058946,,,,DOWN,DOWN,NORMAL,1,SELL,ACTIVE,,0,,
2004,2026-03-25 14:05:05.255213,20,USDCHF,,,,,,,,0.79196,63.87563865174968,0.0013757169467403527,,,,UP,UP,NORMAL,1,SELL,ACTIVE,,0,,"[{""name"": ""SNB Quarterly Bulletin"", ""impact"": ""LOW"", ""time"": ""2026-03-25 14:00:00"", ""currency"": ""CHF""}]"
2005,2026-03-25 15:05:05.199156,21,EURUSD,,,,,,,,1.15831,44.211630914952686,0.0018689025809823323,,,,UP,DOWN,NORMAL,0,,,,0,,"[{""name"": ""Crude Oil Inventories"", ""impact"": ""LOW"", ""time"": ""2026-03-25 14:30:00"", ""currency"": ""USD""}]"
2006,2026-03-25 15:05:05.199156,21,GBPUSD,,,,,,,,1.33887,47.925094377835975,0.0023245789256733417,,,,DOWN,DOWN,NORMAL,0,,,,0,,"[{""name"": ""Crude Oil Inventories"", ""impact"": ""LOW"", ""time"": ""2026-03-25 14:30:00"", ""currency"": ""USD""}]"
2007,2026-03-25 15:05:05.199156,21,USDJPY,,,,,,,,159.063,56.95588109425651,0.20217480246678596,,,,UP,UP,NORMAL,0,,,,0,,"[{""name"": ""Crude Oil Inventories"", ""impact"": ""LOW"", ""time"": ""2026-03-25 14:30:00"", ""currency"": ""USD""}]"
2008,2026-03-25 15:05:05.199156,21,XAUUSD,,,,,,,,4564.03,59.9680535906222,37.042286754790894,,,,UP,DOWN,NORMAL,0,,,,0,,"[{""name"": ""Crude Oil Inventories"", ""impact"": ""LOW"", ""time"": ""2026-03-25 14:30:00"", ""currency"": ""USD""}]"
2009,2026-03-25 15:05:05.199156,21,AUDUSD,,,,,,,,0.69659,46.79664978461004,0.0018764060901094478,,,,DOWN,DOWN,NORMAL,0,,,,0,,
2010,2026-03-25 15:05:05.199156,21,USDCAD,,,,,,,,1.37921,64.83667287343354,0.0012587574463098802,,,,UP,UP,NORMAL,0,,,,0,,
2011,2026-03-25 15:05:05.199156,21,NZDUSD,,,,,,,,0.58198,48.447910326059365,0.0014108656216840448,,,,DOWN,DOWN,NORMAL,0,,,,0,,
2012,2026-03-25 15:05:05.199156,21,USDCHF,,,,,,,,0.79053,56.040474623852134,0.0013836759403405255,,,,UP,UP,NORMAL,0,,,,0,,
2013,2026-03-25 16:05:03.779392,22,EURUSD,,,,,,,,1.15778,42.275230106384406,0.0019235728047897192,,,,UP,DOWN,NORMAL,0,,,,0,,
2014,2026-03-25 16:05:03.779392,22,GBPUSD,,,,,,,,1.33673,42.11089256373646,0.0024817217828161974,,,,DOWN,DOWN,NORMAL,0,,,,0,,
2015,2026-03-25 16:05:03.779392,22,USDJPY,,,,,,,,159.115,58.58667867809625,0.21096051675249958,,,,UP,UP,NORMAL,0,,,,0,,
2016,2026-03-25 16:05:03.779392,22,XAUUSD,,,,,,,,4562.54,59.61049226320313,39.67800104050515,,,,UP,DOWN,NORMAL,0,,,,0,,
2017,2026-03-25 16:05:03.779392,22,AUDUSD,,,,,,,,0.69636,45.80537806148454,0.0019364076959179617,,,,DOWN,DOWN,NORMAL,0,,,,0,,
2018,2026-03-25 16:05:03.779392,22,USDCAD,,,,,,,,1.37974,67.44335535072872,0.0012994584450428572,,,,UP,UP,NORMAL,0,,,,0,,
2019,2026-03-25 16:05:03.779392,22,NZDUSD,,,,,,,,0.5819,48.0098269403689,0.001431875220135181,,,,DOWN,DOWN,NORMAL,1,BUY,ACTIVE,,0,,
2020,2026-03-25 16:05:03.779392,22,USDCHF,,,,,,,,0.79199,61.737512284536535,0.001497961654626243,,,,UP,UP,NORMAL,1,SELL,ACTIVE,,0,,
2021,2026-03-25 17:05:04.815905,23,EURUSD,,,,,,,,1.1571500000000001,40.34164697924807,0.001961174747304737,,,,UP,DOWN,NORMAL,0,,,,0,,
2022,2026-03-25 17:05:04.815905,23,GBPUSD,,,,,,,,1.3376299999999999,44.87312826838832,0.002327147863754798,,,,DOWN,DOWN,NORMAL,0,,,,0,,
2023,2026-03-25 17:05:04.815905,23,USDJPY,,,,,,,,159.265,62.81792169692294,0.200482719619684,,,,UP,UP,NORMAL,0,,,,0,,
2024,2026-03-25 17:05:04.815905,23,XAUUSD,,,,,,,,4553.71,57.45603080822969,36.018174366557965,,,,UP,DOWN,NORMAL,0,,,,0,,
2025,2026-03-25 17:05:04.815905,23,AUDUSD,,,,,,,,0.69636,46.10507738746842,0.0018930928604952459,,,,DOWN,DOWN,NORMAL,0,,,,0,,
2026,2026-03-25 17:05:04.815905,23,USDCAD,,,,,,,,1.3804699999999999,70.72741238894696,0.0013035787601928443,,,,UP,UP,NORMAL,0,,,,0,,
2027,2026-03-25 17:05:04.815905,23,NZDUSD,,,,,,,,0.58193,48.607051409538066,0.0014188841329826661,,,,DOWN,DOWN,NORMAL,1,BUY,ACTIVE,,0,,
2028,2026-03-25 17:05:04.815905,23,USDCHF,,,,,,,,0.79153,59.46559171497327,0.0014176921555560129,,,,UP,UP,NORMAL,0,,,,0,,
2029,2026-03-25 18:05:04.589561,24,EURUSD,,,,,,,,1.15779,44.1948783167135,0.0018540741443597024,,,,DOWN,DOWN,NORMAL,0,,,,0,,"[{""name"": ""FOMC Member Miran Speaks"", ""impact"": ""LOW"", ""time"": ""2026-03-25 20:10:00"", ""currency"": ""USD""}]"
2030,2026-03-25 18:05:04.589561,24,GBPUSD,,,,,,,,1.33822,46.78785703774582,0.002290974036751884,,,,DOWN,DOWN,NORMAL,0,,,,0,,"[{""name"": ""FOMC Member Miran Speaks"", ""impact"": ""LOW"", ""time"": ""2026-03-25 20:10:00"", ""currency"": ""USD""}]"
2031,2026-03-25 18:05:04.589561,24,USDJPY,,,,,,,,159.265,62.83960786378345,0.19432068862644164,,,,UP,UP,NORMAL,0,,,,0,,"[{""name"": ""FOMC Member Miran Speaks"", ""impact"": ""LOW"", ""time"": ""2026-03-25 20:10:00"", ""currency"": ""USD""}]"
2032,2026-03-25 18:05:04.589561,24,XAUUSD,,,,,,,,4551.98,56.95180133652778,36.070498646497725,,,,UP,DOWN,NORMAL,0,,,,0,,"[{""name"": ""FOMC Member Miran Speaks"", ""impact"": ""LOW"", ""time"": ""2026-03-25 20:10:00"", ""currency"": ""USD""}]"
2033,2026-03-25 18:05:04.589561,24,AUDUSD,,,,,,,,0.69673,48.27526341643678,0.0018414433704598714,,,,DOWN,DOWN,NORMAL,0,,,,0,,
2034,2026-03-25 18:05:04.589561,24,USDCAD,,,,,,,,1.38021,65.83395511427585,0.001286180277321931,,,,UP,UP,NORMAL,0,,,,0,,
2035,2026-03-25 18:05:04.589561,24,NZDUSD,,,,,,,,0.58232,50.926028272052584,0.0013861066949124809,,,,DOWN,DOWN,NORMAL,1,BUY,ACTIVE,,0,,
2036,2026-03-25 18:05:04.589561,24,USDCHF,,,,,,,,0.79119,57.31396206307064,0.0014009182260775236,,,,UP,UP,NORMAL,0,,,,0,,
