id,time,symbol,action,price,stop_loss,take_profit,atr,rsi,strategy,status,reason,ml_confidence,ml_threshold,ticket,strategy_version,feat_return_1,feat_return_2,feat_return_3,feat_return_5,feat_return_10,feat_return_20,feat_sma_10,feat_close_vs_sma_10,feat_sma_20,feat_close_vs_sma_20,feat_sma_50,feat_close_vs_sma_50,feat_sma_100,feat_close_vs_sma_100,feat_sma_200,feat_close_vs_sma_200,feat_ema_12,feat_ema_26,feat_ema_50,feat_sma_10_50_diff,feat_sma_20_100_diff,feat_sma_50_200_diff,feat_ema_12_26_diff,feat_rsi_7,feat_rsi_14,feat_rsi_21,feat_macd_line,feat_macd_signal,feat_macd_hist,feat_roc_5,feat_roc_10,feat_roc_20,feat_atr_7,feat_atr_7_pct,feat_atr_14,feat_atr_14_pct,feat_atr_28,feat_atr_28_pct,feat_bb_width,feat_bb_position,feat_volatility_10,feat_volatility_20,feat_candle_body_ratio,feat_candle_direction,feat_upper_shadow_ratio,feat_lower_shadow_ratio,feat_consecutive_direction,feat_price_position_10,feat_price_position_20,feat_price_position_50,feat_dist_from_high_20,feat_dist_from_low_20,feat_volume_ratio,feat_volume_change,feat_hour,feat_day_of_week,feat_session_london,feat_session_ny,feat_session_asia,feat_hour_sin,feat_hour_cos,feat_dow_sin,feat_dow_cos,feat_rsi_14_lag1,feat_macd_hist_lag1,feat_return_1_lag1,feat_rsi_14_lag2,feat_macd_hist_lag2,feat_return_1_lag2,feat_rsi_14_lag3,feat_macd_hist_lag3,feat_return_1_lag3,feat_rsi_14_change,feat_macd_hist_change,feat_rsi_14_dist_50,feat_rsi_7_dist_50,feat_atr_ratio_20,feat_spread_vs_atr,feat_price_vs_high_20_atr,feat_price_vs_low_20_atr,feat_macd_hist_vs_atr,feat_body_vs_atr
1,2026-03-17 19:02:02.706562,USDCHF,BUY,0.78482,0.78425,0.78577,0.00047,50.0,macd_crossover,RISK_REJECTED,AutoTrading disabled by client,,,,,0.0,0.000102,0.000191,-3.8e-05,-0.00014,-0.002009,0.784856,-4.6e-05,0.78533,-0.00065,0.786331,-0.001922,0.787222,-0.003051,0.788283,-0.004393,0.784994,0.785498,0.786158,-0.001876,-0.002402,-0.002476,-0.000642,38.129609,36.599886,37.816281,-0.000504,-0.000516,1.2e-05,-0.003822,-0.014014,-0.200916,0.000376,0.000479,0.000474,0.000604,0.000523,0.000666,0.00315,0.293623,0.015432,0.029548,0.090909,1.0,0.727273,0.181818,4.0,0.465347,0.185039,0.095335,-0.002638,0.000599,0.084575,-0.870775,21.0,1.0,0.0,0.0,0.0,-0.707107,0.707107,0.951057,0.309017,36.599886,-8e-06,0.000102,34.908479,-3.1e-05,8.9e-05,33.466286,-5e-05,0.000229,0.0,2e-05,,,,,,,,
2,2026-03-17 19:32:02.740861,GBPUSD,SELL,1.33572,1.33663,1.3342,0.00076,50.0,macd_crossover,RISK_REJECTED,AutoTrading disabled by client,,,,,-5.2e-05,-0.000217,9e-05,-5.2e-05,0.000697,0.000165,1.335695,1.9e-05,1.335065,0.000491,1.333844,0.001406,1.332387,0.002502,1.329348,0.004793,1.335508,1.334899,1.333957,0.001387,0.00201,0.003382,0.000456,57.922754,60.053365,59.755383,0.000609,0.000624,-1.5e-05,-0.00524,0.069674,0.016473,0.00059,0.000442,0.00076,0.000569,0.000863,0.000646,0.002188,0.724213,0.02135,0.021311,0.538462,-1.0,0.384615,0.076923,-2.0,0.645,0.772436,0.906085,-0.000532,0.001804,0.064762,-0.836576,21.0,1.0,0.0,0.0,0.0,-0.707107,0.707107,0.951057,0.309017,60.975629,8e-06,-0.000165,63.836695,2.9e-05,0.000307,60.640785,2.7e-05,-0.000127,-0.922263,-2.3e-05,,,,,,,,
3,2026-03-17 21:02:03.030577,USDCHF,BUY,0.78425,0.78382,0.7849,0.00043,34.8,rsi_reversal,RISK_REJECTED,AutoTrading disabled by client,,,,,0.000217,-0.000688,-0.001019,-0.001095,-0.000624,-0.001998,0.784736,-0.000619,0.784815,-0.00072,0.785837,-0.002019,0.787036,-0.00354,0.788084,-0.004865,0.784723,0.785121,0.785758,-0.001401,-0.002822,-0.002852,-0.000506,32.264196,34.795259,36.433909,-0.000398,-0.00041,1.2e-05,-0.109539,-0.062441,-0.199791,0.000383,0.000488,0.000431,0.000549,0.000485,0.000618,0.001421,-0.006732,0.028053,0.026826,0.692308,1.0,0.0,0.307692,1.0,0.211382,0.136842,0.071038,-0.002091,0.000332,0.011769,-0.982332,23.0,1.0,0.0,0.0,0.0,-0.258819,0.965926,0.951057,0.309017,31.121037,3.2e-05,-0.000905,39.823712,8.4e-05,-0.000331,44.008416,9.3e-05,0.00014,3.674223,-1.9e-05,,,,,,,,
4,2026-03-17 21:02:03.525486,USDCHF,BUY,0.78425,0.78382,0.7849,0.00043,34.8,bollinger_bounce,RISK_REJECTED,AutoTrading disabled by client,,,,,0.000217,-0.000688,-0.001019,-0.001095,-0.000624,-0.001998,0.784736,-0.000619,0.784815,-0.00072,0.785837,-0.002019,0.787036,-0.00354,0.788084,-0.004865,0.784723,0.785121,0.785758,-0.001401,-0.002822,-0.002852,-0.000506,32.264196,34.795259,36.433909,-0.000398,-0.00041,1.2e-05,-0.109539,-0.062441,-0.199791,0.000383,0.000488,0.000431,0.000549,0.000485,0.000618,0.001421,-0.006732,0.028053,0.026826,0.692308,1.0,0.0,0.307692,1.0,0.211382,0.136842,0.071038,-0.002091,0.000332,0.011769,-0.982332,23.0,1.0,0.0,0.0,0.0,-0.258819,0.965926,0.951057,0.309017,31.121037,3.2e-05,-0.000905,39.823712,8.4e-05,-0.000331,44.008416,9.3e-05,0.00014,3.674223,-1.9e-05,,,,,,,,
5,2026-03-17 21:14:28.897078,USDJPY,SELL,158.974,159.05931,158.83182,0.07109,50.0,macd_crossover,RISK_REJECTED,Unsupported filling mode,,,,,0.000189,-0.000189,-0.000434,-0.000421,-0.000264,-0.000371,159.0145,-0.000255,158.9887,-9.2e-05,159.01044,-0.000229,159.12917,-0.000975,159.23444,-0.001636,158.998446,159.002564,159.034029,2.6e-05,-0.000883,-0.001407,-2.6e-05,43.362834,46.572918,46.688568,-0.004118,-0.003574,-0.000544,-0.042128,-0.026412,-0.037099,0.060135,0.000378,0.071089,0.000447,0.080961,0.000509,0.001029,0.410185,0.015536,0.020745,0.422535,1.0,0.577465,0.0,1.0,0.254098,0.513369,0.511156,-0.000572,0.000604,0.144828,-0.845528,23.0,1.0,0.0,0.0,0.0,-0.258819,0.965926,0.951057,0.309017,42.868567,0.00148,-0.000377,49.204337,0.007689,-0.000245,54.023503,0.010899,9.4e-05,3.704352,-0.002024,,,,,,,,
6,2026-03-17 21:14:29.376081,AUDUSD,BUY,0.70954,0.70895,0.71043,0.00059,41.1,bollinger_bounce,RISK_REJECTED,Unsupported filling mode,,,,,-0.000634,-0.001365,-0.001126,-0.001239,-0.001421,-0.000535,0.710266,-0.001022,0.710463,-0.001299,0.709831,-0.00041,0.708404,0.001603,0.705616,0.005561,0.710245,0.710181,0.709674,0.000613,0.002906,0.005973,9e-05,25.432781,41.097608,47.201403,6.4e-05,0.000212,-0.000148,-0.12387,-0.142143,-0.053527,0.000546,0.00077,0.000593,0.000835,0.00068,0.000959,0.002125,-0.111258,0.024561,0.032728,0.333333,-1.0,0.231884,0.434783,-2.0,0.337079,0.23166,0.474654,-0.002805,0.000846,0.107741,-0.694352,23.0,1.0,0.0,0.0,0.0,-0.258819,0.965926,0.951057,0.309017,46.651947,-0.000108,-0.000732,54.564831,-8.5e-05,0.000239,52.098359,-9.8e-05,-0.000141,-5.554339,-4e-05,,,,,,,,
7,2026-03-17 21:14:29.980293,USDCHF,BUY,0.78425,0.78378,0.78495,0.00047,34.8,rsi_reversal,RISK_REJECTED,Unsupported filling mode,,,,,0.000217,-0.000688,-0.001019,-0.001095,-0.000624,-0.001998,0.784736,-0.000619,0.784815,-0.00072,0.785837,-0.002019,0.787036,-0.00354,0.788084,-0.004865,0.784723,0.785121,0.785758,-0.001401,-0.002822,-0.002852,-0.000506,32.264196,34.795259,36.433909,-0.000398,-0.00041,1.2e-05,-0.109539,-0.062441,-0.199791,0.000456,0.000581,0.000467,0.000596,0.000503,0.000641,0.001421,-0.006732,0.028053,0.026826,0.233766,1.0,0.662338,0.103896,1.0,0.211382,0.136842,0.071038,-0.002091,0.000332,0.500574,-0.229682,23.0,1.0,0.0,0.0,0.0,-0.258819,0.965926,0.951057,0.309017,31.121037,3.2e-05,-0.000905,39.823712,8.4e-05,-0.000331,44.008416,9.3e-05,0.00014,3.674223,-1.9e-05,,,,,,,,
8,2026-03-17 21:14:30.612141,USDCHF,BUY,0.78425,0.78378,0.78495,0.00047,34.8,bollinger_bounce,RISK_REJECTED,Unsupported filling mode,,,,,0.000217,-0.000688,-0.001019,-0.001095,-0.000624,-0.001998,0.784736,-0.000619,0.784815,-0.00072,0.785837,-0.002019,0.787036,-0.00354,0.788084,-0.004865,0.784723,0.785121,0.785758,-0.001401,-0.002822,-0.002852,-0.000506,32.264196,34.795259,36.433909,-0.000398,-0.00041,1.2e-05,-0.109539,-0.062441,-0.199791,0.000456,0.000581,0.000467,0.000596,0.000503,0.000641,0.001421,-0.006732,0.028053,0.026826,0.233766,1.0,0.662338,0.103896,1.0,0.211382,0.136842,0.071038,-0.002091,0.000332,0.500574,-0.229682,23.0,1.0,0.0,0.0,0.0,-0.258819,0.965926,0.951057,0.309017,31.121037,3.2e-05,-0.000905,39.823712,8.4e-05,-0.000331,44.008416,9.3e-05,0.00014,3.674223,-1.9e-05,,,,,,,,
9,2026-03-17 22:32:02.907433,AUDUSD,BUY,0.71078,0.71012,0.71189,0.00055,50.0,macd_crossover,RISK_REJECTED,Unsupported filling mode,,,,,-4.2e-05,-7e-05,0.001141,0.000774,0.000479,-0.000141,0.710309,0.000663,0.710449,0.000467,0.710057,0.001018,0.70861,0.003063,0.705928,0.006873,0.710426,0.710294,0.709844,0.000355,0.002595,0.005849,0.000185,61.775702,56.990614,56.195291,0.000131,0.000117,1.4e-05,0.07744,0.047858,-0.014067,0.000487,0.000685,0.000553,0.000777,0.000644,0.000907,0.002311,0.70194,0.047433,0.039541,0.272727,1.0,0.545455,0.181818,1.0,0.963351,0.710425,0.747573,-0.001055,0.002589,0.290917,-0.34434,0.0,2.0,0.0,0.0,1.0,0.0,1.0,0.587785,-0.809017,57.438431,-8e-06,-2.8e-05,57.719195,-4.7e-05,0.001211,47.465874,-0.000109,-0.000127,-0.447817,2.2e-05,,,,,,,,
10,2026-03-17 22:47:03.261696,XAUUSD,SELL,4996.9,5005.06316,4983.29473,6.80263,50.0,macd_crossover,EXECUTED,,,,55782969792.0,,0.000114,-0.001002,-0.001145,-0.001357,-0.00058,-0.001024,5001.702,-0.00096,5002.1055,-0.001041,5005.3098,-0.00168,5011.671,-0.002947,5010.2859,-0.002672,5001.138303,5002.795199,5005.556353,-0.000721,-0.001909,-0.000993,-0.000331,33.832917,42.089733,44.30417,-1.656896,-1.432417,-0.224479,-0.1357,-0.058002,-0.102359,5.487933,0.001098,6.802633,0.001361,8.105073,0.001622,0.002162,0.01872,0.04204,0.042864,0.181319,1.0,0.016484,0.802198,1.0,0.27433,0.227302,0.403624,-0.002436,0.000716,0.096642,-0.734069,0.0,2.0,0.0,0.0,1.0,0.0,1.0,0.587785,-0.809017,41.273011,0.018386,-0.001116,47.342377,0.482384,-0.000144,48.191481,0.634266,-0.000647,0.816722,-0.242865,,,,,,,,
11,2026-03-17 23:02:03.421108,XAUUSD,BUY,5001.55,4994.17109,5017.7836,5.90313,47.78,sma_crossover,EXECUTED,,,,55783080585.0,,0.00033,0.001045,-7.2e-05,-0.000863,-7e-05,-0.000358,5001.967,-8.3e-05,5002.166,-0.000123,5005.1138,-0.000712,5011.5481,-0.001995,5010.0967,-0.001706,5001.592174,5002.908724,5005.512275,-0.000629,-0.001872,-0.000995,-0.000263,49.60277,48.13461,47.775416,-1.31655,-1.370953,0.054403,-0.086299,-0.006997,-0.035776,5.903127,0.00118,6.949383,0.001389,8.140198,0.001628,0.001971,0.437512,0.045591,0.044975,0.616197,1.0,0.288732,0.09507,2.0,0.630651,0.52254,0.483865,-0.001504,0.001645,0.111915,-0.797599,1.0,2.0,0.0,0.0,1.0,0.258819,0.965926,0.587785,-0.809017,46.039393,-0.033026,0.000715,41.273011,0.018386,-0.001116,47.342377,0.482384,-0.000144,2.095217,0.087429,,,,,,,,
12,2026-03-17 23:02:04.363546,XAUUSD,BUY,5001.55,4993.21074,5015.44877,6.94938,50.0,macd_crossover,EXECUTED,,,,55783080632.0,,0.00033,0.001045,-7.2e-05,-0.000863,-7e-05,-0.000358,5001.967,-8.3e-05,5002.166,-0.000123,5005.1138,-0.000712,5011.5481,-0.001995,5010.0967,-0.001706,5001.592174,5002.908724,5005.512275,-0.000629,-0.001872,-0.000995,-0.000263,49.60277,48.13461,47.775416,-1.31655,-1.370953,0.054403,-0.086299,-0.006997,-0.035776,5.903127,0.00118,6.949383,0.001389,8.140198,0.001628,0.001971,0.437512,0.045591,0.044975,0.616197,1.0,0.288732,0.09507,2.0,0.630651,0.52254,0.483865,-0.001504,0.001645,0.111915,-0.797599,1.0,2.0,0.0,0.0,1.0,0.258819,0.965926,0.587785,-0.809017,46.039393,-0.033026,0.000715,41.273011,0.018386,-0.001116,47.342377,0.482384,-0.000144,2.095217,0.087429,,,,,,,,
13,2026-03-17 23:17:03.407302,XAUUSD,SELL,4999.49,5006.28238,4984.54676,5.4339,46.34,sma_crossover,EXECUTED,,,,55783162381.0,,7.6e-05,-8.2e-05,0.000632,-0.000628,-0.000148,-0.000652,5001.649,-0.000432,5001.881,-0.000478,5004.8444,-0.00107,5011.3766,-0.002372,5009.8725,-0.002072,5000.951129,5002.488132,5005.184173,-0.000638,-0.001895,-0.001004,-0.000307,43.821015,45.699537,46.340936,-1.537003,-1.435306,-0.101697,-0.062767,-0.014799,-0.065164,5.433904,0.001087,6.646876,0.00133,7.948125,0.00159,0.002088,0.271086,0.044158,0.044595,0.258503,1.0,0.741497,0.0,1.0,0.472797,0.391746,0.448318,-0.001916,0.001234,0.07317,-0.876511,1.0,2.0,0.0,0.0,1.0,0.258819,0.965926,0.587785,-0.809017,45.165809,-0.101312,-0.000158,46.039393,-0.033026,0.000715,41.273011,0.018386,-0.001116,0.533727,-0.000385,,,,,,,,
14,2026-03-17 23:17:03.964496,AUDUSD,SELL,0.71045,0.71104,0.70946,0.00049,50.0,macd_crossover,RISK_REJECTED,Unsupported filling mode,,,,,-4.2e-05,-0.000338,-0.000239,-0.000535,0.000648,-0.000127,0.710371,0.000111,0.710369,0.000114,0.710174,0.000389,0.708722,0.002438,0.706107,0.006151,0.710451,0.710334,0.709916,0.000277,0.002324,0.00576,0.000164,50.227737,51.974518,53.160863,0.000116,0.000119,-3e-06,-0.053459,0.06479,-0.012666,0.000397,0.000559,0.000493,0.000693,0.000604,0.000851,0.0017,0.56707,0.044028,0.033966,0.333333,-1.0,0.222222,0.444444,-2.0,0.786458,0.786458,0.667476,-0.000577,0.002125,0.202069,-0.871118,1.0,2.0,0.0,0.0,1.0,0.258819,0.965926,0.587785,-0.809017,52.424605,6e-06,-0.000295,55.551512,1.5e-05,9.9e-05,54.715478,4e-06,-0.000267,-0.450087,-9e-06,,,,,,,,
15,2026-03-17 23:32:03.282274,XAUUSD,BUY,5002.39,4994.63358,5015.31736,6.46368,50.0,macd_crossover,EXECUTED,,,,55783254314.0,,0.000452,0.000656,0.000498,9.6e-05,-0.000266,0.00094,5001.58,0.000162,5002.148,4.8e-05,5004.824,-0.000486,5011.3182,-0.001782,5009.6666,-0.001453,5001.255808,5002.524759,5005.098712,-0.000648,-0.00183,-0.000967,-0.000254,53.990353,49.662823,48.603799,-1.268951,-1.393867,0.124915,0.009596,-0.02658,0.094043,5.231102,0.001046,6.463681,0.001292,7.811266,0.001562,0.001908,0.525356,0.042198,0.041619,0.70625,1.0,0.21875,0.075,2.0,0.721559,0.575873,0.498361,-0.001335,0.001813,0.136262,-0.754902,1.0,2.0,0.0,0.0,1.0,0.258819,0.965926,0.587785,-0.809017,46.575339,-0.060853,0.000204,45.165809,-0.101312,-0.000158,46.039393,-0.033026,0.000715,3.087484,0.185769,,,,,,,,
16,2026-03-18 00:02:04.981692,USDJPY,BUY,158.857,158.79699,158.94702,0.06001,36.63,bollinger_bounce,RISK_REJECTED,Unsupported filling mode,,,,,-0.000327,-0.000308,-0.000453,-0.000711,-0.000679,-0.001126,158.9397,-0.00052,158.9696,-0.000708,158.97422,-0.000737,159.11206,-0.001603,159.190805,-0.002097,158.936063,158.962488,158.998183,-0.000217,-0.000895,-0.001361,-0.000166,26.388325,36.625282,40.257964,-0.026425,-0.016224,-0.0102,-0.071083,-0.067939,-0.112553,0.051293,0.000323,0.060015,0.000378,0.071437,0.00045,0.001268,-0.058626,0.023002,0.018805,0.83871,-1.0,0.080645,0.080645,-1.0,0.029762,0.064516,0.3125,-0.001278,8.8e-05,0.844182,-0.453947,2.0,2.0,0.0,0.0,1.0,0.5,0.866025,0.587785,-0.809017,41.655958,-0.006814,1.9e-05,41.223461,-0.005938,-0.000145,43.520129,-0.003563,-0.00027,-5.030675,-0.003386,,,,,,,,
17,2026-03-18 00:17:03.136126,USDJPY,BUY,158.827,158.7666,158.9176,0.0604,35.36,bollinger_bounce,RISK_REJECTED,Unsupported filling mode,,,,,9.4e-05,-0.000516,-0.000497,-0.000912,-0.001214,-0.001107,158.9159,-0.000559,158.95855,-0.000828,158.96786,-0.000886,159.10792,-0.001766,159.18641,-0.002258,158.913426,158.949365,158.989775,-0.000327,-0.000939,-0.001373,-0.000226,26.768803,35.355506,39.095073,-0.035939,-0.020742,-0.015197,-0.091211,-0.121368,-0.11069,0.052802,0.000332,0.060402,0.00038,0.071287,0.000449,0.001604,-0.015997,0.02377,0.020687,0.789474,1.0,0.157895,0.052632,1.0,0.117925,0.096899,0.243056,-0.001467,0.000157,0.222222,-0.938579,2.0,2.0,0.0,0.0,1.0,0.5,0.866025,0.587785,-0.809017,33.159753,-0.013072,-0.00061,41.655958,-0.006814,1.9e-05,41.223461,-0.005938,-0.000145,2.195754,-0.002125,,,,,,,,
18,2026-03-18 00:17:03.724468,XAUUSD,SELL,5010.08,5016.32594,5000.7111,6.24594,58.99,bollinger_bounce,EXECUTED,,,,55783674032.0,,3.2e-05,0.001433,0.001561,0.002194,0.000841,0.001233,5002.519,0.001511,5002.6535,0.001485,5005.2158,0.000972,5011.4309,-0.00027,5009.17295,0.000181,5003.912284,5003.609034,5005.392306,-0.000539,-0.001751,-0.00079,6.1e-05,72.477698,58.994124,54.290693,0.30325,-0.836516,1.139766,0.219439,0.084101,0.123304,5.276625,0.001053,6.245936,0.001247,7.559618,0.001509,0.002636,1.063108,0.054092,0.042388,0.057762,1.0,0.65343,0.288809,5.0,0.8835,0.8835,0.631061,-0.000441,0.003345,0.150767,-0.907591,2.0,2.0,0.0,0.0,1.0,0.5,0.866025,0.587785,-0.809017,58.822711,0.820982,0.001401,50.38502,0.276315,0.000128,49.507885,0.117257,0.000428,0.171413,0.318784,,,,,,,,
19,2026-03-18 00:17:04.161247,USDCAD,SELL,1.36896,1.36943,1.36817,0.00039,50.0,macd_crossover,RISK_REJECTED,Unsupported filling mode,,,,,3.7e-05,-1.5e-05,-0.000183,-0.000263,1.5e-05,-0.000628,1.369169,-0.000153,1.369174,-0.000156,1.369618,-0.00048,1.369329,-0.00027,1.369349,-0.000284,1.36913,1.369283,1.369387,-0.000328,-0.000114,0.000196,-0.000111,37.578787,42.969681,45.421303,-0.000153,-0.000152,-1e-06,-0.02629,0.001461,-0.062782,0.000304,0.000222,0.000395,0.000288,0.000511,0.000373,0.000786,0.30116,0.007929,0.01201,0.454545,1.0,0.181818,0.363636,1.0,0.293333,0.23622,0.218824,-0.000709,0.000219,0.320181,-0.921429,2.0,2.0,0.0,0.0,1.0,0.5,0.866025,0.587785,-0.809017,41.824028,4e-06,-5.1e-05,42.945552,1.8e-05,-0.000168,46.772176,3.5e-05,-8e-05,1.145653,-5e-06,,,,,,,,
20,2026-03-18 00:17:05.197550,NZDUSD,SELL,0.58613,0.58673,0.58513,0.0004,58.53,sma_crossover,EXECUTED,,,,55783674130.0,,-1.7e-05,0.000717,0.00058,0.001093,0.001452,0.00041,0.585831,0.00051,0.585689,0.000754,0.585707,0.000723,0.584825,0.002231,0.583907,0.003807,0.585816,0.585735,0.585507,0.000212,0.001476,0.003081,0.000139,65.69692,58.532727,56.768994,8.1e-05,4.8e-05,3.4e-05,0.10931,0.14523,0.040963,0.00036,0.000615,0.000398,0.000679,0.000454,0.000774,0.00164,0.959674,0.036864,0.031087,0.1,-1.0,0.5,0.4,-1.0,0.881818,0.913333,0.769968,-0.000222,0.002337,0.101886,-0.93302,2.0,2.0,0.0,0.0,1.0,0.5,0.866025,0.587785,-0.809017,58.764103,1.7e-05,0.000734,51.035838,-1.3e-05,-0.000137,52.743542,-1.7e-05,0.000256,-0.231376,1.7e-05,,,,,,,,
21,2026-03-18 01:02:03.122643,AUDUSD,BUY,0.71131,0.71071,0.71232,0.0005,50.0,macd_crossover,RISK_REJECTED,Unsupported filling mode,,,,,0.000957,0.000915,0.000858,0.000703,0.000971,0.001225,0.710779,0.000747,0.710536,0.001089,0.710465,0.001189,0.709029,0.003218,0.706523,0.006775,0.710755,0.710564,0.710152,0.000442,0.002126,0.005579,0.00027,68.603527,61.443195,58.969178,0.000192,0.000161,3.1e-05,0.070342,0.097098,0.122459,0.000485,0.000682,0.000504,0.000708,0.000584,0.000821,0.002323,0.968981,0.032262,0.039929,0.918919,1.0,0.081081,0.0,1.0,0.942308,0.975309,0.847761,-8.4e-05,0.003332,0.603798,-0.710526,3.0,2.0,0.0,0.0,1.0,0.707107,0.707107,0.587785,-0.809017,52.397196,-2e-06,-4.2e-05,52.90569,1.2e-05,-5.6e-05,53.549094,2.8e-05,-0.000591,9.045999,3.3e-05,,,,,,,,
22,2026-03-18 01:02:03.726954,NZDUSD,BUY,0.58634,0.58584,0.58718,0.00042,50.0,macd_crossover,EXECUTED,,,,55784152107.0,,0.000922,0.001281,0.000888,0.001076,0.000956,0.001195,0.585804,0.000915,0.585709,0.001077,0.585772,0.00097,0.584846,0.002555,0.584011,0.003989,0.585841,0.585757,0.585543,5.5e-05,0.001476,0.003015,0.000144,66.117291,59.883407,57.804034,8.4e-05,5e-05,3.4e-05,0.107562,0.095599,0.119527,0.000408,0.000696,0.000418,0.000713,0.000459,0.000782,0.001822,1.091285,0.038385,0.036998,1.0,1.0,0.0,0.0,2.0,1.0,1.0,0.774336,0.0,0.002695,0.230485,-0.728175,3.0,2.0,0.0,0.0,1.0,0.707107,0.707107,0.587785,-0.809017,51.785095,-1e-06,0.000359,47.993999,-4e-06,-0.000393,52.165483,1.4e-05,-0.000546,8.098311,3.6e-05,,,,,,,,
23,2026-03-18 01:02:04.669642,NZDUSD,SELL,0.58634,0.58676,0.58571,0.00042,59.88,bollinger_bounce,EXECUTED,,,,55784152301.0,,0.000922,0.001281,0.000888,0.001076,0.000956,0.001195,0.585804,0.000915,0.585709,0.001077,0.585772,0.00097,0.584846,0.002555,0.584011,0.003989,0.585841,0.585757,0.585543,5.5e-05,0.001476,0.003015,0.000144,66.117291,59.883407,57.804034,8.4e-05,5e-05,3.4e-05,0.107562,0.095599,0.119527,0.000408,0.000696,0.000418,0.000713,0.000459,0.000782,0.001822,1.091285,0.038385,0.036998,1.0,1.0,0.0,0.0,2.0,1.0,1.0,0.774336,0.0,0.002695,0.230485,-0.728175,3.0,2.0,0.0,0.0,1.0,0.707107,0.707107,0.587785,-0.809017,51.785095,-1e-06,0.000359,47.993999,-4e-06,-0.000393,52.165483,1.4e-05,-0.000546,8.098311,3.6e-05,,,,,,,,
24,2026-03-18 01:17:04.234081,XAUUSD,SELL,5012.93,5020.00674,5002.3149,7.07674,60.51,bollinger_bounce,EXECUTED,,,,55784353675.0,,0.000297,0.001731,0.001749,0.000601,0.002606,0.002626,5004.995,0.001585,5003.4985,0.001885,5005.2376,0.001537,5011.4928,0.000287,5008.9378,0.000797,5005.768993,5004.515213,5005.589366,-4.8e-05,-0.001595,-0.000739,0.000251,70.338791,60.509985,55.9314,1.253781,-0.059046,1.312827,0.060081,0.260605,0.262611,7.115136,0.001419,7.076737,0.001412,7.834599,0.001563,0.00325,1.080045,0.062402,0.054378,0.452096,1.0,0.532934,0.01497,4.0,0.841252,0.873497,0.680242,-0.000567,0.003912,0.276619,-0.897026,3.0,2.0,0.0,0.0,1.0,0.707107,0.707107,0.587785,-0.809017,59.095761,1.012216,0.001433,51.303213,0.605287,1.8e-05,51.194841,0.644778,0.000278,1.414224,0.300611,,,,,,,,
25,2026-03-18 01:47:04.390564,XAUUSD,SELL,4996.4,5005.16484,4981.79193,7.30404,50.0,macd_crossover,EXECUTED,,,,55784666687.0,,-0.001054,-0.002324,-0.003001,-0.001555,-0.000746,-0.000766,5004.389,-0.001596,5003.051,-0.001329,5004.531,-0.001625,5011.2102,-0.002955,5008.68495,-0.002453,5003.255379,5003.408394,5004.904306,-2.8e-05,-0.001628,-0.000829,-3.1e-05,35.547212,42.408141,44.579581,-0.153015,-0.033084,-0.119931,-0.15547,-0.074598,-0.076596,7.465727,0.001494,7.304037,0.001462,7.907448,0.001583,0.003081,0.068493,0.079698,0.062871,0.970534,-1.0,0.022099,0.007366,-3.0,0.002038,0.135862,0.394996,-0.003921,0.000616,0.409221,-0.805115,3.0,2.0,0.0,0.0,1.0,0.707107,0.707107,0.587785,-0.809017,47.405574,0.535847,-0.001272,54.631337,1.000759,-0.000678,59.095761,1.012216,0.001433,-4.997433,-0.655778,,,,,,,,
26,2026-03-18 02:02:03.770126,XAUUSD,SELL,5000.68,5009.55121,4985.89464,7.39268,50.0,macd_crossover,EXECUTED,,,,55784853423.0,,0.000404,-0.000198,-0.00147,-0.000717,-0.000318,-0.000608,5004.456,-0.000755,5003.012,-0.000466,5004.2372,-0.000711,5011.1727,-0.002094,5008.58235,-0.001578,5003.153368,5003.361297,5004.823799,4.4e-05,-0.001629,-0.000868,-4.2e-05,43.9089,46.838961,47.445911,-0.20793,-0.039208,-0.168722,-0.071739,-0.031786,-0.060755,7.567766,0.001513,7.392678,0.001478,7.936736,0.001587,0.002971,0.343094,0.07659,0.060125,0.497175,1.0,0.502825,0.0,1.0,0.381164,0.381164,0.468852,-0.003062,0.001886,0.420434,-0.829865,4.0,2.0,0.0,0.0,1.0,0.866025,0.5,0.587785,-0.809017,44.416105,0.024297,-0.000602,47.405574,0.535847,-0.001272,54.631337,1.000759,-0.000678,2.422857,-0.193019,,,,,,,,
27,2026-03-18 02:17:03.147031,AUDUSD,SELL,0.71066,0.71128,0.70963,0.00051,50.0,macd_crossover,RISK_REJECTED,Unsupported filling mode,,,,,-2.8e-05,-0.000815,-0.00111,-0.000745,-0.000211,0.000605,0.711002,-0.000481,0.710784,-0.000174,0.71049,0.000239,0.709261,0.001973,0.706787,0.00548,0.710915,0.710729,0.710324,0.00072,0.002148,0.005239,0.000261,42.341961,49.197257,51.539197,0.000186,0.000208,-2.3e-05,-0.074523,-0.021103,0.060544,0.000499,0.000702,0.000514,0.000724,0.000579,0.000814,0.002298,0.42408,0.040794,0.036819,0.166667,-1.0,0.166667,0.666667,-4.0,0.22449,0.46729,0.657658,-0.001604,0.001407,0.118718,-0.924089,4.0,2.0,0.0,0.0,1.0,0.866025,0.5,0.587785,-0.809017,49.466647,1.3e-05,-0.000787,57.678227,6.2e-05,-0.000295,61.216829,7.7e-05,-0.000337,-0.269391,-3.5e-05,,,,,,,,
28,2026-03-18 02:17:03.782282,NZDUSD,BUY,0.58575,0.58517,0.58672,0.00039,48.86,sma_crossover,EXECUTED,,,,55784990033.0,,5.1e-05,-0.00058,-0.000563,-0.000751,6.8e-05,0.000803,0.585942,-0.000328,0.585804,-9.1e-05,0.585791,-7e-05,0.584904,0.001446,0.584167,0.00271,0.585882,0.585813,0.585615,0.000257,0.001537,0.00278,0.000119,44.086668,48.860334,50.67243,7e-05,7.8e-05,-8e-06,-0.075061,0.006829,0.080303,0.000357,0.00061,0.00039,0.000665,0.000438,0.000747,0.001822,0.449887,0.037078,0.034422,0.428571,1.0,0.0,0.571429,1.0,0.263158,0.540984,0.513274,-0.001434,0.00169,0.061577,-0.912162,4.0,2.0,0.0,0.0,1.0,0.866025,0.5,0.587785,-0.809017,48.277751,9e-06,-0.000631,55.521372,3.7e-05,1.7e-05,55.353255,4e-05,-0.000273,0.582583,-1.7e-05,,,,,,,,
29,2026-03-18 02:17:04.433254,NZDUSD,SELL,0.58575,0.58622,0.58497,0.00039,50.0,macd_crossover,EXECUTED,,,,55784990102.0,,5.1e-05,-0.00058,-0.000563,-0.000751,6.8e-05,0.000803,0.585942,-0.000328,0.585804,-9.1e-05,0.585791,-7e-05,0.584904,0.001446,0.584167,0.00271,0.585882,0.585813,0.585615,0.000257,0.001537,0.00278,0.000119,44.086668,48.860334,50.67243,7e-05,7.8e-05,-8e-06,-0.075061,0.006829,0.080303,0.000357,0.00061,0.00039,0.000665,0.000438,0.000747,0.001822,0.449887,0.037078,0.034422,0.428571,1.0,0.0,0.571429,1.0,0.263158,0.540984,0.513274,-0.001434,0.00169,0.061577,-0.912162,4.0,2.0,0.0,0.0,1.0,0.866025,0.5,0.587785,-0.809017,48.277751,9e-06,-0.000631,55.521372,3.7e-05,1.7e-05,55.353255,4e-05,-0.000273,0.582583,-1.7e-05,,,,,,,,
30,2026-03-18 02:47:03.260062,NZDUSD,SELL,0.58591,0.58638,0.58513,0.00039,50.0,macd_crossover,EXECUTED,,,,55785224064.0,,-6.8e-05,-0.000375,0.000324,-0.00029,0.000154,0.001076,0.58597,-0.000102,0.585885,4.3e-05,0.585816,0.000161,0.584929,0.001678,0.584224,0.002885,0.585937,0.585853,0.585653,0.000263,0.001635,0.002724,0.000143,49.116307,51.203761,52.113636,8.4e-05,8.5e-05,-2e-06,-0.029006,0.015363,0.107641,0.00036,0.000615,0.00039,0.000666,0.000436,0.000744,0.001452,0.529396,0.034713,0.036861,0.444444,-1.0,0.444444,0.111111,-2.0,0.403509,0.524476,0.584071,-0.001161,0.00128,0.089262,-0.852941,4.0,2.0,0.0,0.0,1.0,0.866025,0.5,0.587785,-0.809017,51.937517,8e-06,-0.000307,55.245591,1.6e-05,0.0007,48.277751,9e-06,-0.000631,-0.733756,-9e-06,,,,,,,,
31,2026-03-18 02:47:03.801362,USDCHF,BUY,0.78541,0.78497,0.78615,0.0003,59.08,sma_crossover,RISK_REJECTED,Unsupported filling mode,,,,,2.5e-05,3.8e-05,-0.000178,8.9e-05,0.000739,0.001058,0.785358,6.6e-05,0.785063,0.000441,0.785042,0.000469,0.786335,-0.001177,0.78746,-0.002603,0.785269,0.78514,0.785343,0.000402,-0.001618,-0.00307,0.000165,65.075696,59.084774,53.191787,0.000129,5.9e-05,7e-05,0.008913,0.073901,0.105789,0.000242,0.000308,0.000295,0.000376,0.00037,0.000471,0.001621,0.772328,0.014949,0.01264,0.4,1.0,0.2,0.4,2.0,0.684211,0.779412,0.501695,-0.000382,0.00135,0.048011,-0.938235,4.0,2.0,0.0,0.0,1.0,0.866025,0.5,0.587785,-0.809017,58.565975,8.4e-05,1.3e-05,58.320605,0.0001,-0.000216,64.334748,0.000118,-1.3e-05,0.518799,-1.4e-05,,,,,,,,
32,2026-03-18 03:02:03.141000,USDCAD,SELL,1.36981,1.37022,1.3692,0.00041,58.04,bollinger_bounce,RISK_REJECTED,Unsupported filling mode,,,,,2.9e-05,0.000285,0.000519,0.000394,0.000139,0.000424,1.369333,0.000348,1.369289,0.00038,1.369586,0.000163,1.369412,0.000291,1.369253,0.000407,1.369405,1.369359,1.369393,-0.000185,-9e-05,0.000243,3.3e-05,66.500472,58.039078,54.547829,4.6e-05,-3.7e-05,8.2e-05,0.039437,0.013872,0.04236,0.000382,0.000279,0.00041,0.000299,0.000486,0.000354,0.000709,1.036715,0.014991,0.012788,0.444444,1.0,0.111111,0.444444,3.0,0.956897,0.956897,0.31768,-3.7e-05,0.00081,0.149763,-0.839757,5.0,2.0,0.0,0.0,1.0,0.965926,0.258819,0.587785,-0.809017,57.474147,6.5e-05,0.000256,52.250922,3.7e-05,0.000234,46.692217,2.6e-05,-0.000263,0.564931,1.7e-05,,,,,,,,
33,2026-03-18 03:05:01.325414,XAUUSD,BUY,4990.82,4973.09112,5029.82354,14.1831,42.57,ml_filtered_sma,EXECUTED,,,,55785424093.0,,-0.000204,-0.001568,-0.002688,-0.001816,-0.002239,-0.003846,5000.074,-0.001851,5004.837,-0.002801,5007.4482,-0.003321,5060.1161,-0.013695,5100.95685,-0.021591,5000.25913,5005.614677,5018.673252,-0.001473,-0.010924,-0.018332,-0.00107,32.218219,40.787167,42.569673,-5.355547,-4.438982,-0.916565,-0.181604,-0.22391,-0.384624,14.183104,0.002842,16.533005,0.003313,19.220036,0.003851,0.006949,0.096975,0.065383,0.106713,0.157165,-1.0,0.106317,0.736518,-3.0,0.159599,0.298706,0.278285,-0.008143,0.003468,0.111545,-0.899676,5.0,2.0,0.0,0.0,1.0,0.965926,0.258819,0.587785,-0.809017,41.260988,-0.613075,-0.001364,44.468302,-0.120216,-0.001121,47.275216,0.040778,0.000272,-0.473822,-0.30349,,,,,,,,
34,2026-03-18 03:32:03.282616,XAUUSD,BUY,4996.08,4987.50651,5014.94167,6.85879,45.25,sma_crossover,EXECUTED,,,,55785656472.0,,-3.6e-05,0.00039,0.000849,-0.001245,-0.003065,-5e-05,4998.99,-0.000582,5001.341,-0.001052,5001.7954,-0.001143,5010.4813,-0.002874,5008.3372,-0.002447,4998.854763,5000.855358,5003.087862,-0.000561,-0.001824,-0.001306,-0.0004,41.445678,43.93998,45.25306,-2.000595,-1.119601,-0.880993,-0.124542,-0.306499,-0.005004,6.858789,0.001373,7.167496,0.001435,7.74067,0.001549,0.003926,0.23205,0.062301,0.065825,0.12,-1.0,0.506667,0.373333,-1.0,0.335225,0.335225,0.491614,-0.003985,0.00201,0.119486,-0.861391,5.0,2.0,0.0,0.0,1.0,0.965926,0.258819,0.587785,-0.809017,44.123257,-0.978768,0.000427,41.439298,-1.058148,0.000459,38.489694,-0.8699,-0.001876,-0.183277,0.097774,,,,,,,,
35,2026-03-18 03:32:03.933539,NZDUSD,SELL,0.58538,0.58594,0.58445,0.00037,43.25,sma_crossover,EXECUTED,,,,55785656565.0,,-3.4e-05,-0.000102,-1.7e-05,-0.00128,-0.001382,-0.000683,0.585782,-0.000686,0.585785,-0.000692,0.585797,-0.000712,0.584931,0.000768,0.584302,0.001844,0.585678,0.58573,0.585607,-2.5e-05,0.001461,0.002558,-8.9e-05,36.136132,43.249621,46.498927,-5.2e-05,2.6e-05,-7.8e-05,-0.127958,-0.13818,-0.068285,0.000331,0.000565,0.000374,0.000639,0.000424,0.000724,0.001964,0.147596,0.034784,0.034988,0.25,-1.0,0.125,0.625,-2.0,0.12037,0.097015,0.349558,-0.002067,0.000222,0.049378,-0.919463,5.0,2.0,0.0,0.0,1.0,0.965926,0.258819,0.587785,-0.809017,43.562626,-7.1e-05,-6.8e-05,44.156104,-5.7e-05,8.5e-05,43.258853,-3.5e-05,-0.000956,-0.313005,-7e-06,,,,,,,,
36,2026-03-18 04:02:03.325114,EURUSD,BUY,1.15374,1.15324,1.15457,0.00041,50.0,macd_crossover,RISK_REJECTED,Unsupported filling mode,,,,,0.000121,0.000338,0.000434,0.000425,0.000156,-9.5e-05,1.153428,0.00027,1.153559,0.000156,1.153599,0.000122,1.152165,0.001367,1.14996,0.003287,1.1535,1.153532,1.153283,-0.000148,0.00121,0.003164,-2.8e-05,62.560283,54.58552,54.051919,-3.2e-05,-3.4e-05,2e-06,0.042489,0.015604,-0.009533,0.00034,0.000295,0.000413,0.000358,0.000524,0.000454,0.00095,0.664687,0.011339,0.014457,0.777778,1.0,0.166667,0.055556,3.0,0.901408,0.496124,0.665529,-0.000563,0.000555,0.091211,-0.808362,6.0,2.0,0.0,0.0,1.0,1.0,0.0,0.587785,-0.809017,51.866373,-2.5e-05,0.000217,46.560893,-5e-05,9.5e-05,44.040806,-6.1e-05,-8.7e-05,2.719146,2.7e-05,,,,,,,,
37,2026-03-18 04:02:03.726052,GBPUSD,BUY,1.3360699999999999,1.33552,1.33698,0.00046,50.0,macd_crossover,RISK_REJECTED,Unsupported filling mode,,,,,0.000172,0.000532,0.000629,0.000607,0.000412,0.000225,1.335439,0.000473,1.335505,0.000423,1.335442,0.00047,1.333796,0.001705,1.331277,0.0036,1.335541,1.33548,1.335128,-2e-06,0.001282,0.003129,4.6e-05,70.283383,60.274875,58.002774,6.1e-05,2.6e-05,3.5e-05,0.060662,0.041182,0.022459,0.000395,0.000295,0.000457,0.000342,0.000569,0.000426,0.000881,0.980352,0.015545,0.01545,0.92,1.0,0.08,0.0,3.0,0.981651,0.823077,0.884615,-0.000172,0.000801,0.13843,-0.681948,6.0,2.0,0.0,0.0,1.0,1.0,0.0,0.587785,-0.809017,57.128983,-5e-06,0.000359,49.357106,-4.5e-05,9.7e-05,46.937952,-5.7e-05,-2.2e-05,3.145893,4e-05,,,,,,,,
38,2026-03-18 04:17:02.948047,USDCHF,SELL,0.78522,0.78553,0.7847,0.00026,50.0,macd_crossover,RISK_REJECTED,Unsupported filling mode,,,,,-1.3e-05,-0.000127,-0.000369,-0.000191,-0.000433,0.000573,0.785394,-0.000222,0.785247,-3.4e-05,0.784977,0.00031,0.786142,-0.001173,0.787337,-0.002689,0.785313,0.785219,0.785347,0.000531,-0.001139,-0.002997,0.000119,41.959805,50.091515,49.095104,9.4e-05,0.000103,-1e-05,-0.019099,-0.043281,0.057342,0.000208,0.000265,0.000259,0.00033,0.000336,0.000428,0.001348,0.474968,0.010185,0.014272,0.166667,-1.0,0.166667,0.666667,-3.0,0.245283,0.573913,0.578475,-0.000624,0.000841,0.043941,-0.923695,6.0,2.0,0.0,0.0,1.0,1.0,0.0,0.587785,-0.809017,50.429172,5e-06,-0.000115,53.439624,2.5e-05,-0.000242,60.522195,4.4e-05,1.3e-05,-0.337656,-1.5e-05,,,,,,,,
39,2026-03-18 04:32:02.641269,USDCAD,BUY,1.36974,1.36919,1.37065,0.00036,54.37,sma_crossover,RISK_REJECTED,Unsupported filling mode,,,,,-8e-05,-0.000197,-0.000124,-5.8e-05,0.000204,0.000387,1.369709,2.3e-05,1.369458,0.000206,1.369446,0.000215,1.369496,0.000178,1.369225,0.000376,1.36968,1.369536,1.369487,0.000192,-2.8e-05,0.000161,0.000105,54.079138,54.374022,52.907472,0.000144,8.4e-05,6e-05,-0.00584,0.020446,0.038708,0.000311,0.000227,0.000364,0.000266,0.000447,0.000326,0.001036,0.698747,0.012952,0.013382,0.846154,-1.0,0.0,0.153846,-2.0,0.663636,0.737589,0.440816,-0.00027,0.000759,0.061195,-0.884746,6.0,2.0,0.0,0.0,1.0,1.0,0.0,0.587785,-0.809017,56.808645,8.1e-05,-0.000117,60.465347,9.4e-05,7.3e-05,58.931143,9.1e-05,3.7e-05,-2.434624,-2e-05,,,,,,,,
40,2026-03-18 04:32:03.323666,NZDUSD,BUY,0.5862,0.58565,0.58712,0.00037,57.14,sma_crossover,EXECUTED,,,,55786091874.0,,0.000154,0.000768,0.000546,0.001367,0.00082,0.0007,0.585779,0.000719,0.585858,0.000583,0.585853,0.000593,0.584985,0.002077,0.58441,0.003063,0.585854,0.58581,0.585669,-0.000126,0.001493,0.002469,7.5e-05,63.861178,57.144299,55.460744,4.4e-05,1.8e-05,2.6e-05,0.136659,0.08195,0.069991,0.000333,0.000569,0.000368,0.000628,0.000415,0.000708,0.001941,0.800265,0.039205,0.037391,0.75,1.0,0.25,0.0,2.0,0.913462,0.708955,0.688995,-0.000665,0.001621,0.1309,-0.841945,6.0,2.0,0.0,0.0,1.0,1.0,0.0,0.587785,-0.809017,55.803785,1e-06,0.000615,49.993998,-3e-05,-0.000222,52.299296,-4e-05,0.000581,1.340514,2.5e-05,,,,,,,,
41,2026-03-18 04:47:05.195091,NZDUSD,BUY,0.58596,0.58542,0.58686,0.00036,53.04,sma_crossover,EXECUTED,,,,55786231569.0,,0.0,-0.000256,0.000359,0.000717,-0.00029,0.000427,0.585738,0.000379,0.585859,0.000172,0.585848,0.000192,0.584999,0.001643,0.584434,0.00261,0.585839,0.585805,0.585671,-0.000187,0.00147,0.002418,5.9e-05,55.501518,53.038725,52.756523,3.4e-05,1.8e-05,1.7e-05,0.071729,-0.029004,0.042683,0.000323,0.000551,0.000361,0.000617,0.00041,0.0007,0.001865,0.592428,0.035715,0.037556,0.0,0.0,0.571429,0.428571,0.0,0.682692,0.529851,0.574163,-0.001075,0.001212,0.14474,-0.844011,6.0,2.0,0.0,0.0,1.0,1.0,0.0,0.587785,-0.809017,53.038725,1.1e-05,-0.000256,55.803785,1e-06,0.000615,49.993998,-3e-05,-0.000222,0.0,5e-06,,,,,,,,
42,2026-03-18 05:04:24.497095,GBPUSD,SELL,1.3363800000000001,1.3368,1.33574,0.00042,64.12,bollinger_bounce,EXECUTED,,,,55786347584.0,,2.2e-05,0.000247,0.000195,0.000404,0.000591,0.00021,1.335776,0.000452,1.335575,0.000603,1.33559,0.000591,1.33402,0.001769,1.331491,0.003672,1.335873,1.335671,1.335285,0.000139,0.001166,0.003079,0.000151,75.458358,64.122147,60.526716,0.000202,0.000102,0.0001,0.040424,0.05915,0.020957,0.00036,0.00027,0.000424,0.000317,0.000537,0.000402,0.00119,1.006741,0.012867,0.015006,0.230769,1.0,0.692308,0.076923,2.0,0.923077,0.926174,0.946602,-8.2e-05,0.001033,0.330047,-0.449772,7.0,2.0,0.0,0.0,1.0,0.965926,-0.258819,0.587785,-0.809017,63.726201,9e-05,0.000225,59.584575,6.7e-05,-5.2e-05,61.095986,5.6e-05,0.000157,0.395945,1.1e-05,,,,,,,,
43,2026-03-18 05:04:25.233836,USDJPY,BUY,158.772,158.70193,158.8771,0.07007,32.61,bollinger_bounce,EXECUTED,,,,55786347636.0,,-0.000246,-0.000378,-0.000831,-0.001,-0.000931,-0.000252,158.8953,-0.000776,158.9488,-0.001112,158.96326,-0.001203,159.0394,-0.001681,159.13574,-0.002286,158.888892,158.927889,158.961838,-0.000428,-0.00057,-0.001084,-0.000245,19.505374,32.607464,37.572252,-0.038996,-0.019425,-0.019571,-0.100043,-0.093129,-0.025187,0.069378,0.000437,0.070065,0.000441,0.073849,0.000465,0.002015,-0.051948,0.016228,0.025156,0.634921,-1.0,0.079365,0.285714,-7.0,0.09322,0.056555,0.056555,-0.002311,0.000139,0.392901,-0.530015,7.0,2.0,0.0,0.0,1.0,0.965926,-0.258819,0.587785,-0.809017,35.440352,-0.015682,-0.000132,37.049767,-0.011924,-0.000453,43.311619,-0.006916,-3.1e-05,-2.832888,-0.003889,,,,,,,,
44,2026-03-18 05:04:26.704959,XAUUSD,SELL,4985.0,4992.11602,4969.34476,5.69282,39.16,sma_crossover,EXECUTED,,,,55786347737.0,,-0.000415,0.000118,-0.001142,-0.001254,-0.003243,-0.004974,4990.617,-0.001126,4997.022,-0.002406,5000.0108,-0.003002,5008.265,-0.004645,5007.59175,-0.004511,4991.61377,4995.996732,4999.83459,-0.001879,-0.002245,-0.001514,-0.000877,29.009897,35.48079,39.156308,-4.382961,-3.035954,-1.347007,-0.125419,-0.324321,-0.497413,5.692815,0.001142,6.405016,0.001285,7.223161,0.001449,0.006092,0.105101,0.060922,0.062564,0.739286,-1.0,0.189286,0.071429,-1.0,0.143946,0.09386,0.09386,-0.006217,0.000644,0.277693,-0.586659,7.0,2.0,0.0,0.0,1.0,0.965926,-0.258819,0.587785,-0.809017,37.340293,-1.360993,0.000534,33.160411,-1.440982,-0.00126,38.851077,-1.142934,1.8e-05,-1.859503,0.013987,,,,,,,,
45,2026-03-18 05:17:08.251409,EURUSD,SELL,1.15438,1.15477,1.1538,0.00039,65.75,bollinger_bounce,EXECUTED,,,,55786451833.0,,0.000113,0.000199,0.000407,0.000511,0.00098,0.000529,1.153785,0.000516,1.153602,0.000674,1.153739,0.000555,1.152399,0.001719,1.150192,0.003641,1.153873,1.153725,1.153436,4e-05,0.001044,0.003084,0.000128,80.894106,65.747522,60.903775,0.000148,4.8e-05,0.0001,0.051136,0.097984,0.05287,0.00033,0.000286,0.000388,0.000336,0.000493,0.000427,0.001186,1.068432,0.006853,0.011575,0.933333,1.0,0.0,0.066667,8.0,1.0,1.0,0.858333,0.0,0.001109,0.164821,-0.832021,7.0,2.0,0.0,0.0,1.0,0.965926,-0.258819,0.587785,-0.809017,63.665225,8.5e-05,8.7e-05,62.015826,6.8e-05,0.000208,57.740668,4.4e-05,6.1e-05,2.082298,1.5e-05,,,,,,,,
46,2026-03-18 05:17:08.745942,GBPUSD,SELL,1.33683,1.33726,1.33618,0.00043,69.21,bollinger_bounce,RISK_REJECTED,No money,,,,,4.5e-05,0.000359,0.000584,0.000689,0.001176,0.000943,1.335972,0.000642,1.335657,0.000878,1.33564,0.000891,1.33409,0.002054,1.331547,0.003967,1.336071,1.335784,1.335361,0.000248,0.001175,0.003074,0.000215,82.202688,69.214424,64.049842,0.000287,0.000144,0.000143,0.068867,0.11758,0.094342,0.000378,0.000283,0.000431,0.000322,0.000537,0.000402,0.00157,1.059419,0.011074,0.013912,0.6,1.0,0.4,0.0,3.0,0.951613,0.953125,0.963855,-6.7e-05,0.001369,0.046133,-0.938104,7.0,2.0,0.0,0.0,1.0,0.965926,-0.258819,0.587785,-0.809017,68.58059,0.000125,0.000314,63.726201,9e-05,0.000225,59.584575,6.7e-05,-5.2e-05,0.633834,1.8e-05,,,,,,,,
47,2026-03-18 05:17:09.516661,USDJPY,BUY,158.698,158.62778,158.80333,0.07022,28.28,bollinger_bounce,EXECUTED,,,,55786451995.0,,-5e-05,-0.000712,-0.000844,-0.001328,-0.001353,-0.001472,158.8672,-0.001065,158.9338,-0.001484,158.95704,-0.00163,159.03232,-0.002102,159.131315,-0.002723,158.850932,158.906333,158.949004,-0.000565,-0.000619,-0.001095,-0.000349,14.7295,28.282237,34.188283,-0.055401,-0.027463,-0.027938,-0.13278,-0.135294,-0.147233,0.069242,0.000436,0.070219,0.000442,0.073858,0.000465,0.002631,-0.063883,0.021264,0.023202,0.347826,-1.0,0.391304,0.26087,-8.0,0.020408,0.013423,0.013423,-0.002779,3.8e-05,0.099948,-0.90375,7.0,2.0,0.0,0.0,1.0,0.965926,-0.258819,0.587785,-0.809017,28.722138,-0.023783,-0.000661,35.440352,-0.015682,-0.000132,37.049767,-0.011924,-0.000453,-0.439901,-0.004155,,,,,,,,
48,2026-03-18 05:47:03.279436,GBPUSD,SELL,1.33684,1.33726,1.33621,0.00042,67.33,rsi_reversal,RISK_REJECTED,No money,,,,,-2.2e-05,0.000165,5.2e-05,0.000591,0.001206,0.001273,1.336273,0.000424,1.33581,0.000771,1.335716,0.000842,1.334204,0.001975,1.331652,0.003896,1.33627,1.335923,1.335468,0.000417,0.001203,0.003051,0.00026,75.976291,67.329455,63.198004,0.000347,0.00021,0.000137,0.05913,0.120578,0.127327,0.000364,0.000272,0.000418,0.000313,0.000524,0.000392,0.00179,0.930937,0.012184,0.013393,0.230769,-1.0,0.153846,0.615385,-1.0,0.938202,0.94359,0.949541,-8.2e-05,0.001376,0.239004,-0.805237,7.0,2.0,0.0,0.0,1.0,0.965926,-0.258819,0.587785,-0.809017,68.032205,0.000141,0.000187,65.223432,0.00013,-0.000112,68.58059,0.000125,0.000314,-0.70275,-4e-06,,,,,,,,
49,2026-03-18 05:47:04.081481,USDJPY,BUY,158.733,158.66353,158.8372,0.06947,32.38,rsi_reversal,EXECUTED,,,,55786762096.0,,2.5e-05,3.8e-05,0.00017,-0.000623,-0.001541,-0.002093,158.8255,-0.000582,158.90335,-0.001072,158.94808,-0.001353,159.02209,-0.001818,159.123835,-0.002456,158.82011,158.883172,158.933294,-0.000771,-0.000747,-0.001105,-0.000397,23.769074,32.376269,36.773112,-0.063062,-0.03937,-0.023691,-0.06233,-0.154109,-0.209347,0.066942,0.000422,0.069468,0.000438,0.073368,0.000462,0.002776,0.113783,0.018897,0.019079,0.25,1.0,0.5,0.25,3.0,0.242515,0.186207,0.166324,-0.00223,0.00051,0.215972,-0.817539,7.0,2.0,0.0,0.0,1.0,0.965926,-0.258819,0.587785,-0.809017,31.792614,-0.02579,1.3e-05,31.518193,-0.026087,0.000132,28.722138,-0.023783,-0.000661,0.583655,0.002098,,,,,,,,
50,2026-03-18 06:02:04.145866,GBPUSD,SELL,1.33705,1.33747,1.33642,0.00042,68.15,rsi_reversal,EXECUTED,,,,55786921342.0,,-9.7e-05,0.000135,0.000322,0.000524,0.001266,0.001198,1.336476,0.000429,1.335906,0.000856,1.335761,0.000965,1.334267,0.002086,1.33171,0.00401,1.336434,1.33603,1.335543,0.000536,0.001229,0.003042,0.000303,74.976148,68.148173,64.106257,0.000404,0.000253,0.000151,0.052381,0.126558,0.11981,0.000377,0.000282,0.000423,0.000316,0.000522,0.000391,0.002041,0.919388,0.013202,0.013606,0.722222,-1.0,0.166667,0.111111,-1.0,0.913514,0.927602,0.934426,-0.00012,0.001533,0.314017,-0.769347,8.0,2.0,1.0,0.0,0.0,0.866025,-0.5,0.587785,-0.809017,71.144398,0.000159,0.000232,68.032205,0.000141,0.000187,65.223432,0.00013,-0.000112,-2.996225,-7e-06,,,,,,,,
51,2026-03-18 06:02:04.781334,USDJPY,BUY,158.709,158.64073,158.8114,0.06827,31.27,rsi_reversal,EXECUTED,,,,55786921465.0,,5.7e-05,-0.000126,-0.000113,-0.000642,-0.001661,-0.001993,158.7958,-0.000547,158.88585,-0.001113,158.94228,-0.001468,159.01654,-0.001934,159.11962,-0.002581,158.798721,158.868007,158.923255,-0.000922,-0.000822,-0.001115,-0.000436,22.976486,31.273042,35.83044,-0.069287,-0.045775,-0.023512,-0.064227,-0.166066,-0.199338,0.064562,0.000407,0.068266,0.00043,0.07267,0.000458,0.002945,0.122019,0.018837,0.019023,0.454545,1.0,0.318182,0.227273,1.0,0.177019,0.134434,0.117043,-0.002312,0.000359,0.233749,-0.79491,8.0,2.0,1.0,0.0,0.0,0.866025,-0.5,0.587785,-0.809017,29.920371,-0.025797,-0.000183,31.792614,-0.02579,1.3e-05,31.518193,-0.026087,0.000132,1.352672,0.002286,,,,,,,,
52,2026-03-18 06:32:03.301662,GBPUSD,SELL,1.33718,1.33761,1.33653,0.00043,65.88,rsi_reversal,EXECUTED,,,,55787241679.0,,-0.000194,0.000135,0.0,0.000419,0.000951,0.001243,1.336758,0.000316,1.336091,0.000815,1.335808,0.001027,1.334404,0.002081,1.331829,0.004018,1.336674,1.336209,1.335677,0.000711,0.001264,0.002988,0.000349,67.87893,65.882478,63.229943,0.000466,0.000327,0.000139,0.041897,0.095066,0.124296,0.000402,0.0003,0.000432,0.000323,0.000521,0.000389,0.002337,0.848959,0.015377,0.015083,1.0,-1.0,0.0,0.0,-1.0,0.831169,0.893443,0.902622,-0.000194,0.00163,0.162124,-0.872814,8.0,2.0,1.0,0.0,0.0,0.866025,-0.5,0.587785,-0.809017,71.384555,0.000159,0.000329,67.061907,0.000148,-0.000135,71.144398,0.000159,0.000232,-5.502077,-2.1e-05,,,,,,,,
53,2026-03-18 06:32:04.150756,NZDUSD,SELL,0.58709,0.58745,0.58655,0.00036,65.44,rsi_reversal,EXECUTED,,,,55787241830.0,,-0.000204,0.000221,0.000597,0.001416,0.002288,0.001723,0.58656,0.000904,0.586144,0.001613,0.585932,0.001977,0.585193,0.003243,0.584637,0.004196,0.586553,0.586232,0.585951,0.001072,0.001627,0.002214,0.000547,72.261282,65.444184,61.962588,0.000321,0.00019,0.00013,0.141575,0.228767,0.172331,0.00034,0.000578,0.000363,0.000619,0.000402,0.000685,0.003788,0.925835,0.028402,0.035353,0.52381,-1.0,0.142857,0.333333,-1.0,0.906667,0.929293,0.94332,-0.000238,0.003134,0.217528,-0.815013,8.0,2.0,1.0,0.0,0.0,0.866025,-0.5,0.587785,-0.809017,68.132924,0.000134,0.000426,65.381482,0.000114,0.000375,62.753636,9.6e-05,0.000222,-2.68874,-4e-06,,,,,,,,
54,2026-03-18 06:47:03.698670,USDCHF,BUY,0.78561,0.78532,0.78609,0.00024,50.0,macd_crossover,EXECUTED,,,,55787419353.0,,0.00014,0.000662,0.000573,0.000382,0.000484,6.4e-05,0.785277,0.000424,0.785336,0.000349,0.785032,0.000736,0.785823,-0.000271,0.787132,-0.001934,0.785319,0.78526,0.785327,0.000312,-0.00062,-0.002668,7.5e-05,71.999626,62.892357,57.226739,5.9e-05,4.9e-05,1e-05,0.038201,0.048393,0.006365,0.00023,0.000292,0.00024,0.000305,0.0003,0.000381,0.000757,0.960682,0.014867,0.012928,0.785714,1.0,0.071429,0.142857,2.0,0.882353,0.882353,0.94382,-0.000102,0.000764,0.205093,-0.874214,8.0,2.0,1.0,0.0,0.0,0.866025,-0.5,0.587785,-0.809017,59.890228,-1.3e-05,0.000522,44.291265,-3.7e-05,-8.9e-05,47.20152,-3.2e-05,0.0,3.002129,2.2e-05,,,,,,,,
55,2026-03-18 07:05:00.832219,USDJPY,SELL,158.709,158.87346,157.88672,0.16446,30.67,ml_filtered_sma,RISK_REJECTED,Unsupported filling mode,,,,,-0.000227,5.7e-05,-0.000642,-0.001284,-0.001956,-0.002458,158.8765,-0.001054,158.92995,-0.00139,159.0943,-0.002422,159.1914,-0.00303,158.660655,0.000305,158.864824,158.966586,159.051062,-0.001369,-0.001642,0.002733,-0.00064,30.67234,36.742408,40.011438,-0.101762,-0.079502,-0.02226,-0.128372,-0.195573,-0.245757,0.153359,0.000966,0.164457,0.001036,0.176239,0.00111,0.00281,0.005218,0.041333,0.041619,0.507042,-1.0,0.366197,0.126761,-1.0,0.248252,0.241908,0.152688,-0.002804,0.000895,0.106926,-0.895288,9.0,2.0,1.0,0.0,0.0,0.707107,-0.707107,0.587785,-0.809017,38.023217,-0.0201,0.000284,35.4098,-0.017563,-0.000699,39.195457,-0.006463,-0.000755,-1.280809,-0.00216,,,,,,,,
56,2026-03-18 07:17:03.676956,EURUSD,SELL,1.15404,1.15455,1.15318,0.00043,50.0,macd_crossover,EXECUTED,,,,55787744893.0,,-0.000165,-0.000156,-0.000225,-0.000511,-9.5e-05,0.000433,1.154363,-0.00028,1.15398,5.2e-05,1.153833,0.00018,1.152853,0.00103,1.150585,0.003003,1.154206,1.154014,1.15369,0.00046,0.000978,0.002822,0.000166,42.826702,50.82384,52.845385,0.000192,0.000196,-4e-06,-0.051099,-0.009531,0.043345,0.000433,0.000375,0.000429,0.000372,0.00049,0.000424,0.001666,0.530949,0.01697,0.014016,0.612903,-1.0,0.0,0.387097,-1.0,0.163462,0.519337,0.664093,-0.000754,0.000815,0.252123,-0.872483,9.0,2.0,1.0,0.0,0.0,0.707107,-0.707107,0.587785,-0.809017,55.051492,2.8e-05,9e-06,54.868017,5.3e-05,-6.9e-05,56.583791,8.8e-05,-0.000494,-4.227653,-3.1e-05,,,,,,,,
57,2026-03-18 07:17:04.296649,GBPUSD,SELL,1.3364,1.33699,1.33541,0.00049,50.0,macd_crossover,EXECUTED,,,,55787745041.0,,-0.00015,-3e-05,-0.000322,-0.000449,3.7e-05,0.000741,1.336815,-0.00031,1.336256,0.000108,1.335847,0.000414,1.334645,0.001315,1.331996,0.003306,1.336564,1.336244,1.335755,0.000725,0.001207,0.002891,0.00024,45.87669,52.591217,54.370862,0.00032,0.000337,-1.6e-05,-0.044877,0.003742,0.074135,0.000513,0.000384,0.000494,0.00037,0.000546,0.000409,0.002029,0.553107,0.021,0.017187,0.571429,-1.0,0.057143,0.371429,-1.0,0.16129,0.563025,0.610487,-0.000778,0.001003,0.234558,-0.849057,9.0,2.0,1.0,0.0,0.0,0.707107,-0.707107,0.587785,-0.809017,55.625993,2.2e-05,0.00012,53.63864,5.6e-05,-0.000292,59.689299,0.000117,-0.000456,-3.034776,-3.8e-05,,,,,,,,
58,2026-03-18 07:17:05.223351,USDJPY,BUY,158.782,158.68975,158.93576,0.07688,50.0,macd_crossover,EXECUTED,,,,55787745126.0,,-6e-06,0.000233,0.000441,0.000939,-0.000183,-0.001164,158.7122,0.00044,158.81115,-0.000184,158.91418,-0.000832,158.98273,-0.001263,159.099055,-0.001993,158.759752,158.820669,158.885555,-0.001271,-0.001079,-0.001162,-0.000384,53.883441,45.738851,44.561121,-0.060917,-0.063514,0.002597,0.093927,-0.018261,-0.116376,0.078734,0.000496,0.076879,0.000484,0.076989,0.000485,0.002893,0.436558,0.028982,0.023203,0.03125,-1.0,0.625,0.34375,-1.0,0.86,0.513126,0.375874,-0.001285,0.001354,0.180608,-0.870895,9.0,2.0,1.0,0.0,0.0,0.707107,-0.707107,0.587785,-0.809017,45.824799,-0.003893,0.000239,41.977575,-0.013089,0.000208,38.453062,-0.021879,0.000675,-0.085948,0.006489,,,,,,,,
59,2026-03-18 07:17:05.853191,AUDUSD,SELL,0.71144,0.71203,0.71045,0.00049,50.0,macd_crossover,EXECUTED,,,,55787745260.0,,-0.000141,-0.000562,-0.000422,-0.000772,2.8e-05,0.000605,0.711695,-0.000358,0.711296,0.000203,0.710888,0.000776,0.710061,0.001942,0.707827,0.005104,0.711575,0.711318,0.71092,0.001135,0.001738,0.004324,0.00036,45.749495,52.153638,53.533487,0.000256,0.000265,-9e-06,-0.077248,0.002811,0.060477,0.00047,0.000661,0.000494,0.000695,0.000538,0.000756,0.003111,0.5653,0.029861,0.034722,0.5,-1.0,0.25,0.25,-2.0,0.219298,0.630705,0.737463,-0.001251,0.002137,0.184753,-0.856712,9.0,2.0,1.0,0.0,0.0,0.707107,-0.707107,0.587785,-0.809017,53.705213,2.3e-05,-0.000421,58.558241,5.8e-05,0.000141,57.365767,7.4e-05,-0.000646,-1.551575,-3.2e-05,,,,,,,,
60,2026-03-18 07:17:06.275024,NZDUSD,SELL,0.58623,0.58669,0.58547,0.00038,50.0,macd_crossover,RISK_REJECTED,No money,,,,,-0.000188,-0.000699,-0.000971,-0.001244,6.8e-05,0.000171,0.586626,-0.000675,0.586194,6.2e-05,0.585942,0.000492,0.585316,0.001561,0.584725,0.002574,0.586458,0.586248,0.585991,0.001168,0.001499,0.002081,0.000358,42.349512,49.895108,51.635239,0.00021,0.000214,-4e-06,-0.12437,0.006824,0.017061,0.000375,0.00064,0.000382,0.000652,0.000409,0.000698,0.003654,0.517038,0.036125,0.03569,0.647059,-1.0,0.117647,0.235294,-4.0,0.038462,0.494949,0.595142,-0.001706,0.001672,0.2048,-0.818182,9.0,2.0,1.0,0.0,0.0,0.707107,-0.707107,0.587785,-0.809017,51.675132,3.5e-05,-0.000511,56.807495,8e-05,-0.000273,59.746229,0.000112,-0.000698,-1.780024,-3.9e-05,,,,,,,,
61,2026-03-18 07:17:07.295148,USDCHF,SELL,0.78578,0.78602,0.78541,0.00024,67.26,bollinger_bounce,EXECUTED,,,,55787745570.0,,0.000165,0.000255,0.000356,0.00079,0.0007,0.000509,0.785372,0.000519,0.785359,0.000535,0.785069,0.000906,0.785743,4.7e-05,0.787088,-0.001662,0.78543,0.785324,0.785356,0.000386,-0.000488,-0.002566,0.000135,78.319074,67.261906,60.274717,0.000106,6.5e-05,4.1e-05,0.078965,0.070043,0.050931,0.000238,0.000303,0.000244,0.00031,0.000298,0.000379,0.000936,1.072119,0.01487,0.012507,0.684211,1.0,0.315789,0.0,4.0,0.927711,0.927711,0.968586,-7.6e-05,0.00098,0.312048,-0.853253,9.0,2.0,1.0,0.0,0.0,0.707107,-0.707107,0.587785,-0.809017,64.00396,2.4e-05,8.9e-05,62.119092,8e-06,0.000102,59.890228,-1.3e-05,0.000522,3.257946,1.7e-05,,,,,,,,
62,2026-03-18 07:32:03.667281,USDCHF,SELL,0.78606,0.78631,0.78569,0.00025,72.83,bollinger_bounce,EXECUTED,,,,55787891768.0,,0.000242,0.000522,0.000611,0.001236,0.001095,0.000853,0.785467,0.000755,0.785397,0.000844,0.785098,0.001225,0.785713,0.000441,0.787068,-0.001281,0.785538,0.785384,0.785387,0.00047,-0.000402,-0.002503,0.000196,84.718779,72.834091,64.586,0.000154,8.4e-05,7e-05,0.123553,0.109526,0.085308,0.00025,0.000318,0.00025,0.000318,0.000299,0.00038,0.001273,1.16287,0.015688,0.013556,0.904762,1.0,0.0,0.095238,5.0,1.0,1.0,1.0,0.0,0.001336,0.286872,-0.830258,9.0,2.0,1.0,0.0,0.0,0.707107,-0.707107,0.587785,-0.809017,69.192307,4.7e-05,0.00028,64.00396,2.4e-05,8.9e-05,62.119092,8e-06,0.000102,3.641784,2.3e-05,,,,,,,,
63,2026-03-18 07:47:04.556681,EURUSD,BUY,1.15227,1.15177,1.15302,0.0005,28.64,bollinger_bounce,EXECUTED,,,,55788062787.0,,-0.000338,-0.001283,-0.001698,-0.001759,-0.001603,-0.00085,1.15399,-0.00149,1.153875,-0.001391,1.15377,-0.0013,1.152939,-0.00058,1.150673,0.001388,1.153675,1.153774,1.153585,0.000191,0.000811,0.002692,-8.6e-05,15.821109,28.641633,35.999012,-9.9e-05,0.000108,-0.000207,-0.175864,-0.160295,-0.084977,0.00056,0.000486,0.0005,0.000434,0.000523,0.000454,0.002267,-0.11327,0.029614,0.023207,0.866667,-1.0,0.066667,0.066667,-3.0,0.011236,0.011236,0.011236,-0.002291,2.6e-05,0.35612,-0.734201,9.0,2.0,1.0,0.0,0.0,0.707107,-0.707107,0.587785,-0.809017,31.931346,-0.000124,-0.000945,45.491642,-2.2e-05,-0.000416,55.051492,2.8e-05,9e-06,-3.289714,-8.3e-05,,,,,,,,
64,2026-03-18 07:47:05.207566,USDCAD,SELL,1.37127,1.37163,1.37073,0.00036,73.14,bollinger_bounce,EXECUTED,,,,55788063036.0,,0.000168,0.000292,0.000372,0.000438,0.000956,0.001095,1.370599,0.00049,1.370251,0.000743,1.36964,0.00119,1.369684,0.001158,1.369169,0.001535,1.370599,1.370203,1.369913,0.0007,0.000414,0.000344,0.000289,83.81112,73.136796,66.469882,0.000396,0.000296,0.0001,0.043774,0.095623,0.109507,0.00034,0.000248,0.000357,0.000261,0.000413,0.000302,0.001396,1.032488,0.012697,0.011259,0.92,1.0,0.0,0.08,4.0,1.0,1.0,1.0,0.0,0.001262,0.134893,-0.880779,9.0,2.0,1.0,0.0,0.0,0.707107,-0.707107,0.587785,-0.809017,70.44738,8.8e-05,0.000124,68.266916,8.2e-05,8e-05,66.794885,7.8e-05,0.000109,2.689416,1.2e-05,,,,,,,,
65,2026-03-18 07:47:06.259347,USDCHF,SELL,0.78652,0.78679,0.78612,0.00027,78.96,bollinger_bounce,EXECUTED,,,,55788063200.0,,0.000127,0.000827,0.001107,0.001299,0.001566,0.001337,0.785626,0.001138,0.785468,0.001339,0.78514,0.001758,0.785693,0.001052,0.787051,-0.000675,0.785736,0.785493,0.785445,0.000619,-0.000287,-0.002428,0.000309,89.990606,78.957125,70.065119,0.000243,0.00012,0.000123,0.129854,0.15663,0.133678,0.000284,0.000361,0.000269,0.000342,0.000307,0.000391,0.002006,1.167667,0.021304,0.017495,0.909091,1.0,0.0,0.090909,6.0,1.0,1.0,1.0,0.0,0.00192,0.319902,-0.754717,9.0,2.0,1.0,0.0,0.0,0.707107,-0.707107,0.587785,-0.809017,77.805217,9.3e-05,0.0007,69.192307,4.7e-05,0.00028,64.00396,2.4e-05,8.9e-05,1.151908,3e-05,,,,,,,,
66,2026-03-18 08:02:03.658445,EURUSD,BUY,1.15269,1.15219,1.15344,0.0005,32.92,rsi_reversal,EXECUTED,,,,55788306591.0,,5.2e-05,2.6e-05,-0.000919,-0.001326,-0.001516,-0.000564,1.153851,-0.001006,1.15386,-0.001014,1.153758,-0.000925,1.152981,-0.000253,1.150721,0.001711,1.15357,1.153718,1.153564,8.1e-05,0.000762,0.002639,-0.000128,21.215964,32.917084,39.39198,-0.000148,6.2e-05,-0.000209,-0.132557,-0.151589,-0.056358,0.00055,0.000477,0.000501,0.000435,0.000523,0.000454,0.00228,0.055192,0.027729,0.022532,0.333333,1.0,0.111111,0.555556,1.0,0.168539,0.168539,0.168539,-0.001926,0.00039,0.316206,-0.833537,10.0,2.0,1.0,0.0,0.0,0.5,-0.866025,0.587785,-0.809017,31.651697,-0.000184,-2.6e-05,31.931346,-0.000124,-0.000945,45.491642,-2.2e-05,-0.000416,1.265387,-2.5e-05,,,,,,,,
67,2026-03-18 08:02:04.325100,XAUUSD,SELL,4993.84,5002.32725,4979.69459,7.07271,50.0,macd_crossover,EXECUTED,,,,55788306667.0,,-0.000226,-0.001625,-0.003076,-0.003104,-0.001106,-5.8e-05,5004.601,-0.00215,4998.083,-0.000849,5000.4296,-0.001318,5004.9804,-0.002226,5007.20455,-0.002669,5000.952217,5000.307524,5001.169815,0.000834,-0.001378,-0.001353,0.000129,32.917399,42.593583,44.917857,0.644693,0.852052,-0.20736,-0.310417,-0.110614,-0.005807,6.907209,0.001383,7.072706,0.001416,7.416155,0.001485,0.00696,0.37803,0.081867,0.071555,0.463115,-1.0,0.331967,0.204918,-4.0,0.132148,0.349174,0.349174,-0.004498,0.002413,0.224551,-0.850683,10.0,2.0,1.0,0.0,0.0,0.5,-0.866025,0.587785,-0.809017,43.642702,0.516529,-0.001399,50.846785,1.500057,-0.001453,60.489405,2.219776,-9.6e-05,-1.049118,-0.723888,,,,,,,,
68,2026-03-18 08:02:04.939318,USDCHF,SELL,0.78653,0.7868,0.78612,0.00027,79.12,bollinger_bounce,RISK_REJECTED,No money,,,,,7.6e-05,0.00014,0.00084,0.001209,0.001554,0.001477,0.785743,0.001002,0.785523,0.001281,0.785173,0.001729,0.785674,0.00109,0.787031,-0.000637,0.785852,0.785567,0.785486,0.000726,-0.000191,-0.002362,0.000363,90.156832,79.115541,70.200459,0.000285,0.000153,0.000133,0.12093,0.155353,0.147701,0.000291,0.000369,0.000275,0.00035,0.000309,0.000393,0.002308,1.055244,0.021257,0.017107,0.6,1.0,0.4,0.0,7.0,0.974359,0.974359,0.984848,-5.1e-05,0.001933,0.423094,-0.73913,10.0,2.0,1.0,0.0,0.0,0.5,-0.866025,0.587785,-0.809017,78.396515,0.00012,6.4e-05,77.805217,9.3e-05,0.0007,69.192307,4.7e-05,0.00028,0.719026,1.3e-05,,,,,,,,
69,2026-03-18 08:17:03.832975,USDCAD,SELL,1.37021,1.37068,1.36943,0.00039,50.0,macd_crossover,EXECUTED,,,,55788506608.0,,0.0,-0.000562,-0.000605,-0.000401,0.000234,0.000285,1.370631,-0.000307,1.370287,-5.6e-05,1.369654,0.000406,1.369707,0.000367,1.369153,0.000772,1.370457,1.370186,1.369925,0.000713,0.000423,0.000366,0.000198,40.776272,50.788713,52.575411,0.000271,0.000292,-2.1e-05,-0.040124,0.02336,0.028471,0.000407,0.000297,0.000392,0.000286,0.000428,0.000312,0.001202,0.453536,0.020308,0.014993,0.0,0.0,0.111111,0.888889,0.0,0.268966,0.316129,0.59387,-0.000774,0.000358,0.265396,-0.842508,10.0,2.0,1.0,0.0,0.0,0.5,-0.866025,0.587785,-0.809017,50.788713,2.1e-05,-0.000562,68.654333,8.1e-05,-4.4e-05,70.44738,8.8e-05,0.000124,0.0,-4.2e-05,,,,,,,,
70,2026-03-18 08:17:04.317451,USDCHF,SELL,0.7867,0.78698,0.78628,0.00028,80.92,bollinger_bounce,RISK_REJECTED,No money,,,,,0.0,0.000292,0.000356,0.001336,0.001961,0.001528,0.785914,0.001,0.785592,0.00141,0.785208,0.0019,0.785663,0.00132,0.787011,-0.000396,0.786004,0.785662,0.78554,0.000899,-9e-05,-0.002291,0.000436,91.548654,80.915261,71.942247,0.000342,0.000193,0.00015,0.133647,0.196138,0.152769,0.000298,0.000379,0.000281,0.000357,0.000312,0.000396,0.002755,1.011924,0.019617,0.017518,0.0,0.0,0.076923,0.923077,0.0,0.988304,0.988304,0.992832,-2.5e-05,0.002148,0.210124,-0.909198,10.0,2.0,1.0,0.0,0.0,0.5,-0.866025,0.587785,-0.809017,80.915261,0.000144,0.000292,78.396515,0.00012,6.4e-05,77.805217,9.3e-05,0.0007,0.0,6e-06,,,,,,,,
71,2026-03-18 08:32:06.324581,EURUSD,BUY,1.15218,1.15162,1.15302,0.00056,31.08,rsi_reversal,EXECUTED,,,,55788727886.0,,0.000122,-0.000555,-0.00039,-0.001361,-0.002122,-0.001014,1.15337,-0.001032,1.153748,-0.001359,1.153699,-0.001316,1.153036,-0.000742,1.150815,0.001186,1.153172,1.153497,1.153457,-0.000285,0.000618,0.002506,-0.000282,23.152398,31.079175,36.833038,-0.000326,-6.4e-05,-0.000261,-0.136078,-0.212189,-0.101444,0.000644,0.000559,0.000563,0.000489,0.000555,0.000481,0.002886,0.02913,0.030747,0.025481,0.416667,1.0,0.375,0.208333,1.0,0.154799,0.154799,0.154799,-0.002369,0.000434,0.350631,-0.811828,10.0,2.0,1.0,0.0,0.0,0.5,-0.866025,0.587785,-0.809017,28.42163,-0.000252,-0.000677,35.504219,-0.000201,0.000165,31.651697,-0.000184,-2.6e-05,2.657545,-1e-05,,,,,,,,
72,2026-03-18 08:32:06.944428,AUDUSD,BUY,0.71031,0.70978,0.71111,0.00053,37.94,bollinger_bounce,EXECUTED,,,,55788728012.0,,0.000197,-0.000999,-0.001308,-0.001476,-0.00236,-0.000633,0.711268,-0.001347,0.71136,-0.001475,0.71093,-0.000872,0.710255,7.7e-05,0.70806,0.003178,0.711075,0.711134,0.710891,0.000475,0.001554,0.004054,-8.3e-05,25.473095,37.936387,43.488827,-5.9e-05,0.000127,-0.000186,-0.147605,-0.235958,-0.063313,0.000552,0.000778,0.000534,0.000752,0.000552,0.000777,0.002828,-0.021766,0.034704,0.036008,0.368421,1.0,0.315789,0.315789,1.0,0.114035,0.114035,0.40413,-0.002844,0.000366,0.318454,-0.816684,10.0,2.0,1.0,0.0,0.0,0.5,-0.866025,0.587785,-0.809017,35.463832,-0.00016,-0.001195,45.736341,-9.2e-05,-0.000309,49.15857,-6.6e-05,-2.8e-05,2.472555,-2.7e-05,,,,,,,,
73,2026-03-18 08:32:07.563951,USDCHF,SELL,0.78719,0.78752,0.7867,0.00033,82.77,rsi_reversal,EXECUTED,,,,55788728119.0,,-8.9e-05,0.000623,0.000915,0.00168,0.002585,0.002139,0.786173,0.001294,0.785704,0.001891,0.785264,0.002452,0.785663,0.001944,0.786994,0.000249,0.78626,0.785814,0.785625,0.001157,5.2e-05,-0.002198,0.000568,89.907849,82.77473,75.005182,0.000446,0.00025,0.000196,0.167967,0.258546,0.213874,0.000376,0.000478,0.000326,0.000414,0.000334,0.000424,0.003583,1.027789,0.023248,0.020858,0.4375,-1.0,0.1875,0.375,-1.0,0.872,0.872,0.910615,-0.000407,0.002769,0.273584,-0.84593,10.0,2.0,1.0,0.0,0.0,0.5,-0.866025,0.587785,-0.809017,85.383598,0.000185,0.000712,80.915261,0.000144,0.000292,78.396515,0.00012,6.4e-05,-2.608868,1e-05,,,,,,,,
74,2026-03-18 08:32:08.396621,USDCHF,SELL,0.78719,0.78752,0.7867,0.00033,82.77,bollinger_bounce,EXECUTED,,,,55788728220.0,,-8.9e-05,0.000623,0.000915,0.00168,0.002585,0.002139,0.786173,0.001294,0.785704,0.001891,0.785264,0.002452,0.785663,0.001944,0.786994,0.000249,0.78626,0.785814,0.785625,0.001157,5.2e-05,-0.002198,0.000568,89.907849,82.77473,75.005182,0.000446,0.00025,0.000196,0.167967,0.258546,0.213874,0.000376,0.000478,0.000326,0.000414,0.000334,0.000424,0.003583,1.027789,0.023248,0.020858,0.4375,-1.0,0.1875,0.375,-1.0,0.872,0.872,0.910615,-0.000407,0.002769,0.273584,-0.84593,10.0,2.0,1.0,0.0,0.0,0.5,-0.866025,0.587785,-0.809017,85.383598,0.000185,0.000712,80.915261,0.000144,0.000292,78.396515,0.00012,6.4e-05,-2.608868,1e-05,,,,,,,,
75,2026-03-18 08:47:04.136645,GBPUSD,BUY,1.3342100000000001,1.33356,1.33519,0.00065,34.06,bollinger_bounce,RISK_REJECTED,No money,,,,,-0.000255,-0.000165,-0.00113,-0.000741,-0.002415,-0.00122,1.335563,-0.001013,1.336097,-0.001412,1.335767,-0.001166,1.334942,-0.000548,1.332296,0.001437,1.335436,1.335726,1.335566,-0.000153,0.000866,0.002605,-0.000217,25.361077,34.059755,39.179561,-0.00029,1.2e-05,-0.000301,-0.074146,-0.241506,-0.122021,0.000743,0.000557,0.00065,0.000487,0.000624,0.000468,0.002764,-0.011033,0.031062,0.027366,0.829268,-1.0,0.04878,0.121951,-1.0,0.035821,0.035821,0.035821,-0.002421,9e-05,0.156141,-0.874534,10.0,2.0,1.0,0.0,0.0,0.5,-0.866025,0.587785,-0.809017,36.476766,-0.000275,9e-05,34.964226,-0.000246,-0.000966,45.865734,-0.000169,0.00018,-2.417011,-2.6e-05,,,,,,,,
76,2026-03-18 09:05:00.991168,USDJPY,BUY,158.985,158.8158,159.83102,0.1692,58.57,ml_filtered_sma,RISK_REJECTED,Unsupported filling mode,,,,,0.000226,0.00143,0.001512,0.001096,0.000478,0.000686,158.8869,0.000617,158.93365,0.000323,159.08246,-0.000613,159.18967,-0.001286,158.67541,0.001951,158.899668,158.969856,159.046399,-0.001229,-0.001608,0.002565,-0.000442,58.569889,50.505298,48.723479,-0.070188,-0.077937,0.007749,0.109564,0.047826,0.068607,0.162888,0.001025,0.169204,0.001064,0.178166,0.001121,0.002628,0.622948,0.052552,0.043782,0.555556,1.0,0.444444,0.0,4.0,0.730769,0.730769,0.449462,-0.000969,0.002629,0.093978,-0.913255,11.0,2.0,1.0,0.0,0.0,0.258819,-0.965926,0.587785,-0.809017,48.853992,-0.004617,0.001203,38.793684,-0.019133,8.2e-05,38.023217,-0.0201,0.000284,1.651306,0.012366,,,,,,,,
77,2026-03-18 09:47:03.240225,EURUSD,BUY,1.15372,1.15297,1.15497,0.00063,50.0,macd_crossover,EXECUTED,,,,55789593507.0,,-8.7e-05,0.000208,0.001033,0.00098,-2.6e-05,-0.000373,1.152953,0.000665,1.153644,6.6e-05,1.153671,4.3e-05,1.153202,0.000449,1.151083,0.002291,1.153347,1.153485,1.153455,-0.000622,0.000383,0.002248,-0.000119,56.76314,52.393215,51.653099,-0.000137,-0.000163,2.5e-05,0.09804,-0.0026,-0.037257,0.000687,0.000596,0.000625,0.000542,0.000593,0.000514,0.002915,0.522747,0.045472,0.034064,0.434783,-1.0,0.434783,0.130435,-1.0,0.902655,0.631579,0.631579,-0.001031,0.001768,0.200781,-0.850178,11.0,2.0,1.0,0.0,0.0,0.258819,-0.965926,0.587785,-0.809017,53.426041,-1.7e-05,0.000295,50.335062,-9.1e-05,0.000824,40.004279,-0.000165,-0.000616,-1.032826,4.3e-05,,,,,,,,
78,2026-03-18 10:02:03.455368,GBPUSD,BUY,1.3358400000000001,1.33502,1.3372,0.00068,50.0,macd_crossover,EXECUTED,,,,55789737063.0,,-9.7e-05,-7.5e-05,0.000412,0.000637,0.000479,-0.000696,1.335248,0.000443,1.335942,-7.6e-05,1.335789,3.8e-05,1.335124,0.000536,1.332581,0.002445,1.33557,1.335699,1.335578,-0.000405,0.000612,0.002407,-9.7e-05,54.822527,51.3099,51.193621,-0.000129,-0.00013,0.0,0.063671,0.047933,-0.069571,0.000717,0.000537,0.00068,0.000509,0.000649,0.000486,0.002825,0.473105,0.038667,0.032848,0.590909,-1.0,0.090909,0.318182,-1.0,0.866337,0.522388,0.522388,-0.001198,0.00131,0.11046,-0.880292,12.0,2.0,1.0,0.0,0.0,0.0,-1.0,0.587785,-0.809017,52.51139,-3.8e-05,2.2e-05,52.2719,-0.000106,0.000487,46.882482,-0.000202,0.000764,-1.20149,3.8e-05,,,,,,,,
79,2026-03-18 10:02:04.351189,NZDUSD,BUY,0.58624,0.58576,0.58703,0.0004,50.0,macd_crossover,EXECUTED,,,,55789737399.0,,-8.5e-05,-0.000119,0.000256,0.000188,0.000683,-0.000392,0.585912,0.00056,0.586223,2.9e-05,0.585993,0.000421,0.585665,0.000981,0.585015,0.002094,0.586086,0.586075,0.585963,-0.000139,0.000952,0.001672,2e-05,55.492432,52.692558,52.371166,1.2e-05,0.0,1.1e-05,0.018767,0.068278,-0.039218,0.00038,0.000649,0.000397,0.000677,0.000413,0.000704,0.003378,0.508584,0.041577,0.039028,0.5,-1.0,0.4,0.1,-2.0,0.880734,0.492308,0.59919,-0.001689,0.001638,0.100221,-0.86039,12.0,2.0,1.0,0.0,0.0,0.0,-1.0,0.587785,-0.809017,53.489447,-1e-06,-3.4e-05,53.791609,-2.5e-05,0.000375,50.962103,-6.3e-05,0.000837,-0.79689,1.2e-05,,,,,,,,
80,2026-03-18 10:05:00.570303,USDJPY,BUY,158.97,158.80228,159.8086,0.16772,57.17,ml_filtered_sma,RISK_REJECTED,Unsupported filling mode,,,,,0.000371,0.000132,0.001335,0.001701,-0.000604,0.000239,158.8699,0.00063,158.93185,0.00024,159.07342,-0.00065,159.1875,-0.001366,158.682485,0.001812,158.900855,158.964791,159.040615,-0.001279,-0.001606,0.002464,-0.000402,57.174033,50.034175,48.433389,-0.063936,-0.076081,0.012145,0.170132,-0.060352,0.02391,0.159884,0.001006,0.16772,0.001055,0.177221,0.001115,0.002622,0.591535,0.046835,0.043928,0.936508,1.0,0.031746,0.031746,1.0,0.775,0.704545,0.433333,-0.001063,0.002535,0.05518,-0.935263,12.0,2.0,1.0,0.0,0.0,0.0,-1.0,0.587785,-0.809017,47.192039,0.003027,-0.000239,48.853992,-0.004617,0.001203,38.793684,-0.019133,8.2e-05,2.842136,0.009119,,,,,,,,
81,2026-03-18 10:47:05.373256,XAUUSD,BUY,4979.43,4970.84456,4992.30817,8.58544,34.82,rsi_reversal,EXECUTED,,,,55790430988.0,,0.000307,-0.000604,-0.00187,-0.002736,-0.00195,-0.003642,4986.541,-0.001426,4995.1085,-0.003139,4996.9252,-0.003501,5001.5003,-0.004413,5005.48125,-0.005205,4987.627257,4992.156924,4995.903768,-0.002078,-0.001278,-0.001709,-0.000907,27.815092,34.817523,38.438986,-4.529667,-2.890938,-1.638728,-0.273578,-0.195023,-0.364173,9.359282,0.00188,8.585444,0.001724,8.196829,0.001646,0.008891,0.146968,0.057752,0.069923,0.389423,1.0,0.086538,0.524038,1.0,0.538043,0.337823,0.337823,-0.007404,0.003778,0.180911,-0.907262,12.0,2.0,1.0,0.0,0.0,0.0,-1.0,0.587785,-0.809017,32.568879,-1.576154,-0.000911,35.989851,-1.152623,-0.001267,41.644127,-0.812392,-0.000673,2.248643,-0.062574,,,,,,,,
82,2026-03-18 11:02:03.902087,GBPUSD,BUY,1.33576,1.33495,1.3371,0.00067,50.0,macd_crossover,EXECUTED,,,,55790702651.0,,0.00018,0.000315,0.000449,-0.000157,0.000907,-0.000927,1.335422,0.000253,1.335654,7.9e-05,1.335753,5e-06,1.335209,0.000413,1.332793,0.002226,1.33554,1.335645,1.335564,-0.000248,0.000334,0.002221,-7.8e-05,54.660054,51.125912,50.887728,-0.000104,-0.000128,2.4e-05,-0.015719,0.090667,-0.092745,0.000671,0.000502,0.000672,0.000503,0.000651,0.000487,0.002425,0.532726,0.032632,0.03426,0.8,1.0,0.1,0.1,3.0,0.747664,0.498507,0.498507,-0.001258,0.00125,0.099307,-0.891117,13.0,2.0,1.0,1.0,0.0,-0.258819,-0.965926,0.587785,-0.809017,48.832165,-1e-06,0.000135,47.103254,-1.4e-05,0.000135,45.389833,-1.3e-05,-0.000614,2.293747,2.5e-05,,,,,,,,
83,2026-03-18 11:02:04.709233,AUDUSD,SELL,0.71032,0.71106,0.70909,0.00049,41.44,sma_crossover,EXECUTED,,,,55790702829.0,,-4.2e-05,-0.000492,-0.00045,-0.001279,-2.8e-05,-0.002346,0.710758,-0.000616,0.711014,-0.000977,0.711024,-0.00099,0.710539,-0.000308,0.708519,0.002542,0.710753,0.710916,0.710843,-0.000374,0.000669,0.003535,-0.000228,34.864052,41.43767,44.697986,-0.000162,-8.2e-05,-8e-05,-0.127947,-0.002816,-0.234554,0.000449,0.000632,0.000493,0.000694,0.000528,0.000743,0.003214,0.196132,0.044336,0.039968,0.142857,-1.0,0.285714,0.571429,-2.0,0.114035,0.118421,0.165975,-0.00283,0.00038,0.133553,-0.854949,13.0,2.0,1.0,1.0,0.0,-0.258819,-0.965926,0.587785,-0.809017,41.770261,-6.9e-05,-0.00045,45.377733,-4.8e-05,4.2e-05,44.963953,-4.2e-05,-0.000591,-0.332592,-1.1e-05,,,,,,,,
84,2026-03-18 11:17:03.855031,XAUUSD,BUY,4971.16,4961.07449,4986.28827,10.08551,31.16,rsi_reversal,EXECUTED,,,,55791089303.0,,0.000193,0.000664,-0.001354,-0.003528,-0.003292,-0.007495,4982.225,-0.002221,4990.6995,-0.003915,4995.5964,-0.004892,5000.4831,-0.005864,5005.06845,-0.006775,4981.550758,4988.360863,4993.546125,-0.002677,-0.001957,-0.001892,-0.001365,25.036062,31.155863,35.2008,-6.810105,-4.337872,-2.472233,-0.352793,-0.329218,-0.749496,11.719501,0.002357,10.085514,0.002029,9.030808,0.001817,0.010497,0.127002,0.072017,0.061786,0.256,1.0,0.28,0.464,2.0,0.462233,0.317405,0.317405,-0.00908,0.004222,0.242814,-0.880185,13.0,2.0,1.0,1.0,0.0,-0.258819,-0.965926,0.587785,-0.809017,29.809033,-2.577132,0.000471,26.556992,-2.377099,-0.002017,32.568879,-1.576154,-0.000911,1.34683,0.104899,,,,,,,,
85,2026-03-18 11:17:04.568510,AUDUSD,SELL,0.71087,0.71162,0.70962,0.0005,49.03,sma_crossover,EXECUTED,,,,55791089450.0,,0.000225,0.000732,0.000281,-0.000267,7e-05,-0.001867,0.710802,9.6e-05,0.710967,-0.000137,0.711035,-0.000232,0.710564,0.000431,0.708563,0.003255,0.710822,0.710939,0.710858,-0.000328,0.000568,0.003488,-0.000165,51.050442,49.029286,49.574875,-0.000117,-8.4e-05,-3.3e-05,-0.026721,0.007034,-0.186745,0.000466,0.000655,0.0005,0.000703,0.000531,0.000747,0.002703,0.44926,0.043174,0.041221,0.615385,1.0,0.076923,0.307692,2.0,0.59292,0.383178,0.394191,-0.001857,0.001154,0.16466,-0.863753,13.0,2.0,1.0,1.0,0.0,-0.258819,-0.965926,0.587785,-0.809017,46.885978,-5.5e-05,0.000507,41.770261,-6.9e-05,-0.00045,45.377733,-4.8e-05,4.2e-05,2.143308,2.2e-05,,,,,,,,
86,2026-03-18 11:32:04.824136,GBPUSD,SELL,1.3354300000000001,1.33621,1.33151,0.00078,48.86,sma_crossover,EXECUTED,,,,55791439302.0,,0.000479,-0.000838,-6.7e-05,0.000202,0.000869,-0.001047,1.335597,-0.000125,1.335491,-4.6e-05,1.33574,-0.000232,1.335261,0.000126,1.332899,0.001899,1.335513,1.33562,1.335558,-0.000107,0.000172,0.002131,-8.1e-05,48.863737,48.618804,49.013466,-0.000108,-0.000113,5e-06,0.020222,0.086939,-0.104725,0.00101,0.000756,0.000859,0.000643,0.000751,0.000562,0.002055,0.477771,0.049984,0.043284,0.719101,1.0,0.067416,0.213483,1.0,0.409894,0.445183,0.4,-0.001251,0.001003,0.487172,-0.756916,13.0,2.0,1.0,1.0,0.0,-0.258819,-0.965926,0.587785,-0.809017,43.874843,6e-06,-0.001317,57.410375,7.4e-05,0.000771,48.832165,-1e-06,0.000135,4.743961,-1e-06,,,,,,,,
87,2026-03-18 11:32:05.786621,XAUUSD,BUY,4957.55,4945.74661,4975.25508,11.80339,30.34,rsi_reversal,EXECUTED,,,,55791439731.0,,0.001853,-0.002545,-0.002075,-0.004996,-0.005774,-0.010718,4977.068,-0.003922,4986.875,-0.00588,4994.3096,-0.00736,4999.6873,-0.008428,5004.7786,-0.009437,4974.89289,4984.516163,4991.276212,-0.003452,-0.002563,-0.002092,-0.001931,28.228641,30.338086,33.223193,-9.623273,-5.685705,-3.937567,-0.499554,-0.577377,-1.071786,14.678348,0.002961,11.803386,0.002381,9.957846,0.002009,0.013079,0.050381,0.137358,0.10004,0.765442,1.0,0.050083,0.184474,1.0,0.230318,0.165431,0.16227,-0.01158,0.002295,0.358802,-0.795614,13.0,2.0,1.0,1.0,0.0,-0.258819,-0.965926,0.587785,-0.809017,20.633927,-3.925999,-0.00439,29.809033,-2.577132,0.000471,26.556992,-2.377099,-0.002017,9.704159,-0.011568,,,,,,,,
88,2026-03-18 11:47:07.894783,XAUUSD,BUY,4937.04,4924.35834,4956.0625,12.68166,17.56,bollinger_bounce,EXECUTED,,,,55791858719.0,,-0.000427,-0.002292,-0.006672,-0.008208,-0.011085,-0.014443,4969.694,-0.006571,4982.3375,-0.009092,4992.6798,-0.011144,4998.7685,-0.012349,5004.39485,-0.013459,4966.674102,4979.737407,4988.45603,-0.004604,-0.003287,-0.002341,-0.002623,9.170625,17.564761,23.459228,-13.063305,-7.396074,-5.667231,-0.820828,-1.108489,-1.444288,15.86838,0.003214,12.681664,0.002569,10.482374,0.002123,0.016509,-0.050712,0.109307,0.092292,0.212702,-1.0,0.584677,0.202621,-3.0,0.037962,0.028792,0.028319,-0.015783,0.000468,0.302183,-0.849588,13.0,2.0,1.0,1.0,0.0,-0.258819,-0.965926,0.587785,-0.809017,18.096521,-5.111812,-0.001865,20.633927,-3.925999,-0.00439,29.809033,-2.577132,0.000471,-0.53176,-0.555418,,,,,,,,
89,2026-03-18 12:02:05.594879,XAUUSD,BUY,4923.11,4910.01794,4942.74808,13.09206,14.62,bollinger_bounce,NEWS_FILTERED,HIGH impact: Core PPI m/m (USD) in 28min,,,,,-0.00144,-0.003248,-0.005107,-0.009008,-0.014015,-0.01729,4962.013,-0.00784,4977.665,-0.01096,4990.96,-0.013595,4997.8908,-0.014962,5004.03255,-0.016171,4959.08282,4975.074334,4985.636101,-0.0058,-0.004047,-0.002612,-0.003214,6.843477,14.617805,20.442986,-15.991514,-9.202337,-6.789177,-0.90079,-1.401537,-1.729035,16.132081,0.003277,13.092056,0.002659,10.778846,0.002189,0.019353,-0.066309,0.101883,0.093227,0.775109,-1.0,0.093886,0.131004,-4.0,0.016384,0.013619,0.012713,-0.017653,0.000244,0.328113,-0.83209,14.0,2.0,1.0,1.0,0.0,-0.5,-0.866025,0.587785,-0.809017,16.039161,-6.103105,-0.00181,18.096521,-5.111812,-0.001865,20.633927,-3.925999,-0.00439,-1.421356,-0.686072,,,,,,,,
90,2026-03-18 12:17:04.852625,EURUSD,SELL,1.15306,1.15417,1.15121,0.00092,50.0,macd_crossover,NEWS_FILTERED,HIGH impact: Core PPI m/m (USD) in 13min,,,,,-0.000355,-0.001386,-0.001126,-0.001576,-0.000693,-0.000598,1.153945,-0.000767,1.153456,-0.000343,1.153678,-0.000536,1.153473,-0.000358,1.151542,0.001318,1.153761,1.153716,1.153614,0.000231,-1.5e-05,0.001855,3.9e-05,41.382785,45.423091,46.79405,4.5e-05,5.8e-05,-1.4e-05,-0.157592,-0.069333,-0.059805,0.001107,0.00096,0.000924,0.000801,0.000771,0.000669,0.002679,0.371842,0.059768,0.05176,0.727273,-1.0,0.127273,0.145455,-2.0,0.057471,0.359375,0.359375,-0.002133,0.001197,0.303507,-0.861728,14.0,2.0,1.0,1.0,0.0,-0.5,-0.866025,0.587785,-0.809017,47.980807,5.8e-05,-0.001031,56.565056,0.000124,0.00026,54.666408,9.8e-05,0.000997,-2.557716,-7.1e-05,,,,,,,,
91,2026-03-18 12:17:06.429996,USDJPY,BUY,159.159,159.06415,159.63326,0.09485,67.62,sma_crossover,EXECUTED,,,,55792804572.0,,0.000346,0.001157,0.000874,0.001479,0.001561,0.002065,159.0222,0.00086,158.96635,0.001212,158.91028,0.001565,158.94372,0.001354,159.06402,0.000597,159.017823,158.959965,158.939906,0.000704,0.000142,-0.000967,0.000364,67.622274,62.718449,59.754217,0.057858,0.039595,0.018263,0.147869,0.156062,0.206509,0.104352,0.000656,0.094852,0.000596,0.087787,0.000552,0.002406,1.00375,0.039385,0.035969,0.982143,1.0,0.017857,0.0,2.0,0.996169,0.997619,0.998314,-6e-06,0.002633,0.289906,-0.878359,14.0,2.0,1.0,1.0,0.0,-0.5,-0.866025,0.587785,-0.809017,60.146051,0.013083,0.000811,53.097832,0.008814,-0.000283,56.324415,0.01394,-0.000396,2.572398,0.00518,,,,,,,,
92,2026-03-18 12:17:07.221666,USDJPY,SELL,159.159,159.25385,159.01672,0.09485,62.72,bollinger_bounce,NEWS_FILTERED,HIGH impact: Core PPI m/m (USD) in 13min,,,,,0.000346,0.001157,0.000874,0.001479,0.001561,0.002065,159.0222,0.00086,158.96635,0.001212,158.91028,0.001565,158.94372,0.001354,159.06402,0.000597,159.017823,158.959965,158.939906,0.000704,0.000142,-0.000967,0.000364,67.622274,62.718449,59.754217,0.057858,0.039595,0.018263,0.147869,0.156062,0.206509,0.104352,0.000656,0.094852,0.000596,0.087787,0.000552,0.002406,1.00375,0.039385,0.035969,0.982143,1.0,0.017857,0.0,2.0,0.996169,0.997619,0.998314,-6e-06,0.002633,0.289906,-0.878359,14.0,2.0,1.0,1.0,0.0,-0.5,-0.866025,0.587785,-0.809017,60.146051,0.013083,0.000811,53.097832,0.008814,-0.000283,56.324415,0.01394,-0.000396,2.572398,0.00518,,,,,,,,
93,2026-03-18 12:17:09.045027,XAUUSD,BUY,4903.61,4889.52085,4924.74373,14.08915,11.71,bollinger_bounce,NEWS_FILTERED,HIGH impact: Core PPI m/m (USD) in 13min,,,,,-0.00098,-0.005395,-0.007196,-0.013398,-0.01773,-0.021089,4951.693,-0.00971,4971.6485,-0.013685,4988.6802,-0.017053,4996.7428,-0.018639,5003.49215,-0.019962,4948.636232,4968.773135,4981.865904,-0.007414,-0.005022,-0.00296,-0.004053,4.896281,11.712937,17.228778,-20.136903,-11.576747,-8.560156,-1.339785,-1.772994,-2.108899,17.509335,0.003571,14.089154,0.002873,11.382841,0.002321,0.023782,-0.075436,0.121023,0.110326,0.46117,-1.0,0.393097,0.145733,-5.0,0.01688,0.014132,0.013309,-0.021625,0.00031,0.336846,-0.835396,14.0,2.0,1.0,1.0,0.0,-0.5,-0.866025,0.587785,-0.809017,12.352885,-7.726659,-0.00442,16.039161,-6.103105,-0.00181,18.096521,-5.111812,-0.001865,-0.639948,-0.833498,,,,,,,,
94,2026-03-18 12:17:10.752225,AUDUSD,BUY,0.70798,0.70723,0.7091,0.00075,29.67,bollinger_bounce,EXECUTED,,,,55792806756.0,,-0.000931,-0.002817,-0.00262,-0.003841,-0.00457,-0.004751,0.709917,-0.002728,0.710387,-0.003388,0.710879,-0.004078,0.710571,-0.003646,0.708678,-0.000985,0.709793,0.710351,0.710542,-0.001353,-0.000258,0.003106,-0.000786,22.431427,29.669483,34.192574,-0.000558,-0.000291,-0.000267,-0.384123,-0.456955,-0.475146,0.000895,0.001264,0.000746,0.001053,0.000661,0.000933,0.005031,-0.173548,0.072205,0.063421,0.891892,-1.0,0.067568,0.040541,-2.0,0.009036,0.008499,0.006849,-0.004944,4.2e-05,0.374097,-0.847403,14.0,2.0,1.0,1.0,0.0,-0.5,-0.866025,0.587785,-0.809017,33.12031,-0.000194,-0.001887,42.422513,-0.000126,0.000197,40.809713,-0.000139,0.000761,-3.450827,-7.3e-05,,,,,,,,
95,2026-03-18 12:17:12.058052,USDCAD,SELL,1.36986,1.37074,1.36839,0.00059,52.0,sma_crossover,EXECUTED,,,,55792807351.0,,0.000175,0.000716,0.000497,0.000336,0.000504,-0.000737,1.369463,0.00029,1.369734,9.2e-05,1.369776,6.1e-05,1.369721,0.000101,1.36907,0.000577,1.369555,1.369695,1.369725,-0.000228,1e-05,0.000515,-0.000102,56.892923,51.995036,51.145143,-0.000139,-0.000135,-5e-06,0.033591,0.050395,-0.073676,0.000689,0.000503,0.00059,0.000431,0.000531,0.000387,0.001765,0.551897,0.023065,0.023273,0.533333,1.0,0.133333,0.333333,2.0,0.785185,0.42915,0.451362,-0.001029,0.000774,0.341368,-0.855882,14.0,2.0,1.0,1.0,0.0,-0.5,-0.866025,0.587785,-0.809017,49.178065,-4.8e-05,0.000541,38.915296,-8.7e-05,-0.000219,42.116956,-6.4e-05,-0.000358,2.816971,4.3e-05,,,,,,,,
96,2026-03-18 12:17:13.094167,NZDUSD,BUY,0.58389,0.58332,0.58474,0.00057,30.73,bollinger_bounce,EXECUTED,,,,55792807908.0,,-0.000821,-0.002545,-0.00229,-0.003686,-0.004094,-0.003499,0.585364,-0.002518,0.585618,-0.002951,0.585915,-0.003456,0.585773,-0.003214,0.585162,-0.002173,0.58524,0.585609,0.585734,-0.00094,-0.000264,0.001287,-0.000631,22.395613,30.733958,35.348371,-0.00037,-0.000167,-0.000203,-0.368569,-0.409354,-0.349865,0.000683,0.00117,0.000569,0.000975,0.000503,0.000861,0.004281,-0.189241,0.066309,0.057123,0.888889,-1.0,0.0,0.111111,-2.0,0.023529,0.023529,0.017647,-0.004265,0.000103,0.317197,-0.874836,14.0,2.0,1.0,1.0,0.0,-0.5,-0.866025,0.587785,-0.809017,34.115929,-0.000145,-0.001725,43.46001,-8.9e-05,0.000256,41.240577,-9.3e-05,0.000462,-3.381971,-5.7e-05,,,,,,,,
97,2026-03-18 12:32:04.163965,GBPUSD,BUY,1.33284,1.33177,1.33444,0.00107,35.19,bollinger_bounce,NEWS_FILTERED,HIGH impact: Core PPI m/m (USD) 2min ago,,,,,-0.000615,-0.001483,-0.00232,-0.001461,-0.00235,-0.001768,1.33504,-0.001648,1.335151,-0.001731,1.335625,-0.002085,1.335312,-0.001852,1.333068,-0.000171,1.334851,1.335267,1.335378,-0.000438,-0.000121,0.001918,-0.000311,27.948477,35.19206,38.428464,-0.000415,-0.000184,-0.000231,-0.14609,-0.235033,-0.176753,0.001302,0.000977,0.00107,0.000803,0.000879,0.00066,0.002668,-0.148811,0.055538,0.047957,0.66129,-1.0,0.048387,0.290323,-3.0,0.077922,0.077922,0.072581,-0.003196,0.00027,0.374163,-0.832006,14.0,2.0,1.0,1.0,0.0,-0.5,-0.866025,0.587785,-0.809017,38.772163,-0.000118,-0.000869,44.752533,-8e-06,-0.000838,51.93442,5.1e-05,0.00012,-3.580104,-0.000114,,,,,,,,
98,2026-03-18 12:32:04.627296,USDJPY,SELL,159.26,159.3599,159.11015,0.0999,66.94,bollinger_bounce,NEWS_FILTERED,HIGH impact: Core PPI m/m (USD) 2min ago,,,,,0.000647,0.00098,0.001793,0.001113,0.001919,0.00289,159.0525,0.001305,158.9892,0.001703,158.9192,0.002144,158.94626,0.001974,159.064065,0.001232,159.054821,158.982053,158.952383,0.000839,0.00027,-0.000911,0.000458,73.937075,66.943922,63.097536,0.072768,0.046204,0.026564,0.111263,0.191878,0.289041,0.11275,0.000708,0.099903,0.000627,0.090608,0.000569,0.002716,1.127218,0.041131,0.036716,0.768657,1.0,0.19403,0.037313,3.0,0.932817,0.952381,0.963839,-0.000163,0.003265,0.581234,-0.661727,14.0,2.0,1.0,1.0,0.0,-0.5,-0.866025,0.587785,-0.809017,62.630739,0.018135,0.000333,60.146051,0.013083,0.000811,53.097832,0.008814,-0.000283,4.313183,0.008429,,,,,,,,
99,2026-03-18 12:32:05.487741,XAUUSD,BUY,4893.89,4879.6188,4915.29681,14.2712,10.54,bollinger_bounce,NEWS_FILTERED,HIGH impact: Core PPI m/m (USD) 2min ago,,,,,-0.001524,-0.00296,-0.007367,-0.011012,-0.019017,-0.021607,4941.981,-0.009731,4966.132,-0.014547,4986.3146,-0.018536,4995.6669,-0.020373,5003.01405,-0.021812,4939.920836,4963.071916,4978.331093,-0.008891,-0.005912,-0.003338,-0.004665,4.151888,10.543865,15.887672,-23.15108,-13.920331,-9.230749,-1.101168,-1.901675,-2.160749,17.317389,0.003539,14.271204,0.002916,11.578951,0.002366,0.027051,-0.037755,0.115712,0.110583,0.704762,-1.0,0.019048,0.27619,-6.0,0.029017,0.026049,0.023143,-0.022156,0.000593,0.4585,-0.767281,14.0,2.0,1.0,1.0,0.0,-0.5,-0.866025,0.587785,-0.809017,11.435809,-8.703746,-0.001438,12.352885,-7.726659,-0.00442,16.039161,-6.103105,-0.00181,-0.891943,-0.527002,,,,,,,,
100,2026-03-18 12:32:07.174919,AUDUSD,BUY,0.7072,0.70642,0.70836,0.00078,26.26,bollinger_bounce,EXECUTED,,,,55793290312.0,,-0.000777,-0.002032,-0.003916,-0.002961,-0.005429,-0.005708,0.709508,-0.003253,0.710172,-0.004186,0.710796,-0.005059,0.710554,-0.00472,0.708692,-0.002105,0.709364,0.710102,0.710403,-0.001812,-0.000536,0.002969,-0.001039,18.396244,26.260518,31.214794,-0.000738,-0.000383,-0.000355,-0.296067,-0.542852,-0.570818,0.000929,0.001313,0.000775,0.001097,0.000679,0.00096,0.006435,-0.150449,0.074011,0.065376,0.705128,-1.0,0.025641,0.269231,-3.0,0.050971,0.046771,0.039326,-0.006052,0.000297,0.472425,-0.788622,14.0,2.0,1.0,1.0,0.0,-0.5,-0.866025,0.587785,-0.809017,28.629961,-0.000282,-0.001256,33.12031,-0.000194,-0.001887,42.422513,-0.000126,0.000197,-2.369443,-7.3e-05,,,,,,,,
101,2026-03-18 12:32:07.914187,USDCAD,BUY,1.37019,1.36946,1.37141,0.00061,50.0,macd_crossover,EXECUTED,,,,55793290530.0,,0.000394,0.000416,0.000957,0.00038,0.000869,-0.00062,1.369561,0.000459,1.369681,0.000371,1.369797,0.000287,1.369724,0.00034,1.369073,0.000816,1.369626,1.369717,1.369735,-0.000172,-3.1e-05,0.000529,-6.7e-05,63.160834,55.788686,53.873604,-9.1e-05,-0.000129,3.7e-05,0.037965,0.086925,-0.061997,0.000716,0.000523,0.000612,0.000446,0.000544,0.000397,0.001554,0.738837,0.023918,0.024065,0.75,1.0,0.152778,0.097222,3.0,0.926667,0.562753,0.579767,-0.000788,0.001014,0.363123,-0.823786,14.0,2.0,1.0,1.0,0.0,-0.5,-0.866025,0.587785,-0.809017,49.548135,-1.8e-05,2.2e-05,49.178065,-4.8e-05,0.000541,38.915296,-8.7e-05,-0.000219,6.240551,5.5e-05,,,,,,,,
102,2026-03-18 12:32:09.122299,NZDUSD,BUY,0.58325,0.58266,0.58414,0.00059,26.99,bollinger_bounce,EXECUTED,,,,55793291181.0,,-0.000685,-0.001917,-0.003639,-0.002923,-0.005134,-0.004421,0.585039,-0.003058,0.585477,-0.003803,0.585852,-0.004442,0.585757,-0.00428,0.58516,-0.003265,0.584902,0.585418,0.585627,-0.001388,-0.000479,0.001182,-0.000881,18.065033,26.994416,32.118347,-0.000516,-0.00024,-0.000276,-0.292328,-0.513424,-0.4421,0.000712,0.001221,0.000594,0.001018,0.000518,0.000888,0.005761,-0.160131,0.068034,0.059624,0.701754,-1.0,0.052632,0.245614,-3.0,0.044164,0.042813,0.033981,-0.005366,0.00024,0.561737,-0.708367,14.0,2.0,1.0,1.0,0.0,-0.5,-0.866025,0.587785,-0.809017,29.282544,-0.000218,-0.001232,34.115929,-0.000145,-0.001725,43.46001,-8.9e-05,0.000256,-2.288128,-5.8e-05,,,,,,,,
103,2026-03-18 12:32:09.986813,USDCHF,BUY,0.78674,0.78605,0.78788,0.00057,50.0,macd_crossover,EXECUTED,,,,55793291527.0,,0.000343,0.000432,0.001387,0.000471,0.001209,0.000407,0.786161,0.000736,0.786349,0.000497,0.785766,0.00124,0.785555,0.001508,0.786692,6.1e-05,0.786242,0.786096,0.785901,0.000503,0.001011,-0.001177,0.000186,62.061981,57.851315,56.84296,0.000146,0.000145,1e-06,0.047052,0.120897,0.040691,0.000664,0.000844,0.000572,0.000727,0.000486,0.000617,0.002286,0.717261,0.042809,0.046311,0.428571,1.0,0.555556,0.015873,3.0,0.790419,0.631579,0.734483,-0.000979,0.001678,0.523392,-0.746926,14.0,2.0,1.0,1.0,0.0,-0.5,-0.866025,0.587785,-0.809017,55.156998,-3.8e-05,8.9e-05,54.456116,-7.1e-05,0.000955,46.070051,-0.000113,-0.00014,2.694317,3.9e-05,,,,,,,,
104,2026-03-18 12:47:04.153944,GBPUSD,BUY,1.33221,1.33116,1.33378,0.00105,32.84,bollinger_bounce,NEWS_FILTERED,HIGH impact: Core PPI m/m (USD) 17min ago,,,,,-5.3e-05,-0.001087,-0.001955,-0.002673,-0.002209,-0.002449,1.334689,-0.001857,1.33496,-0.00206,1.335547,-0.002498,1.335312,-0.002323,1.333091,-0.000661,1.334372,1.335002,1.335233,-0.000642,-0.000264,0.001842,-0.000472,25.005891,32.842257,36.432568,-0.00063,-0.00028,-0.00035,-0.26726,-0.220947,-0.244856,0.001224,0.000919,0.00105,0.000788,0.000876,0.000658,0.00349,-0.090154,0.057809,0.049614,0.189189,-1.0,0.702703,0.108108,-4.0,0.035503,0.035503,0.033272,-0.003671,0.000135,0.324427,-0.841315,14.0,2.0,1.0,1.0,0.0,-0.5,-0.866025,0.587785,-0.809017,33.10451,-0.000267,-0.001035,38.772163,-0.000118,-0.000869,44.752533,-8e-06,-0.000838,-0.262253,-8.2e-05,,,,,,,,
105,2026-03-18 12:47:04.601471,USDJPY,SELL,159.363,159.4643,159.21105,0.1013,70.23,rsi_reversal,NEWS_FILTERED,HIGH impact: Core PPI m/m (USD) 17min ago,,,,,-1.9e-05,0.001294,0.001628,0.002157,0.002245,0.003811,159.0988,0.001661,159.02475,0.002127,158.92994,0.002725,158.94995,0.002599,159.065295,0.001872,159.116032,159.017542,158.97248,0.001062,0.000471,-0.000851,0.000619,77.918964,70.226271,65.8974,0.09849,0.058014,0.040476,0.215696,0.22452,0.381083,0.112786,0.000708,0.101303,0.000636,0.091756,0.000576,0.003419,1.122159,0.04908,0.040529,0.085714,-1.0,0.457143,0.457143,-1.0,0.960663,0.969551,0.976687,-0.000119,0.003796,0.270003,-0.895858,14.0,2.0,1.0,1.0,0.0,-0.5,-0.866025,0.587785,-0.809017,70.453522,0.033328,0.001313,62.630739,0.018135,0.000333,60.146051,0.013083,0.000811,-0.227251,0.007148,,,,,,,,
106,2026-03-18 12:47:05.652523,USDJPY,SELL,159.363,159.4643,159.21105,0.1013,70.23,bollinger_bounce,NEWS_FILTERED,HIGH impact: Core PPI m/m (USD) 17min ago,,,,,-1.9e-05,0.001294,0.001628,0.002157,0.002245,0.003811,159.0988,0.001661,159.02475,0.002127,158.92994,0.002725,158.94995,0.002599,159.065295,0.001872,159.116032,159.017542,158.97248,0.001062,0.000471,-0.000851,0.000619,77.918964,70.226271,65.8974,0.09849,0.058014,0.040476,0.215696,0.22452,0.381083,0.112786,0.000708,0.101303,0.000636,0.091756,0.000576,0.003419,1.122159,0.04908,0.040529,0.085714,-1.0,0.457143,0.457143,-1.0,0.960663,0.969551,0.976687,-0.000119,0.003796,0.270003,-0.895858,14.0,2.0,1.0,1.0,0.0,-0.5,-0.866025,0.587785,-0.809017,70.453522,0.033328,0.001313,62.630739,0.018135,0.000333,60.146051,0.013083,0.000811,-0.227251,0.007148,,,,,,,,
107,2026-03-18 12:47:06.329610,XAUUSD,BUY,4873.57,4858.74761,4895.80359,14.82239,8.67,bollinger_bounce,NEWS_FILTERED,HIGH impact: Core PPI m/m (USD) 17min ago,,,,,-0.000982,-0.00567,-0.0071,-0.013278,-0.021851,-0.024304,4929.541,-0.011354,4959.2855,-0.017284,4983.4196,-0.022043,4994.2448,-0.024163,5002.34865,-0.025744,4927.691358,4955.376986,4973.637679,-0.010812,-0.007,-0.003784,-0.005587,3.0947,8.670856,13.620155,-27.685628,-16.871608,-10.81402,-1.327759,-2.185074,-2.430445,17.811435,0.003655,14.822393,0.003041,11.972343,0.002457,0.032429,-0.03297,0.134933,0.127089,0.76886,-1.0,0.197432,0.033708,-7.0,0.001841,0.001701,0.001469,-0.025287,4.3e-05,0.260075,-0.881657,14.0,2.0,1.0,1.0,0.0,-0.5,-0.866025,0.587785,-0.809017,9.072711,-10.221837,-0.004693,11.435809,-8.703746,-0.001438,12.352885,-7.726659,-0.00442,-0.401855,-0.592183,,,,,,,,
108,2026-03-18 12:47:07.085125,AUDUSD,BUY,0.7064,0.70558,0.70763,0.00082,23.36,bollinger_bounce,EXECUTED,,,,55793830392.0,,-0.000439,-0.001907,-0.003161,-0.004846,-0.005966,-0.006805,0.709035,-0.003716,0.709906,-0.004939,0.7107,-0.00605,0.710533,-0.005817,0.708696,-0.00324,0.708844,0.709794,0.710227,-0.002343,-0.000883,0.002828,-0.001338,15.265884,23.364119,28.575848,-0.00095,-0.000503,-0.000447,-0.484616,-0.596645,-0.680502,0.00099,0.001401,0.000821,0.001163,0.000707,0.001,0.008137,-0.106939,0.07748,0.067897,0.492063,-1.0,0.349206,0.15873,-4.0,0.021277,0.019881,0.016584,-0.006979,0.000142,0.495433,-0.814058,14.0,2.0,1.0,1.0,0.0,-0.5,-0.866025,0.587785,-0.809017,24.457225,-0.000386,-0.001469,28.629961,-0.000282,-0.001256,33.12031,-0.000194,-0.001887,-1.093107,-6.1e-05,,,,,,,,
109,2026-03-18 12:47:08.382821,NZDUSD,BUY,0.58291,0.5823,0.58382,0.00061,25.27,bollinger_bounce,EXECUTED,,,,55793830936.0,,-0.000206,-0.001268,-0.002498,-0.003964,-0.004984,-0.004815,0.584725,-0.003104,0.585324,-0.004125,0.58579,-0.004916,0.585745,-0.00484,0.585154,-0.003835,0.584567,0.585217,0.585512,-0.001817,-0.000718,0.001086,-0.001111,16.202901,25.270419,30.5802,-0.00065,-0.000325,-0.000325,-0.396425,-0.498438,-0.48145,0.000717,0.00123,0.000607,0.001041,0.000528,0.000905,0.007115,-0.079745,0.069577,0.0609,0.333333,-1.0,0.5,0.166667,-4.0,0.017595,0.016997,0.013699,-0.005953,0.000103,0.396446,-0.861509,14.0,2.0,1.0,1.0,0.0,-0.5,-0.866025,0.587785,-0.809017,25.882086,-0.00029,-0.001062,29.282544,-0.000218,-0.001232,34.115929,-0.000145,-0.001725,-0.611667,-3.5e-05,,,,,,,,
110,2026-03-18 13:02:05.462002,EURUSD,BUY,1.15043,1.14943,1.15193,0.001,32.93,bollinger_bounce,EXECUTED,,,,55794355822.0,,-0.000252,-0.001042,-0.001848,-0.003663,-0.003059,-0.002073,1.15299,-0.00222,1.153164,-0.002371,1.153494,-0.002656,1.153454,-0.002621,1.151594,-0.001011,1.152571,1.153105,1.153291,-0.000437,-0.000251,0.00165,-0.000463,24.396867,32.926337,36.479629,-0.000534,-0.000159,-0.000375,-0.366342,-0.305903,-0.207318,0.00116,0.001009,0.001,0.000869,0.000829,0.000721,0.004251,-0.057779,0.062691,0.053923,0.563636,-1.0,0.218182,0.218182,-5.0,0.023033,0.023033,0.023033,-0.004424,0.000104,0.448175,-0.785197,15.0,2.0,1.0,1.0,0.0,-0.707107,-0.707107,0.587785,-0.809017,34.090054,-0.000294,-0.00079,38.003771,-0.000168,-0.000807,42.650444,-4.6e-05,-0.000789,-1.163717,-8.1e-05,,,,,,,,
111,2026-03-18 13:02:06.388995,GBPUSD,BUY,1.33107,1.32999,1.33269,0.00108,29.01,bollinger_bounce,EXECUTED,,,,55794356231.0,,-0.000278,-0.000908,-0.001942,-0.003645,-0.003198,-0.003481,1.334185,-0.002335,1.334688,-0.002711,1.335446,-0.003277,1.335282,-0.003154,1.333107,-0.001528,1.333764,1.334658,1.335041,-0.000945,-0.000444,0.001755,-0.00067,20.329428,29.006552,33.128664,-0.000894,-0.000413,-0.000481,-0.364537,-0.319769,-0.348127,0.001249,0.000938,0.001079,0.000811,0.000899,0.000675,0.004544,-0.096602,0.057331,0.050037,0.637931,-1.0,0.344828,0.017241,-5.0,0.001656,0.001656,0.001567,-0.00453,8e-06,0.430428,-0.813638,15.0,2.0,1.0,1.0,0.0,-0.707107,-0.707107,0.587785,-0.809017,30.209733,-0.000399,-0.00063,33.10451,-0.000267,-0.001035,38.772163,-0.000118,-0.000869,-1.203181,-8.2e-05,,,,,,,,
112,2026-03-18 13:02:07.347180,USDJPY,SELL,159.491,159.59552,159.33423,0.10452,74.05,bollinger_bounce,EXECUTED,,,,55794356743.0,,0.000289,0.000784,0.002099,0.003246,0.003189,0.003909,159.1577,0.002094,159.0599,0.00271,158.94072,0.003462,158.95577,0.003367,159.067035,0.002665,159.184394,159.058237,158.995903,0.001365,0.000655,-0.000794,0.000793,82.649616,74.051297,69.169299,0.126157,0.072689,0.053468,0.324579,0.3189,0.390886,0.116613,0.000731,0.104516,0.000655,0.093823,0.000588,0.004401,1.115829,0.047679,0.039709,0.779661,1.0,0.033898,0.186441,5.0,0.996633,0.996845,0.99784,-1.3e-05,0.003963,0.420586,-0.797918,15.0,2.0,1.0,1.0,0.0,-0.707107,-0.707107,0.587785,-0.809017,72.7736,0.045709,0.000496,70.453522,0.033328,0.001313,62.630739,0.018135,0.000333,1.277697,0.007759,,,,,,,,
113,2026-03-18 13:02:08.383209,XAUUSD,BUY,4858.74,4841.9688,4883.8968,16.7712,9.56,bollinger_bounce,EXECUTED,,,,55794357352.0,,-0.004665,-0.004022,-0.008696,-0.014496,-0.023938,-0.026901,4918.419,-0.012134,4952.9665,-0.019024,4980.6696,-0.024481,4992.8631,-0.026863,5001.75555,-0.028593,4918.117066,4948.763273,4969.431049,-0.012498,-0.007991,-0.004216,-0.006193,5.572079,9.560738,13.693524,-30.646206,-19.525185,-11.121021,-1.449634,-2.393781,-2.690134,21.132863,0.004349,16.771202,0.003452,13.067183,0.002689,0.03592,-0.02963,0.159052,0.143767,0.798107,-1.0,0.0,0.201893,-1.0,0.045251,0.040359,0.035268,-0.028188,0.001185,0.454233,-0.734532,15.0,2.0,1.0,1.0,0.0,-0.707107,-0.707107,0.587785,-0.809017,11.762002,-10.307308,0.000646,9.072711,-10.221837,-0.004693,11.435809,-8.703746,-0.001438,-2.201265,-0.813713,,,,,,,,
114,2026-03-18 13:02:09.419085,AUDUSD,BUY,0.7054,0.70456,0.70666,0.00084,20.35,bollinger_bounce,EXECUTED,,,,55794358206.0,,-0.000524,-0.001854,-0.00332,-0.006451,-0.007416,-0.007904,0.708445,-0.004298,0.709594,-0.00591,0.710582,-0.007293,0.710489,-0.007162,0.708694,-0.004648,0.708232,0.709425,0.710014,-0.003008,-0.00126,0.002664,-0.001682,12.237432,20.347062,25.723949,-0.001193,-0.000649,-0.000544,-0.645089,-0.741554,-0.790414,0.000999,0.001416,0.000841,0.001192,0.000721,0.001022,0.010146,-0.082481,0.07702,0.070067,0.637931,-1.0,0.293103,0.068966,-5.0,0.007092,0.0067,0.005739,-0.008407,5.7e-05,0.475575,-0.820019,15.0,2.0,1.0,1.0,0.0,-0.707107,-0.707107,0.587785,-0.809017,21.418641,-0.000487,-0.00133,24.457225,-0.000386,-0.001469,28.629961,-0.000282,-0.001256,-1.071579,-5.7e-05,,,,,,,,
115,2026-03-18 13:02:10.116712,USDCAD,SELL,1.37127,1.37191,1.37031,0.00064,65.19,bollinger_bounce,EXECUTED,,,,55794358788.0,,0.000336,0.000576,0.001183,0.001746,0.001044,0.000774,1.369873,0.00102,1.369741,0.001117,1.369866,0.001025,1.369746,0.001113,1.369097,0.001587,1.370065,1.369925,1.369846,5e-06,-4e-06,0.000561,0.000102,75.851345,65.1889,61.168348,0.000139,-4.7e-05,0.000186,0.174595,0.104392,0.07736,0.000737,0.000537,0.00064,0.000467,0.000564,0.000411,0.001838,1.107646,0.026078,0.024421,0.821429,1.0,0.0,0.178571,5.0,1.0,1.0,1.0,0.0,0.001801,0.378225,-0.842386,15.0,2.0,1.0,1.0,0.0,-0.707107,-0.707107,0.587785,-0.809017,61.48279,0.000121,0.000241,58.54261,5.6e-05,0.000606,49.548135,-1.8e-05,2.2e-05,3.70611,6.5e-05,,,,,,,,
116,2026-03-18 13:02:10.918431,NZDUSD,BUY,0.58198,0.58134,0.58294,0.00064,21.32,bollinger_bounce,EXECUTED,,,,55794359142.0,,-0.000258,-0.001801,-0.002861,-0.005808,-0.006691,-0.006165,0.584255,-0.003894,0.585105,-0.005341,0.585702,-0.006354,0.585709,-0.006366,0.58514,-0.005401,0.584068,0.584924,0.585344,-0.00247,-0.001031,0.00096,-0.001464,12.284034,21.317568,26.91332,-0.000856,-0.000441,-0.000415,-0.580819,-0.669056,-0.616472,0.000763,0.001311,0.000642,0.001103,0.000549,0.000943,0.009295,-0.074598,0.071418,0.064957,0.405405,-1.0,0.459459,0.135135,-5.0,0.011547,0.011236,0.009434,-0.00756,8.6e-05,0.532357,-0.800913,15.0,2.0,1.0,1.0,0.0,-0.707107,-0.707107,0.587785,-0.809017,21.905447,-0.000375,-0.001544,25.882086,-0.00029,-0.001062,29.282544,-0.000218,-0.001232,-0.587879,-4e-05,,,,,,,,
117,2026-03-18 13:02:11.397320,USDCHF,SELL,0.78835,0.78896,0.78744,0.00061,69.61,bollinger_bounce,RISK_REJECTED,No money,,,,,0.000254,0.001843,0.00239,0.003437,0.002594,0.002097,0.786574,0.002258,0.786524,0.002322,0.785898,0.00312,0.785579,0.003527,0.786694,0.002105,0.786832,0.786414,0.786088,0.00086,0.001203,-0.001012,0.000532,78.578298,69.60685,66.278233,0.000418,0.000226,0.000193,0.343664,0.25944,0.209737,0.000706,0.000896,0.00061,0.000774,0.000512,0.000649,0.003778,1.114537,0.055942,0.05413,0.558824,1.0,0.205882,0.235294,5.0,0.976667,0.976667,0.980337,-8.9e-05,0.003717,0.385057,-0.816438,15.0,2.0,1.0,1.0,0.0,-0.707107,-0.707107,0.587785,-0.809017,68.431871,0.00012,0.001589,59.300421,1.1e-05,0.000547,55.156998,-3.8e-05,8.9e-05,1.174979,7.3e-05,,,,,,,,
118,2026-03-18 13:17:06.235829,EURUSD,BUY,1.14912,1.14808,1.15068,0.00104,28.44,bollinger_bounce,EXECUTED,,,,55794868691.0,,-0.000348,-0.00139,-0.00218,-0.003771,-0.004212,-0.002535,1.152413,-0.002857,1.152973,-0.003342,1.153393,-0.003705,1.153423,-0.003731,1.151598,-0.002152,1.151922,1.152748,1.153093,-0.00085,-0.00039,0.001559,-0.000716,19.161483,28.438095,32.555489,-0.000826,-0.000304,-0.000522,-0.377123,-0.421151,-0.253463,0.001207,0.00105,0.00104,0.000905,0.000856,0.000745,0.005555,-0.101626,0.064297,0.055611,0.645161,-1.0,0.33871,0.016129,-6.0,0.00156,0.00156,0.00156,-0.005569,9e-06,0.260317,-0.8872,15.0,2.0,1.0,1.0,0.0,-0.707107,-0.707107,0.587785,-0.809017,29.74058,-0.000433,-0.001043,34.090054,-0.000294,-0.00079,38.003771,-0.000168,-0.000807,-1.302486,-8.9e-05,,,,,,,,
119,2026-03-18 13:17:06.975007,GBPUSD,BUY,1.33048,1.32938,1.33213,0.0011,27.22,bollinger_bounce,EXECUTED,,,,55794869253.0,,-0.000188,-0.000721,-0.001351,-0.003251,-0.003774,-0.00296,1.333647,-0.002375,1.334474,-0.002993,1.335346,-0.003644,1.335259,-0.003579,1.333124,-0.001983,1.333214,1.334325,1.334849,-0.001273,-0.000588,0.001667,-0.000832,18.23774,27.221401,31.565514,-0.001111,-0.000557,-0.000554,-0.325137,-0.377381,-0.296007,0.001255,0.000943,0.001099,0.000826,0.000916,0.000688,0.005457,-0.048413,0.056271,0.048349,0.423729,-1.0,0.40678,0.169492,-6.0,0.014881,0.014881,0.014164,-0.004976,7.5e-05,0.247591,-0.881274,15.0,2.0,1.0,1.0,0.0,-0.707107,-0.707107,0.587785,-0.809017,27.982441,-0.000503,-0.000533,30.209733,-0.000399,-0.00063,33.10451,-0.000267,-0.001035,-0.761039,-5.1e-05,,,,,,,,
120,2026-03-18 13:17:07.797754,USDJPY,SELL,159.573,159.67866,159.41451,0.10566,76.07,bollinger_bounce,EXECUTED,,,,55794869608.0,,6.3e-05,0.000803,0.001299,0.002948,0.003528,0.003983,159.221,0.002211,159.09515,0.003004,158.9523,0.003905,158.96181,0.003845,159.069025,0.003168,159.253552,159.101306,159.021247,0.00169,0.000839,-0.000734,0.000957,84.859801,76.071796,70.981327,0.152247,0.08952,0.062727,0.294776,0.352804,0.398263,0.116239,0.000728,0.105658,0.000662,0.094892,0.000595,0.00539,1.057241,0.04914,0.04068,0.277778,1.0,0.055556,0.666667,6.0,0.983942,0.984012,0.989184,-6.9e-05,0.004243,0.308287,-0.859598,15.0,2.0,1.0,1.0,0.0,-0.707107,-0.707107,0.587785,-0.809017,75.826895,0.058063,0.00074,72.7736,0.045709,0.000496,70.453522,0.033328,0.001313,0.244901,0.004664,,,,,,,,
121,2026-03-18 13:17:09.000188,XAUUSD,BUY,4844.97,4827.84276,4870.66086,17.12724,8.52,bollinger_bounce,EXECUTED,,,,55794870224.0,,-0.002805,-0.007485,-0.006845,-0.012927,-0.024737,-0.028901,4906.116,-0.012463,4945.75,-0.020377,4977.4808,-0.026622,4991.2417,-0.029306,5001.0347,-0.031206,4906.845447,4941.06528,4964.544949,-0.014338,-0.009114,-0.00471,-0.006926,4.663135,8.52271,12.503697,-34.219833,-22.465902,-11.753931,-1.292677,-2.473701,-2.890066,21.186944,0.004373,17.127239,0.003535,13.38185,0.002762,0.040193,-0.006979,0.159162,0.14567,0.733584,-1.0,0.0,0.266416,-2.0,0.036954,0.031821,0.02808,-0.031086,0.001022,0.35374,-0.827788,15.0,2.0,1.0,1.0,0.0,-0.707107,-0.707107,0.587785,-0.809017,9.549749,-11.129955,-0.004693,11.762002,-10.307308,0.000646,9.072711,-10.221837,-0.004693,-1.027039,-0.623976,,,,,,,,
122,2026-03-18 13:17:09.416620,AUDUSD,BUY,0.70459,0.70374,0.70587,0.00085,18.25,bollinger_bounce,RISK_REJECTED,No money,,,,,-0.000737,-0.001672,-0.003,-0.005715,-0.008109,-0.007857,0.70784,-0.004591,0.7093,-0.00664,0.710456,-0.008256,0.710442,-0.008237,0.708691,-0.005786,0.707634,0.709047,0.70979,-0.003682,-0.001607,0.00249,-0.001993,10.23647,18.249562,23.686571,-0.001413,-0.000806,-0.000608,-0.571517,-0.810868,-0.785727,0.000994,0.001411,0.000852,0.001209,0.000731,0.001038,0.012071,-0.050129,0.07638,0.0695,0.8,-1.0,0.092308,0.107692,-6.0,0.010802,0.010279,0.008963,-0.009566,9.9e-05,0.250397,-0.893959,15.0,2.0,1.0,1.0,0.0,-0.707107,-0.707107,0.587785,-0.809017,19.579301,-0.000563,-0.000935,21.418641,-0.000487,-0.00133,24.457225,-0.000386,-0.001469,-1.32974,-4.5e-05,,,,,,,,
123,2026-03-18 13:17:09.989442,USDCAD,SELL,1.3719299999999999,1.3726,1.37092,0.00067,69.6,bollinger_bounce,NEWS_FILTERED,HIGH impact: BOC Rate Statement (CAD) in 28min,,,,,0.000314,0.000817,0.001058,0.001687,0.001577,0.001043,1.370112,0.001327,1.369824,0.001538,1.369923,0.001465,1.369759,0.001585,1.369116,0.002055,1.370382,1.37009,1.369936,0.000138,4.7e-05,0.000589,0.000213,80.890072,69.596575,64.823187,0.000292,2.4e-05,0.000268,0.16866,0.157691,0.104341,0.000777,0.000566,0.00067,0.000489,0.000582,0.000425,0.002355,1.152948,0.027298,0.025503,0.811321,1.0,0.0,0.188679,6.0,1.0,1.0,1.0,0.0,0.002281,0.252836,-0.884422,15.0,2.0,1.0,1.0,0.0,-0.707107,-0.707107,0.587785,-0.809017,66.786781,0.000201,0.000503,61.48279,0.000121,0.000241,58.54261,5.6e-05,0.000606,2.809794,6.7e-05,,,,,,,,
124,2026-03-18 13:17:10.460678,NZDUSD,BUY,0.58129,0.58063,0.58227,0.00066,18.9,bollinger_bounce,RISK_REJECTED,No money,,,,,-0.000533,-0.001443,-0.002984,-0.005271,-0.007648,-0.007038,0.583769,-0.004247,0.58488,-0.006138,0.585604,-0.007367,0.585673,-0.007483,0.585125,-0.006554,0.583591,0.584629,0.585171,-0.003134,-0.001353,0.000818,-0.001775,10.07599,18.903293,24.584026,-0.001038,-0.000565,-0.000473,-0.527063,-0.764805,-0.70378,0.000769,0.001323,0.000656,0.001128,0.00056,0.000963,0.011215,-0.047311,0.069566,0.06586,0.72093,-1.0,0.232558,0.046512,-6.0,0.004008,0.003914,0.003356,-0.008756,3.4e-05,0.280143,-0.892334,15.0,2.0,1.0,1.0,0.0,-0.707107,-0.707107,0.587785,-0.809017,19.960506,-0.00044,-0.00091,21.905447,-0.000375,-0.001544,25.882086,-0.00029,-0.001062,-1.057213,-3.3e-05,,,,,,,,
125,2026-03-18 13:17:11.039253,USDCHF,SELL,0.78927,0.78993,0.78828,0.00066,74.08,bollinger_bounce,RISK_REJECTED,No money,,,,,0.000127,0.001421,0.003012,0.00365,0.004237,0.002553,0.786989,0.002898,0.786666,0.003311,0.785996,0.004165,0.785606,0.004664,0.786704,0.003261,0.787314,0.786682,0.786244,0.001263,0.001349,-0.0009,0.000804,83.439998,74.081554,70.202399,0.000632,0.000317,0.000315,0.364954,0.423696,0.255316,0.00078,0.000989,0.000659,0.000834,0.000541,0.000686,0.005314,1.123068,0.057642,0.057033,0.243902,1.0,0.292683,0.463415,6.0,0.969773,0.969773,0.97351,-0.000152,0.004878,0.255873,-0.880282,15.0,2.0,1.0,1.0,0.0,-0.707107,-0.707107,0.587785,-0.809017,73.630877,0.000245,0.001294,68.431871,0.00012,0.001589,59.300421,1.1e-05,0.000547,0.450677,7e-05,,,,,,,,
126,2026-03-18 13:32:03.793005,USDCAD,SELL,1.37183,1.3725,1.37083,0.00067,68.93,bollinger_bounce,NEWS_FILTERED,HIGH impact: BOC Rate Statement (CAD) in 13min,,,,,0.000262,0.000241,0.000744,0.001592,0.001774,0.001263,1.370309,0.00111,1.369887,0.001418,1.369971,0.001357,1.369767,0.001506,1.369134,0.001969,1.370545,1.370187,1.369993,0.000247,8.8e-05,0.000612,0.000261,80.02487,68.931121,64.274174,0.000358,8.5e-05,0.000273,0.159165,0.17745,0.126268,0.000757,0.000552,0.000669,0.000487,0.000585,0.000426,0.002551,1.056001,0.025146,0.024618,0.72,1.0,0.16,0.12,1.0,0.955836,0.955836,0.955836,-0.000102,0.002209,0.343717,-0.783284,15.0,2.0,1.0,1.0,0.0,-0.707107,-0.707107,0.587785,-0.809017,66.358918,0.000239,-2.2e-05,66.786781,0.000201,0.000503,61.48279,0.000121,0.000241,2.572202,3.4e-05,,,,,,,,
127,2026-03-18 13:47:03.753787,USDJPY,SELL,159.485,159.58971,159.32793,0.10471,68.99,rsi_reversal,EXECUTED,,,,55795687261.0,,-0.000169,6e-06,-0.000489,0.000747,0.002527,0.003372,159.3111,0.001092,159.1444,0.00214,158.96872,0.003248,158.9706,0.003236,159.07224,0.002595,159.313,159.152244,159.054702,0.002154,0.001093,-0.000651,0.00101,71.344674,68.994074,66.095725,0.160757,0.113512,0.047245,0.074671,0.252698,0.337215,0.110517,0.000693,0.104714,0.000657,0.095314,0.000598,0.005873,0.864426,0.046306,0.042418,0.509434,-1.0,0.245283,0.245283,-1.0,0.843602,0.856105,0.902655,-0.000621,0.003693,0.195801,-0.869372,15.0,2.0,1.0,1.0,0.0,-0.707107,-0.707107,0.587785,-0.809017,70.983061,0.054404,0.000176,70.154531,0.057047,-0.000495,75.826895,0.058063,0.00074,-1.988987,-0.007159,,,,,,,,
128,2026-03-18 13:47:04.492910,AUDUSD,BUY,0.70634,0.70545,0.70767,0.00089,32.5,rsi_reversal,EXECUTED,,,,55795687455.0,,0.000992,0.000921,0.001744,-0.000524,-0.004173,-0.006303,0.707147,-0.001141,0.708896,-0.003606,0.71026,-0.005519,0.710381,-0.005688,0.708705,-0.003337,0.707297,0.708683,0.709539,-0.004382,-0.00209,0.002194,-0.001956,34.894328,32.498768,34.130991,-0.001386,-0.001006,-0.000381,-0.052355,-0.417313,-0.630258,0.001019,0.001442,0.000888,0.001258,0.000759,0.001075,0.01251,0.211784,0.083932,0.073332,0.823529,1.0,0.176471,0.0,1.0,0.314335,0.267254,0.233035,-0.007065,0.002577,0.261367,-0.874346,15.0,2.0,1.0,1.0,0.0,-0.707107,-0.707107,0.587785,-0.809017,25.446397,-0.000489,-7.1e-05,25.623961,-0.000537,0.000823,19.579301,-0.000563,-0.000935,7.052371,0.000109,,,,,,,,
129,2026-03-18 13:47:04.910137,USDCAD,SELL,1.37216,1.37286,1.37111,0.0007,71.15,bollinger_bounce,NEWS_FILTERED,HIGH impact: BOC Rate Statement (CAD) 2min ago,,,,,0.000306,0.000503,0.000481,0.001226,0.001818,0.00184,1.370549,0.001175,1.370008,0.00157,1.370032,0.001553,1.369785,0.001734,1.369152,0.002197,1.370781,1.370327,1.370075,0.000378,0.000163,0.000642,0.000332,82.694079,71.151055,66.092159,0.000454,0.000157,0.000297,0.122585,0.181796,0.18399,0.0008,0.000583,0.000697,0.000508,0.000603,0.000439,0.002917,1.038291,0.025268,0.023705,0.5,1.0,0.297619,0.202381,2.0,0.930748,0.930748,0.930748,-0.000182,0.002449,0.250978,-0.852615,15.0,2.0,1.0,1.0,0.0,-0.707107,-0.707107,0.587785,-0.809017,68.325664,0.000267,0.000197,66.358918,0.000239,-2.2e-05,66.786781,0.000201,0.000503,2.825391,3e-05,,,,,,,,
130,2026-03-18 14:02:04.312193,USDJPY,SELL,159.459,159.56134,159.30549,0.10234,66.98,rsi_reversal,EXECUTED,,,,55796027127.0,,-0.000238,-0.000332,-0.000157,8.8e-05,0.002761,0.002584,159.3562,0.000645,159.16555,0.001844,158.9783,0.003024,158.97585,0.003039,159.07429,0.002418,159.337024,159.175789,159.071009,0.002377,0.001193,-0.000603,0.001013,67.132387,66.983475,64.736508,0.161234,0.12321,0.038025,0.00878,0.276066,0.258413,0.104708,0.000657,0.102337,0.000642,0.094489,0.000593,0.006119,0.801311,0.044508,0.041976,0.745098,-1.0,0.058824,0.196078,-2.0,0.802528,0.818314,0.877089,-0.000784,0.003531,0.138036,-0.905077,16.0,2.0,0.0,1.0,0.0,-0.866025,-0.5,0.587785,-0.809017,69.864134,0.04801,-9.4e-05,70.983061,0.054404,0.000176,70.154531,0.057047,-0.000495,-2.880659,-0.009986,,,,,,,,
131,2026-03-18 14:17:08.914182,USDJPY,SELL,159.488,159.58744,159.33885,0.09944,69.12,rsi_reversal,EXECUTED,,,,55796403987.0,,-4.4e-05,-5.6e-05,-0.00015,-0.00047,0.003227,0.003372,159.4111,0.000482,159.19415,0.001846,158.98856,0.003141,158.98235,0.003181,159.076555,0.002586,159.364937,159.201385,159.088718,0.002658,0.001332,-0.000553,0.001027,71.363909,69.118011,66.204462,0.163552,0.131738,0.031815,-0.047003,0.322692,0.337209,0.09824,0.000616,0.099435,0.000623,0.093359,0.000585,0.00629,0.793444,0.041274,0.039424,0.21875,-1.0,0.09375,0.6875,-3.0,0.8464,0.860465,0.905605,-0.000602,0.003712,0.171555,-0.878525,16.0,2.0,0.0,1.0,0.0,-0.866025,-0.5,0.587785,-0.809017,69.706357,0.040322,-1.3e-05,69.864134,0.04801,-9.4e-05,70.983061,0.054404,0.000176,-0.588346,-0.008508,,,,,,,,
132,2026-03-18 14:17:12.155993,AUDUSD,BUY,0.70659,0.7057,0.70792,0.00089,34.86,rsi_reversal,EXECUTED,,,,55796404734.0,,1.4e-05,-4.2e-05,0.001346,0.002099,-0.004775,-0.006175,0.70651,0.000113,0.708507,-0.002706,0.710075,-0.004908,0.710294,-0.005215,0.708717,-0.003002,0.707125,0.708401,0.709322,-0.00502,-0.002517,0.001915,-0.001801,38.712043,34.862573,35.860801,-0.001276,-0.001108,-0.000168,0.209896,-0.477478,-0.617458,0.000974,0.001379,0.000887,0.001255,0.000769,0.001088,0.012525,0.283984,0.083081,0.07186,0.0,0.0,0.947368,0.052632,0.0,0.373646,0.303965,0.265045,-0.006708,0.00293,0.2158,-0.875257,16.0,2.0,0.0,1.0,0.0,-0.866025,-0.5,0.587785,-0.809017,34.764757,-0.000258,-5.7e-05,34.959751,-0.000363,0.001389,25.446397,-0.000489,-7.1e-05,0.097816,9e-05,,,,,,,,
133,2026-03-18 14:17:13.952940,USDCAD,BUY,1.37111,1.37002,1.37292,0.00073,59.56,sma_crossover,EXECUTED,,,,55796406311.0,,0.0,-1.5e-05,-0.000459,-0.000284,0.001629,0.001358,1.370862,0.000181,1.370107,0.000732,1.370086,0.000747,1.369801,0.000956,1.369181,0.001409,1.370761,1.370373,1.370117,0.000566,0.000223,0.000661,0.000283,61.233528,59.555267,57.840814,0.000388,0.000229,0.000159,-0.028436,0.162907,0.135841,0.000813,0.000593,0.000725,0.000529,0.000625,0.000456,0.002782,0.763122,0.025178,0.022654,0.0,0.0,0.366667,0.633333,0.0,0.639889,0.639889,0.639889,-0.000948,0.001685,0.252192,-0.859875,16.0,2.0,0.0,1.0,0.0,-0.866025,-0.5,0.587785,-0.809017,59.555267,0.000194,-1.5e-05,59.817132,0.000231,-0.000445,68.325664,0.000267,0.000197,-0.0,-3.5e-05,,,,,,,,
134,2026-03-18 14:32:03.518934,USDJPY,SELL,159.499,159.59537,159.35445,0.09637,69.69,rsi_reversal,EXECUTED,,,,55796731486.0,,-1.9e-05,2.5e-05,1.3e-05,9.4e-05,0.002483,0.003757,159.452,0.000295,159.2247,0.001723,158.99854,0.003148,158.98902,0.003208,159.0791,0.00264,159.387385,159.224391,159.105335,0.002852,0.001482,-0.000506,0.001024,72.542544,69.690563,66.61182,0.162994,0.138168,0.024826,0.009405,0.248265,0.375703,0.09192,0.000576,0.096368,0.000604,0.092087,0.000577,0.006282,0.774228,0.039318,0.038463,0.083333,-1.0,0.166667,0.75,-1.0,0.822917,0.875912,0.916421,-0.000533,0.003762,0.229549,-0.817016,16.0,2.0,0.0,1.0,0.0,-0.866025,-0.5,0.587785,-0.809017,69.962046,0.032708,4.4e-05,69.706357,0.040322,-1.3e-05,69.864134,0.04801,-9.4e-05,-0.271483,-0.007882,,,,,,,,
135,2026-03-18 14:32:04.232301,AUDUSD,BUY,0.70617,0.70527,0.70752,0.0009,33.45,rsi_reversal,EXECUTED,,,,55796731944.0,,0.000184,-0.00058,-0.000637,0.00068,-0.003486,-0.007156,0.706208,-5.4e-05,0.708225,-0.002902,0.709974,-0.005357,0.710236,-0.005725,0.708718,-0.003596,0.706907,0.708198,0.709177,-0.005304,-0.002832,0.001771,-0.001824,35.692011,33.451254,34.731888,-0.001292,-0.001151,-0.00014,0.068019,-0.348555,-0.715631,0.000981,0.00139,0.000901,0.001275,0.000781,0.001106,0.012443,0.266811,0.075115,0.071422,0.342105,1.0,0.5,0.157895,1.0,0.395683,0.242291,0.211268,-0.007307,0.002337,0.219644,-0.837905,16.0,2.0,0.0,1.0,0.0,-0.866025,-0.5,0.587785,-0.809017,32.157103,-0.000203,-0.000764,34.764757,-0.000258,-5.7e-05,34.959751,-0.000363,0.001389,1.294151,6.3e-05,,,,,,,,
136,2026-03-18 14:44:55.793415,GBPUSD,BUY,1.33157,1.32778,1.33726,0.0019,39.15,bollinger_bounce,RISK_REJECTED,Max positions or daily drawdown limit,,,,,-0.000735,9.8e-05,-0.003271,-0.003293,-0.003577,-0.003017,1.334708,-0.002351,1.335133,-0.002669,1.333203,-0.001225,1.331392,0.000134,1.335458,-0.002912,1.334168,1.334206,1.333371,0.001129,0.00281,-0.001689,-2.9e-05,30.126567,39.145524,44.116036,-3.8e-05,0.000635,-0.000673,-0.329349,-0.357691,-0.301737,0.002262,0.001698,0.001897,0.001425,0.001782,0.001338,0.004546,-0.087093,0.094884,0.069098,0.290419,-1.0,0.314371,0.39521,-1.0,0.183588,0.183588,0.419387,-0.004408,0.000991,1.814519,-0.372312,16.0,2.0,0.0,1.0,0.0,-0.866025,-0.5,0.587785,-0.809017,42.363979,-0.00058,0.000834,36.908288,-0.000494,-0.003368,57.340994,-0.000217,0.000314,-3.218455,-9.3e-05,,,,,,,,
137,2026-03-18 14:44:56.303949,USDJPY,SELL,159.506,159.88147,158.9428,0.18773,67.36,bollinger_bounce,RISK_REJECTED,Max positions or daily drawdown limit,,,,,5.6e-05,0.000383,0.00334,0.003744,0.004376,0.002892,159.0498,0.002868,159.0057,0.003146,159.08674,0.002635,159.20866,0.001868,158.71728,0.004969,159.14172,159.074767,159.089821,-0.000232,-0.001275,0.002328,0.000421,80.026993,67.360121,61.320125,0.066953,-0.017679,0.084632,0.374423,0.437627,0.289225,0.194767,0.001221,0.187733,0.001177,0.187137,0.001173,0.005749,1.047321,0.079801,0.066459,0.096774,1.0,0.290323,0.612903,3.0,0.923304,0.923304,0.923304,-0.000489,0.005887,1.410485,-0.36565,16.0,2.0,0.0,1.0,0.0,-0.866025,-0.5,0.587785,-0.809017,67.139152,0.074056,0.000326,65.900623,0.05247,0.002956,50.123213,0.01977,-0.000233,0.220969,0.010576,,,,,,,,
138,2026-03-18 14:44:57.040221,XAUUSD,BUY,4861.26,4808.72309,4940.06537,26.26846,17.3,bollinger_bounce,RISK_REJECTED,Max positions or daily drawdown limit,,,,,-0.003473,-0.004148,-0.013985,-0.026213,-0.025227,-0.02823,4950.073,-0.017942,4974.325,-0.02273,4995.86,-0.026942,5037.7932,-0.035042,5092.97865,-0.045498,4939.217475,4969.062352,4993.293471,-0.009165,-0.012598,-0.019069,-0.006006,8.758044,17.302323,23.442094,-29.844877,-15.540375,-14.304502,-2.621331,-2.522724,-2.823,32.719046,0.006731,26.268457,0.005404,23.616026,0.004858,0.037611,-0.104331,0.315077,0.238911,0.446966,-1.0,0.433245,0.119789,-5.0,0.14874,0.14874,0.128779,-0.031893,0.005573,1.625144,-0.403841,16.0,2.0,0.0,1.0,0.0,-0.866025,-0.5,0.587785,-0.809017,19.103441,-12.330729,-0.000678,19.471198,-9.701142,-0.009878,26.419738,-4.902218,-0.007579,-1.801118,-1.973773,,,,,,,,
139,2026-03-18 14:44:57.833741,USDCHF,SELL,0.78873,0.79089,0.78549,0.00108,68.53,bollinger_bounce,RISK_REJECTED,Max positions or daily drawdown limit,,,,,0.000825,0.000736,0.00392,0.003371,0.004457,0.004982,0.786603,0.002704,0.785811,0.003715,0.786749,0.002518,0.787084,0.002091,0.783014,0.0073,0.786758,0.786424,0.78654,-0.000186,-0.001618,0.00477,0.000425,81.091401,68.532452,61.749257,0.000334,-0.000109,0.000443,0.337116,0.445729,0.498203,0.001255,0.001591,0.001081,0.001371,0.001052,0.001334,0.006224,1.096851,0.084883,0.067403,0.357143,1.0,0.241758,0.401099,1.0,0.849315,0.879121,0.789474,-0.000837,0.006086,1.740317,-0.368621,16.0,2.0,0.0,1.0,0.0,-0.866025,-0.5,0.587785,-0.809017,65.14662,0.00038,-8.9e-05,65.855206,0.000317,0.003182,46.589522,0.000187,-0.000369,3.385832,6.3e-05,,,,,,,,
140,2026-03-18 15:05:05.630364,XAUUSD,BUY,4870.26,4820.09858,4945.50213,25.08071,18.48,rsi_reversal,EXECUTED,,,,55797381996.0,,0.000133,-0.001628,-0.002305,-0.019646,-0.025486,-0.02668,4938.171,-0.013752,4968.0675,-0.019687,4993.4922,-0.024679,5034.7593,-0.032673,5091.94055,-0.043536,4929.695615,4962.316362,4988.783239,-0.011079,-0.013246,-0.019334,-0.006574,10.081488,18.478693,24.486818,-32.620747,-18.849874,-13.770873,-1.964629,-2.548608,-2.667994,29.422039,0.006041,25.08071,0.00515,23.116882,0.004747,0.040858,0.01815,0.298859,0.235828,0.069502,1.0,0.540456,0.390041,1.0,0.198155,0.198155,0.171563,-0.029986,0.00741,0.177249,-0.917953,17.0,2.0,0.0,1.0,0.0,-0.965926,-0.258819,0.587785,-0.809017,18.14561,-13.771624,-0.001761,19.103441,-12.330729,-0.000678,19.471198,-9.701142,-0.009878,0.333084,0.000752,,,,,,,,
141,2026-03-18 15:05:06.322780,USDCAD,SELL,1.3697300000000001,1.37262,1.36569,0.00115,50.0,macd_crossover,EXECUTED,,,,55797382205.0,,2.2e-05,-0.001021,-0.000788,-2.9e-05,-0.000117,-1.5e-05,1.370042,-0.000228,1.369721,7e-06,1.369261,0.000343,1.368237,0.001091,1.363358,0.004674,1.369938,1.369759,1.369295,0.000571,0.001085,0.00433,0.000131,47.657328,49.904515,50.907304,0.000179,0.000188,-9e-06,-0.00292,-0.01168,-0.00146,0.001233,0.0009,0.001155,0.000843,0.001176,0.000858,0.002072,0.503172,0.058918,0.044154,0.036145,1.0,0.554217,0.409639,1.0,0.257618,0.285333,0.624123,-0.001957,0.000781,0.252042,-0.909055,17.0,2.0,0.0,1.0,0.0,-0.965926,-0.258819,0.587785,-0.809017,49.73245,2.4e-05,-0.001043,58.648722,7.6e-05,0.000233,57.048611,3e-06,0.00141,0.172065,-3.3e-05,,,,,,,,
142,2026-03-18 16:05:04.356903,XAUUSD,BUY,4865.77,4816.68388,4939.39917,24.54306,19.08,rsi_reversal,RISK_REJECTED,Max positions or daily drawdown limit,,,,,0.00067,-0.000789,-0.002548,-0.01307,-0.02867,-0.026891,4923.034,-0.011632,4960.957,-0.019187,4990.2542,-0.024945,5031.5582,-0.03295,5090.80755,-0.044205,4918.852029,4954.633229,4983.667187,-0.01347,-0.014032,-0.019752,-0.007222,12.15086,19.079855,24.637453,-35.7812,-22.335057,-13.446143,-1.307044,-2.867016,-2.689076,27.63134,0.005679,24.543058,0.005044,22.930093,0.004713,0.044901,0.072681,0.274367,0.236822,0.375703,1.0,0.447694,0.176603,1.0,0.174788,0.173502,0.150219,-0.030937,0.006494,0.115893,-0.925546,18.0,2.0,0.0,1.0,0.0,-1.0,-0.0,0.587785,-0.809017,17.370369,-14.265459,-0.001458,18.14561,-13.771624,-0.001761,19.103441,-12.330729,-0.000678,1.709486,0.819316,,,,,,,,
143,2026-03-18 17:05:03.386650,XAUUSD,BUY,4889.05,4839.98412,4962.64882,24.53294,29.56,rsi_reversal,RISK_REJECTED,Max positions or daily drawdown limit,,,,,0.000434,0.005458,0.003992,0.001545,-0.021205,-0.023337,4914.558,-0.00519,4956.174,-0.013544,4987.8614,-0.01981,5028.778,-0.027786,5089.6848,-0.03942,4917.021658,4951.226515,4980.753972,-0.014696,-0.014438,-0.020006,-0.006908,30.782907,29.559553,31.741272,-34.204858,-24.438941,-9.765917,0.15446,-2.120533,-2.33366,26.960128,0.005514,24.532941,0.005018,23.008865,0.004706,0.044606,0.196375,0.335256,0.258018,0.412429,1.0,0.146893,0.440678,2.0,0.337432,0.301323,0.260886,-0.026028,0.011225,0.117268,-0.905029,19.0,2.0,0.0,1.0,0.0,-0.965926,0.258819,0.587785,-0.809017,28.659781,-12.095762,0.005022,17.370369,-14.265459,-0.001458,18.14561,-13.771624,-0.001761,0.899772,2.329845,,,,,,,,
144,2026-03-18 18:05:05.926580,USDCHF,SELL,0.79,0.79221,0.78668,0.00111,74.3,bollinger_bounce,RISK_REJECTED,"H4 trend is UP, blocking SELL on USDCHF",,,,,0.000735,0.001026,0.001839,0.002347,0.004488,0.006908,0.787725,0.002888,0.786544,0.004394,0.78684,0.004016,0.787328,0.003393,0.783156,0.008739,0.787854,0.787059,0.786874,0.001125,-0.000996,0.004704,0.00101,87.144081,74.296215,66.547531,0.000795,0.000267,0.000528,0.234727,0.448841,0.690815,0.001235,0.001564,0.001106,0.0014,0.001068,0.001352,0.008544,1.014282,0.082286,0.061368,0.527273,1.0,0.318182,0.154545,4.0,0.929006,0.941667,0.945483,-0.000443,0.007152,0.632218,-0.475722,19.0,2.0,0.0,1.0,0.0,-0.965926,0.258819,0.587785,-0.809017,71.802581,0.000505,0.000291,70.757961,0.000483,0.000812,67.662519,0.000432,0.000596,2.493634,2.3e-05,,,,,,,,
145,2026-03-18 19:05:05.214537,EURUSD,BUY,1.14818,1.14453,1.15365,0.00182,34.5,bollinger_bounce,RISK_REJECTED,"H4 trend is DOWN, blocking BUY on EURUSD",,,,,0.000436,-0.003013,-0.002502,-0.003013,-0.004923,-0.004931,1.151235,-0.002654,1.152422,-0.003681,1.151777,-0.003123,1.149469,-0.001122,1.15405,-0.005087,1.151016,1.151746,1.151454,-0.00047,0.002569,-0.00197,-0.000633,26.972136,34.499648,39.616343,-0.000729,-6e-05,-0.00067,-0.301307,-0.492261,-0.493123,0.002071,0.001804,0.001824,0.001589,0.001666,0.001451,0.00681,-0.040604,0.123022,0.092718,0.680556,1.0,0.0,0.319444,1.0,0.08933,0.08933,0.178971,-0.006393,0.000627,0.192571,-0.921227,21.0,2.0,0.0,0.0,0.0,-0.707107,0.707107,0.587785,-0.809017,31.747044,-0.000607,-0.003447,45.999466,-0.000406,0.000513,42.43302,-0.00046,-0.000191,2.752604,-6.3e-05,,,,,,,,
146,2026-03-18 19:05:05.922293,GBPUSD,BUY,1.32941,1.32518,1.33576,0.00212,36.19,bollinger_bounce,RISK_REJECTED,"H4 trend is DOWN, blocking BUY on GBPUSD",,,,,0.000376,-0.003568,-0.003082,-0.002379,-0.00491,-0.004739,1.332625,-0.002413,1.33421,-0.003598,1.333363,-0.002965,1.331104,-0.001272,1.335364,-0.004458,1.332604,1.333387,1.333075,-0.000554,0.002334,-0.001498,-0.000587,29.995723,36.190269,40.572128,-0.000783,-7e-05,-0.000713,-0.237884,-0.491029,-0.473895,0.00246,0.001851,0.002115,0.001591,0.001915,0.001441,0.006978,-0.015626,0.13423,0.09859,0.505051,1.0,0.10101,0.393939,1.0,0.10373,0.099776,0.205737,-0.00604,0.000669,0.174603,-0.920774,21.0,2.0,0.0,0.0,0.0,-0.707107,0.707107,0.587785,-0.809017,34.065858,-0.000629,-0.003943,50.484701,-0.000393,0.000487,47.585929,-0.000522,0.000983,2.124411,-8.4e-05,,,,,,,,
147,2026-03-18 19:05:06.463971,XAUUSD,BUY,4855.28,4803.56145,4932.85782,25.85927,25.28,rsi_reversal,RISK_REJECTED,Position already open on XAUUSD,,,,,0.000464,-0.00719,-0.006476,-0.002943,-0.027411,-0.029509,4887.558,-0.006604,4941.5185,-0.017452,4982.3962,-0.025513,5022.2603,-0.033248,5086.9459,-0.045541,4899.345775,4937.472625,4971.071382,-0.019035,-0.016077,-0.020553,-0.007722,23.573528,25.278638,28.224832,-38.12685,-29.122547,-9.004303,-0.294274,-2.74112,-2.950883,28.562368,0.005883,25.859274,0.005326,23.831101,0.004908,0.049231,0.145511,0.359461,0.281871,0.161638,1.0,0.143678,0.694684,1.0,0.133633,0.115906,0.100352,-0.033164,0.004348,0.166104,-0.908156,21.0,2.0,0.0,0.0,0.0,-0.707107,0.707107,0.587785,-0.809017,24.349112,-9.81883,-0.00765,30.13728,-9.67721,0.000718,28.659781,-12.095762,0.005022,0.929526,0.814527,,,,,,,,
148,2026-03-18 19:05:07.052433,USDCHF,SELL,0.79076,0.79306,0.78731,0.00115,77.16,bollinger_bounce,RISK_REJECTED,"H4 trend is UP, blocking SELL on USDCHF",,,,,0.001013,0.001697,0.001989,0.003401,0.005813,0.007607,0.788178,0.003276,0.786841,0.004981,0.786896,0.00491,0.787408,0.004257,0.783199,0.009653,0.788296,0.787331,0.787025,0.001629,-0.000721,0.00472,0.001226,89.733077,77.157534,69.082315,0.000965,0.000406,0.000559,0.340067,0.581284,0.760713,0.001306,0.001652,0.001151,0.001456,0.001093,0.001382,0.009496,1.024589,0.080097,0.062344,0.503067,1.0,0.177914,0.319018,5.0,0.94849,0.955316,0.95927,-0.000367,0.007841,1.243821,0.188625,20.0,2.0,0.0,1.0,0.0,-0.866025,0.5,0.587785,-0.809017,74.138487,0.000525,0.000684,71.802581,0.000505,0.000291,70.757961,0.000483,0.000812,3.019047,3.4e-05,,,,,,,,
149,2026-03-18 20:05:05.654077,EURUSD,BUY,1.14693,1.1434,1.15222,0.00176,30.18,bollinger_bounce,RISK_REJECTED,"H4 trend is DOWN, blocking BUY on EURUSD",,,,,7.8e-05,-0.000653,-0.004098,-0.003778,-0.006109,-0.00548,1.150396,-0.003013,1.15204,-0.004435,1.151652,-0.0041,1.149403,-0.002152,1.154001,-0.006127,1.150213,1.151297,1.151226,-0.00109,0.002294,-0.002035,-0.000941,20.478567,30.184713,36.348619,-0.001084,-0.000281,-0.000802,-0.37784,-0.610929,-0.548016,0.001907,0.001663,0.001764,0.001538,0.001642,0.001432,0.008462,-0.02414,0.120328,0.092333,0.068966,1.0,0.310345,0.62069,1.0,0.022753,0.022753,0.03915,-0.00749,0.000174,0.079274,-0.939126,22.0,2.0,0.0,0.0,0.0,-0.5,0.866025,0.587785,-0.809017,29.653486,-0.000755,-0.000732,31.747044,-0.000607,-0.003447,45.999466,-0.000406,0.000513,0.531227,-4.7e-05,,,,,,,,
150,2026-03-18 20:05:07.497339,GBPUSD,BUY,1.32779,1.32364,1.33401,0.00207,31.98,bollinger_bounce,RISK_REJECTED,"H4 trend is DOWN, blocking BUY on GBPUSD",,,,,8.3e-05,-0.000843,-0.004782,-0.003318,-0.005788,-0.005505,1.331679,-0.00292,1.333757,-0.004473,1.33322,-0.004073,1.331016,-0.002424,1.335324,-0.005642,1.331638,1.332854,1.332803,-0.001156,0.002059,-0.001575,-0.000912,24.030385,31.982946,37.271153,-0.001216,-0.000321,-0.000895,-0.33178,-0.578801,-0.550504,0.002317,0.001745,0.002074,0.001562,0.001903,0.001433,0.008669,-0.016006,0.133389,0.098793,0.23913,1.0,0.217391,0.543478,1.0,0.044148,0.042659,0.0455,-0.007268,0.000324,0.080246,-0.947261,22.0,2.0,0.0,0.0,0.0,-0.5,0.866025,0.587785,-0.809017,31.487051,-0.000824,-0.000926,34.065858,-0.000629,-0.003943,50.484701,-0.000393,0.000487,0.495895,-7.1e-05,,,,,,,,
151,2026-03-18 20:05:08.392526,XAUUSD,BUY,4846.05,4795.3042,4922.16869,25.3729,24.35,rsi_reversal,RISK_REJECTED,Position already open on XAUUSD,,,,,0.000617,-0.001438,-0.009077,-0.003385,-0.02452,-0.031617,4874.155,-0.005766,4932.9965,-0.017625,4979.2606,-0.026753,5018.7844,-0.034418,5085.47725,-0.047081,4889.555656,4929.862445,4965.70816,-0.021109,-0.017093,-0.020886,-0.008176,22.370732,24.353416,27.401728,-40.306789,-31.515366,-8.791423,-0.338508,-2.451961,-3.1617,27.070601,0.005586,25.372898,0.005236,23.676954,0.004886,0.051372,0.156902,0.355951,0.280513,0.429598,1.0,0.359195,0.211207,1.0,0.084979,0.065228,0.056475,-0.035132,0.002451,0.068855,-0.950747,22.0,2.0,0.0,0.0,0.0,-0.5,0.866025,0.587785,-0.809017,23.077047,-9.784155,-0.002054,24.349112,-9.81883,-0.00765,30.13728,-9.67721,0.000718,1.276369,0.992732,,,,,,,,
152,2026-03-18 20:05:09.569343,USDCAD,SELL,1.37174,1.37436,1.36782,0.00131,60.88,bollinger_bounce,EXECUTED,,,,55802872071.0,,1.5e-05,0.00146,0.001409,0.001489,0.001877,0.002016,1.370303,0.001049,1.370078,0.001213,1.369503,0.001633,1.368653,0.002255,1.363456,0.006076,1.370413,1.370042,1.369516,0.000584,0.00104,0.004435,0.000271,67.915019,60.882696,58.372475,0.000371,0.000226,0.000145,0.148938,0.187705,0.20161,0.001459,0.001064,0.001308,0.000953,0.001255,0.000915,0.002383,1.009113,0.060727,0.048075,0.018868,1.0,0.575472,0.40566,2.0,0.815427,0.819407,0.878843,-0.000488,0.002216,0.788053,-0.602537,21.0,2.0,0.0,0.0,0.0,-0.707107,0.707107,0.587785,-0.809017,60.790427,7.6e-05,0.001446,49.934129,-4.1e-05,-5.1e-05,50.392166,-2.6e-05,5.8e-05,0.09227,6.9e-05,,,,,,,,
153,2026-03-18 20:05:10.621354,NZDUSD,SELL,0.58137,0.58332,0.57812,0.0013,32.58,sma_crossover,EXECUTED,,,,55802872288.0,,-8.6e-05,-0.004452,-0.004503,-0.004725,-0.008392,-0.00741,0.583505,-0.003659,0.584797,-0.005859,0.584892,-0.006021,0.58379,-0.004145,0.587445,-0.010341,0.583606,0.584353,0.58455,-0.002371,0.001724,-0.004346,-0.001279,24.317405,32.582451,37.34811,-0.000747,-0.000305,-0.000443,-0.472498,-0.839175,-0.740981,0.001496,0.002573,0.001299,0.002234,0.001188,0.002043,0.011693,-0.001111,0.183896,0.139537,0.042373,-1.0,0.491525,0.466102,-3.0,0.098921,0.085803,0.085803,-0.01008,0.000946,1.018825,-0.537987,21.0,2.0,0.0,0.0,0.0,-0.707107,0.707107,0.587785,-0.809017,32.758855,-0.000386,-0.004367,44.054115,-0.000265,-5.1e-05,44.220683,-0.000307,0.000257,-0.176404,-5.7e-05,,,,,,,,
154,2026-03-18 20:05:11.344804,NZDUSD,BUY,0.58137,0.57877,0.58527,0.0013,32.58,bollinger_bounce,RISK_REJECTED,Conflicting SELL already open on NZDUSD,,,,,-8.6e-05,-0.004452,-0.004503,-0.004725,-0.008392,-0.00741,0.583505,-0.003659,0.584797,-0.005859,0.584892,-0.006021,0.58379,-0.004145,0.587445,-0.010341,0.583606,0.584353,0.58455,-0.002371,0.001724,-0.004346,-0.001279,24.317405,32.582451,37.34811,-0.000747,-0.000305,-0.000443,-0.472498,-0.839175,-0.740981,0.001496,0.002573,0.001299,0.002234,0.001188,0.002043,0.011693,-0.001111,0.183896,0.139537,0.042373,-1.0,0.491525,0.466102,-3.0,0.098921,0.085803,0.085803,-0.01008,0.000946,1.018825,-0.537987,21.0,2.0,0.0,0.0,0.0,-0.707107,0.707107,0.587785,-0.809017,32.758855,-0.000386,-0.004367,44.054115,-0.000265,-5.1e-05,44.220683,-0.000307,0.000257,-0.176404,-5.7e-05,,,,,,,,
155,2026-03-18 20:05:11.948817,USDCHF,SELL,0.79211,0.79451,0.7885,0.0012,80.11,rsi_reversal,RISK_REJECTED,"H4 trend is UP, blocking SELL on USDCHF",,,,,-0.000126,0.002722,0.003408,0.004515,0.007671,0.009237,0.788926,0.004036,0.787276,0.006141,0.787,0.006493,0.787505,0.005848,0.78326,0.0113,0.789072,0.787784,0.787279,0.002447,-0.000291,0.004776,0.001634,90.555998,80.107661,72.318884,0.001287,0.000601,0.000687,0.451462,0.767097,0.923732,0.001373,0.001734,0.001202,0.001517,0.001121,0.001416,0.011646,1.027299,0.097486,0.075579,0.128205,-1.0,0.435897,0.435897,-1.0,0.938289,0.944931,0.948956,-0.000555,0.009532,0.953684,-0.54942,21.0,2.0,0.0,0.0,0.0,-0.707107,0.707107,0.587785,-0.809017,81.146694,0.000652,0.002848,74.138487,0.000525,0.000684,71.802581,0.000505,0.000291,-1.039033,3.5e-05,,,,,,,,
156,2026-03-18 20:05:12.797395,USDCHF,SELL,0.79211,0.79451,0.7885,0.0012,80.11,bollinger_bounce,RISK_REJECTED,"H4 trend is UP, blocking SELL on USDCHF",,,,,-0.000126,0.002722,0.003408,0.004515,0.007671,0.009237,0.788926,0.004036,0.787276,0.006141,0.787,0.006493,0.787505,0.005848,0.78326,0.0113,0.789072,0.787784,0.787279,0.002447,-0.000291,0.004776,0.001634,90.555998,80.107661,72.318884,0.001287,0.000601,0.000687,0.451462,0.767097,0.923732,0.001373,0.001734,0.001202,0.001517,0.001121,0.001416,0.011646,1.027299,0.097486,0.075579,0.128205,-1.0,0.435897,0.435897,-1.0,0.938289,0.944931,0.948956,-0.000555,0.009532,0.953684,-0.54942,21.0,2.0,0.0,0.0,0.0,-0.707107,0.707107,0.587785,-0.809017,81.146694,0.000652,0.002848,74.138487,0.000525,0.000684,71.802581,0.000505,0.000291,-1.039033,3.5e-05,,,,,,,,
157,2026-03-18 21:05:10.177408,EURUSD,BUY,1.14523,1.14166,1.15058,0.00178,26.38,rsi_reversal,RISK_REJECTED,"H4 trend is DOWN, blocking BUY on EURUSD",,,,,6.1e-05,-0.001404,-0.002135,-0.005065,-0.008167,-0.007058,1.149276,-0.00352,1.151544,-0.005483,1.151506,-0.00545,1.149316,-0.003555,1.15394,-0.007548,1.149216,1.150726,1.150925,-0.001936,0.001939,-0.00211,-0.001312,16.338437,26.376344,32.990759,-0.00151,-0.00055,-0.00096,-0.50649,-0.816691,-0.705758,0.001909,0.001667,0.001784,0.001558,0.001659,0.001449,0.010504,-0.021975,0.117025,0.094273,0.170732,1.0,0.146341,0.682927,1.0,0.035282,0.032895,0.032895,-0.008985,0.000306,0.013459,-0.98258,23.0,2.0,0.0,0.0,0.0,-0.258819,0.965926,0.587785,-0.809017,25.965471,-0.000915,-0.001465,29.653486,-0.000755,-0.000732,31.747044,-0.000607,-0.003447,0.410873,-4.5e-05,,,,,,,,
158,2026-03-18 21:05:10.853978,EURUSD,BUY,1.14523,1.14166,1.15058,0.00178,26.38,bollinger_bounce,RISK_REJECTED,"H4 trend is DOWN, blocking BUY on EURUSD",,,,,6.1e-05,-0.001404,-0.002135,-0.005065,-0.008167,-0.007058,1.149276,-0.00352,1.151544,-0.005483,1.151506,-0.00545,1.149316,-0.003555,1.15394,-0.007548,1.149216,1.150726,1.150925,-0.001936,0.001939,-0.00211,-0.001312,16.338437,26.376344,32.990759,-0.00151,-0.00055,-0.00096,-0.50649,-0.816691,-0.705758,0.001909,0.001667,0.001784,0.001558,0.001659,0.001449,0.010504,-0.021975,0.117025,0.094273,0.170732,1.0,0.146341,0.682927,1.0,0.035282,0.032895,0.032895,-0.008985,0.000306,0.013459,-0.98258,23.0,2.0,0.0,0.0,0.0,-0.258819,0.965926,0.587785,-0.809017,25.965471,-0.000915,-0.001465,29.653486,-0.000755,-0.000732,31.747044,-0.000607,-0.003447,0.410873,-4.5e-05,,,,,,,,
159,2026-03-18 21:05:11.457789,GBPUSD,BUY,1.3253300000000001,1.32115,1.3316,0.00209,27.33,rsi_reversal,RISK_REJECTED,"H4 trend is DOWN, blocking BUY on GBPUSD",,,,,2.3e-05,-0.00177,-0.002694,-0.006142,-0.007942,-0.007474,1.330369,-0.003788,1.333133,-0.005853,1.333025,-0.005773,1.330897,-0.004183,1.335279,-0.007451,1.330344,1.332126,1.332416,-0.001992,0.00168,-0.001688,-0.001338,18.48687,27.331282,33.251346,-0.001782,-0.000645,-0.001137,-0.614164,-0.794197,-0.747392,0.00229,0.001728,0.002089,0.001576,0.00192,0.001449,0.011003,-0.031966,0.133713,0.101816,0.15,1.0,0.65,0.2,1.0,0.013501,0.012235,0.012235,-0.009137,0.000113,0.004733,-0.995234,23.0,2.0,0.0,0.0,0.0,-0.258819,0.965926,0.587785,-0.809017,27.196876,-0.001054,-0.001793,31.487051,-0.000824,-0.000926,34.065858,-0.000629,-0.003943,0.134406,-8.4e-05,,,,,,,,
160,2026-03-18 21:05:12.134167,GBPUSD,BUY,1.3253300000000001,1.32115,1.3316,0.00209,27.33,bollinger_bounce,RISK_REJECTED,"H4 trend is DOWN, blocking BUY on GBPUSD",,,,,2.3e-05,-0.00177,-0.002694,-0.006142,-0.007942,-0.007474,1.330369,-0.003788,1.333133,-0.005853,1.333025,-0.005773,1.330897,-0.004183,1.335279,-0.007451,1.330344,1.332126,1.332416,-0.001992,0.00168,-0.001688,-0.001338,18.48687,27.331282,33.251346,-0.001782,-0.000645,-0.001137,-0.614164,-0.794197,-0.747392,0.00229,0.001728,0.002089,0.001576,0.00192,0.001449,0.011003,-0.031966,0.133713,0.101816,0.15,1.0,0.65,0.2,1.0,0.013501,0.012235,0.012235,-0.009137,0.000113,0.004733,-0.995234,23.0,2.0,0.0,0.0,0.0,-0.258819,0.965926,0.587785,-0.809017,27.196876,-0.001054,-0.001793,31.487051,-0.000824,-0.000926,34.065858,-0.000629,-0.003943,0.134406,-8.4e-05,,,,,,,,
161,2026-03-18 21:05:13.096443,AUDUSD,BUY,0.70191,0.6985,0.70703,0.00171,25.78,bollinger_bounce,EXECUTED,,,,55803701587.0,,-0.002388,-0.004595,-0.008728,-0.008111,-0.011881,-0.012271,0.706448,-0.006424,0.708784,-0.009698,0.708696,-0.009575,0.70642,-0.006385,0.707701,-0.008184,0.706601,0.707955,0.708059,-0.003172,0.003345,0.001405,-0.001912,15.553491,25.780255,32.428853,-0.001354,-0.000502,-0.000852,-0.811135,-1.188147,-1.22708,0.001927,0.002745,0.001705,0.002429,0.001598,0.002276,0.016557,-0.085726,0.1888,0.147546,0.865979,-1.0,0.061856,0.072165,-3.0,0.015168,0.013258,0.013258,-0.014845,0.000199,0.356032,-0.756749,22.0,2.0,0.0,0.0,0.0,-0.5,0.866025,0.587785,-0.809017,29.440996,-0.000695,-0.002212,33.548581,-0.000555,-0.004152,44.385744,-0.000441,5.6e-05,-3.660741,-0.000156,,,,,,,,
162,2026-03-18 21:05:13.650834,USDCAD,SELL,1.37343,1.37607,1.36947,0.00132,67.6,bollinger_bounce,RISK_REJECTED,Position already open on USDCAD,,,,,0.00067,0.001247,0.002694,0.002701,0.002672,0.003038,1.370746,0.001958,1.370324,0.002267,1.369638,0.002769,1.368776,0.0034,1.363493,0.007288,1.370978,1.370346,1.369698,0.000809,0.001131,0.004507,0.000461,77.318755,67.596013,63.429567,0.000632,0.000317,0.000315,0.270126,0.267198,0.303812,0.001463,0.001065,0.001322,0.000962,0.001265,0.000921,0.003361,1.174408,0.061974,0.049633,0.724409,1.0,0.212598,0.062992,3.0,0.945122,0.946,0.958779,-0.000197,0.003444,0.443982,-0.638575,22.0,2.0,0.0,0.0,0.0,-0.5,0.866025,0.587785,-0.809017,64.132301,0.000194,0.000576,60.790427,7.6e-05,0.001446,49.934129,-4.1e-05,-5.1e-05,3.463712,0.00012,,,,,,,,
163,2026-03-18 21:05:14.153772,NZDUSD,BUY,0.57901,0.5763,0.58307,0.00135,25.72,bollinger_bounce,RISK_REJECTED,Conflicting SELL already open on NZDUSD,,,,,-0.002635,-0.004145,-0.008494,-0.00829,-0.01154,-0.011591,0.582746,-0.006411,0.584416,-0.009249,0.584729,-0.009781,0.583704,-0.008041,0.587403,-0.014289,0.582791,0.5839,0.584301,-0.003391,0.00122,-0.004552,-0.001901,16.283623,25.719396,31.457696,-0.00111,-0.000476,-0.000634,-0.82898,-1.154037,-1.159099,0.001573,0.002717,0.001353,0.002336,0.001219,0.002106,0.015018,-0.115896,0.187692,0.145341,0.859551,-1.0,0.0,0.140449,-4.0,0.033333,0.029516,0.029516,-0.014197,0.000432,0.704955,-0.492694,22.0,2.0,0.0,0.0,0.0,-0.5,0.866025,0.587785,-0.809017,29.908904,-0.000496,-0.001514,32.758855,-0.000386,-0.004367,44.054115,-0.000265,-5.1e-05,-4.189507,-0.000138,,,,,,,,
164,2026-03-18 21:05:14.842966,USDCHF,SELL,0.79349,0.79591,0.78986,0.00121,83.92,bollinger_bounce,RISK_REJECTED,"H4 trend is UP, blocking SELL on USDCHF",,,,,0.000845,0.001616,0.004469,0.005449,0.009606,0.010571,0.789752,0.004733,0.787726,0.007317,0.787143,0.008063,0.787602,0.007475,0.78332,0.012983,0.789844,0.788256,0.787549,0.003314,0.000157,0.004881,0.002015,94.322555,83.923253,75.871312,0.001588,0.000807,0.000781,0.544862,0.960633,1.057069,0.001359,0.001713,0.001209,0.001523,0.001128,0.001422,0.013655,1.035851,0.090158,0.07518,0.712871,1.0,0.059406,0.227723,7.0,0.99262,0.993096,0.993763,-7.6e-05,0.010876,0.417911,-0.706051,22.0,2.0,0.0,0.0,0.0,-0.5,0.866025,0.587785,-0.809017,82.528995,0.000732,0.00077,81.146694,0.000652,0.002848,74.138487,0.000525,0.000684,1.394258,4.9e-05,,,,,,,,
165,2026-03-18 22:05:06.733302,XAUUSD,BUY,4825.64,4771.13697,4907.39455,27.25152,23.36,rsi_reversal,EXECUTED,,,,55803842238.0,,0.001604,-0.003597,-0.005644,-0.012542,-0.02121,-0.034613,4860.884,-0.007251,4922.9385,-0.019764,4975.3848,-0.030097,5015.247,-0.037806,5083.87775,-0.050795,4876.059283,4920.212222,4959.155037,-0.023013,-0.018406,-0.021341,-0.008974,21.649441,23.361675,26.277705,-44.15294,-34.402047,-9.750893,-1.254162,-2.121005,-3.461328,30.228679,0.006264,27.251517,0.005647,24.721412,0.005123,0.055025,0.140811,0.343702,0.290307,0.289821,-1.0,0.602953,0.107226,-4.0,0.151009,0.090623,0.079869,-0.03951,0.003937,0.067523,-0.928104,0.0,3.0,0.0,0.0,1.0,0.0,1.0,-0.587785,-0.809017,20.208928,-10.587252,-0.005193,23.077047,-9.784155,-0.002054,24.349112,-9.81883,-0.00765,3.152747,0.836359,,,,,,,,
166,2026-03-18 22:05:07.212014,AUDUSD,SELL,0.70308,0.70563,0.69883,0.0017,32.06,sma_crossover,RISK_REJECTED,Conflicting BUY already open on AUDUSD,,,,,0.001638,-0.000725,-0.002936,-0.007019,-0.009719,-0.011473,0.70576,-0.003797,0.708376,-0.007477,0.708612,-0.007807,0.706364,-0.004649,0.707717,-0.006552,0.706062,0.707595,0.707865,-0.004024,0.00285,0.001265,-0.002167,27.419344,32.055628,36.601389,-0.001533,-0.000708,-0.000825,-0.701928,-0.971858,-1.147292,0.001887,0.002684,0.001701,0.002419,0.0016,0.002275,0.017688,0.077295,0.200896,0.150509,0.70303,1.0,0.29697,0.0,1.0,0.158022,0.124053,0.124053,-0.013156,0.001863,0.123335,-0.77157,23.0,2.0,0.0,0.0,0.0,-0.258819,0.965926,0.587785,-0.809017,25.818473,-0.000851,-0.002359,29.440996,-0.000695,-0.002212,33.548581,-0.000555,-0.004152,6.237155,2.5e-05,,,,,,,,
167,2026-03-18 22:05:08.185570,USDCHF,SELL,0.79215,0.7946,0.78848,0.00122,73.72,rsi_reversal,RISK_REJECTED,"H4 trend is UP, blocking SELL on USDCHF",,,,,-0.001198,-0.000845,-7.6e-05,0.003458,0.008273,0.008389,0.790363,0.002261,0.788036,0.005221,0.787228,0.006253,0.787675,0.005681,0.783367,0.011212,0.790148,0.788517,0.787715,0.003983,0.000458,0.004929,0.002068,75.820728,73.719066,68.949873,0.001631,0.000967,0.000663,0.345824,0.82734,0.838892,0.001368,0.001727,0.001224,0.001545,0.001138,0.001437,0.014071,0.871006,0.10093,0.080624,0.647887,-1.0,0.119718,0.232394,-1.0,0.823678,0.836066,0.85447,-0.001767,0.009013,0.083202,-0.868209,23.0,2.0,0.0,0.0,0.0,-0.258819,0.965926,0.587785,-0.809017,83.140056,0.000756,0.000353,82.528995,0.000732,0.00077,81.146694,0.000652,0.002848,-9.42099,-9.2e-05,,,,,,,,
168,2026-03-18 23:05:03.464678,USDCAD,SELL,1.37369,1.37643,1.36959,0.00137,66.0,bollinger_bounce,RISK_REJECTED,Position already open on USDCAD,,,,,0.001297,0.000634,0.00086,0.002884,0.002101,0.002862,1.371276,0.00176,1.370621,0.002239,1.369814,0.00283,1.368972,0.003446,1.363564,0.007426,1.371449,1.370662,1.369916,0.001067,0.001205,0.004583,0.000574,72.36181,65.997815,62.729247,0.000787,0.000454,0.000333,0.288376,0.210095,0.286179,0.001519,0.001105,0.001368,0.000996,0.001292,0.00094,0.003813,1.087195,0.059691,0.054648,0.890547,1.0,0.039801,0.069652,1.0,0.983968,0.983968,0.986254,-5.8e-05,0.003574,0.259399,1.2954,0.0,3.0,0.0,0.0,1.0,0.0,1.0,-0.587785,-0.809017,58.90532,0.000252,-0.000663,65.379264,0.000276,0.000226,64.132301,0.000194,0.000576,7.092495,8.2e-05,,,,,,,,
169,2026-03-19 00:05:07.325244,NZDUSD,BUY,0.5791,0.57643,0.5831,0.00133,28.24,rsi_reversal,RISK_REJECTED,Conflicting SELL already open on NZDUSD,,,,,0.000605,-0.000863,-0.000604,-0.00399,-0.006741,-0.011572,0.581481,-0.004095,0.583442,-0.007442,0.58434,-0.008967,0.583512,-0.007561,0.587295,-0.013953,0.581386,0.582944,0.583733,-0.004893,-0.00012,-0.005031,-0.002673,22.297059,28.241342,32.911355,-0.001558,-0.000944,-0.000614,-0.399023,-0.674065,-1.157234,0.001439,0.002486,0.001333,0.002302,0.001225,0.002115,0.018979,0.107871,0.13413,0.141806,0.642857,1.0,0.107143,0.25,1.0,0.103916,0.078231,0.078231,-0.014039,0.001192,0.647956,-0.220432,1.0,3.0,0.0,0.0,1.0,0.258819,0.965926,-0.587785,-0.809017,25.544122,-0.000659,-0.001467,27.909855,-0.000629,0.000259,26.798943,-0.000605,-0.001878,2.697219,4.5e-05,,,,,,,,
170,2026-03-19 00:05:07.809656,USDCHF,SELL,0.79257,0.79489,0.78909,0.00116,73.57,rsi_reversal,RISK_REJECTED,"H4 trend is UP, blocking SELL on USDCHF",,,,,-0.000303,0.000518,-0.000668,0.000454,0.005697,0.009232,0.791279,0.001632,0.788766,0.004823,0.787448,0.006504,0.787829,0.006018,0.783487,0.011593,0.790868,0.789113,0.788098,0.004865,0.001189,0.005056,0.002225,74.878319,73.570933,69.237488,0.001756,0.001246,0.00051,0.045442,0.569739,0.923191,0.001201,0.001516,0.001159,0.001462,0.001112,0.001403,0.014937,0.822881,0.079192,0.080527,0.55814,-1.0,0.232558,0.209302,-1.0,0.841935,0.885246,0.898129,-0.001236,0.009539,0.273386,-0.630756,1.0,3.0,0.0,0.0,1.0,0.258819,0.965926,-0.587785,-0.809017,75.827773,0.000604,0.000821,73.807102,0.000664,-0.001185,83.140056,0.000756,0.000353,-2.256841,-9.5e-05,,,,,,,,
171,2026-03-19 01:05:03.727954,XAUUSD,BUY,4841.99,4791.304,4918.019,25.343,29.62,rsi_reversal,RISK_REJECTED,Position already open on XAUUSD,,,,,0.000151,0.001059,0.001508,-0.000221,-0.005672,-0.029091,4850.87,-0.001831,4900.889,-0.012018,4965.3408,-0.024842,5006.5504,-0.032869,5079.80295,-0.046815,4862.815491,4904.24285,4946.006665,-0.023054,-0.021105,-0.022533,-0.008447,32.832266,29.621278,30.672039,-41.427358,-38.206363,-3.220995,-0.022093,-0.567191,-2.909123,25.331921,0.005232,25.342999,0.005234,24.029562,0.004963,0.053891,0.276994,0.292825,0.304448,0.055982,1.0,0.875,0.069018,4.0,0.391522,0.17416,0.153615,-0.036,0.007592,0.142981,-0.830385,3.0,3.0,0.0,0.0,1.0,0.707107,0.707107,-0.587785,-0.809017,29.318774,-5.220018,0.000908,27.580563,-7.354443,0.000449,26.753775,-9.172705,0.003485,0.302504,1.999024,,,,,,,,
172,2026-03-19 01:05:04.160357,USDCHF,SELL,0.7923,0.79457,0.78889,0.00114,70.96,rsi_reversal,RISK_REJECTED,"H4 trend is UP, blocking SELL on USDCHF",,,,,-0.000442,-0.000643,0.000177,-0.000656,0.004756,0.009004,0.791662,0.000806,0.789123,0.004025,0.787535,0.00605,0.787894,0.005592,0.783551,0.011165,0.791099,0.789354,0.788265,0.00524,0.00156,0.005085,0.00221,69.704369,70.958125,67.544453,0.001745,0.001347,0.000398,-0.065589,0.475556,0.900373,0.00115,0.001452,0.001137,0.001435,0.001103,0.001392,0.014841,0.771232,0.082379,0.08119,0.460526,-1.0,0.131579,0.407895,-2.0,0.775986,0.85363,0.870062,-0.001578,0.009201,0.444383,-0.156304,2.0,3.0,0.0,0.0,1.0,0.5,0.866025,-0.587785,-0.809017,74.308137,0.000515,-0.000202,75.827773,0.000604,0.000821,73.807102,0.000664,-0.001185,-3.350012,-0.000117,,,,,,,,
173,2026-03-19 03:05:03.740330,XAUUSD,BUY,4859.68,4797.19914,4947.1532,24.99234,50.0,macd_crossover,RISK_REJECTED,Position already open on XAUUSD,,,,,0.000191,0.00201,0.003805,0.005167,-0.005576,-0.029886,4848.563,0.002293,4886.8565,-0.005561,4959.5652,-0.02014,5001.8159,-0.028417,5077.55035,-0.042909,4862.678465,4898.325917,4939.621095,-0.022381,-0.022984,-0.023237,-0.007277,45.655523,36.513477,35.441453,-35.647452,-37.611521,1.964069,0.516681,-0.55761,-2.988587,24.296805,0.005,24.992342,0.005143,23.991361,0.004937,0.046138,0.379467,0.267994,0.30133,0.14006,1.0,0.281627,0.578313,6.0,0.579934,0.25962,0.227539,-0.031953,0.011204,0.066738,-0.933323,5.0,3.0,0.0,0.0,1.0,0.965926,0.258819,-0.587785,-0.809017,36.149258,-0.091412,0.001819,32.751725,-2.714282,0.001791,29.318774,-5.220018,0.000908,0.364219,2.055481,,,,,,,,
174,2026-03-19 04:05:03.231116,NZDUSD,BUY,0.58205,0.57863,0.58683,0.00137,50.0,macd_crossover,RISK_REJECTED,Conflicting SELL already open on NZDUSD,,,,,0.000498,0.001256,0.000739,0.005702,-0.003288,-0.006283,0.580593,0.00251,0.582531,-0.000825,0.584081,-0.003477,0.583374,-0.00227,0.587141,-0.008671,0.581577,0.582633,0.583443,-0.005971,-0.001446,-0.005213,-0.001813,54.333195,46.614086,45.714087,-0.001056,-0.001098,4.2e-05,0.570194,-0.328784,-0.628276,0.001423,0.002445,0.001367,0.002348,0.001261,0.002167,0.016142,0.448902,0.169742,0.160403,0.527273,1.0,0.472727,0.0,2.0,0.564341,0.456713,0.412698,-0.007439,0.006254,0.229644,-0.743358,5.0,3.0,0.0,0.0,1.0,0.965926,0.258819,-0.587785,-0.809017,45.04227,-8.1e-05,0.000757,42.663936,-0.000223,-0.000516,43.865796,-0.000372,0.003797,1.571816,0.000122,,,,,,,,
175,2026-03-19 05:05:03.572442,GBPUSD,SELL,1.32715,1.32896,1.31811,0.00181,37.12,sma_crossover,EXECUTED,,,,55807363547.0,,-6e-05,-0.000745,-0.001167,-0.001039,-0.000399,-0.006602,1.327224,-5.6e-05,1.329838,-0.002021,1.332506,-0.004019,1.330323,-0.002385,1.334925,-0.005825,1.328385,1.330091,1.331125,-0.003964,-0.000364,-0.001813,-0.001283,37.121657,38.196521,40.383415,-0.001706,-0.001595,-0.000111,-0.103874,-0.039919,-0.660194,0.001598,0.001204,0.001791,0.001349,0.001808,0.001362,0.01003,0.298481,0.073152,0.106651,0.266667,-1.0,0.4,0.333333,-3.0,0.438559,0.172213,0.167476,-0.007497,0.00156,0.043076,-0.900345,7.0,3.0,0.0,0.0,1.0,0.965926,-0.258819,-0.587785,-0.809017,38.419483,-0.00015,-0.000685,40.943909,-0.000184,-0.000421,42.541194,-0.000294,0.000286,-0.222962,3.9e-05,,,,,,,,
176,2026-03-19 06:05:02.736972,GBPUSD,SELL,1.32717,1.32898,1.3181,0.00181,37.24,ml_filtered_sma,RISK_REJECTED,Max positions or daily drawdown limit,,,,,-4.5e-05,-0.00073,-0.001152,-0.001024,-0.000384,-0.006587,1.327226,-4.2e-05,1.329839,-0.002007,1.332506,-0.004004,1.330323,-0.00237,1.334926,-0.00581,1.328388,1.330093,1.331126,-0.003962,-0.000364,-0.001813,-0.001282,37.240553,38.252019,40.423048,-0.001705,-0.001594,-0.00011,-0.102369,-0.038413,-0.658697,0.001615,0.001217,0.001799,0.001356,0.001812,0.001366,0.010028,0.299854,0.07315,0.106664,0.142857,-1.0,0.285714,0.571429,-3.0,0.442797,0.173877,0.169094,-0.007482,0.001575,0.237471,-0.445211,7.0,3.0,0.0,0.0,1.0,0.965926,-0.258819,-0.587785,-0.809017,38.419483,-0.00015,-0.000685,40.943909,-0.000184,-0.000421,42.541194,-0.000294,0.000286,-0.167464,4e-05,,,,,,,,
177,2026-03-19 07:05:04.878238,XAUUSD,BUY,4767.88,4711.59054,4852.3142,28.14473,22.78,rsi_reversal,EXECUTED,,,,55809286106.0,,0.000905,-0.012354,-0.016897,-0.018702,-0.010384,-0.040255,4828.117,-0.012476,4849.729,-0.016877,4941.943,-0.035222,4990.24,-0.044559,5071.6695,-0.059899,4829.426563,4871.592201,4918.777115,-0.023033,-0.028157,-0.025579,-0.008655,18.516487,22.783545,25.404137,-42.165639,-38.145382,-4.020257,-1.870234,-1.038417,-4.025476,30.34665,0.006365,28.144732,0.005903,25.77464,0.005406,0.031734,-0.031824,0.374909,0.362395,0.423265,1.0,0.504399,0.072336,1.0,0.169224,0.089185,0.067985,-0.043225,0.004232,0.129461,-0.907895,9.0,3.0,1.0,0.0,0.0,0.707107,-0.707107,-0.587785,-0.809017,21.166666,-2.132013,-0.013247,29.749368,2.037967,-0.0046,34.248007,2.54173,-0.000212,1.616879,-1.888244,,,,,,,,
178,2026-03-19 07:05:05.341507,XAUUSD,BUY,4767.88,4711.59054,4852.3142,28.14473,22.78,bollinger_bounce,RISK_REJECTED,Position already open on XAUUSD,,,,,0.000905,-0.012354,-0.016897,-0.018702,-0.010384,-0.040255,4828.117,-0.012476,4849.729,-0.016877,4941.943,-0.035222,4990.24,-0.044559,5071.6695,-0.059899,4829.426563,4871.592201,4918.777115,-0.023033,-0.028157,-0.025579,-0.008655,18.516487,22.783545,25.404137,-42.165639,-38.145382,-4.020257,-1.870234,-1.038417,-4.025476,30.34665,0.006365,28.144732,0.005903,25.77464,0.005406,0.031734,-0.031824,0.374909,0.362395,0.423265,1.0,0.504399,0.072336,1.0,0.169224,0.089185,0.067985,-0.043225,0.004232,0.129461,-0.907895,9.0,3.0,1.0,0.0,0.0,0.707107,-0.707107,-0.587785,-0.809017,21.166666,-2.132013,-0.013247,29.749368,2.037967,-0.0046,34.248007,2.54173,-0.000212,1.616879,-1.888244,,,,,,,,
179,2026-03-19 07:05:05.804916,USDCHF,SELL,0.79264,0.79515,0.78912,0.00101,50.0,macd_crossover,RISK_REJECTED,"H4 trend is UP, blocking SELL on USDCHF",,,,,-0.000202,6.3e-05,0.000758,0.001048,-0.00058,0.008525,0.792307,0.00042,0.79101,0.002061,0.787984,0.005909,0.788291,0.005517,0.784005,0.011014,0.791878,0.790428,0.789111,0.005486,0.003449,0.005075,0.001834,67.38917,68.693987,66.361036,0.00145,0.001463,-1.3e-05,0.104823,-0.058,0.852482,0.000915,0.001154,0.001005,0.001268,0.001038,0.00131,0.010767,0.691384,0.050723,0.081596,0.159574,-1.0,0.223404,0.617021,-1.0,0.744681,0.888069,0.905405,-0.001148,0.009109,0.483558,-0.109994,8.0,3.0,1.0,0.0,0.0,0.866025,-0.5,-0.587785,-0.809017,70.399456,2.2e-05,0.000265,69.475858,3.9e-05,0.000694,66.969411,6.2e-05,0.000531,-1.705469,-3.5e-05,,,,,,,,
180,2026-03-19 08:05:04.035981,USDJPY,BUY,159.203,158.83202,159.75947,0.18549,39.44,bollinger_bounce,EXECUTED,,,,55810298993.0,,-0.000195,-0.002981,-0.003187,-0.002675,-0.003543,-0.001518,159.602,-0.0025,159.6074,-0.002534,159.23554,-0.000204,159.28882,-0.000539,158.87649,0.002055,159.527138,159.46425,159.356142,0.002301,0.002,0.00226,0.000394,22.960511,39.43708,44.927247,0.062888,0.13186,-0.068972,-0.267494,-0.354261,-0.151776,0.195257,0.001226,0.185489,0.001165,0.184137,0.001157,0.004672,-0.042279,0.070593,0.067128,0.198718,-1.0,0.5,0.301282,-3.0,0.068017,0.063514,0.478555,-0.004353,0.000295,0.261016,-0.884563,10.0,3.0,1.0,0.0,0.0,0.5,-0.866025,-0.587785,-0.809017,40.399586,-0.048181,-0.002787,59.879752,-0.016305,-0.000207,61.936258,-0.011738,0.000363,-0.962507,-0.020791,,,,,,,,
181,2026-03-19 08:05:04.483953,XAUUSD,BUY,4737.46,4677.06437,4828.05344,30.19781,21.4,rsi_reversal,RISK_REJECTED,Position already open on XAUUSD,,,,,0.002033,-0.005481,-0.018656,-0.023377,-0.020113,-0.039096,4814.39,-0.015979,4838.09,-0.0208,4935.1332,-0.040054,4986.0769,-0.049862,5069.44725,-0.065488,4810.066855,4858.910941,4910.158396,-0.024466,-0.02968,-0.026495,-0.010052,17.909046,21.404026,23.966522,-48.844086,-40.796047,-8.048039,-2.33773,-2.011293,-3.90957,33.659373,0.007105,30.197813,0.006374,26.945686,0.005688,0.037792,-0.050362,0.390129,0.365441,0.722014,1.0,0.226146,0.051841,1.0,0.073814,0.050263,0.032515,-0.041161,0.002178,0.112049,-0.908805,10.0,3.0,1.0,0.0,0.0,0.5,-0.866025,-0.587785,-0.809017,18.036581,-6.574878,-0.007499,21.166666,-2.132013,-0.013247,29.749368,2.037967,-0.0046,3.367445,-1.473161,,,,,,,,
182,2026-03-19 08:05:04.900616,XAUUSD,BUY,4737.46,4677.06437,4828.05344,30.19781,21.4,bollinger_bounce,RISK_REJECTED,Position already open on XAUUSD,,,,,0.002033,-0.005481,-0.018656,-0.023377,-0.020113,-0.039096,4814.39,-0.015979,4838.09,-0.0208,4935.1332,-0.040054,4986.0769,-0.049862,5069.44725,-0.065488,4810.066855,4858.910941,4910.158396,-0.024466,-0.02968,-0.026495,-0.010052,17.909046,21.404026,23.966522,-48.844086,-40.796047,-8.048039,-2.33773,-2.011293,-3.90957,33.659373,0.007105,30.197813,0.006374,26.945686,0.005688,0.037792,-0.050362,0.390129,0.365441,0.722014,1.0,0.226146,0.051841,1.0,0.073814,0.050263,0.032515,-0.041161,0.002178,0.112049,-0.908805,10.0,3.0,1.0,0.0,0.0,0.5,-0.866025,-0.587785,-0.809017,18.036581,-6.574878,-0.007499,21.166666,-2.132013,-0.013247,29.749368,2.037967,-0.0046,3.367445,-1.473161,,,,,,,,
183,2026-03-19 09:05:04.947229,USDJPY,BUY,159.093,158.70936,159.66847,0.19182,36.19,bollinger_bounce,RISK_REJECTED,Position already open on USDJPY,,,,,-0.000559,-0.000885,-0.00367,-0.003514,-0.004493,-0.002533,159.5281,-0.002727,159.58615,-0.00309,159.23232,-0.000875,159.28446,-0.001202,158.878605,0.001349,159.457614,159.43531,159.345031,0.001858,0.001894,0.002226,0.00014,19.490304,36.187425,42.403153,0.022304,0.109681,-0.087377,-0.351385,-0.449281,-0.253296,0.204547,0.001286,0.191822,0.001206,0.187599,0.001179,0.005519,-0.059905,0.068393,0.067292,0.946809,-1.0,0.053191,0.0,-4.0,0.069136,0.065192,0.395786,-0.005047,0.000352,0.137124,-0.923278,11.0,3.0,1.0,0.0,0.0,0.258819,-0.965926,-0.587785,-0.809017,38.810702,-0.070312,-0.000327,40.399586,-0.048181,-0.002787,59.879752,-0.016305,-0.000207,-2.623278,-0.017065,,,,,,,,
184,2026-03-19 09:05:05.707530,XAUUSD,BUY,4714.37,4651.23396,4809.07406,31.56802,18.49,rsi_reversal,EXECUTED,,,,55811574548.0,,0.001074,-0.002851,-0.010328,-0.027931,-0.025326,-0.034239,4799.325,-0.017701,4828.3255,-0.023601,4928.4424,-0.043436,4981.6971,-0.053662,5067.17895,-0.069626,4791.679765,4846.273478,4901.41979,-0.026198,-0.030787,-0.027379,-0.011265,13.792656,18.488638,21.628115,-54.593713,-43.914874,-10.678839,-2.793088,-2.53263,-3.423941,35.493953,0.007529,31.56802,0.006696,27.798352,0.005897,0.045643,-0.017092,0.379521,0.335177,0.423431,1.0,0.564017,0.012552,1.0,0.152804,0.129646,0.079858,-0.039189,0.005837,0.120731,-0.919043,11.0,3.0,1.0,0.0,0.0,0.258819,-0.965926,-0.587785,-0.809017,16.659532,-9.844506,-0.003921,18.036581,-6.574878,-0.007499,21.166666,-2.132013,-0.013247,1.829106,-0.834333,,,,,,,,
185,2026-03-19 09:05:06.431296,XAUUSD,BUY,4714.37,4651.23396,4809.07406,31.56802,18.49,bollinger_bounce,RISK_REJECTED,Position already open on XAUUSD,,,,,0.001074,-0.002851,-0.010328,-0.027931,-0.025326,-0.034239,4799.325,-0.017701,4828.3255,-0.023601,4928.4424,-0.043436,4981.6971,-0.053662,5067.17895,-0.069626,4791.679765,4846.273478,4901.41979,-0.026198,-0.030787,-0.027379,-0.011265,13.792656,18.488638,21.628115,-54.593713,-43.914874,-10.678839,-2.793088,-2.53263,-3.423941,35.493953,0.007529,31.56802,0.006696,27.798352,0.005897,0.045643,-0.017092,0.379521,0.335177,0.423431,1.0,0.564017,0.012552,1.0,0.152804,0.129646,0.079858,-0.039189,0.005837,0.120731,-0.919043,11.0,3.0,1.0,0.0,0.0,0.258819,-0.965926,-0.587785,-0.809017,16.659532,-9.844506,-0.003921,18.036581,-6.574878,-0.007499,21.166666,-2.132013,-0.013247,1.829106,-0.834333,,,,,,,,
186,2026-03-19 09:05:07.222635,AUDUSD,BUY,0.70369,0.69983,0.7091,0.00154,50.0,macd_crossover,RISK_REJECTED,Position already open on AUDUSD,,,,,0.001537,-0.000156,0.000555,-0.001306,0.001908,-0.002947,0.703774,-0.000119,0.7046,-0.001292,0.707893,-0.005937,0.705908,-0.003142,0.70789,-0.005933,0.704003,0.705339,0.706365,-0.005818,-0.001853,3e-06,-0.001895,45.796794,42.004729,42.554241,-0.001336,-0.001383,4.7e-05,-0.130569,0.190788,-0.294714,0.001537,0.002185,0.001544,0.002195,0.001535,0.002181,0.011166,0.384332,0.093031,0.124757,0.666667,1.0,0.148148,0.185185,1.0,0.45858,0.263014,0.181818,-0.007645,0.002728,0.960371,-0.234934,10.0,3.0,1.0,0.0,0.0,0.5,-0.866025,-0.587785,-0.809017,36.051254,-1.6e-05,-0.001691,40.282115,1.4e-05,0.000711,37.416578,-3.9e-05,-0.000625,5.953475,6.3e-05,,,,,,,,
187,2026-03-19 10:05:03.942152,XAUUSD,BUY,4710.96,4646.9599,4806.96015,32.00005,20.28,rsi_reversal,RISK_REJECTED,Position already open on XAUUSD,,,,,0.002543,0.00035,-0.003572,-0.024145,-0.026914,-0.034283,4784.759,-0.015424,4819.1955,-0.022459,4922.1526,-0.042907,4977.5325,-0.053555,5064.95315,-0.069891,4777.261813,4835.196759,4893.372047,-0.027913,-0.03181,-0.028194,-0.011982,17.903945,20.282682,22.725212,-57.934946,-46.914936,-11.02001,-2.41449,-2.691448,-3.428314,35.530939,0.007542,32.000049,0.006793,28.182276,0.005982,0.050749,0.057444,0.38015,0.339656,0.892457,1.0,0.036594,0.070948,1.0,0.13387,0.113582,0.069963,-0.039941,0.005118,0.098657,-0.933127,12.0,3.0,1.0,0.0,0.0,0.0,-1.0,-0.587785,-0.809017,15.931799,-11.659079,-0.002187,16.659532,-9.844506,-0.003921,18.036581,-6.574878,-0.007499,4.350883,0.639068,,,,,,,,
188,2026-03-19 10:38:40.340145,USDCHF,BUY,0.79466,0.79214,0.79847,0.00133,50.0,macd_crossover,EXECUTED,,,,55813312826.0,,0.00131,0.002713,0.003321,0.002346,0.003422,0.007748,0.792571,0.002636,0.792099,0.003233,0.788371,0.007977,0.788546,0.007754,0.78424,0.013287,0.792569,0.791154,0.789702,0.005327,0.004506,0.005268,0.001788,80.140279,74.635198,70.93368,0.001415,0.001387,2.8e-05,0.234612,0.342193,0.77484,0.00155,0.001951,0.001332,0.001676,0.001205,0.001517,0.006623,0.988161,0.056458,0.071068,0.578652,1.0,0.117978,0.303371,3.0,0.830396,0.896783,0.933043,-0.000969,0.008419,0.927152,-0.636642,12.0,3.0,1.0,0.0,0.0,0.0,-1.0,-0.587785,-0.809017,70.760657,-6.5e-05,0.001401,65.544477,-0.000121,0.000606,62.885845,-0.000109,0.0,3.874541,9.3e-05,,,,,,,,
189,2026-03-19 10:42:14.861419,USDCHF,BUY,0.79532,0.79276,0.79925,0.00137,50.0,macd_crossover,RISK_REJECTED,Position already open on USDCHF,,,,,0.002142,0.003546,0.004154,0.003179,0.004255,0.008585,0.792637,0.003385,0.792132,0.004025,0.788385,0.008797,0.788552,0.008583,0.784243,0.014124,0.79267,0.791203,0.789728,0.005394,0.00454,0.005281,0.001855,82.807195,76.602758,72.53133,0.001467,0.001397,7e-05,0.317861,0.425532,0.858538,0.001619,0.002036,0.001366,0.001718,0.001222,0.001537,0.006997,1.075203,0.068472,0.075822,0.747788,1.0,0.013274,0.238938,3.0,0.975771,0.985255,0.990435,-0.000138,0.009242,1.073883,-0.575875,12.0,3.0,1.0,0.0,0.0,0.0,-1.0,-0.587785,-0.809017,70.760657,-6.5e-05,0.001401,65.544477,-0.000121,0.000606,62.885845,-0.000109,0.0,5.842101,0.000135,,,,,,,,
190,2026-03-19 10:42:15.308919,USDCHF,SELL,0.79532,0.79737,0.7919,0.00137,76.6,bollinger_bounce,RISK_REJECTED,Conflicting BUY already open on USDCHF,,,,,0.002142,0.003546,0.004154,0.003179,0.004255,0.008585,0.792637,0.003385,0.792132,0.004025,0.788385,0.008797,0.788552,0.008583,0.784243,0.014124,0.79267,0.791203,0.789728,0.005394,0.00454,0.005281,0.001855,82.807195,76.602758,72.53133,0.001467,0.001397,7e-05,0.317861,0.425532,0.858538,0.001619,0.002036,0.001366,0.001718,0.001222,0.001537,0.006997,1.075203,0.068472,0.075822,0.747788,1.0,0.013274,0.238938,3.0,0.975771,0.985255,0.990435,-0.000138,0.009242,1.073883,-0.575875,12.0,3.0,1.0,0.0,0.0,0.0,-1.0,-0.587785,-0.809017,70.760657,-6.5e-05,0.001401,65.544477,-0.000121,0.000606,62.885845,-0.000109,0.0,5.842101,0.000135,,,,,,,,
191,2026-03-19 11:05:03.970321,XAUUSD,BUY,4688.3,4645.99006,4781.38187,33.84795,18.03,rsi_reversal,RISK_REJECTED,Position already open on XAUUSD,,,,,0.001983,-0.002279,-0.004461,-0.015801,-0.033326,-0.037233,4765.402,-0.01618,4808.533,-0.025004,4914.8542,-0.046096,4972.9397,-0.057238,5062.4293,-0.073903,4759.41751,4822.124845,4884.126576,-0.030408,-0.03306,-0.029151,-0.013004,14.880526,18.027496,20.853619,-62.707335,-50.481083,-12.226252,-1.580117,-3.332625,-3.723296,38.315295,0.008173,33.847954,0.00722,29.293458,0.006248,0.057658,0.066341,0.354678,0.340317,0.445031,1.0,0.551128,0.003841,1.0,0.109043,0.093481,0.059578,-0.044967,0.004637,0.126027,-0.905026,13.0,3.0,1.0,1.0,0.0,-0.258819,-0.965926,-0.587785,-0.809017,14.598921,-13.058346,-0.004254,15.931799,-11.659079,-0.002187,16.659532,-9.844506,-0.003921,3.428575,0.832094,,,,,,,,
192,2026-03-19 11:05:04.496303,USDCHF,SELL,0.79502,0.79701,0.7917,0.00133,72.87,rsi_reversal,RISK_REJECTED,Conflicting BUY already open on USDCHF,,,,,-0.000578,0.001764,0.003167,0.003775,0.004054,0.007387,0.792974,0.00258,0.792431,0.003267,0.788554,0.0082,0.788626,0.008108,0.784312,0.013653,0.793052,0.791496,0.789942,0.005605,0.004825,0.005408,0.001966,75.37797,72.870206,70.109477,0.001556,0.001431,0.000125,0.377511,0.4054,0.738732,0.001505,0.001893,0.001329,0.001672,0.001209,0.001521,0.006891,0.973995,0.074909,0.078961,0.851852,-1.0,0.055556,0.092593,-1.0,0.862213,0.909959,0.94383,-0.00083,0.00839,0.095174,-0.937512,13.0,3.0,1.0,1.0,0.0,-0.258819,-0.965926,-0.587785,-0.809017,77.034621,8.1e-05,0.002344,70.760657,-6.5e-05,0.001401,65.544477,-0.000121,0.000606,-4.164415,4.5e-05,,,,,,,,
193,2026-03-19 11:39:30.537419,XAUUSD,BUY,4682.66,4639.72863,4777.10902,34.3451,15.98,rsi_reversal,RISK_REJECTED,Position already open on XAUUSD,,,,,0.000778,-0.003479,-0.005659,-0.016985,-0.034489,-0.038391,4764.838,-0.017247,4808.251,-0.02612,4914.7414,-0.047221,4972.8833,-0.058361,5062.4011,-0.075012,4758.549818,4821.707068,4883.9054,-0.030501,-0.033106,-0.029168,-0.013099,10.944521,15.977384,19.424127,-63.15725,-50.571066,-12.586184,-1.698516,-3.448916,-3.839116,39.30958,0.008395,34.345097,0.007335,29.542029,0.006309,0.058098,0.050417,0.343505,0.336579,0.130623,1.0,0.616049,0.253329,1.0,0.080754,0.069229,0.044122,-0.046226,0.003438,0.762799,-0.406129,13.0,3.0,1.0,1.0,0.0,-0.258819,-0.965926,-0.587785,-0.809017,14.598921,-13.058346,-0.004254,15.931799,-11.659079,-0.002187,16.659532,-9.844506,-0.003921,1.378463,0.472163,,,,,,,,
194,2026-03-19 11:39:31.214107,USDCHF,SELL,0.79542,0.79751,0.79193,0.0014,76.46,rsi_reversal,RISK_REJECTED,Conflicting BUY already open on USDCHF,,,,,-7.5e-05,0.002268,0.003672,0.00428,0.004559,0.007894,0.793014,0.003034,0.792452,0.003746,0.788562,0.008697,0.78863,0.00861,0.784314,0.01416,0.793114,0.791526,0.789958,0.005646,0.004846,0.005416,0.002006,82.21521,76.464643,72.517063,0.001588,0.001437,0.000151,0.428014,0.455917,0.789417,0.00164,0.002061,0.001396,0.001756,0.001243,0.001563,0.007104,1.027283,0.071412,0.077513,0.040541,-1.0,0.216216,0.743243,-1.0,0.922607,0.948993,0.967987,-0.000478,0.008888,0.689997,-0.533018,13.0,3.0,1.0,1.0,0.0,-0.258819,-0.965926,-0.587785,-0.809017,77.034621,8.1e-05,0.002344,70.760657,-6.5e-05,0.001401,65.544477,-0.000121,0.000606,-0.569978,7e-05,,,,,,,,
195,2026-03-19 11:39:31.959714,USDCHF,SELL,0.79542,0.79751,0.79193,0.0014,76.46,bollinger_bounce,RISK_REJECTED,Conflicting BUY already open on USDCHF,,,,,-7.5e-05,0.002268,0.003672,0.00428,0.004559,0.007894,0.793014,0.003034,0.792452,0.003746,0.788562,0.008697,0.78863,0.00861,0.784314,0.01416,0.793114,0.791526,0.789958,0.005646,0.004846,0.005416,0.002006,82.21521,76.464643,72.517063,0.001588,0.001437,0.000151,0.428014,0.455917,0.789417,0.00164,0.002061,0.001396,0.001756,0.001243,0.001563,0.007104,1.027283,0.071412,0.077513,0.040541,-1.0,0.216216,0.743243,-1.0,0.922607,0.948993,0.967987,-0.000478,0.008888,0.689997,-0.533018,13.0,3.0,1.0,1.0,0.0,-0.258819,-0.965926,-0.587785,-0.809017,77.034621,8.1e-05,0.002344,70.760657,-6.5e-05,0.001401,65.544477,-0.000121,0.000606,-0.569978,7e-05,,,,,,,,
196,2026-03-19 12:58:27.395035,USDJPY,BUY,158.917,158.70904,159.95679,0.20796,30.93,bollinger_bounce,NEWS_FILTERED,HIGH impact: Unemployment Claims (USD) 28min ago,,,,,-0.000886,-0.001301,-0.00147,-0.001991,-0.004654,-0.003461,159.3341,-0.002618,159.5252,-0.003813,159.22834,-0.001955,159.273,-0.002235,158.88307,0.000214,159.29108,159.354678,159.311447,0.000664,0.001583,0.002173,-0.000399,13.864974,30.931781,38.326939,-0.063598,0.038709,-0.102307,-0.199078,-0.465364,-0.346149,0.230989,0.001454,0.207958,0.001309,0.19628,0.001235,0.007462,-0.010964,0.068383,0.0674,0.322727,-1.0,0.531818,0.145455,-7.0,0.067298,0.061361,0.263356,-0.00616,0.000403,1.907436,1.353304,14.0,3.0,1.0,1.0,0.0,-0.5,-0.866025,-0.587785,-0.809017,34.924341,-0.094884,-0.000415,37.000163,-0.090396,-0.00017,37.854874,-0.083675,-0.000195,-3.99256,-0.007423,,,,,,,,
197,2026-03-19 13:05:04.541968,AUDUSD,SELL,0.70113,0.7043,0.69627,0.00169,50.0,macd_crossover,RISK_REJECTED,"H4 trend is UP, blocking SELL on AUDUSD",,,,,-0.001069,-0.004459,-0.005588,-0.003624,-0.004939,-0.009829,0.703526,-0.003406,0.703602,-0.003513,0.707448,-0.008931,0.705862,-0.006704,0.708026,-0.00974,0.703553,0.70473,0.70585,-0.005544,-0.003202,-0.000816,-0.00167,30.772201,35.664872,38.094366,-0.001177,-0.001154,-2.3e-05,-0.362381,-0.49389,-0.982926,0.001783,0.002544,0.001691,0.002411,0.001616,0.002305,0.006885,-0.010269,0.139664,0.143086,0.657895,-1.0,0.140351,0.201754,-4.0,0.042357,0.028152,0.020122,-0.011325,0.000328,0.240027,-0.880492,15.0,3.0,1.0,1.0,0.0,-0.707107,-0.707107,-0.587785,-0.809017,37.716052,0.000124,-0.003394,45.451023,0.000288,-0.001135,48.545512,0.0003,-0.001006,-2.05118,-0.000147,,,,,,,,
198,2026-03-19 13:05:05.145769,USDCHF,SELL,0.79335,0.79599,0.7893,0.00141,50.0,macd_crossover,RISK_REJECTED,Conflicting BUY already open on USDCHF,,,,,-0.000655,-0.001573,-0.002678,0.00106,0.001654,0.004291,0.793288,7.8e-05,0.792802,0.000691,0.788804,0.005763,0.788722,0.005868,0.784437,0.011363,0.793158,0.79177,0.790208,0.005685,0.005174,0.005567,0.001754,53.40123,60.093191,61.174104,0.001389,0.001426,-3.7e-05,0.105992,0.165396,0.429136,0.001593,0.002008,0.001409,0.001776,0.001261,0.001589,0.004965,0.639091,0.088059,0.085549,0.525253,-1.0,0.424242,0.050505,-3.0,0.455556,0.615987,0.793597,-0.003088,0.004954,0.262,-0.877847,15.0,3.0,1.0,1.0,0.0,-0.707107,-0.707107,-0.587785,-0.809017,63.823445,4.5e-05,-0.000919,69.442641,9.8e-05,-0.001106,77.034621,8.1e-05,0.002344,-3.730254,-8.2e-05,,,,,,,,
199,2026-03-19 13:05:05.619588,EURUSD,SELL,1.14941,1.15299,1.14315,0.00179,54.45,bollinger_bounce,NEWS_FILTERED,HIGH impact: Main Refinancing Rate (EUR) in 10min,,,,,0.000609,0.001272,0.001787,0.003773,0.001699,-0.001945,1.147174,0.001949,1.147037,0.002069,1.150681,-0.001105,1.148878,0.000463,1.153221,-0.003305,1.147744,1.148365,1.149216,-0.003048,-0.001602,-0.002203,-0.00054,66.193589,54.448492,51.272054,-0.000621,-0.001077,0.000456,0.377263,0.169941,-0.194504,0.001852,0.001611,0.00179,0.001557,0.001706,0.001485,0.00411,1.003367,0.078695,0.095073,0.522388,1.0,0.052239,0.425373,3.0,0.986538,0.623329,0.456406,-0.002697,0.004463,0.241605,-0.894927,15.0,3.0,1.0,1.0,0.0,-0.707107,-0.707107,-0.587785,-0.809017,51.632261,0.000351,0.000662,48.417106,0.000243,0.000514,45.820947,0.000145,-0.000575,2.81623,0.000105,,,,,,,,
200,2026-03-19 13:05:06.372017,USDJPY,BUY,158.819,158.51306,159.82581,0.20196,28.51,bollinger_bounce,EXECUTED,,,,55817070157.0,,-0.000547,-0.001503,-0.001917,-0.00228,-0.00508,-0.003664,159.2519,-0.002718,159.49545,-0.004241,159.2225,-0.002534,159.26774,-0.002818,158.883515,-0.000406,159.21702,159.314244,159.291721,0.000185,0.00143,0.002134,-0.00061,11.754881,28.511638,36.322003,-0.097224,0.011382,-0.108606,-0.228041,-0.50805,-0.366367,0.215705,0.001358,0.201961,0.001272,0.193699,0.00122,0.00846,-0.001325,0.068255,0.067833,0.701613,-1.0,0.274194,0.024194,-8.0,0.003036,0.002778,0.189616,-0.006781,1.9e-05,0.217037,-0.891842,15.0,3.0,1.0,1.0,0.0,-0.707107,-0.707107,-0.587785,-0.809017,30.658351,-0.103009,-0.000956,34.924341,-0.094884,-0.000415,37.000163,-0.090396,-0.00017,-2.146713,-0.005596,,,,,,,,
201,2026-03-19 13:05:07.040064,AUDUSD,BUY,0.70113,0.69855,0.70532,0.00169,35.66,bollinger_bounce,EXECUTED,,,,55817070960.0,,-0.001069,-0.004459,-0.005588,-0.003624,-0.004939,-0.009829,0.703526,-0.003406,0.703602,-0.003513,0.707448,-0.008931,0.705862,-0.006704,0.708026,-0.00974,0.703553,0.70473,0.70585,-0.005544,-0.003202,-0.000816,-0.00167,30.772201,35.664872,38.094366,-0.001177,-0.001154,-2.3e-05,-0.362381,-0.49389,-0.982926,0.001783,0.002544,0.001691,0.002411,0.001616,0.002305,0.006885,-0.010269,0.139664,0.143086,0.657895,-1.0,0.140351,0.201754,-4.0,0.042357,0.028152,0.020122,-0.011325,0.000328,0.240027,-0.880492,15.0,3.0,1.0,1.0,0.0,-0.707107,-0.707107,-0.587785,-0.809017,37.716052,0.000124,-0.003394,45.451023,0.000288,-0.001135,48.545512,0.0003,-0.001006,-2.05118,-0.000147,,,,,,,,
202,2026-03-19 14:05:06.748379,XAUUSD,BUY,4629.1,4571.90619,4754.92637,45.75505,24.32,rsi_reversal,RISK_REJECTED,"H4 trend is DOWN, blocking BUY on XAUUSD",,,,,0.001623,0.01194,-0.004816,-0.014878,-0.045513,-0.053439,4688.296,-0.012626,4765.958,-0.028716,4889.9102,-0.053336,4957.8651,-0.066312,5053.9456,-0.084062,4697.627109,4776.182285,4851.744894,-0.041231,-0.038708,-0.032457,-0.016447,27.507234,24.323401,24.630387,-78.555176,-63.926383,-14.628793,-1.48776,-4.551294,-5.343895,57.302226,0.012379,45.755045,0.009884,36.137104,0.007807,0.079711,0.139753,0.576726,0.462554,0.33542,1.0,0.627907,0.036673,2.0,0.360238,0.319077,0.239237,-0.058331,0.027334,0.202022,-0.906732,16.0,3.0,0.0,1.0,0.0,-0.866025,-0.5,-0.587785,-0.809017,22.49158,-17.5931,0.010301,9.746419,-19.210815,-0.016558,12.987954,-14.574742,-0.005882,1.831821,2.964307,,,,,,,,
203,2026-03-19 14:05:07.336807,EURUSD,SELL,1.15144,1.15555,1.14426,0.00205,60.43,bollinger_bounce,NEWS_FILTERED,HIGH impact: ECB Press Conference (EUR) 20min ago,,,,,-0.000287,0.002377,0.00304,0.002979,0.003976,0.003276,1.147866,0.003114,1.147343,0.003571,1.15071,0.000634,1.148957,0.002161,1.153218,-0.001542,1.14862,1.148754,1.149392,-0.002472,-0.001405,-0.002175,-0.000117,72.422106,60.429873,56.04161,-0.000134,-0.000858,0.000724,0.297904,0.3976,0.327617,0.002324,0.002018,0.002053,0.001783,0.001847,0.001604,0.006209,1.075125,0.09863,0.085503,0.231343,-1.0,0.701493,0.067164,-1.0,0.848341,0.848341,0.637011,-0.001112,0.006218,0.324406,-0.895911,16.0,3.0,0.0,1.0,0.0,-0.866025,-0.5,-0.587785,-0.809017,61.923092,0.000607,0.002664,51.632261,0.000351,0.000662,48.417106,0.000243,0.000514,-1.493219,0.000117,,,,,,,,
204,2026-03-19 14:05:08.190831,GBPUSD,SELL,1.33559,1.33948,1.32289,0.00255,66.38,bollinger_bounce,EXECUTED,,,,55819089303.0,,0.000442,0.004294,0.0048,0.005337,0.006299,0.005027,1.329075,0.004902,1.328176,0.005582,1.332118,0.002606,1.330122,0.004111,1.334788,0.000601,1.330197,1.330018,1.330672,-0.002284,-0.001463,-0.002,0.000134,80.513255,66.380777,60.688028,0.000178,-0.000942,0.00112,0.533685,0.629883,0.502668,0.003048,0.002282,0.002552,0.001911,0.002217,0.00166,0.008282,1.174013,0.114518,0.0994,0.186709,1.0,0.582278,0.231013,4.0,0.857032,0.857032,0.856366,-0.001378,0.008259,0.324718,-0.893526,16.0,3.0,0.0,1.0,0.0,-0.866025,-0.5,-0.587785,-0.809017,65.255203,0.000866,0.00385,52.41832,0.000465,0.000504,50.181772,0.000328,0.000994,1.125574,0.000255,,,,,,,,
205,2026-03-19 14:05:09.253243,USDJPY,BUY,158.171,157.80018,159.39407,0.24521,18.7,bollinger_bounce,EXECUTED,,,,55819089906.0,,-0.000335,-0.004625,-0.005577,-0.006158,-0.009289,-0.009766,159.0441,-0.00549,159.3877,-0.007634,159.19336,-0.006422,159.24869,-0.006767,158.879525,-0.00446,158.978639,159.18875,159.225353,-0.000938,0.000873,0.001975,-0.00132,5.771676,18.698445,26.921603,-0.210111,-0.040511,-0.169601,-0.615767,-0.928884,-0.976642,0.293176,0.001854,0.245214,0.00155,0.216504,0.001369,0.012597,-0.105961,0.11314,0.08799,0.323171,-1.0,0.091463,0.585366,-9.0,0.055523,0.052718,0.052718,-0.010906,0.000607,0.301999,-0.882818,16.0,3.0,0.0,1.0,0.0,-0.866025,-0.5,-0.587785,-0.809017,19.279264,-0.146577,-0.004292,30.658351,-0.103009,-0.000956,34.924341,-0.094884,-0.000415,-0.580818,-0.023023,,,,,,,,
206,2026-03-19 14:05:10.242416,NZDUSD,SELL,0.5838,0.58604,0.58021,0.00146,57.69,bollinger_bounce,EXECUTED,,,,55819090459.0,,0.000668,0.005373,0.004007,0.002731,0.003558,0.004093,0.581797,0.003443,0.581204,0.004467,0.583645,0.000266,0.583198,0.001033,0.586826,-0.005156,0.582022,0.582226,0.582876,-0.003166,-0.003418,-0.00542,-0.000352,67.610248,57.689408,53.924784,-0.000205,-0.000586,0.000381,0.273097,0.355835,0.409343,0.001603,0.002746,0.001457,0.002495,0.00133,0.002278,0.008667,1.015342,0.147534,0.135441,0.263514,1.0,0.614865,0.121622,2.0,0.815041,0.855556,0.611111,-0.001559,0.009233,0.31123,-0.89691,16.0,3.0,0.0,1.0,0.0,-0.866025,-0.5,-0.587785,-0.809017,56.105,0.000279,0.004701,41.983413,0.000142,-0.001359,45.956171,0.000201,-0.000138,1.584408,0.000102,,,,,,,,
207,2026-03-19 15:05:04.208731,XAUUSD,BUY,4615.97,4557.02639,4745.64594,47.15489,24.67,rsi_reversal,RISK_REJECTED,"H4 trend is DOWN, blocking BUY on XAUUSD",,,,,0.003127,-0.001218,0.00907,-0.013475,-0.043822,-0.048848,4664.389,-0.010381,4752.729,-0.028775,4881.6134,-0.054417,4952.8973,-0.068026,5051.50735,-0.086219,4681.481992,4762.427191,4841.461926,-0.044498,-0.040414,-0.033632,-0.016997,28.050788,24.665728,24.81307,-80.9452,-67.681399,-13.263801,-1.347504,-4.382167,-4.884783,57.985582,0.012562,47.154889,0.010216,37.238865,0.008067,0.084403,0.159079,0.588732,0.459971,0.626748,1.0,0.013112,0.36014,1.0,0.333883,0.311214,0.214411,-0.054372,0.024567,0.136381,-0.927156,17.0,3.0,0.0,1.0,0.0,-0.965926,-0.258819,-0.587785,-0.809017,21.126518,-16.385056,-0.004332,22.49158,-17.5931,0.010301,9.746419,-19.210815,-0.016558,3.53921,3.121254,,,,,,,,
208,2026-03-19 15:05:05.724387,EURUSD,SELL,1.15234,1.15651,1.14505,0.00208,63.36,bollinger_bounce,RISK_REJECTED,Correlated limit: 3 positions already betting USD_STRONG (max 3),,,,,0.000617,0.000495,0.00316,0.00434,0.005024,0.004796,1.148461,0.003378,1.147628,0.004106,1.1507,0.001425,1.149014,0.002894,1.153199,-0.000745,1.149217,1.149033,1.149515,-0.001946,-0.001207,-0.002167,0.00016,76.935152,63.356864,58.215735,0.000184,-0.000648,0.000832,0.43404,0.502364,0.479579,0.002331,0.002023,0.002083,0.001808,0.001871,0.001624,0.00737,1.057159,0.096237,0.083936,0.617391,1.0,0.034783,0.347826,1.0,0.9449,0.9449,0.717082,-0.000408,0.006994,0.142013,-0.946303,17.0,3.0,0.0,1.0,0.0,-0.965926,-0.258819,-0.587785,-0.809017,61.280686,0.000736,-0.000122,61.923092,0.000607,0.002664,51.632261,0.000351,0.000662,2.076178,9.5e-05,,,,,,,,
209,2026-03-19 15:05:06.416917,GBPUSD,SELL,1.33741,1.33992,1.32487,0.00251,69.55,bollinger_bounce,RISK_REJECTED,Position already open on GBPUSD,,,,,0.000726,0.001805,0.005662,0.007169,0.008331,0.007329,1.330265,0.005371,1.328705,0.006551,1.33219,0.003918,1.330245,0.005386,1.334813,0.001946,1.331417,1.330624,1.330968,-0.001445,-0.001157,-0.001965,0.000596,83.602683,69.548599,63.404693,0.000793,-0.000584,0.001377,0.716927,0.833107,0.732857,0.002883,0.002156,0.002508,0.001875,0.002207,0.001651,0.01062,1.116925,0.108859,0.098152,0.668966,1.0,0.006897,0.324138,5.0,0.998446,0.998446,0.997671,-1.5e-05,0.009608,0.188752,-0.930159,17.0,3.0,0.0,1.0,0.0,-0.965926,-0.258819,-0.587785,-0.809017,67.879871,0.001175,0.001079,65.255203,0.000866,0.00385,52.41832,0.000465,0.000504,1.668729,0.000202,,,,,,,,
210,2026-03-19 15:05:07.004890,NZDUSD,SELL,0.58432,0.58648,0.58071,0.00144,59.78,bollinger_bounce,RISK_REJECTED,Position already open on NZDUSD,,,,,0.000925,0.00156,0.006269,0.004763,0.005368,0.006511,0.582107,0.003802,0.581392,0.005036,0.583613,0.001212,0.583218,0.001889,0.586807,-0.004239,0.582373,0.58238,0.582932,-0.00258,-0.003132,-0.005444,-1.3e-05,70.619287,59.779724,55.518943,-7e-06,-0.000471,0.000463,0.476313,0.53682,0.651118,0.001549,0.002651,0.001443,0.002469,0.001328,0.002273,0.009805,1.013617,0.143774,0.13216,0.710526,1.0,0.026316,0.263158,3.0,0.920732,0.938095,0.670068,-0.000667,0.010114,0.180613,-0.932085,17.0,3.0,0.0,1.0,0.0,-0.965926,-0.258819,-0.587785,-0.809017,57.610944,0.00038,0.000634,56.105,0.000279,0.004701,41.983413,0.000142,-0.001359,2.16878,8.3e-05,,,,,,,,
211,2026-03-19 16:05:04.310767,XAUUSD,BUY,4613.1,4551.92787,4747.67868,48.9377,25.08,rsi_reversal,RISK_REJECTED,"H4 trend is DOWN, blocking BUY on XAUUSD",,,,,0.003607,0.002503,-0.001839,-0.008255,-0.031588,-0.047482,4647.397,-0.00738,4740.2585,-0.026825,4873.253,-0.053384,4947.9601,-0.067676,5049.22585,-0.086375,4668.429733,4750.031899,4831.773723,-0.046346,-0.041977,-0.034851,-0.017179,29.105066,25.079602,25.050424,-81.602166,-70.713803,-10.888363,-0.82554,-3.158765,-4.748238,59.49458,0.012897,48.937703,0.010608,38.548089,0.008356,0.087654,0.193966,0.544418,0.462472,0.643634,1.0,0.22205,0.134317,1.0,0.392326,0.303337,0.208985,-0.055028,0.02396,0.115949,-0.92967,18.0,3.0,0.0,1.0,0.0,-1.0,-0.0,-0.587785,-0.809017,20.783185,-14.505055,-0.0011,21.126518,-16.385056,-0.004332,22.49158,-17.5931,0.010301,4.296417,3.616691,,,,,,,,
212,2026-03-19 16:05:04.774178,GBPUSD,SELL,1.33661,1.33925,1.32339,0.00264,67.19,bollinger_bounce,RISK_REJECTED,Position already open on GBPUSD,,,,,0.000554,0.000127,0.001206,0.005567,0.007454,0.008534,1.3311,0.004139,1.329194,0.00558,1.332196,0.003313,1.330341,0.004713,1.334832,0.001332,1.332016,1.330962,1.331132,-0.000823,-0.000862,-0.001975,0.000792,79.182729,67.193148,61.751152,0.001054,-0.000276,0.00133,0.556722,0.745447,0.853392,0.003071,0.002298,0.002645,0.001979,0.00229,0.001714,0.011092,1.003048,0.112675,0.091093,0.487013,1.0,0.331169,0.181818,1.0,0.836806,0.836806,0.836806,-0.001758,0.009015,0.17058,-0.907624,18.0,3.0,0.0,1.0,0.0,-1.0,-0.0,-0.587785,-0.809017,65.762202,0.001279,-0.000427,67.879871,0.001175,0.001079,65.255203,0.000866,0.00385,1.430945,5.1e-05,,,,,,,,
213,2026-03-19 17:05:03.788023,USDJPY,BUY,158.052,157.80287,159.29767,0.24913,21.63,rsi_reversal,RISK_REJECTED,Session filter: USDJPY inactive at 17:00 UTC (active 00-16),,,,,3.8e-05,-0.000879,-0.001983,-0.005374,-0.007423,-0.010468,158.63,-0.003644,159.1443,-0.006864,159.14628,-0.006876,159.21326,-0.007294,158.87337,-0.00517,158.646086,158.974271,159.104242,-0.003244,-0.000433,0.001718,-0.002064,13.408951,21.625958,28.001736,-0.328185,-0.163225,-0.16496,-0.537425,-0.742304,-1.046806,0.275959,0.001746,0.249134,0.001576,0.222442,0.001407,0.016006,0.0712,0.106921,0.090517,0.109091,1.0,0.127273,0.763636,1.0,0.034707,0.026044,0.02537,-0.011357,0.000304,0.085987,-0.944433,19.0,3.0,0.0,1.0,0.0,-0.965926,0.258819,-0.587785,-0.809017,21.359583,-0.171966,-0.000917,23.12319,-0.166375,-0.001105,25.481014,-0.157156,0.000897,0.266376,0.007006,,,,,,,,
214,2026-03-19 17:05:04.251341,XAUUSD,BUY,4591.71,4531.7626,4723.59427,47.95792,21.9,rsi_reversal,RISK_REJECTED,"H4 trend is DOWN, blocking BUY on XAUUSD",,,,,0.001501,-0.001046,-0.002145,0.003767,-0.028795,-0.04695,4630.956,-0.008475,4727.535,-0.028731,4864.1894,-0.056017,4942.6984,-0.071011,5046.69255,-0.090155,4652.946578,4736.365393,4821.294307,-0.047949,-0.043532,-0.036163,-0.017612,23.771619,21.899209,22.621969,-83.418815,-73.61563,-9.803184,0.376655,-2.879533,-4.694982,55.782701,0.012149,47.957918,0.010444,38.459778,0.008376,0.092239,0.188518,0.51707,0.452504,0.529231,1.0,0.206154,0.264615,1.0,0.374695,0.244635,0.172088,-0.059943,0.019413,0.095785,-0.930238,19.0,3.0,0.0,1.0,0.0,-0.965926,0.258819,-0.587785,-0.809017,19.975514,-12.692489,-0.002543,20.783185,-14.505055,-0.0011,21.126518,-16.385056,-0.004332,1.923695,2.889304,,,,,,,,
215,2026-03-19 17:05:04.917557,EURUSD,SELL,1.15394,1.15842,1.14616,0.00223,67.29,bollinger_bounce,EXECUTED,,,,55823443476.0,,0.000321,0.002197,0.002006,0.004553,0.007597,0.006331,1.149945,0.003474,1.148365,0.004855,1.150716,0.002802,1.149123,0.004192,1.153188,0.000652,1.150408,1.149648,1.149807,-0.00067,-0.00066,-0.002143,0.00066,80.776476,67.291169,61.485485,0.000759,-0.000198,0.000958,0.455293,0.759666,0.633132,0.002499,0.002165,0.002229,0.001932,0.001967,0.001704,0.009263,1.024155,0.092112,0.081085,0.333333,1.0,0.621622,0.045045,2.0,0.933333,0.933333,0.859431,-0.000598,0.008371,0.105518,-0.937717,19.0,3.0,0.0,1.0,0.0,-0.965926,0.258819,-0.587785,-0.809017,66.360241,0.000898,0.001876,60.223378,0.000772,-0.000191,61.280686,0.000736,-0.000122,0.930928,5.9e-05,,,,,,,,
216,2026-03-19 18:05:04.239260,EURUSD,SELL,1.1557,1.16023,1.14778,0.00226,70.13,rsi_reversal,RISK_REJECTED,Position already open on EURUSD,,,,,-0.000277,0.001846,0.003726,0.003412,0.009266,0.008764,1.151214,0.003897,1.148971,0.005857,1.150816,0.004244,1.149244,0.005618,1.153196,0.002171,1.151493,1.150239,1.150117,0.000346,-0.000238,-0.002064,0.00109,81.819566,70.130376,64.231471,0.001253,0.000118,0.001135,0.341214,0.926565,0.876351,0.002507,0.002169,0.002263,0.001958,0.001996,0.001727,0.011324,1.017207,0.098053,0.084684,0.413333,-1.0,0.053333,0.533333,-1.0,0.91073,0.916533,0.916533,-0.0009,0.009881,0.112129,-0.898105,20.0,3.0,0.0,1.0,0.0,-0.866025,0.5,-0.587785,-0.809017,71.694626,0.00109,0.002124,66.360241,0.000898,0.001876,60.223378,0.000772,-0.000191,-1.56425,4.4e-05,,,,,,,,
217,2026-03-19 18:05:05.681880,GBPUSD,SELL,1.33989,1.34393,1.32668,0.00265,71.58,rsi_reversal,EXECUTED,,,,55824610838.0,,-0.000313,0.002229,0.003009,0.003663,0.011009,0.010567,1.33399,0.004423,1.330594,0.006986,1.332426,0.005602,1.330593,0.006987,1.334903,0.003736,1.33434,1.332283,1.331832,0.001174,1e-06,-0.001855,0.001543,82.203392,71.582154,65.838845,0.002056,0.000502,0.001554,0.366292,1.100883,1.056657,0.002949,0.002201,0.002655,0.001981,0.002324,0.001735,0.014527,0.980897,0.111806,0.097325,0.575342,-1.0,0.150685,0.273973,-1.0,0.929892,0.933049,0.933049,-0.000821,0.011441,0.079582,-0.923629,20.0,3.0,0.0,1.0,0.0,-0.866025,0.5,-0.587785,-0.809017,73.191386,0.001542,0.002543,67.739754,0.001349,0.000779,65.762202,0.001279,-0.000427,-1.609232,1.2e-05,,,,,,,,
218,2026-03-19 18:05:06.343323,USDJPY,BUY,157.85,157.59797,159.11016,0.25203,20.49,rsi_reversal,RISK_REJECTED,Correlated limit: 3 positions already betting USD_STRONG (max 3),,,,,0.000241,-0.00124,-0.002156,-0.002364,-0.008368,-0.012011,158.4728,-0.00393,159.03635,-0.00746,159.11962,-0.007979,159.19832,-0.008469,158.86924,-0.006416,158.492369,158.874531,159.046013,-0.004065,-0.001017,0.001576,-0.002405,13.55043,20.487179,26.487817,-0.382162,-0.210076,-0.172086,-0.236374,-0.836778,-1.201109,0.275454,0.001745,0.252033,0.001597,0.225153,0.001426,0.017634,0.076971,0.108903,0.091234,0.584615,1.0,0.338462,0.076923,1.0,0.034783,0.025378,0.024786,-0.012651,0.000329,0.080805,-0.907528,20.0,3.0,0.0,1.0,0.0,-0.866025,0.5,-0.587785,-0.809017,18.85969,-0.180276,-0.001481,21.359583,-0.171966,-0.000917,23.12319,-0.166375,-0.001105,1.627489,0.00819,,,,,,,,
219,2026-03-19 18:05:07.407712,EURUSD,SELL,1.1557,1.16023,1.14778,0.00226,70.13,bollinger_bounce,RISK_REJECTED,Position already open on EURUSD,,,,,-0.000277,0.001846,0.003726,0.003412,0.009266,0.008764,1.151214,0.003897,1.148971,0.005857,1.150816,0.004244,1.149244,0.005618,1.153196,0.002171,1.151493,1.150239,1.150117,0.000346,-0.000238,-0.002064,0.00109,81.819566,70.130376,64.231471,0.001253,0.000118,0.001135,0.341214,0.926565,0.876351,0.002507,0.002169,0.002263,0.001958,0.001996,0.001727,0.011324,1.017207,0.098053,0.084684,0.413333,-1.0,0.053333,0.533333,-1.0,0.91073,0.916533,0.916533,-0.0009,0.009881,0.112129,-0.898105,20.0,3.0,0.0,1.0,0.0,-0.866025,0.5,-0.587785,-0.809017,71.694626,0.00109,0.002124,66.360241,0.000898,0.001876,60.223378,0.000772,-0.000191,-1.56425,4.4e-05,,,,,,,,
220,2026-03-19 19:05:07.045511,XAUUSD,BUY,4636.0,4561.66001,4786.46414,47.57759,50.0,macd_crossover,RISK_REJECTED,Max positions or daily drawdown/loss limit,,,,,0.002838,0.004331,0.011161,0.00748,-0.013409,-0.041529,4618.442,0.003802,4708.1155,-0.015317,4849.7422,-0.044073,4933.5046,-0.060303,5042.1775,-0.080556,4649.10207,4722.690495,4807.431712,-0.047693,-0.045685,-0.038165,-0.015582,42.676604,32.898501,30.785086,-73.588425,-74.0862,0.497776,0.748004,-1.340921,-4.152892,52.384434,0.011299,47.577593,0.010263,39.012,0.008415,0.088923,0.327748,0.578723,0.47564,0.5121,1.0,0.4879,0.0,3.0,0.614121,0.366184,0.259728,-0.049817,0.028781,0.129847,-0.866813,21.0,3.0,0.0,0.0,0.0,-0.707107,0.707107,-0.587785,-0.809017,29.686748,-3.930825,0.001488,28.011374,-8.252415,0.006801,19.975514,-12.692489,-0.002543,3.211752,4.428601,,,,,,,,
221,2026-03-19 19:05:07.461888,EURUSD,SELL,1.15968,1.16445,1.15134,0.00238,77.57,bollinger_bounce,RISK_REJECTED,Max positions or daily drawdown/loss limit,,,,,0.001122,0.003166,0.005297,0.00699,0.010157,0.011664,1.152648,0.006101,1.149773,0.008616,1.150985,0.007554,1.149425,0.008922,1.153228,0.005595,1.153101,1.151123,1.150593,0.001445,0.000303,-0.001945,0.001719,90.128852,77.572485,70.633006,0.001979,0.000525,0.001454,0.699009,1.015662,1.166351,0.002687,0.002317,0.002384,0.002056,0.002069,0.001784,0.014696,1.086334,0.087541,0.088552,0.866667,1.0,0.033333,0.1,4.0,0.996294,0.996764,0.996764,-4.3e-05,0.01328,0.165162,-0.86273,21.0,3.0,0.0,0.0,0.0,-0.707107,0.707107,-0.587785,-0.809017,75.69308,0.001306,0.002041,71.694626,0.00109,0.002124,66.360241,0.000898,0.001876,1.879405,0.000148,,,,,,,,
222,2026-03-19 19:05:08.210295,GBPUSD,SELL,1.34403,1.34678,1.3303,0.00275,77.8,bollinger_bounce,RISK_REJECTED,Max positions or daily drawdown/loss limit,,,,,0.00158,0.002775,0.005326,0.005679,0.01169,0.013299,1.335745,0.006203,1.331578,0.009352,1.33263,0.008555,1.330798,0.009943,1.334964,0.006791,1.336094,1.333292,1.332386,0.002338,0.000586,-0.001748,0.002101,89.715087,77.8046,71.133782,0.002801,0.000988,0.001813,0.567927,1.168988,1.329926,0.003072,0.002285,0.002747,0.002044,0.002384,0.001774,0.017282,1.041137,0.10065,0.098082,0.950673,1.0,0.049327,0.0,4.0,0.993529,0.994382,0.994382,-8.2e-05,0.014486,0.183952,-0.780797,21.0,3.0,0.0,0.0,0.0,-0.707107,0.707107,-0.587785,-0.809017,75.306202,0.001683,0.001194,73.191386,0.001542,0.002543,67.739754,0.001349,0.000779,2.498398,0.000131,,,,,,,,
223,2026-03-19 19:05:09.269181,NZDUSD,SELL,0.58808,0.5905,0.58404,0.00162,70.79,bollinger_bounce,RISK_REJECTED,Max positions or daily drawdown/loss limit,,,,,0.003258,0.005317,0.007297,0.007366,0.010082,0.014946,0.583702,0.0075,0.582622,0.009369,0.583575,0.00772,0.583317,0.008166,0.58672,0.002318,0.584069,0.583244,0.583319,0.000218,-0.001192,-0.00536,0.001414,82.817226,70.785133,64.741086,0.000825,7.4e-05,0.00075,0.736579,1.008227,1.494598,0.001781,0.003029,0.001616,0.002747,0.00144,0.002448,0.013278,1.205567,0.158139,0.137818,1.0,1.0,0.0,0.0,4.0,1.0,1.0,1.0,0.0,0.014862,0.146574,-0.825539,21.0,3.0,0.0,0.0,0.0,-0.707107,0.707107,-0.587785,-0.809017,65.545009,0.000595,0.002051,61.518249,0.000495,0.00197,57.051593,0.000418,0.001252,5.240124,0.000155,,,,,,,,
224,2026-03-19 20:05:03.527186,AUDUSD,SELL,0.70894,0.71225,0.70343,0.00221,62.23,bollinger_bounce,RISK_REJECTED,Max positions or daily drawdown/loss limit,,,,,0.002049,0.004776,0.006031,0.006259,0.004477,0.008622,0.70499,0.005603,0.704526,0.006264,0.706952,0.002813,0.705984,0.004187,0.708192,0.001057,0.705444,0.705337,0.705949,-0.002775,-0.002065,-0.001751,0.000151,73.571499,62.225486,57.654189,0.000107,-0.00057,0.000677,0.625949,0.447732,0.862167,0.002536,0.003577,0.002205,0.003111,0.001923,0.002713,0.008914,1.202808,0.1618,0.136807,0.422619,1.0,0.577381,0.0,4.0,0.822831,0.822831,0.726613,-0.002736,0.012709,1.319826,1.022537,21.0,3.0,0.0,0.0,0.0,-0.707107,0.707107,-0.587785,-0.809017,58.395717,0.000499,0.002721,52.470792,0.000331,0.001249,49.4042,0.000244,0.001649,3.829769,0.000178,,,,,,,,
225,2026-03-19 20:05:04.177958,NZDUSD,SELL,0.58764,0.59019,0.5834,0.0017,69.72,bollinger_bounce,RISK_REJECTED,Max positions or daily drawdown/loss limit,,,,,0.002508,0.004564,0.006543,0.006612,0.009327,0.014187,0.583658,0.006822,0.582599,0.008652,0.583566,0.006981,0.583312,0.007419,0.586718,0.001572,0.584001,0.583212,0.583302,0.000157,-0.001222,-0.005372,0.001354,81.725005,69.724412,63.817487,0.000789,6.7e-05,0.000722,0.661208,0.932653,1.41866,0.001945,0.003311,0.001698,0.002889,0.001481,0.00252,0.01284,1.173802,0.151907,0.134024,0.482085,1.0,0.517915,0.0,4.0,0.831568,0.839232,0.85305,-0.002706,0.014124,1.455802,0.855112,21.0,3.0,0.0,0.0,0.0,-0.707107,0.707107,-0.587785,-0.809017,65.545009,0.000595,0.002051,61.518249,0.000495,0.00197,57.051593,0.000418,0.001252,4.179403,0.000127,,,,,,,,
226,2026-03-19 20:05:04.672479,USDCHF,BUY,0.78789,0.78521,0.79236,0.00179,34.37,bollinger_bounce,RISK_REJECTED,Max positions or daily drawdown/loss limit,,,,,-0.001369,-0.00334,-0.005026,-0.004913,-0.00722,-0.006005,0.791948,-0.005124,0.792124,-0.005345,0.789353,-0.001854,0.78888,-0.001255,0.78477,0.003976,0.791169,0.791193,0.790225,0.003287,0.004112,0.00584,-3e-05,20.648361,34.365865,40.730159,-2.4e-05,0.000731,-0.000755,-0.491298,-0.722008,-0.600517,0.002109,0.002677,0.001788,0.00227,0.0015,0.001904,0.008558,-0.124588,0.10674,0.089844,0.332298,-1.0,0.003106,0.664596,-4.0,0.212935,0.212935,0.333614,-0.010039,0.002716,1.431852,0.817009,21.0,3.0,0.0,0.0,0.0,-0.707107,0.707107,-0.587785,-0.809017,38.015478,-0.000612,-0.001973,44.329879,-0.000456,-0.001692,51.099851,-0.000343,-0.000631,-3.649613,-0.000143,,,,,,,,
227,2026-03-19 21:05:03.835371,EURUSD,SELL,1.15876,1.16334,1.15075,0.00229,76.19,rsi_reversal,RISK_REJECTED,Max positions or daily drawdown/loss limit,,,,,-2.6e-05,0.000276,0.000328,0.004499,0.009417,0.009725,1.154748,0.003474,1.150838,0.006884,1.151162,0.0066,1.149704,0.007877,1.153245,0.004783,1.154576,1.152135,1.151177,0.003115,0.000986,-0.001806,0.002118,88.833711,76.192715,69.364498,0.00244,0.001165,0.001276,0.449908,0.941679,0.972464,0.002386,0.002059,0.002289,0.001975,0.002048,0.001767,0.016822,0.909201,0.086268,0.088428,0.157895,-1.0,0.0,0.842105,-1.0,0.814574,0.835545,0.835545,-0.00246,0.012496,0.00391,-0.990057,23.0,3.0,0.0,0.0,0.0,-0.258819,0.965926,-0.587785,-0.809017,76.358917,0.001364,0.000302,75.786728,0.001375,5.2e-05,75.69308,0.001306,0.002041,-0.166202,-8.8e-05,,,,,,,,
228,2026-03-19 21:05:04.361346,AUDUSD,SELL,0.70846,0.71159,0.70324,0.00209,61.04,bollinger_bounce,RISK_REJECTED,Max positions or daily drawdown/loss limit,,,,,1.4e-05,0.001371,0.004096,0.007008,0.004808,0.005749,0.70528,0.004509,0.704704,0.005329,0.706902,0.002204,0.706062,0.003396,0.708225,0.000332,0.705844,0.705535,0.706029,-0.002294,-0.001923,-0.001868,0.000438,72.056816,61.040187,56.705886,0.000309,-0.000401,0.00071,0.700752,0.480803,0.574949,0.002252,0.003179,0.002087,0.002946,0.001874,0.002645,0.00988,1.039368,0.153977,0.130806,0.018182,1.0,0.436364,0.545455,5.0,0.778995,0.778995,0.687903,-0.003416,0.01204,0.147495,-0.921037,22.0,3.0,0.0,0.0,0.0,-0.5,0.866025,-0.587785,-0.809017,61.012696,0.000646,0.001357,58.395717,0.000499,0.002721,52.470792,0.000331,0.001249,0.027491,6.4e-05,,,,,,,,
229,2026-03-19 21:05:04.870290,NZDUSD,SELL,0.58714,0.58955,0.58313,0.00161,67.89,bollinger_bounce,RISK_REJECTED,Max positions or daily drawdown/loss limit,,,,,-0.000255,0.001655,0.00371,0.006946,0.009612,0.009491,0.584182,0.005063,0.582858,0.007347,0.583581,0.006099,0.583378,0.006448,0.586699,0.000752,0.584439,0.583479,0.583439,0.00103,-0.000892,-0.005314,0.001645,78.65728,67.89212,62.449496,0.00096,0.000241,0.000718,0.694575,0.961224,0.949073,0.001726,0.00294,0.001606,0.002735,0.001443,0.002457,0.014202,1.017294,0.141867,0.119583,0.195122,-1.0,0.414634,0.390244,-1.0,0.778602,0.778602,0.806839,-0.00356,0.012518,0.287739,-0.85279,22.0,3.0,0.0,0.0,0.0,-0.5,0.866025,-0.587785,-0.809017,68.824017,0.0007,0.001911,65.545009,0.000595,0.002051,61.518249,0.000495,0.00197,-0.931896,1.9e-05,,,,,,,,
230,2026-03-19 21:05:05.323201,USDCHF,BUY,0.78807,0.78552,0.79231,0.0017,34.87,bollinger_bounce,RISK_REJECTED,Max positions or daily drawdown/loss limit,,,,,-0.000304,-0.001141,-0.003112,-0.005427,-0.009315,-0.004899,0.791249,-0.004018,0.791951,-0.004901,0.789427,-0.001718,0.788868,-0.001011,0.784817,0.004145,0.790747,0.790991,0.790156,0.002309,0.003909,0.005873,-0.000308,21.091855,34.86653,41.184506,-0.000244,0.000542,-0.000785,-0.542676,-0.931513,-0.48993,0.001881,0.002386,0.001697,0.002153,0.001465,0.001859,0.009484,-0.0167,0.06795,0.087592,0.372549,-1.0,0.117647,0.509804,-5.0,0.230846,0.230846,0.348778,-0.009809,0.002944,0.174077,-0.909479,22.0,3.0,0.0,0.0,0.0,-0.5,0.866025,-0.587785,-0.809017,35.698662,-0.000729,-0.000837,38.015478,-0.000612,-0.001973,44.329879,-0.000456,-0.001692,-0.832131,-5.7e-05,,,,,,,,
231,2026-03-20 00:05:05.445993,GBPUSD,SELL,1.3422,1.3446,1.33022,0.0024,72.66,rsi_reversal,RISK_REJECTED,Max positions or daily drawdown/loss limit,,,,,-0.000142,-0.000253,-0.000156,-0.000618,0.00431,0.011279,1.341028,0.000874,1.335094,0.005322,1.333304,0.006672,1.331712,0.007875,1.335122,0.005301,1.339607,1.336162,1.334177,0.005793,0.002539,-0.001362,0.002578,78.847478,72.656266,67.576893,0.003445,0.002581,0.000864,-0.061801,0.430996,1.127913,0.002224,0.001657,0.002395,0.001784,0.002266,0.001688,0.020504,0.759578,0.071804,0.093829,0.30303,-1.0,0.560606,0.136364,-2.0,0.633333,0.796388,0.796388,-0.00336,0.013143,0.039426,-0.868432,2.0,4.0,0.0,0.0,1.0,0.5,0.866025,-0.951057,0.309017,73.607999,0.001091,-0.000112,74.32169,0.001309,9.7e-05,74.119751,0.001501,-0.000223,-0.951733,-0.000227,,,,,,,,
232,2026-03-20 01:05:04.935649,USDCAD,BUY,1.37421,1.37144,1.37845,0.00148,50.0,macd_crossover,RISK_REJECTED,Max positions or daily drawdown/loss limit,,,,,0.000349,0.000386,0.00094,0.000291,0.000976,0.001064,1.373215,0.000725,1.373171,0.000757,1.371756,0.001789,1.370596,0.002637,1.365545,0.006345,1.373334,1.372835,1.37197,0.001063,0.001879,0.004548,0.000363,64.71248,59.661362,58.289849,0.000499,0.000473,2.5e-05,0.029116,0.097606,0.106356,0.001415,0.00103,0.001476,0.001074,0.00141,0.001026,0.001977,0.88274,0.034351,0.041061,0.716418,1.0,0.059701,0.223881,3.0,0.942211,0.862069,0.9018,-0.000437,0.002729,0.289673,0.02319,2.0,4.0,0.0,0.0,1.0,0.5,0.866025,-0.951057,0.309017,57.040581,-1.7e-05,3.6e-05,56.768905,-4.2e-05,0.000554,52.531973,-8e-05,-0.000379,2.620781,4.3e-05,,,,,,,,
233,2026-03-20 01:05:05.695970,USDJPY,BUY,157.873,157.65178,158.97911,0.22122,29.34,rsi_reversal,RISK_REJECTED,Max positions or daily drawdown/loss limit,,,,,8.9e-05,-0.000355,-6e-06,0.001154,-0.00201,-0.011514,157.8201,0.000335,158.3658,-0.003112,158.9515,-0.006785,159.07209,-0.007538,158.849495,-0.006147,158.029798,158.428297,158.740368,-0.007118,-0.00444,0.000642,-0.002515,33.19231,29.343287,31.659783,-0.398499,-0.380192,-0.018307,0.115416,-0.201023,-1.151448,0.204338,0.001294,0.221222,0.001401,0.215033,0.001362,0.016664,0.313259,0.054091,0.093707,0.177215,1.0,0.227848,0.594937,1.0,0.51264,0.158972,0.152848,-0.012231,0.002312,0.086954,-0.859701,3.0,4.0,0.0,0.0,1.0,0.707107,0.707107,-0.951057,0.309017,28.678147,-0.038798,-0.000443,29.988853,-0.061358,0.000348,27.573781,-0.094024,0.000621,0.665141,0.020492,,,,,,,,
234,2026-03-20 02:05:04.789646,USDJPY,BUY,158.178,157.88839,159.51019,0.23169,50.0,macd_crossover,RISK_REJECTED,Max positions or daily drawdown/loss limit,,,,,0.000449,0.002021,0.001577,0.002548,0.000835,-0.0094,157.8567,0.002035,158.30245,-0.000786,158.93842,-0.004784,159.06093,-0.005551,158.849845,-0.004229,158.08306,158.425806,158.727131,-0.006806,-0.004768,0.000558,-0.002163,54.852307,41.451648,39.912142,-0.342746,-0.369716,0.02697,0.254792,0.08352,-0.940011,0.224493,0.001419,0.231685,0.001465,0.220884,0.001396,0.014578,0.446074,0.066138,0.101632,0.910256,1.0,0.064103,0.025641,2.0,0.992593,0.306216,0.28057,-0.009597,0.004236,0.038626,-0.942439,4.0,4.0,0.0,0.0,1.0,0.866025,0.5,-0.951057,0.309017,38.871709,-0.003373,0.001571,28.678147,-0.038798,-0.000443,29.988853,-0.061358,0.000348,2.579939,0.030344,,,,,,,,
235,2026-03-20 04:05:08.480084,EURUSD,SELL,1.15572,1.16009,1.14869,0.00175,50.0,macd_crossover,RISK_REJECTED,Max positions or daily drawdown/loss limit,,,,,4.3e-05,-0.000545,-0.000674,-0.00165,-0.002296,0.009283,1.157244,-0.001317,1.154363,0.001176,1.151585,0.00359,1.150659,0.004399,1.153151,0.002228,1.155847,1.153969,1.152498,0.004914,0.003219,-0.001358,0.001628,50.279932,59.384132,58.834763,0.001879,0.001968,-9e-05,-0.164992,-0.229631,0.928311,0.001384,0.001198,0.001747,0.001512,0.001811,0.001567,0.013748,0.585508,0.025385,0.087642,0.454545,1.0,0.363636,0.181818,1.0,0.024834,0.643462,0.660127,-0.005096,0.009198,0.009731,-0.950198,6.0,4.0,0.0,0.0,1.0,1.0,0.0,-0.951057,0.309017,59.191839,5.1e-05,-0.000588,62.955914,0.000247,-0.00013,63.786768,0.000442,-0.000752,0.192293,-0.000141,,,,,,,,
236,2026-03-20 08:05:04.707710,USDCHF,BUY,0.78915,0.78711,0.79227,0.00109,50.0,macd_crossover,RISK_REJECTED,Max positions or daily drawdown/loss limit,,,,,-0.000532,-0.000469,-0.000101,0.000545,0.001663,-0.006758,0.789072,0.0002,0.789829,-0.000758,0.790293,-0.001346,0.788766,0.000588,0.785387,0.004893,0.789418,0.789892,0.789753,-0.001546,0.001347,0.006247,-0.000601,44.443498,44.424989,46.787878,-0.000475,-0.000468,-6e-06,0.054513,0.166261,-0.675812,0.000966,0.001223,0.001164,0.001475,0.001224,0.001551,0.008471,0.410477,0.033648,0.066967,0.3,-1.0,0.3,0.4,-1.0,0.673152,0.360622,0.391103,-0.007818,0.004409,0.512715,0.113386,9.0,4.0,1.0,0.0,0.0,0.707107,-0.707107,-0.951057,0.309017,47.485306,-2.7e-05,6.3e-05,47.082333,-9.3e-05,0.000367,44.801105,-0.000179,8.9e-05,-3.060317,2e-05,,,,,,,,
237,2026-03-20 10:05:05.366665,NZDUSD,SELL,0.58724,0.58959,0.58363,0.00126,50.0,macd_crossover,RISK_REJECTED,Max positions or daily drawdown/loss limit,,,,,-0.001598,-0.002616,-0.000374,-0.00136,0.001074,0.006565,0.588059,-0.001393,0.586857,0.000653,0.58407,0.005427,0.584422,0.004822,0.586421,0.001397,0.587474,0.586227,0.585206,0.006829,0.004166,-0.004008,0.002127,48.182638,56.333219,56.703888,0.001247,0.001313,-6.6e-05,-0.136045,0.107397,0.656485,0.001155,0.001967,0.001256,0.002139,0.001287,0.002192,0.011487,0.556891,0.111763,0.101253,0.766129,-1.0,0.072581,0.16129,-2.0,0.242063,0.7149,0.816081,-0.003389,0.008497,0.553524,-0.363213,11.0,4.0,1.0,0.0,0.0,0.258819,-0.965926,-0.951057,0.309017,62.744322,4.2e-05,-0.001019,67.282807,9.4e-05,0.002247,61.610082,9e-05,-0.000323,-6.411103,-0.000107,,,,,,,,
238,2026-03-20 10:05:06.402867,USDJPY,SELL,158.89,159.09926,157.84368,0.20926,62.23,bollinger_bounce,RISK_REJECTED,Max positions or daily drawdown/loss limit,,,,,0.000353,0.002536,0.003759,0.002903,0.006531,0.003309,158.4532,0.002757,158.15255,0.004663,158.887,1.9e-05,158.98775,-0.000615,158.878905,7e-05,158.455133,158.485383,158.676747,-0.00273,-0.005253,5.1e-05,-0.000191,78.35502,62.227268,55.766018,-0.03025,-0.165945,0.135694,0.290349,0.653114,0.330879,0.196629,0.001238,0.209264,0.001317,0.210578,0.001325,0.009325,1.000069,0.069333,0.073175,0.717949,1.0,0.128205,0.153846,3.0,0.991334,0.992816,0.578727,-6.3e-05,0.008698,0.20635,-0.822496,12.0,4.0,1.0,0.0,0.0,0.0,-1.0,-0.951057,0.309017,60.974137,0.122921,0.002183,51.799906,0.100869,0.001219,45.117243,0.095833,-0.000764,1.253132,0.012774,,,,,,,,
239,2026-03-20 13:05:04.982985,USDCAD,BUY,1.37097,1.36897,1.37431,0.00133,40.01,bollinger_bounce,RISK_REJECTED,Max positions or daily drawdown/loss limit,,,,,2.2e-05,-0.001129,-0.000714,-0.00086,-0.001158,-0.001348,1.372418,-0.001055,1.372829,-0.001354,1.372402,-0.001043,1.370757,0.000155,1.366382,0.003358,1.372234,1.372502,1.372123,1.2e-05,0.001512,0.004406,-0.000195,32.032629,40.007483,44.265397,-0.000268,3.8e-05,-0.000306,-0.085996,-0.115842,-0.134759,0.001341,0.000978,0.001334,0.000973,0.001333,0.000973,0.002692,-0.003038,0.048038,0.040917,0.013953,1.0,0.52093,0.465116,1.0,0.248792,0.228889,0.363184,-0.002531,0.000751,1.451834,0.311209,14.0,4.0,1.0,1.0,0.0,-0.5,-0.866025,-0.951057,0.309017,39.788139,-0.000275,-0.001151,48.451509,-0.000201,0.000415,44.395728,-0.000231,0.000233,0.219344,-3.1e-05,,,,,,,,
240,2026-03-20 13:05:05.633427,USDCHF,BUY,0.78596,0.78409,0.78907,0.00125,26.9,bollinger_bounce,RISK_REJECTED,Max positions or daily drawdown/loss limit,,,,,-0.001118,-0.002677,-0.003108,-0.003777,-0.0036,-0.007463,0.78848,-0.003196,0.788617,-0.003369,0.790444,-0.005672,0.788619,-0.003372,0.785635,0.000414,0.788238,0.789114,0.789345,-0.002484,-3e-06,0.006121,-0.001109,13.311779,26.90126,34.251856,-0.000875,-0.000616,-0.000259,-0.377722,-0.360041,-0.746335,0.001224,0.001557,0.001246,0.001585,0.001257,0.001599,0.004981,-0.176454,0.052499,0.060239,0.571429,-1.0,0.136364,0.292208,-6.0,0.098684,0.070644,0.052023,-0.007532,0.000573,1.739788,0.500832,14.0,4.0,1.0,1.0,0.0,-0.5,-0.866025,-0.951057,0.309017,30.51562,-0.000162,-0.001561,36.960853,-7.5e-05,-0.000431,39.079479,-4.8e-05,-0.000469,-3.614361,-9.7e-05,,,,,,,,
241,2026-03-20 14:05:05.694857,USDCHF,BUY,0.78927,0.78683,0.79301,0.0013,50.0,macd_crossover,RISK_REJECTED,Max positions or daily drawdown/loss limit,,,,,0.000532,0.003688,0.003088,0.001091,-5.1e-05,0.00038,0.788478,0.001004,0.788569,0.00089,0.790538,-0.001604,0.78863,0.000812,0.785749,0.004481,0.788522,0.789133,0.789338,-0.002606,-7.8e-05,0.006095,-0.000775,58.152259,50.66577,49.662248,-0.000611,-0.00063,1.9e-05,0.10908,-0.005068,0.038024,0.001324,0.001678,0.001301,0.001648,0.001286,0.001629,0.004189,0.712349,0.098428,0.073065,0.704918,1.0,0.180328,0.114754,2.0,0.824561,0.824561,0.365403,-0.001014,0.004764,0.255897,-0.868111,16.0,4.0,0.0,1.0,0.0,-0.866025,-0.5,-0.951057,0.309017,48.185948,-0.000101,0.003154,28.472475,-0.000233,-0.000597,30.51562,-0.000162,-0.001561,2.479822,0.00012,,,,,,,,
242,2026-03-20 14:05:06.163477,GBPUSD,BUY,1.33454,1.33232,1.34562,0.00222,39.42,bollinger_bounce,RISK_REJECTED,Max positions or daily drawdown/loss limit,,,,,-0.000404,-0.002653,-0.003628,-0.002728,-0.004253,-0.005492,1.338775,-0.003163,1.340324,-0.004316,1.334396,0.000108,1.333716,0.000618,1.334962,-0.000316,1.338228,1.33789,1.336276,0.003282,0.004955,-0.000424,0.000252,26.08774,39.423306,45.060778,0.000337,0.001418,-0.00108,-0.272756,-0.425297,-0.549217,0.002235,0.001675,0.002217,0.001661,0.002178,0.001632,0.007426,-0.081196,0.104548,0.076123,0.568421,-1.0,0.063158,0.368421,-3.0,0.036998,0.027955,0.450564,-0.009119,0.000262,0.321832,-0.857341,16.0,4.0,0.0,1.0,0.0,-0.866025,-0.5,-0.951057,0.309017,40.741937,-0.000948,-0.002249,49.272147,-0.000737,-0.000978,53.826588,-0.000673,0.001136,-1.318631,-0.000132,,,,,,,,
243,2026-03-20 14:05:06.762091,AUDUSD,BUY,0.70445,0.70189,0.70871,0.0017,39.66,bollinger_bounce,RISK_REJECTED,Max positions or daily drawdown/loss limit,,,,,0.000241,-0.004198,-0.004916,-0.002859,-0.006053,-0.004297,0.707109,-0.00376,0.707742,-0.004651,0.705871,-0.002014,0.707269,-0.003986,0.708416,-0.005598,0.706728,0.706835,0.706767,0.001753,0.000669,-0.003592,-0.000151,29.981721,39.660307,43.3069,-0.000107,0.000378,-0.000485,-0.285929,-0.6053,-0.429688,0.001711,0.002429,0.001705,0.00242,0.001697,0.002408,0.007521,-0.118488,0.149394,0.112941,0.217949,1.0,0.282051,0.5,1.0,0.096386,0.080114,0.412785,-0.009128,0.000795,0.255586,-0.883458,16.0,4.0,0.0,1.0,0.0,-0.866025,-0.5,-0.951057,0.309017,38.820435,-0.000382,-0.004439,50.994284,-0.000177,-0.00072,53.525836,-0.000164,0.001996,0.839873,-0.000102,,,,,,,,
244,2026-03-20 14:05:07.272296,NZDUSD,BUY,0.58416,0.58211,0.58758,0.00137,41.37,bollinger_bounce,RISK_REJECTED,Max positions or daily drawdown/loss limit,,,,,0.000291,-0.004058,-0.005025,-0.00365,-0.006598,-0.003429,0.586634,-0.004217,0.587116,-0.005036,0.584097,0.000108,0.584601,-0.000755,0.586271,-0.0036,0.586208,0.585942,0.585236,0.004344,0.004303,-0.003708,0.000455,29.689376,41.369031,45.707501,0.000266,0.000835,-0.000569,-0.365001,-0.659819,-0.342904,0.001381,0.002364,0.001367,0.002339,0.001344,0.002301,0.008841,-0.069592,0.153452,0.129317,0.303571,1.0,0.375,0.321429,1.0,0.065543,0.064576,0.531423,-0.008679,0.000599,0.253761,-0.871127,16.0,4.0,0.0,1.0,0.0,-0.866025,-0.5,-0.951057,0.309017,40.438259,-0.000481,-0.004348,51.918291,-0.000298,-0.000971,55.16914,-0.000257,0.001604,0.930772,-8.8e-05,,,,,,,,
245,2026-03-20 14:41:39.529104,XAUUSD,SELL,4580.26,4648.69855,4442.34518,43.67267,50.0,macd_crossover,EXECUTED,,,,55841108281.0,,-0.007839,-0.020975,-0.019563,-0.01871,-0.029929,-0.007745,4661.736,-0.017478,4664.2105,-0.017999,4731.4524,-0.031955,4867.7512,-0.05906,5002.84015,-0.084468,4653.267526,4677.764589,4734.703788,-0.014735,-0.041814,-0.054247,-0.005237,27.29758,33.900434,34.81386,-24.497064,-22.325749,-2.171315,-1.870987,-2.99286,-0.774478,46.142753,0.010074,43.672669,0.009535,39.822818,0.008694,0.03135,-0.074123,0.498178,0.431281,0.507939,-1.0,0.086694,0.405367,-2.0,0.157255,0.156428,0.164807,-0.033968,0.006299,1.233377,-0.283408,16.0,4.0,0.0,1.0,0.0,-0.866025,-0.5,-0.951057,0.309017,38.028725,2.759585,-0.01324,47.154926,7.027852,0.001443,45.841676,7.270154,0.005657,-4.128291,-4.9309,,,,,,,,
246,2026-03-20 14:41:40.489460,USDCHF,BUY,0.7894,0.78676,0.79334,0.00139,50.0,macd_crossover,EXECUTED,,,,55841108536.0,,0.000697,0.003853,0.003254,0.001256,0.000114,0.000545,0.788491,0.001153,0.788575,0.001046,0.790541,-0.001443,0.788631,0.000975,0.78575,0.004645,0.788542,0.789143,0.789343,-0.002593,-7.1e-05,0.006097,-0.000762,59.21047,51.38593,50.172474,-0.000601,-0.000628,2.7e-05,0.125569,0.011402,0.054501,0.001493,0.001891,0.001385,0.001755,0.001328,0.001682,0.004221,0.747843,0.099113,0.073488,0.312849,1.0,0.648045,0.039106,2.0,0.770297,0.770297,0.378037,-0.001469,0.004928,1.5752,-0.130012,16.0,4.0,0.0,1.0,0.0,-0.866025,-0.5,-0.951057,0.309017,48.185948,-0.000101,0.003154,28.472475,-0.000233,-0.000597,30.51562,-0.000162,-0.001561,3.199983,0.000129,,,,,,,,
247,2026-03-20 14:41:41.325154,EURUSD,BUY,1.15338,1.14956,1.16007,0.00191,44.45,bollinger_bounce,RISK_REJECTED,"H4 trend is DOWN, blocking BUY on EURUSD",,,,,-0.000633,-0.00262,-0.003249,-0.001273,-0.001887,-0.004316,1.155702,-0.002009,1.156465,-0.002668,1.152011,0.001189,1.151777,0.001391,1.152828,0.000479,1.155463,1.154821,1.153528,0.003204,0.00407,-0.000708,0.000556,33.354928,44.450427,48.492144,0.000642,0.001185,-0.000543,-0.127289,-0.188653,-0.431637,0.001951,0.001691,0.001912,0.001658,0.00188,0.00163,0.004926,-0.041502,0.086209,0.061741,0.367347,-1.0,0.142857,0.489796,-3.0,0.169912,0.104461,0.525101,-0.007136,0.000832,1.877141,-0.048286,16.0,4.0,0.0,1.0,0.0,-0.866025,-0.5,-0.951057,0.309017,47.021493,-0.000416,-0.001989,56.59937,-0.000271,-0.000631,60.214149,-0.000272,0.001003,-2.571066,-0.000128,,,,,,,,
248,2026-03-20 14:41:42.062193,GBPUSD,BUY,1.33191,1.32943,1.3443,0.00248,34.06,bollinger_bounce,RISK_REJECTED,"H4 trend is DOWN, blocking BUY on GBPUSD",,,,,-0.002374,-0.004619,-0.005592,-0.004693,-0.006215,-0.007452,1.338512,-0.004932,1.340193,-0.00618,1.334343,-0.001824,1.333689,-0.001334,1.334949,-0.002276,1.337823,1.337696,1.336173,0.003124,0.004876,-0.000453,9.5e-05,20.277369,34.055137,40.635656,0.000127,0.001376,-0.001248,-0.469291,-0.62153,-0.745206,0.00276,0.002072,0.002479,0.001861,0.002309,0.001734,0.008515,-0.225873,0.114988,0.084444,0.686147,-1.0,0.012987,0.300866,-3.0,0.105864,0.085855,0.331828,-0.011112,0.001044,1.716117,-0.181288,16.0,4.0,0.0,1.0,0.0,-0.866025,-0.5,-0.951057,0.309017,40.741937,-0.000948,-0.002249,49.272147,-0.000737,-0.000978,53.826588,-0.000673,0.001136,-6.6868,-0.0003,,,,,,,,
249,2026-03-20 14:41:43.415109,AUDUSD,BUY,0.70349,0.70078,0.70795,0.00179,36.46,bollinger_bounce,EXECUTED,,,,55841109769.0,,-0.001122,-0.005555,-0.006272,-0.004218,-0.007408,-0.005654,0.707013,-0.004983,0.707694,-0.00594,0.705852,-0.003347,0.707259,-0.00533,0.708411,-0.006947,0.70658,0.706764,0.706729,0.001645,0.000614,-0.003612,-0.00026,25.16952,36.461974,40.976674,-0.000183,0.000362,-0.000546,-0.421816,-0.740751,-0.565379,0.001884,0.002678,0.001791,0.002546,0.00174,0.002473,0.008287,-0.216874,0.147957,0.113676,0.396985,-1.0,0.256281,0.346734,-3.0,0.1,0.085396,0.325114,-0.010505,0.000981,1.459544,-0.291259,16.0,4.0,0.0,1.0,0.0,-0.866025,-0.5,-0.951057,0.309017,38.820435,-0.000382,-0.004439,50.994284,-0.000177,-0.00072,53.525836,-0.000164,0.001996,-2.358461,-0.000163,,,,,,,,
250,2026-03-20 14:41:44.222110,NZDUSD,BUY,0.58359,0.58145,0.58715,0.00143,38.98,bollinger_bounce,RISK_REJECTED,"H4 trend is DOWN, blocking BUY on NZDUSD",,,,,-0.000685,-0.005029,-0.005995,-0.004622,-0.007568,-0.004401,0.586577,-0.005092,0.587088,-0.005958,0.584085,-0.000848,0.584595,-0.00172,0.586268,-0.004568,0.586121,0.5859,0.585214,0.004266,0.004264,-0.003723,0.000377,25.844044,38.982153,43.97737,0.000221,0.000826,-0.000605,-0.462221,-0.756751,-0.440145,0.001498,0.002567,0.001425,0.002442,0.001374,0.002354,0.009336,-0.138219,0.151248,0.129322,0.289855,-1.0,0.275362,0.434783,-3.0,0.097403,0.096154,0.478743,-0.009664,0.001028,1.40752,-0.240832,16.0,4.0,0.0,1.0,0.0,-0.866025,-0.5,-0.951057,0.309017,40.438259,-0.000481,-0.004348,51.918291,-0.000298,-0.000971,55.16914,-0.000257,0.001604,-1.456106,-0.000124,,,,,,,,
251,2026-03-20 15:05:04.003136,GBPUSD,BUY,1.33137,1.32899,1.34325,0.00238,34.22,bollinger_bounce,RISK_REJECTED,"H4 trend is DOWN, blocking BUY on GBPUSD",,,,,0.000443,-0.002779,-0.005022,-0.004866,-0.006425,-0.008682,1.337538,-0.004611,1.339554,-0.006109,1.334297,-0.002194,1.333712,-0.001756,1.334882,-0.002631,1.336683,1.337149,1.335942,0.002429,0.00438,-0.000438,-0.000349,22.622942,34.217284,40.315225,-0.000466,0.000993,-0.001459,-0.486591,-0.642547,-0.868186,0.002515,0.001889,0.002377,0.001785,0.002264,0.001701,0.010529,-0.080199,0.127803,0.090335,0.561905,1.0,0.409524,0.028571,1.0,0.064737,0.06218,0.307449,-0.009629,0.000638,0.288931,-0.904472,17.0,4.0,0.0,1.0,0.0,-0.965926,-0.258819,-0.951057,0.309017,32.172851,-0.00132,-0.003221,40.741937,-0.000948,-0.002249,49.272147,-0.000737,-0.000978,2.044433,-0.000139,,,,,,,,
252,2026-03-20 15:05:04.882860,AUDUSD,BUY,0.70372,0.70112,0.70806,0.00174,37.67,bollinger_bounce,RISK_REJECTED,Position already open on AUDUSD,,,,,0.000341,-0.000795,-0.00523,-0.003963,-0.006578,-0.006677,0.706546,-0.004,0.707457,-0.005282,0.705794,-0.002939,0.707247,-0.004986,0.708383,-0.006583,0.706139,0.706537,0.706611,0.001065,0.000298,-0.003655,-0.000564,27.86301,37.67186,41.734749,-0.000399,0.00021,-0.000609,-0.396309,-0.657839,-0.667655,0.00176,0.0025,0.001736,0.002467,0.001715,0.002436,0.009622,-0.049005,0.150342,0.110369,0.294118,1.0,0.505882,0.2,1.0,0.156559,0.156559,0.346119,-0.008498,0.001577,0.232695,-0.910081,17.0,4.0,0.0,1.0,0.0,-0.965926,-0.258819,-0.951057,0.309017,36.433955,-0.000547,-0.001136,38.820435,-0.000382,-0.004439,50.994284,-0.000177,-0.00072,1.237905,-6.2e-05,,,,,,,,
253,2026-03-20 15:05:05.596416,NZDUSD,BUY,0.58366,0.58161,0.58707,0.00136,39.67,bollinger_bounce,RISK_REJECTED,"H4 trend is DOWN, blocking BUY on NZDUSD",,,,,0.000326,-0.000565,-0.00491,-0.004282,-0.00679,-0.006181,0.586166,-0.004275,0.586901,-0.005521,0.584096,-0.000746,0.584591,-0.001592,0.586222,-0.00437,0.585726,0.585725,0.585148,0.003545,0.003951,-0.003627,2e-06,27.883776,39.665017,44.341035,1e-06,0.00066,-0.000659,-0.428203,-0.678976,-0.618093,0.001365,0.002338,0.001364,0.002337,0.001345,0.002304,0.01078,-0.012186,0.153706,0.124088,0.351852,1.0,0.537037,0.111111,1.0,0.113086,0.113086,0.485213,-0.009406,0.001199,0.231299,-0.907956,17.0,4.0,0.0,1.0,0.0,-0.965926,-0.258819,-0.951057,0.309017,38.565551,-0.000613,-0.00089,40.438259,-0.000481,-0.004348,51.918291,-0.000298,-0.000971,1.099466,-4.6e-05,,,,,,,,
254,2026-03-22 23:05:06.585000,USDCAD,BUY,1.37256,1.36933,1.37752,0.00172,50.0,macd_crossover,RISK_REJECTED,Session filter: USDCAD inactive at 23:00 UTC (active 00-20),,,,,0.000131,0.000488,-2.2e-05,0.000831,0.001182,-0.000532,1.37217,0.000284,1.372374,0.000136,1.372736,-0.000128,1.371127,0.001045,1.36705,0.00403,1.372245,1.372385,1.372171,-0.000412,0.000909,0.004159,-0.000102,53.381263,50.939171,50.941712,-0.00014,-0.000147,7e-06,0.083126,0.118167,-0.053157,0.001907,0.00139,0.001724,0.001256,0.001563,0.001139,0.002541,0.55349,0.057198,0.05306,0.693694,1.0,0.306306,0.0,2.0,0.543568,0.543568,0.537988,-0.001603,0.001909,0.280157,-0.659528,0.0,0.0,0.0,0.0,1.0,0.0,1.0,0.0,1.0,50.033513,-3.4e-05,0.000357,47.58783,-7.7e-05,-0.00051,50.89221,-8.6e-05,0.001328,0.905658,4.1e-05,,,,,,,,
255,2026-03-22 23:05:07.001435,USDCHF,SELL,0.78699,0.78953,0.78309,0.00136,50.0,macd_crossover,RISK_REJECTED,"H4 trend is UP, blocking SELL on USDCHF",,,,,-0.001307,-0.001624,-0.002219,-0.001383,0.000191,-0.002143,0.788239,-0.001585,0.788501,-0.001917,0.790292,-0.004178,0.788653,-0.002109,0.786175,0.001036,0.788227,0.788741,0.789067,-0.002597,-0.000192,0.005236,-0.000651,32.791669,38.604698,41.412177,-0.000514,-0.0005,-1.3e-05,-0.138311,0.019064,-0.214282,0.001379,0.001753,0.001355,0.001722,0.001323,0.001681,0.004608,0.084014,0.101095,0.07809,0.692683,-1.0,0.087805,0.219512,-3.0,0.293069,0.293069,0.143829,-0.004536,0.001881,0.624739,0.351233,0.0,0.0,0.0,0.0,1.0,0.0,1.0,0.0,1.0,43.992819,6.8e-05,-0.000317,45.42164,9.5e-05,-0.000596,48.151759,0.000112,0.000178,-5.38812,-8.2e-05,,,,,,,,
256,2026-03-23 00:05:06.883779,USDCAD,SELL,1.3713199999999999,1.37455,1.36637,0.00172,50.0,macd_crossover,RISK_REJECTED,"H4 trend is UP, blocking SELL on USDCAD",,,,,-0.000889,-0.000772,-0.000415,0.000401,-6.6e-05,-0.000903,1.372159,-0.000611,1.37231,-0.000722,1.372705,-0.001009,1.371166,0.000113,1.367118,0.003073,1.3721,1.372305,1.372137,-0.000398,0.000835,0.004087,-0.000149,41.741077,44.889355,46.686392,-0.000204,-0.000159,-4.6e-05,0.040123,-0.006563,-0.090342,0.001875,0.001367,0.001721,0.001255,0.001567,0.001143,0.002626,0.225169,0.061766,0.054473,0.732143,-1.0,0.065476,0.202381,-1.0,0.214612,0.286307,0.283368,-0.002509,0.001006,0.449877,-0.115401,1.0,0.0,0.0,0.0,1.0,0.258819,0.965926,0.0,1.0,50.840167,6e-06,0.000117,50.033513,-3.4e-05,0.000357,47.58783,-7.7e-05,-0.00051,-5.950812,-5.2e-05,,,,,,,,
257,2026-03-23 01:05:03.439148,USDCHF,BUY,0.78832,0.7859,0.79204,0.00129,50.0,macd_crossover,RISK_REJECTED,Session filter: USDCHF inactive at 1:00 UTC (active 07-20),,,,,0.0008,0.00155,0.000381,-0.000532,-0.000672,-0.001166,0.788329,-1.1e-05,0.788405,-0.000108,0.790109,-0.002264,0.788668,-0.000442,0.786299,0.002571,0.788183,0.788644,0.78899,-0.002253,-0.000333,0.004845,-0.000584,51.463005,47.720866,47.39014,-0.000461,-0.000493,3.2e-05,-0.053249,-0.067186,-0.116568,0.001252,0.001588,0.001293,0.00164,0.001294,0.001641,0.004542,0.476126,0.062005,0.07947,0.743902,1.0,0.0,0.256098,2.0,0.442786,0.556436,0.273081,-0.002841,0.003565,0.49387,-0.1189,2.0,0.0,0.0,0.0,1.0,0.5,0.866025,0.0,1.0,43.445842,-1e-05,0.00075,39.116344,-6e-06,-0.001167,43.992819,6.8e-05,-0.000317,4.275023,4.3e-05,,,,,,,,
258,2026-03-23 01:05:03.845306,XAUUSD,BUY,4377.42,4306.8488,4532.67663,56.45696,24.3,rsi_reversal,RISK_REJECTED,"H4 trend is DOWN, blocking BUY on XAUUSD",,,,,0.005319,-0.019518,-0.026894,-0.027612,-0.04091,-0.072889,4489.898,-0.025051,4575.011,-0.043189,4654.8414,-0.059598,4816.7696,-0.091213,4968.9516,-0.119046,4494.726411,4568.534948,4651.072984,-0.035435,-0.050191,-0.063215,-0.016156,19.755944,24.295891,26.716677,-73.808537,-53.650328,-20.15821,-2.761167,-4.091023,-7.288889,65.618918,0.01499,56.456956,0.012897,48.027386,0.010972,0.092485,0.033013,0.752931,0.633429,0.458786,1.0,0.065033,0.476181,1.0,0.195668,0.138467,0.105031,-0.081658,0.013124,0.138548,-0.893532,3.0,0.0,0.0,0.0,1.0,0.707107,0.707107,0.0,1.0,19.749556,-19.15852,-0.024706,26.891339,-12.896036,-0.007523,29.979849,-12.419097,0.0012,4.546335,-0.99969,,,,,,,,
259,2026-03-23 03:05:03.632210,XAUUSD,BUY,4367.42,4293.75798,4529.47644,58.92961,25.76,rsi_reversal,RISK_REJECTED,"H4 trend is DOWN, blocking BUY on XAUUSD",,,,,0.001571,-0.004606,0.003022,-0.029117,-0.047099,-0.064662,4450.058,-0.01857,4544.0365,-0.038868,4636.174,-0.057969,4804.1112,-0.090899,4960.84365,-0.119622,4458.801295,4540.022233,4629.373425,-0.040144,-0.054136,-0.065446,-0.01789,22.99633,25.756817,27.62139,-81.220938,-63.022439,-18.1985,-2.911702,-4.709935,-6.466211,66.687718,0.015269,58.929613,0.013493,50.045821,0.011459,0.102341,0.120215,0.736899,0.650117,0.38311,1.0,0.594519,0.022371,1.0,0.169024,0.114365,0.086749,-0.084134,0.010865,0.094728,-0.918705,5.0,0.0,0.0,0.0,1.0,0.965926,0.258819,0.0,1.0,24.440747,-19.941523,-0.006167,26.140513,-19.506632,0.007664,19.749556,-19.15852,-0.024706,1.31607,1.743023,,,,,,,,
260,2026-03-23 04:05:03.588853,XAUUSD,BUY,4362.71,4290.70107,4521.12964,57.60714,25.95,rsi_reversal,RISK_REJECTED,"H4 trend is DOWN, blocking BUY on XAUUSD",,,,,0.002256,0.000491,-0.00568,-0.022813,-0.046056,-0.073014,4427.542,-0.014643,4526.1285,-0.036106,4626.3124,-0.056979,4797.464,-0.090622,4956.70885,-0.119837,4442.126539,4525.891423,4618.368577,-0.042965,-0.056558,-0.066656,-0.018508,23.783538,25.951468,27.690513,-83.764884,-67.356382,-16.408502,-2.2813,-4.605606,-7.301427,62.679473,0.014367,57.607141,0.013204,49.733738,0.0114,0.103834,0.152276,0.742052,0.619909,0.570598,1.0,0.429402,0.0,1.0,0.165415,0.103013,0.078138,-0.085305,0.009797,0.079226,-0.918193,6.0,0.0,0.0,0.0,1.0,1.0,0.0,0.0,1.0,23.964468,-19.12577,-0.001761,24.440747,-19.941523,-0.006167,26.140513,-19.506632,0.007664,1.987,2.717269,,,,,,,,
261,2026-03-23 05:05:04.151613,XAUUSD,BUY,4365.94,4293.87482,4524.48339,57.65214,26.58,rsi_reversal,RISK_REJECTED,"H4 trend is DOWN, blocking BUY on XAUUSD",,,,,0.002998,0.001231,-0.004943,-0.02209,-0.04535,-0.072328,4427.865,-0.013985,4526.29,-0.035426,4626.377,-0.056294,4797.4963,-0.089954,4956.725,-0.119189,4442.623462,4526.130682,4618.495243,-0.042909,-0.056531,-0.066646,-0.01845,25.032087,26.58253,28.129623,-83.50722,-67.304849,-16.202371,-2.208952,-4.534979,-7.232797,62.769473,0.014377,57.652141,0.013205,49.756238,0.011396,0.103623,0.158123,0.746909,0.622328,0.731502,1.0,0.268498,0.0,1.0,0.177916,0.110798,0.084043,-0.084502,0.010529,0.424421,-0.554029,6.0,0.0,0.0,0.0,1.0,1.0,0.0,0.0,1.0,23.964468,-19.12577,-0.001761,24.440747,-19.941523,-0.006167,26.140513,-19.506632,0.007664,2.618062,2.9234,,,,,,,,
262,2026-03-23 05:05:04.385761,GBPUSD,SELL,1.33188,1.33427,1.31992,0.00239,40.96,ml_filtered_sma,RISK_REJECTED,Unsupported filling mode,,,,,0.00033,-1.5e-05,-0.00102,-0.00114,-0.00132,-0.008021,1.332618,-0.000554,1.334167,-0.001714,1.335113,-0.002421,1.333914,-0.001525,1.334097,-0.001661,1.332956,1.334343,1.334643,-0.001868,0.00019,0.000762,-0.001039,40.955693,42.046384,44.237988,-0.001387,-0.001142,-0.000245,-0.113994,-0.13197,-0.802145,0.002229,0.001674,0.002393,0.001797,0.002359,0.001771,0.009536,0.320273,0.067134,0.101755,0.44,1.0,0.56,0.0,1.0,0.312,0.147101,0.330474,-0.008837,0.001524,0.243337,-0.519795,6.0,0.0,0.0,0.0,1.0,1.0,0.0,0.0,1.0,40.50711,-0.000308,-0.000345,41.579202,-0.000321,-0.001005,44.785473,-0.000349,0.000961,1.539274,6.3e-05,,,,,,,,
263,2026-03-23 06:05:04.675556,USDCAD,BUY,1.37268,1.36969,1.37721,0.00158,50.0,macd_crossover,EXECUTED,,,,55856220803.0,,0.000773,0.000758,0.000853,0.000474,6.6e-05,0.000766,1.37181,0.000634,1.371919,0.000555,1.372607,5.3e-05,1.371363,0.00096,1.367561,0.003743,1.371899,1.372087,1.372042,-0.000581,0.000405,0.00369,-0.000137,58.803957,53.073101,51.995403,-0.000189,-0.000233,4.4e-05,0.047375,0.006557,0.076551,0.001513,0.001102,0.001583,0.001153,0.001528,0.001113,0.002154,0.757484,0.051526,0.056638,0.783582,1.0,0.134328,0.08209,1.0,0.825,0.568465,0.562628,-0.001515,0.001996,0.25628,-0.401135,7.0,0.0,0.0,0.0,1.0,0.965926,-0.258819,0.0,1.0,47.653921,-3.9e-05,-1.5e-05,47.750533,-5.8e-05,9.5e-05,47.103258,-8.1e-05,0.000452,5.41918,8.4e-05,,,,,,,,
264,2026-03-23 07:05:03.694785,USDJPY,SELL,159.432,159.69319,158.23051,0.20895,50.0,macd_crossover,RISK_REJECTED,"H4 trend is UP, blocking SELL on USDJPY",,,,,-0.000251,-0.000859,0.000213,-0.000583,0.001306,0.004492,159.4272,3e-05,159.2663,0.00104,158.77684,0.004126,159.00165,0.002707,159.029715,0.00253,159.374352,159.159744,159.023262,0.004096,0.001664,-0.00159,0.001348,56.318669,60.034296,58.534297,0.214608,0.214802,-0.000194,-0.058298,0.130634,0.449222,0.197451,0.001238,0.208954,0.001311,0.212484,0.001333,0.006528,0.659369,0.072577,0.068206,0.45977,-1.0,0.034483,0.505747,-2.0,0.65109,0.802817,0.837979,-0.001405,0.00572,0.131549,-0.874055,9.0,0.0,1.0,0.0,0.0,0.707107,-0.707107,0.0,1.0,61.657172,0.011056,-0.000608,65.653596,0.020884,0.001073,61.576777,0.021854,-0.00037,-1.622876,-0.01125,,,,,,,,
265,2026-03-23 08:05:04.149709,XAUUSD,BUY,4220.7,4135.96425,4407.11866,67.7886,21.13,rsi_reversal,RISK_REJECTED,"H4 trend is DOWN, blocking BUY on XAUUSD",,,,,0.003915,0.000109,-0.020797,-0.030368,-0.061733,-0.096529,4324.281,-0.023953,4440.2265,-0.04944,4577.3288,-0.077912,4766.8276,-0.114568,4937.36965,-0.145152,4340.737856,4449.391962,4562.20054,-0.055283,-0.068515,-0.072922,-0.02442,18.321192,21.126723,23.398881,-108.654106,-87.567617,-21.086489,-3.036833,-6.173306,-9.652906,77.389752,0.018336,67.788602,0.016061,56.334741,0.013347,0.125162,0.104988,0.827175,0.698933,0.654733,1.0,0.30708,0.038186,1.0,0.296234,0.204671,0.161755,-0.112479,0.028945,0.153567,-0.885882,10.0,0.0,1.0,0.0,0.0,0.5,-0.866025,0.0,1.0,18.043455,-22.828404,-0.003791,18.7034,-20.825305,-0.020903,23.126386,-16.40277,-0.01306,3.083268,1.741915,,,,,,,,
266,2026-03-23 09:05:03.666226,XAUUSD,BUY,4253.35,4169.94282,4436.84579,66.72574,26.63,rsi_reversal,RISK_REJECTED,"H4 trend is DOWN, blocking BUY on XAUUSD",,,,,0.00052,0.011681,0.007846,-0.026109,-0.047308,-0.090852,4306.204,-0.012274,4420.4965,-0.037812,4566.4542,-0.068566,4759.3864,-0.106324,4932.65035,-0.137715,4331.256174,4436.958127,4551.235667,-0.056992,-0.071205,-0.074239,-0.023823,28.217532,26.630396,27.355632,-105.701953,-90.805962,-14.895991,-2.610948,-4.730813,-9.085177,73.463665,0.017272,66.725743,0.015688,56.265974,0.013229,0.118299,0.180372,0.912914,0.736365,0.159107,1.0,0.493161,0.347732,2.0,0.413085,0.266417,0.208181,-0.100227,0.0364,0.087216,-0.932744,11.0,0.0,1.0,0.0,0.0,0.258819,-0.965926,0.0,1.0,26.257248,-19.14388,0.011155,18.043455,-22.828404,-0.003791,18.7034,-20.825305,-0.020903,0.373147,4.247889,,,,,,,,
267,2026-03-23 10:05:03.949530,XAUUSD,BUY,4257.89,4173.01312,4444.61914,67.90151,27.44,rsi_reversal,RISK_REJECTED,"H4 trend is DOWN, blocking BUY on XAUUSD",,,,,0.000994,0.001588,0.012761,-0.012168,-0.022132,-0.07767,4296.598,-0.009009,4402.584,-0.032866,4556.3468,-0.065504,4751.7414,-0.103931,4927.80335,-0.135946,4320.009425,4423.715083,4539.743595,-0.057008,-0.07348,-0.07538,-0.023443,29.793969,27.43873,27.922618,-103.705658,-93.381944,-10.323713,-1.216841,-2.213235,-7.767007,74.130692,0.01741,67.901506,0.015947,57.317662,0.013462,0.115352,0.215083,0.737988,0.725536,0.222413,1.0,0.19554,0.582047,3.0,0.448245,0.304093,0.232381,-0.08565,0.037427,0.083025,-0.924903,12.0,0.0,1.0,0.0,0.0,0.0,-1.0,0.0,1.0,26.682436,-14.876207,0.000593,26.257248,-19.14388,0.011155,18.043455,-22.828404,-0.003791,0.756294,4.552494,,,,,,,,
268,2026-03-23 10:05:04.475022,EURUSD,BUY,1.14923,1.1455,1.15576,0.00186,30.97,bollinger_bounce,RISK_REJECTED,"H4 trend is DOWN, blocking BUY on EURUSD",,,,,-0.000217,-0.003235,-0.003019,-0.003615,-0.004496,-0.004228,1.153066,-0.003327,1.154222,-0.004325,1.154406,-0.004483,1.152694,-0.003005,1.151975,-0.002383,1.152794,1.153836,1.153726,-0.00116,0.001326,0.00211,-0.000904,18.093216,30.973666,37.44094,-0.001043,-0.000347,-0.000696,-0.36154,-0.449576,-0.422837,0.001871,0.001628,0.001865,0.001622,0.001868,0.001625,0.007105,-0.108828,0.084824,0.081078,0.367647,-1.0,0.161765,0.470588,-2.0,0.044138,0.038741,0.285632,-0.006909,0.000278,0.139907,-0.896086,12.0,0.0,1.0,0.0,0.0,0.0,-1.0,0.0,1.0,31.576355,-0.00059,-0.003018,42.186746,-0.000396,0.000217,40.861128,-0.000406,-0.000295,-0.602689,-0.000105,,,,,,,,
269,2026-03-23 10:05:05.094841,GBPUSD,BUY,1.32668,1.32409,1.33963,0.00259,34.16,bollinger_bounce,RISK_REJECTED,"H4 trend is DOWN, blocking BUY on GBPUSD",,,,,-0.000188,-0.003133,-0.001686,-0.002586,-0.003964,-0.006292,1.330141,-0.002602,1.331298,-0.003469,1.335303,-0.006457,1.333828,-0.005359,1.333709,-0.00527,1.330121,1.332243,1.333384,-0.003865,-0.001897,0.001195,-0.001593,28.803301,34.156388,37.782086,-0.002122,-0.001667,-0.000455,-0.258623,-0.396408,-0.629176,0.002665,0.002009,0.002591,0.001953,0.002472,0.001863,0.006395,-0.042422,0.101902,0.104013,0.192308,-1.0,0.169231,0.638462,-2.0,0.098225,0.087645,0.095711,-0.006512,0.000626,0.133798,-0.894936,12.0,0.0,1.0,0.0,0.0,0.0,-1.0,0.0,1.0,34.606277,-0.000389,-0.002945,42.817704,-0.000253,0.001452,35.859761,-0.000392,-2.3e-05,-0.449889,-6.7e-05,,,,,,,,
270,2026-03-23 10:05:05.683314,USDCAD,SELL,1.37438,1.3766,1.37068,0.00148,60.75,bollinger_bounce,RISK_REJECTED,"H4 trend is UP, blocking SELL on USDCAD",,,,,0.000706,0.001005,0.000881,0.002012,0.002524,0.002166,1.372482,0.001383,1.372301,0.001515,1.372682,0.001237,1.371567,0.002051,1.367874,0.004756,1.372756,1.372496,1.372275,-0.000146,0.000534,0.003515,0.000189,71.800654,60.746867,57.401647,0.00026,-2.3e-05,0.000282,0.201222,0.252385,0.216565,0.001359,0.000989,0.001482,0.001078,0.001483,0.001079,0.002828,1.035888,0.043407,0.054949,0.873874,1.0,0.045045,0.081081,2.0,0.98861,0.919492,0.911704,-0.000276,0.003158,0.540404,-0.527051,11.0,0.0,1.0,0.0,0.0,0.258819,-0.965926,0.0,1.0,56.26946,0.000208,0.000299,54.21992,0.000173,-0.000124,55.216287,0.000146,0.0,4.477407,7.4e-05,,,,,,,,
271,2026-03-23 10:05:06.313415,USDCHF,SELL,0.79245,0.79448,0.78907,0.00135,67.47,bollinger_bounce,RISK_REJECTED,"H4 trend is UP, blocking SELL on USDCHF",,,,,0.001706,0.003775,0.003279,0.004424,0.006043,0.007732,0.789729,0.003445,0.789056,0.004302,0.789682,0.003505,0.788827,0.004593,0.786854,0.007111,0.789834,0.789359,0.78929,5.9e-05,0.00029,0.003594,0.000602,79.175156,67.474724,62.059806,0.000475,3.8e-05,0.000437,0.442354,0.604299,0.773173,0.001415,0.001785,0.001352,0.001706,0.001322,0.001668,0.00601,1.215833,0.078865,0.089187,0.758427,1.0,0.050562,0.191011,2.0,0.982143,0.985871,0.674441,-0.000114,0.007925,0.742943,-0.546075,11.0,0.0,1.0,0.0,0.0,0.258819,-0.965926,0.0,1.0,62.119203,0.000318,0.002065,53.542856,0.00024,-0.000494,56.378757,0.000263,-0.000127,5.35552,0.000119,,,,,,,,
272,2026-03-23 11:05:04.006295,EURUSD,BUY,1.14873,1.14501,1.15524,0.00186,30.39,bollinger_bounce,RISK_REJECTED,"H4 trend is DOWN, blocking BUY on EURUSD",,,,,0.000148,-0.000652,-0.003669,-0.003747,-0.005799,-0.004118,1.152329,-0.003123,1.153952,-0.004525,1.154465,-0.004968,1.152693,-0.003438,1.151903,-0.002754,1.152081,1.153412,1.153505,-0.00185,0.001092,0.002224,-0.001154,18.632425,30.391978,36.752534,-0.001331,-0.000552,-0.000779,-0.374659,-0.579871,-0.411797,0.001852,0.001612,0.001861,0.00162,0.001868,0.001626,0.008533,-0.030279,0.078657,0.081789,0.21519,1.0,0.78481,0.0,1.0,0.05156,0.043084,0.220339,-0.007347,0.000331,0.141459,-0.892679,13.0,0.0,1.0,1.0,0.0,-0.258819,-0.965926,0.0,1.0,29.466388,-0.000739,-0.0008,31.576355,-0.00059,-0.003018,42.186746,-0.000396,0.000217,0.92559,-4e-05,,,,,,,,
273,2026-03-23 11:05:04.672932,AUDUSD,BUY,0.69207,0.68918,0.69678,0.0019,20.8,bollinger_bounce,EXECUTED,,,,55864767560.0,,-0.003126,-0.006603,-0.004688,-0.005932,-0.010509,-0.017337,0.696362,-0.006163,0.699167,-0.01015,0.703683,-0.016503,0.705822,-0.019484,0.707148,-0.021323,0.696785,0.699751,0.702215,-0.010404,-0.009429,-0.004901,-0.004238,15.529058,20.796575,25.71523,-0.002966,-0.002429,-0.000537,-0.59322,-1.050871,-1.733685,0.001996,0.002885,0.001899,0.002744,0.001826,0.002638,0.019439,-0.022152,0.129398,0.119773,0.904167,-1.0,0.083333,0.0125,-2.0,0.00339,0.002262,0.001592,-0.019117,4.3e-05,0.622228,-0.461992,12.0,0.0,1.0,0.0,0.0,0.0,-1.0,0.0,1.0,24.474052,-0.000428,-0.003488,29.988075,-0.000407,0.001927,20.857781,-0.000554,-0.000403,-3.677477,-0.000109,,,,,,,,
274,2026-03-23 11:05:05.136660,USDCAD,SELL,1.37519,1.37738,1.37153,0.00146,63.9,bollinger_bounce,RISK_REJECTED,"H4 trend is UP, blocking SELL on USDCAD",,,,,0.000167,0.001296,0.001595,0.001471,0.002303,0.002011,1.372856,0.0017,1.372468,0.001984,1.372725,0.001796,1.371628,0.002597,1.367963,0.005283,1.373206,1.372735,1.372411,9.6e-05,0.000612,0.003481,0.000343,76.305683,63.900693,59.734875,0.00047,8.3e-05,0.000387,0.147105,0.230316,0.201103,0.001331,0.000968,0.001463,0.001064,0.001474,0.001072,0.003564,1.056659,0.045326,0.055759,0.442308,1.0,0.115385,0.442308,3.0,0.988484,0.988484,0.988701,-4.4e-05,0.003745,0.493986,-0.473102,12.0,0.0,1.0,0.0,0.0,0.0,-1.0,0.0,1.0,63.011337,0.000319,0.001129,56.26946,0.000208,0.000299,54.21992,0.000173,-0.000124,0.889356,6.8e-05,,,,,,,,
275,2026-03-23 11:05:05.693786,NZDUSD,BUY,0.57696,0.57495,0.58031,0.00134,22.85,bollinger_bounce,RISK_REJECTED,"H4 trend is DOWN, blocking BUY on NZDUSD",,,,,-0.001851,-0.004641,-0.003644,-0.005344,-0.009068,-0.012038,0.579894,-0.00506,0.58148,-0.007773,0.584003,-0.01206,0.583937,-0.011948,0.5851,-0.013913,0.580029,0.581814,0.582948,-0.007036,-0.004207,-0.001876,-0.003069,14.33997,22.847007,29.29265,-0.001785,-0.001356,-0.000429,-0.534427,-0.906843,-1.203788,0.001351,0.002342,0.001341,0.002324,0.001339,0.00232,0.013915,-0.058618,0.088757,0.089322,0.819549,-1.0,0.120301,0.06015,-2.0,0.012422,0.009901,0.006478,-0.013866,0.000139,0.680993,-0.372927,12.0,0.0,1.0,0.0,0.0,0.0,-1.0,0.0,1.0,25.651259,-0.000367,-0.002795,31.000658,-0.000327,0.001002,25.860528,-0.000385,-0.000725,-2.804251,-6.2e-05,,,,,,,,
276,2026-03-23 11:05:06.219797,USDCHF,SELL,0.7932,0.79522,0.78983,0.00135,69.91,bollinger_bounce,RISK_REJECTED,"H4 trend is UP, blocking SELL on USDCHF",,,,,0.000353,0.002655,0.004725,0.004101,0.005425,0.005514,0.790204,0.003791,0.789297,0.004946,0.789715,0.004413,0.788871,0.005487,0.78693,0.007968,0.790413,0.789675,0.789461,0.000619,0.000539,0.003539,0.000934,81.86017,69.906269,64.070905,0.000737,0.000184,0.000554,0.410147,0.542514,0.551436,0.001391,0.001754,0.001349,0.0017,0.001322,0.001667,0.007893,1.126582,0.082081,0.077783,0.466667,1.0,0.483333,0.05,3.0,0.94974,0.958273,0.747328,-0.000366,0.008396,0.618777,-0.513836,12.0,0.0,1.0,0.0,0.0,0.0,-1.0,0.0,1.0,69.000535,0.000467,0.002301,62.119203,0.000318,0.002065,53.542856,0.00024,-0.000494,0.905734,8.6e-05,,,,,,,,
277,2026-03-23 12:05:10.140587,AUDUSD,BUY,0.69869,0.69373,0.7062,0.00262,50.0,macd_crossover,EXECUTED,,,,55867233573.0,,0.000215,0.009288,0.00641,0.004832,0.000845,-0.006414,0.696352,0.003357,0.698703,-1.9e-05,0.703442,-0.006755,0.705658,-0.009875,0.706979,-0.011724,0.697328,0.699601,0.701945,-0.010079,-0.009855,-0.005002,-0.00325,56.022151,46.913799,44.5036,-0.002274,-0.002422,0.000148,0.483224,0.084515,-0.641354,0.0033,0.004724,0.002625,0.003757,0.002209,0.003162,0.01753,0.498898,0.275689,0.209239,0.084746,1.0,0.20904,0.706215,2.0,0.574981,0.552899,0.384965,-0.008831,0.01092,0.253538,-0.924492,14.0,0.0,1.0,1.0,0.0,-0.5,-0.866025,0.0,1.0,46.474339,-0.000135,0.009072,21.073831,-0.000525,-0.002852,24.474052,-0.000428,-0.003488,0.43946,0.000283,,,,,,,,
278,2026-03-23 12:05:10.895324,NZDUSD,BUY,0.58434,0.58079,0.58978,0.00189,50.0,macd_crossover,RISK_REJECTED,"H4 trend is DOWN, blocking BUY on NZDUSD",,,,,0.013283,0.010916,0.008091,0.008369,0.003727,0.001491,0.580083,0.007339,0.581509,0.004868,0.58406,0.00048,0.583953,0.000663,0.585053,-0.001219,0.580656,0.581982,0.582992,-0.006809,-0.004185,-0.001698,-0.002279,66.770221,57.244672,53.883491,-0.001326,-0.001354,2.7e-05,0.836943,0.372743,0.149108,0.002445,0.004184,0.001892,0.003238,0.001615,0.002764,0.014511,0.83543,0.363841,0.258499,0.912992,1.0,0.06913,0.017878,1.0,0.93379,0.929545,0.625861,-0.001061,0.013999,2.482089,1.073087,13.0,0.0,1.0,1.0,0.0,-0.258819,-0.965926,0.0,1.0,22.211586,-0.000447,-0.002336,25.651259,-0.000367,-0.002795,31.000658,-0.000327,0.001002,35.033086,0.000474,,,,,,,,
279,2026-03-23 12:05:11.560008,USDJPY,BUY,158.906,158.46671,160.35732,0.29086,42.45,bollinger_bounce,EXECUTED,,,,55867234234.0,,-0.000145,-0.004486,-0.003993,-0.004286,-0.00388,-0.002198,159.3922,-0.00305,159.3618,-0.00286,158.76956,0.000859,159.00152,-0.000601,159.057465,-0.000952,159.302726,159.200021,159.073729,0.003922,0.002266,-0.00181,0.000645,30.458756,42.453013,46.372638,0.102704,0.181532,-0.078828,-0.428598,-0.388027,-0.219772,0.347829,0.002189,0.290864,0.00183,0.255552,0.001608,0.005091,-0.061804,0.119865,0.097455,0.190083,-1.0,0.561983,0.247934,-2.0,0.466951,0.466951,0.650838,-0.00472,0.004135,0.266295,-0.938904,14.0,0.0,1.0,1.0,0.0,-0.5,-0.866025,0.0,1.0,42.937643,-0.049925,-0.004342,63.08708,-0.004904,0.000495,61.157601,-0.006335,0.000671,-0.48463,-0.028903,,,,,,,,
280,2026-03-23 18:22:50.972676,USDCAD,BUY,1.373,1.36885,1.37927,0.00219,50.0,macd_crossover,RISK_REJECTED,AutoTrading disabled by client,,,,,0.000153,0.00043,0.000831,0.001495,-0.000299,0.000335,1.372407,0.000432,1.372272,0.000531,1.372511,0.000356,1.371798,0.000876,1.368582,0.003228,1.372303,1.372325,1.372242,-7.6e-05,0.000345,0.002871,-1.6e-05,56.043067,52.789323,51.994263,-2.3e-05,-4.3e-05,2e-05,0.149531,-0.029853,0.033515,0.002359,0.001718,0.002193,0.001597,0.001923,0.001401,0.004256,0.624739,0.095884,0.075733,0.215909,1.0,0.647727,0.136364,4.0,0.709563,0.709563,0.709563,-0.001792,0.004377,0.389906,-0.613503,20.0,0.0,0.0,1.0,0.0,-0.866025,0.5,0.0,1.0,52.014303,-4.8e-05,0.000277,50.653136,-0.00013,0.000401,48.69729,-0.000211,0.001416,0.77502,6.8e-05,,,,,,,,
281,2026-03-23 18:29:42.301565,USDCAD,BUY,1.37269,1.36854,1.37901,0.0022,50.0,macd_crossover,RISK_REJECTED,AutoTrading disabled by client,,,,,-7.3e-05,0.000204,0.000605,0.001269,-0.000524,0.000109,1.372376,0.000229,1.372256,0.000316,1.372505,0.000135,1.371795,0.000653,1.36858,0.003003,1.372255,1.372302,1.37223,-9.4e-05,0.000336,0.002867,-3.4e-05,53.799552,51.610849,51.156494,-4.7e-05,-4.7e-05,0.0,0.126919,-0.052424,0.010929,0.002382,0.001735,0.002205,0.001606,0.001929,0.001405,0.004237,0.574645,0.095757,0.075706,0.115385,-1.0,0.730769,0.153846,-1.0,0.672963,0.672963,0.672963,-0.002018,0.004152,0.488353,-0.513474,20.0,0.0,0.0,1.0,0.0,-0.866025,0.5,0.0,1.0,52.014303,-4.8e-05,0.000277,50.653136,-0.00013,0.000401,48.69729,-0.000211,0.001416,-0.403454,4.8e-05,,,,,,,,
282,2026-03-23 23:05:03.722361,USDCAD,BUY,1.37255,1.36876,1.37837,0.00202,50.0,macd_crossover,RISK_REJECTED,Session filter: USDCAD inactive at 23:00 UTC (active 00-20),,,,,0.000445,0.000262,0.000255,-0.000175,0.002073,0.000758,1.371848,0.000512,1.372381,0.000123,1.372424,9.2e-05,1.371874,0.000493,1.368869,0.002689,1.372167,1.372227,1.372195,-0.00042,0.00037,0.002597,-4.4e-05,54.188937,51.480604,50.957445,-6e-05,-7.9e-05,1.8e-05,-0.017483,0.207343,0.075829,0.001953,0.001423,0.002023,0.001474,0.001874,0.001365,0.004007,0.530638,0.053396,0.07153,0.539823,1.0,0.256637,0.20354,1.0,0.844985,0.656434,0.656434,-0.00212,0.004051,0.090388,-0.326767,0.0,1.0,0.0,0.0,1.0,0.0,1.0,0.951057,0.309017,48.792036,-2.1e-05,-0.000182,49.843117,-1.9e-05,-7e-06,49.883031,-3.8e-05,0.000386,2.688568,3.9e-05,,,,,,,,
283,2026-03-24 01:05:03.861609,GBPUSD,SELL,1.33966,1.34378,1.32069,0.0033,50.0,macd_crossover,RISK_REJECTED,Session filter: GBPUSD inactive at 1:00 UTC (active 07-20),,,,,-0.000306,-0.002145,-0.00265,-0.002561,0.000912,0.007172,1.342247,-0.001927,1.338355,0.000975,1.33704,0.00196,1.33504,0.00346,1.333573,0.004564,1.340772,1.338762,1.337149,0.003895,0.002483,0.0026,0.001501,45.170004,52.0525,52.791788,0.00201,0.002031,-2.1e-05,-0.256124,0.091151,0.717229,0.002815,0.002101,0.0033,0.002463,0.003171,0.002367,0.018967,0.55141,0.104349,0.203315,0.533333,-1.0,0.16,0.306667,-3.0,0.239454,0.629496,0.629496,-0.006151,0.01045,0.082732,-0.893931,3.0,1.0,0.0,0.0,1.0,0.707107,0.707107,0.951057,0.309017,52.879597,0.000247,-0.00184,58.038523,0.000584,-0.000506,59.523035,0.000792,0.000208,-0.827097,-0.000269,,,,,,,,
284,2026-03-24 01:05:04.325216,USDCHF,BUY,0.78816,0.78493,0.79312,0.00173,50.0,macd_crossover,RISK_REJECTED,Session filter: USDCHF inactive at 1:00 UTC (active 07-20),,,,,0.0,0.001996,0.002442,0.002468,0.000508,-0.002279,0.786716,0.001835,0.787969,0.000243,0.788356,-0.000248,0.788966,-0.001022,0.787579,0.000738,0.787244,0.787752,0.788284,-0.00208,-0.001264,0.000986,-0.000645,58.815309,51.525055,50.062682,-0.000508,-0.000611,0.000102,0.24675,0.050777,-0.22786,0.00149,0.001891,0.001725,0.002189,0.001672,0.002121,0.012556,0.519355,0.099432,0.176333,0.025,-1.0,0.35,0.625,-1.0,0.923833,0.448243,0.448243,-0.007372,0.005989,0.058322,-0.905864,3.0,1.0,0.0,0.0,1.0,0.707107,0.707107,0.951057,0.309017,51.525055,-6e-06,0.001996,45.546068,-0.000169,0.000445,44.119291,-0.000246,0.000165,-0.0,0.000108,,,,,,,,
285,2026-03-24 02:05:03.655711,EURUSD,SELL,1.15859,1.16488,1.14846,0.00252,50.0,macd_crossover,RISK_REJECTED,Session filter: EURUSD inactive at 2:00 UTC (active 07-20),,,,,-0.000216,-0.001895,-0.002454,-0.002222,0.0,0.0045,1.160635,-0.001762,1.158005,0.000506,1.156597,0.001724,1.153912,0.004054,1.151952,0.005762,1.15962,1.158239,1.156665,0.003492,0.003547,0.004032,0.001192,43.647715,51.22608,52.671846,0.001381,0.001487,-0.000106,-0.22219,0.0,0.449974,0.002236,0.00193,0.002516,0.002171,0.002419,0.002088,0.015082,0.533525,0.103885,0.174943,0.195122,-1.0,0.617886,0.186992,-4.0,0.159869,0.65557,0.65557,-0.004644,0.008838,0.404281,-0.365923,3.0,1.0,0.0,0.0,1.0,0.707107,0.707107,0.951057,0.309017,51.908802,8.3e-05,-0.00168,57.454929,0.00033,-0.00056,59.419988,0.000476,-2.6e-05,-0.682722,-0.000189,,,,,,,,
286,2026-03-24 02:05:04.088020,USDJPY,BUY,158.62,158.21093,160.16394,0.26938,50.0,macd_crossover,RISK_REJECTED,AutoTrading disabled by client,,,,,0.000227,0.000296,0.000864,0.001534,-0.000429,-0.005343,158.4314,0.00119,158.71105,-0.000574,158.8467,-0.001427,158.92057,-0.001891,159.059355,-0.002762,158.565855,158.71397,158.807614,-0.002614,-0.001318,-0.001337,-0.000933,53.120426,47.083386,46.98036,-0.148115,-0.153149,0.005034,0.153431,-0.042851,-0.534263,0.238638,0.001504,0.269381,0.001698,0.263813,0.001663,0.011645,0.450735,0.096767,0.117707,0.555556,1.0,0.126984,0.31746,4.0,0.842917,0.367809,0.457592,-0.006512,0.003789,0.060853,-0.920728,4.0,1.0,0.0,0.0,1.0,0.866025,0.5,0.951057,0.309017,46.038685,-0.011069,6.9e-05,45.734717,-0.029924,0.000568,43.30851,-0.054179,0.000954,1.044701,0.016103,,,,,,,,
287,2026-03-24 02:05:04.692350,AUDUSD,SELL,0.69788,0.70298,0.69027,0.00267,50.0,macd_crossover,RISK_REJECTED,AutoTrading disabled by client,,,,,-0.001131,-0.004152,-0.005515,-0.003996,-0.002002,0.002413,0.70055,-0.003811,0.699401,-0.002174,0.702286,-0.006274,0.704556,-0.009475,0.705993,-0.011492,0.699998,0.700367,0.701574,-0.002472,-0.007317,-0.005251,-0.000527,37.409467,43.240518,44.056003,-0.000369,-0.000363,-6e-06,-0.399612,-0.200206,0.24131,0.002568,0.00368,0.002675,0.003833,0.002456,0.00352,0.01858,0.382992,0.140843,0.277275,0.526667,-1.0,0.46,0.013333,-3.0,0.172982,0.449572,0.36588,-0.011965,0.009772,0.654366,-0.334561,3.0,1.0,0.0,0.0,1.0,0.707107,0.707107,0.951057,0.309017,45.002937,0.000179,-0.003025,50.090341,0.000384,-0.001368,52.590172,0.000468,0.002099,-1.762419,-0.000185,,,,,,,,
288,2026-03-24 02:05:05.140023,NZDUSD,SELL,0.58371,0.58768,0.57785,0.00207,50.0,macd_crossover,RISK_REJECTED,AutoTrading disabled by client,,,,,-0.001027,-0.002802,-0.004299,-0.003262,-0.000856,0.006292,0.585625,-0.00327,0.583649,0.000105,0.584389,-0.001162,0.584009,-0.000512,0.584518,-0.001382,0.584791,0.584217,0.584025,0.002115,-0.000618,-0.00022,0.000982,42.26661,48.355977,49.207573,0.000574,0.00058,-6e-06,-0.32615,-0.085586,0.629245,0.002,0.003427,0.002069,0.003545,0.001885,0.003229,0.023054,0.504571,0.140289,0.24847,0.681818,-1.0,0.284091,0.034091,-3.0,0.107287,0.601594,0.581216,-0.008566,0.012935,0.525854,-0.367896,3.0,1.0,0.0,0.0,1.0,0.707107,0.707107,0.951057,0.309017,50.248121,0.000148,-0.001777,53.625443,0.000312,-0.001501,56.615305,0.000435,0.001846,-1.892145,-0.000154,,,,,,,,
289,2026-03-24 11:05:03.805987,USDCAD,SELL,1.37356,1.37645,1.36913,0.00154,50.0,macd_crossover,RISK_REJECTED,"H4 trend is UP, blocking SELL on USDCAD",,,,,-0.000364,-0.000887,-0.000357,-0.001505,-0.000473,0.002657,1.374833,-0.000926,1.373648,-6.4e-05,1.372741,0.000596,1.372493,0.000777,1.369805,0.002741,1.374195,1.373651,1.373114,0.001524,0.000842,0.002143,0.000396,41.732482,49.653455,50.979865,0.000545,0.000592,-4.8e-05,-0.150477,-0.0473,0.265709,0.001386,0.001009,0.001542,0.001123,0.001625,0.001183,0.004097,0.484274,0.034297,0.042182,0.367647,-1.0,0.227941,0.404412,-2.0,0.279778,0.633803,0.716467,-0.001893,0.003276,0.619656,-0.391313,12.0,1.0,1.0,0.0,0.0,0.0,-1.0,0.951057,0.309017,52.451983,4.8e-05,-0.000524,56.727106,0.000138,0.000531,53.130591,0.000188,-0.000742,-2.798528,-9.6e-05,,,,,,,,
290,2026-03-24 14:05:03.712568,USDCAD,BUY,1.37565,1.37256,1.38028,0.00163,50.0,macd_crossover,RISK_REJECTED,AutoTrading disabled by client,,,,,0.000917,0.00072,0.001711,0.000633,0.000153,0.002083,1.374722,0.000675,1.374018,0.001188,1.372908,0.001997,1.372625,0.002204,1.370048,0.004089,1.374471,1.373898,1.373308,0.001321,0.001014,0.002088,0.000417,63.482132,59.243901,57.206245,0.000573,0.000563,1e-05,0.063283,0.015268,0.208335,0.001598,0.001162,0.001625,0.001181,0.00166,0.001206,0.003957,0.800235,0.048184,0.041902,0.649485,1.0,0.0,0.350515,1.0,0.858726,0.902486,0.944384,-0.000371,0.003431,1.018319,-0.222202,15.0,1.0,1.0,1.0,0.0,-0.707107,-0.707107,0.951057,0.309017,53.622227,-6.1e-05,-0.000196,55.135485,-5e-05,0.00099,48.313051,-6.4e-05,-0.000553,5.621674,7.2e-05,,,,,,,,
291,2026-03-24 17:05:03.985501,AUDUSD,BUY,0.69712,0.69289,0.7036,0.00225,50.0,macd_crossover,RISK_REJECTED,"H4 trend is DOWN, blocking BUY on AUDUSD",,,,,0.001034,0.000746,0.001178,0.000316,-0.002219,-0.005081,0.696905,0.000309,0.697644,-0.000752,0.699019,-0.002716,0.702458,-0.007599,0.704708,-0.010768,0.697057,0.697965,0.699457,-0.003024,-0.006853,-0.008074,-0.001301,49.978913,46.399908,45.699002,-0.000908,-0.000931,2.3e-05,0.031568,-0.22185,-0.508078,0.002076,0.002977,0.002254,0.003234,0.002288,0.003282,0.009571,0.421445,0.123418,0.12922,0.48,1.0,0.2,0.32,1.0,0.377143,0.332913,0.399473,-0.007588,0.003787,0.743951,-0.539143,18.0,1.0,0.0,1.0,0.0,-1.0,-0.0,0.951057,0.309017,43.40498,-5e-05,-0.000287,44.039694,-7.6e-05,0.000431,42.876205,-0.000118,0.000963,2.994928,7.3e-05,,,,,,,,
292,2026-03-24 17:05:04.693728,USDJPY,SELL,159.044,159.25892,157.96939,0.21492,61.36,bollinger_bounce,RISK_REJECTED,"H4 trend is UP, blocking SELL on USDJPY",,,,,0.000799,0.0009,0.001978,0.001429,0.00347,0.004211,158.796,0.001562,158.69025,0.002229,158.918,0.000793,158.89164,0.000959,159.04335,4e-06,158.802489,158.760299,158.788237,-0.000768,-0.001267,-0.000788,0.000266,75.177521,61.355957,56.372774,0.04219,-0.01292,0.05511,0.142932,0.347016,0.421147,0.191723,0.001205,0.214923,0.001351,0.232233,0.00146,0.004151,1.037025,0.039636,0.041985,1.0,1.0,0.0,0.0,3.0,1.0,1.0,0.626145,0.0,0.004841,0.126684,-0.86773,19.0,1.0,0.0,1.0,0.0,-0.965926,0.258819,0.951057,0.309017,57.32108,0.047672,0.000101,56.793328,0.045138,0.001077,50.749395,0.03951,-0.000472,4.034876,0.007438,,,,,,,,
293,2026-03-24 18:05:04.057501,USDJPY,SELL,159.095,159.3109,158.01549,0.2159,62.82,bollinger_bounce,RISK_REJECTED,"H4 trend is UP, blocking SELL on USDJPY",,,,,0.000151,0.00112,0.001221,0.001826,0.00278,0.004819,158.8428,0.001588,158.72975,0.002301,158.91532,0.001131,158.88789,0.001303,159.044525,0.000317,158.851005,158.786944,158.801284,-0.000456,-0.000995,-0.000812,0.000403,77.329851,62.818645,57.379196,0.064062,0.002821,0.061241,0.182614,0.277963,0.481899,0.195518,0.001229,0.215903,0.001357,0.23229,0.00146,0.004246,1.041951,0.037314,0.04187,0.265957,1.0,0.234043,0.5,4.0,0.850556,0.897268,0.6573,-0.000591,0.00516,0.162096,-0.900122,20.0,1.0,0.0,1.0,0.0,-0.866025,0.5,0.951057,0.309017,62.117364,0.056833,0.000969,57.32108,0.047672,0.000101,56.793328,0.045138,0.001077,0.701281,0.004408,,,,,,,,
294,2026-03-24 18:05:04.504890,USDCAD,SELL,1.37829,1.38086,1.37401,0.00171,69.16,bollinger_bounce,RISK_REJECTED,"H4 trend is UP, blocking SELL on USDCAD",,,,,0.000755,0.001279,0.002407,0.002838,0.003086,0.004628,1.375252,0.002209,1.374901,0.002465,1.373266,0.003659,1.372896,0.003929,1.370396,0.00576,1.375587,1.37461,1.373781,0.001446,0.001461,0.002094,0.000711,79.850194,69.161417,64.23678,0.000977,0.000671,0.000306,0.283762,0.308577,0.462848,0.001737,0.00126,0.001711,0.001242,0.001705,0.001237,0.004024,1.112399,0.047174,0.041295,0.757353,1.0,0.139706,0.102941,4.0,0.966252,0.971935,0.983464,-0.000138,0.004774,0.929,-0.107767,19.0,1.0,0.0,1.0,0.0,-0.965926,0.258819,0.951057,0.309017,65.763472,0.000185,0.000523,63.15352,7.4e-05,0.001127,56.528956,-4.3e-05,0.000509,3.397945,0.000121,,,,,,,,
295,2026-03-24 18:05:05.244760,NZDUSD,BUY,0.57996,0.57733,0.58434,0.00175,36.23,bollinger_bounce,RISK_REJECTED,"H4 trend is DOWN, blocking BUY on NZDUSD",,,,,-0.00246,-0.002854,-0.004343,-0.004292,-0.008175,-0.00887,0.582173,-0.003801,0.583122,-0.005423,0.582975,-0.005172,0.583529,-0.006116,0.583878,-0.006711,0.582213,0.582917,0.583317,-0.001376,-0.000697,-0.001547,-0.001207,24.349515,36.230918,40.632,-0.000704,-0.000355,-0.000348,-0.429214,-0.817457,-0.886952,0.001691,0.002916,0.00175,0.003018,0.001749,0.003016,0.009695,-0.059411,0.126802,0.116731,0.665116,-1.0,0.032558,0.302326,-3.0,0.119266,0.089286,0.302789,-0.011432,0.001121,1.040923,0.127029,19.0,1.0,0.0,1.0,0.0,-0.965926,0.258819,0.951057,0.309017,41.291452,-0.000262,-0.000395,42.171162,-0.000245,-0.001494,45.582157,-0.000217,0.000808,-5.060533,-8.6e-05,,,,,,,,
296,2026-03-24 20:35:06.680282,USDJPY,BUY,159.014,158.80104,160.07878,0.21296,66.93,ml_filtered_sma,RISK_REJECTED,AutoTrading disabled by client,,,,,0.00017,0.00027,-0.000358,0.000711,0.002035,0.002781,158.8981,0.000729,158.7708,0.001532,158.90302,0.000698,158.87759,0.000859,159.046535,-0.000205,158.880126,158.809609,158.812134,-3.1e-05,-0.000672,-0.000902,0.000444,66.930378,59.040144,55.282242,0.070517,0.024647,0.04587,0.071113,0.20354,0.278105,0.191716,0.001206,0.212956,0.001339,0.230111,0.001447,0.004054,0.877835,0.042512,0.04168,0.604167,1.0,0.395833,0.0,2.0,0.721781,0.77707,0.607819,-0.001101,0.003836,0.150974,-0.847779,22.0,1.0,0.0,0.0,0.0,-0.5,0.866025,0.951057,0.309017,58.117205,0.049348,0.000101,57.591381,0.053327,-0.000629,62.117364,0.056833,0.000969,0.922939,-0.003478,,,,,,,,
297,2026-03-24 20:59:33.780878,AUDUSD,SELL,0.69946,0.70309,0.69341,0.00242,56.18,bollinger_bounce,RISK_REJECTED,Session filter: AUDUSD inactive at 20:00 UTC (active 00-20),,,,,0.003774,0.004106,0.006084,0.004394,0.002652,0.001131,0.696646,0.004039,0.696945,0.003608,0.69849,0.001388,0.702056,-0.003698,0.704376,-0.006979,0.697128,0.697717,0.699088,-0.00264,-0.00728,-0.008356,-0.000844,68.64532,56.179332,52.04065,-0.000589,-0.00087,0.000281,0.439403,0.265191,0.113072,0.002477,0.003541,0.002419,0.003459,0.002367,0.003385,0.005934,1.107971,0.133404,0.136447,0.566879,1.0,0.392781,0.04034,3.0,0.753333,0.736636,0.553724,-0.002888,0.008078,0.929224,0.401271,22.0,1.0,0.0,0.0,0.0,-0.5,0.866025,0.951057,0.309017,46.640194,6.7e-05,0.00033,45.679958,1e-06,0.001971,39.675633,-6.7e-05,-0.001838,9.539139,0.000214,,,,,,,,
298,2026-03-24 21:06:46.480594,NZDUSD,BUY,0.5834,0.58019,0.58833,0.00171,50.0,macd_crossover,RISK_REJECTED,"H4 trend is DOWN, blocking BUY on NZDUSD [MACD]",,,,,8.6e-05,0.002647,0.003181,0.003457,0.000429,-0.000291,0.58205,0.002319,0.582677,0.00124,0.58291,0.00084,0.583484,-0.000145,0.583722,-0.000552,0.582475,0.582857,0.583221,-0.001476,-0.001383,-0.00139,-0.000655,60.564804,52.548,50.867886,-0.000382,-0.000454,7.2e-05,0.345723,0.042871,-0.029131,0.001634,0.002801,0.001715,0.002939,0.001733,0.002971,0.00697,0.677893,0.113538,0.118981,0.625,1.0,0.25,0.125,4.0,0.718805,0.606825,0.576892,-0.004542,0.007011,0.004,-0.997886,23.0,1.0,0.0,0.0,0.0,-0.258819,0.965926,0.951057,0.309017,52.331937,-3.5e-05,0.002561,45.460147,-0.000191,0.000533,43.897669,-0.000265,0.00205,0.216062,0.000107,,,,,,,,
299,2026-03-24 21:06:47.215201,USDCHF,SELL,0.78802,0.79101,0.78344,0.00159,50.0,macd_crossover,RISK_REJECTED,"H4 trend is UP, blocking SELL on USDCHF [MACD]",,,,,-0.000165,-0.002759,-0.003616,-0.003956,0.000571,-0.000457,0.790161,-0.00271,0.788919,-0.001139,0.788469,-0.000569,0.789497,-0.001871,0.788373,-0.000448,0.789365,0.788927,0.788737,0.002146,-0.000733,0.000121,0.000555,35.070697,45.530276,47.629675,0.000438,0.000504,-6.6e-05,-0.395627,0.057138,-0.045663,0.001556,0.001975,0.001592,0.002021,0.0016,0.00203,0.008373,0.363975,0.106757,0.0916,0.315789,1.0,0.210526,0.473684,1.0,0.181985,0.315385,0.434948,-0.005647,0.002601,0.002861,-0.997798,23.0,1.0,0.0,0.0,0.0,-0.258819,0.965926,0.951057,0.309017,46.090687,9e-05,-0.002594,56.224087,0.00031,-0.00086,60.308109,0.000419,-0.000581,-0.560412,-0.000156,,,,,,,,
300,2026-03-24 21:06:47.709859,EURUSD,SELL,1.16053,1.16518,1.15239,0.00232,57.94,bollinger_bounce,RISK_REJECTED,Session filter: EURUSD inactive at 21:00 UTC (active 07-20),,,,,0.001709,0.001994,0.002531,0.002393,0.001139,0.001458,1.158496,0.001756,1.158705,0.001575,1.157665,0.002475,1.154954,0.004828,1.152273,0.007166,1.158775,1.158598,1.157752,0.000718,0.003248,0.00468,0.000153,66.492151,57.943519,56.039946,0.000177,0.000204,-2.7e-05,0.239255,0.113871,0.145835,0.002434,0.002097,0.002325,0.002003,0.002293,0.001976,0.002921,1.03919,0.065245,0.063579,0.43167,1.0,0.496746,0.071584,3.0,0.678371,0.678371,0.77977,-0.001973,0.004162,0.878737,0.233746,22.0,1.0,0.0,0.0,0.0,-0.5,0.866025,0.951057,0.309017,50.57054,-0.000199,0.000285,49.192042,-0.000257,0.000536,46.593642,-0.000299,-0.000561,7.37298,0.000171,,,,,,,,
301,2026-03-24 22:05:08.256718,GBPUSD,BUY,1.3412899999999999,1.33793,1.35675,0.00269,50.0,macd_crossover,RISK_REJECTED,"H4 trend is DOWN, blocking BUY on GBPUSD [MACD]",,,,,7e-06,0.000612,0.002287,0.002639,0.001523,0.00091,1.339125,0.001617,1.339657,0.001219,1.337818,0.002595,1.336039,0.00393,1.333643,0.005734,1.339731,1.339439,1.338553,0.000977,0.002708,0.003131,0.000218,64.308612,56.188554,54.587277,0.000292,0.000205,8.7e-05,0.263874,0.152324,0.09104,0.002457,0.001832,0.002688,0.002004,0.00283,0.00211,0.004183,0.791386,0.077997,0.085631,0.018868,1.0,0.377358,0.603774,3.0,0.76537,0.653105,0.702788,-0.002416,0.004548,0.043337,-0.884938,0.0,2.0,0.0,0.0,1.0,0.0,1.0,0.587785,-0.809017,56.161797,-2.6e-05,0.000604,54.051125,-0.000207,0.001674,47.568711,-0.000398,-6e-05,0.026757,0.000114,,,,,,,,
302,2026-03-24 22:05:08.751559,USDJPY,SELL,158.643,158.93784,157.28674,0.23587,50.0,macd_crossover,RISK_REJECTED,"H4 trend is UP, blocking SELL on USDJPY [MACD]",,,,,6.3e-05,-0.000107,-0.002164,-0.002691,-0.001096,-0.000126,158.8318,-0.001189,158.75455,-0.000703,158.86838,-0.001419,158.85809,-0.001354,159.04321,-0.002516,158.772482,158.762673,158.785937,-0.00023,-0.000652,-0.001099,6.2e-05,37.876692,45.212119,46.817869,0.009809,0.017925,-0.008117,-0.269062,-0.10956,-0.012605,0.232762,0.001467,0.235871,0.001487,0.241753,0.001524,0.003784,0.314332,0.068033,0.055923,0.126582,1.0,0.620253,0.253165,1.0,0.337379,0.337379,0.381185,-0.003442,0.001752,0.025402,-0.864603,0.0,2.0,0.0,0.0,1.0,0.0,1.0,0.587785,-0.809017,44.80332,0.003822,-0.00017,45.657434,0.023279,-0.002057,58.117205,0.049348,0.000101,0.408799,-0.011939,,,,,,,,
303,2026-03-24 22:05:09.347527,USDCAD,SELL,1.37614,1.37921,1.37143,0.00164,50.0,macd_crossover,RISK_REJECTED,"H4 trend is UP, blocking SELL on USDCAD [MACD]",,,,,0.000422,0.00016,-0.000218,-0.001241,0.001273,0.000705,1.376197,-4.1e-05,1.375449,0.000502,1.37368,0.001791,1.373201,0.00214,1.37082,0.003881,1.375868,1.375088,1.374205,0.001832,0.001637,0.002086,0.000567,54.356039,56.317368,55.982168,0.00078,0.000801,-2.1e-05,-0.124106,0.127329,0.070537,0.001572,0.001142,0.001638,0.00119,0.001669,0.001213,0.003456,0.645371,0.043121,0.042068,0.602273,1.0,0.363636,0.034091,1.0,0.56912,0.599332,0.792208,-0.001744,0.002609,0.038117,-0.716901,0.0,2.0,0.0,0.0,1.0,0.0,1.0,0.587785,-0.809017,53.436462,9e-06,-0.000262,55.547897,0.000102,-0.000378,58.656554,0.000195,-0.000421,2.880906,-3e-05,,,,,,,,
304,2026-03-24 22:05:09.937437,EURUSD,SELL,1.16144,1.16571,1.15397,0.00213,60.79,bollinger_bounce,RISK_REJECTED,Session filter: EURUSD inactive at 22:00 UTC (active 07-20),,,,,0.000836,0.000707,0.002494,0.003317,0.002572,0.00246,1.158958,0.002142,1.158953,0.002146,1.157887,0.003068,1.155146,0.005448,1.15235,0.007888,1.159415,1.158943,1.158002,0.000925,0.003295,0.004805,0.000408,71.05705,60.792344,57.91873,0.000473,0.000275,0.000198,0.331721,0.257238,0.245989,0.00204,0.001756,0.002135,0.001838,0.002198,0.001893,0.003817,1.062316,0.066445,0.065235,0.615385,1.0,0.123077,0.261538,1.0,0.80618,0.80618,0.838028,-0.001188,0.004942,0.026568,-0.662879,0.0,2.0,0.0,0.0,1.0,0.0,1.0,0.587785,-0.809017,57.53134,7.9e-05,-0.000129,58.226745,-2.2e-05,0.001787,50.57054,-0.000199,0.000285,3.261004,0.000119,,,,,,,,
305,2026-03-24 23:05:04.065178,USDCAD,SELL,1.37637,1.37947,1.37162,0.00165,50.0,macd_crossover,RISK_REJECTED,"H4 trend is UP, blocking SELL on USDCAD [MACD]",,,,,0.00056,0.000327,-5.1e-05,-0.001074,0.001441,0.000873,1.376224,0.000106,1.375463,0.00066,1.373686,0.001954,1.373204,0.002306,1.370822,0.004047,1.375909,1.375108,1.374215,0.001848,0.001645,0.002089,0.000583,56.662276,57.408076,56.696966,0.000801,0.000806,-5e-06,-0.107414,0.144064,0.087262,0.001598,0.001161,0.001651,0.001199,0.001676,0.001218,0.00348,0.689589,0.043707,0.042474,0.737864,1.0,0.23301,0.029126,1.0,0.610413,0.63773,0.812121,-0.001577,0.002775,0.170628,-0.308801,0.0,2.0,0.0,0.0,1.0,0.0,1.0,0.587785,-0.809017,53.663106,1.1e-05,-0.000233,55.547897,0.000102,-0.000378,58.656554,0.000195,-0.000421,3.74497,-1.6e-05,,,,,,,,
306,2026-03-25 01:05:01.653882,XAUUSD,BUY,4560.64,4502.2277,4689.14706,46.72984,61.01,ml_filtered_sma,RISK_REJECTED,AutoTrading disabled by client,,,,,0.003077,0.016969,0.019172,0.039,0.040876,0.049081,4449.358,0.025011,4421.9755,0.031358,4393.7294,0.037988,4545.3226,0.00337,4790.0022,-0.047884,4459.795627,4432.612111,4450.322592,0.012661,-0.027137,-0.082729,0.006133,82.670413,68.321904,61.009012,27.183516,8.639499,18.544017,3.900033,4.087604,4.908138,46.72984,0.010246,51.07642,0.011199,54.958142,0.012051,0.051742,1.106047,0.554036,0.505913,0.586337,1.0,0.02347,0.390193,6.0,0.997038,0.997679,0.99879,-0.000123,0.052791,0.531195,-0.311123,2.0,2.0,0.0,0.0,1.0,0.5,0.866025,0.587785,-0.809017,67.103129,15.086912,0.01385,60.901879,9.675647,0.002165,59.80418,6.55354,0.016924,1.218774,3.457105,,,,,,,,
307,2026-03-25 01:05:04.179087,EURUSD,SELL,1.16259,1.16671,1.15538,0.00206,64.66,bollinger_bounce,RISK_REJECTED,Session filter: EURUSD inactive at 1:00 UTC (active 07-20),,,,,0.001059,0.001025,0.001335,0.003487,0.003158,0.003955,1.159739,0.002458,1.159365,0.002782,1.158118,0.003861,1.155446,0.006183,1.152451,0.008798,1.160206,1.15941,1.158327,0.001399,0.003392,0.004918,0.000687,77.705768,64.660055,60.446495,0.000796,0.000443,0.000353,0.348712,0.315809,0.395506,0.001909,0.001642,0.002059,0.001771,0.002157,0.001855,0.004962,1.060633,0.060392,0.065288,0.824324,1.0,0.094595,0.081081,1.0,0.967697,0.967697,0.911652,-0.000198,0.005926,0.455841,0.356182,2.0,2.0,0.0,0.0,1.0,0.5,0.866025,0.587785,-0.809017,60.566876,0.000263,-3.4e-05,60.779456,0.000216,0.00031,59.594267,0.000115,0.000362,4.093179,9.1e-05,,,,,,,,
308,2026-03-25 02:05:03.566618,XAUUSD,SELL,4589.79,4650.65132,4455.89511,48.68905,70.12,rsi_reversal,RISK_REJECTED,Session filter: XAUUSD inactive at 2:00 UTC (active 07-20),,,,,-0.001116,0.00582,0.009488,0.025686,0.040396,0.055782,4485.364,0.023281,4447.301,0.032039,4397.6472,0.043692,4539.4219,0.011096,4784.1069,-0.040617,4497.670205,4455.551628,4461.333776,0.019946,-0.020294,-0.08078,0.009453,83.134886,70.122265,62.692962,42.118578,19.756816,22.361762,2.568578,4.039596,5.578188,42.935364,0.009355,48.689052,0.010608,53.51523,0.01166,0.063508,1.004495,0.551328,0.505986,0.489037,-1.0,0.128694,0.382269,-1.0,0.95085,0.956411,0.977612,-0.002451,0.05378,0.08827,-0.900213,4.0,2.0,0.0,0.0,1.0,0.866025,0.5,0.587785,-0.809017,71.129182,21.942218,0.006945,68.537699,18.709305,0.003647,67.103129,15.086912,0.01385,-1.006917,0.419543,,,,,,,,
309,2026-03-25 04:05:04.073956,GBPUSD,SELL,1.33985,1.34267,1.32686,0.00226,50.0,macd_crossover,RISK_REJECTED,Session filter: GBPUSD inactive at 4:00 UTC (active 07-20),,,,,0.0,-0.000306,-0.001185,-0.001215,0.001151,0.000657,1.340749,-0.000671,1.339856,-4e-06,1.338804,0.000781,1.336894,0.002211,1.333813,0.004526,1.340373,1.339979,1.339068,0.001452,0.002215,0.003742,0.000294,44.92624,49.651433,50.914827,0.000394,0.000433,-3.9e-05,-0.121508,0.11507,0.065722,0.001816,0.001356,0.002259,0.001686,0.002577,0.001923,0.004393,0.499066,0.064752,0.06655,0.0,0.0,0.28125,0.71875,0.0,0.337456,0.554102,0.63804,-0.002799,0.003478,0.044539,-0.900787,6.0,2.0,0.0,0.0,1.0,1.0,0.0,0.587785,-0.809017,49.651433,3.6e-05,-0.000306,50.983654,0.000146,-0.00088,54.921904,0.000261,-0.00105,0.0,-7.5e-05,,,,,,,,
310,2026-03-25 04:05:04.490321,USDJPY,BUY,158.815,158.51074,159.95716,0.19951,50.0,macd_crossover,RISK_REJECTED,AutoTrading disabled by client,,,,,8.2e-05,6.9e-05,0.000624,0.000687,-0.000981,0.001015,158.7454,0.000438,158.7879,0.000171,158.79564,0.000122,158.79677,0.000115,159.02925,-0.001347,158.769033,158.761878,158.779956,-0.000316,-5.6e-05,-0.001469,4.5e-05,56.387792,52.594608,51.228713,0.007156,0.006149,0.001006,0.06868,-0.098131,0.101479,0.167268,0.001053,0.199505,0.001256,0.221724,0.001396,0.003193,0.553457,0.057677,0.051121,0.433333,1.0,0.166667,0.4,1.0,0.673653,0.546117,0.486255,-0.002355,0.002833,0.029831,-0.927173,6.0,2.0,0.0,0.0,1.0,1.0,0.0,0.587785,-0.809017,52.026808,-0.00285,-1.3e-05,52.115982,-0.007526,0.000554,48.510175,-0.014657,0.000441,0.5678,0.003856,,,,,,,,
311,2026-03-25 04:05:04.997410,USDCAD,BUY,1.3771,1.37437,1.38116,0.00143,50.0,macd_crossover,RISK_REJECTED,AutoTrading disabled by client,,,,,-0.000102,0.000298,0.00109,0.000683,-0.000544,0.00222,1.376354,0.000542,1.375781,0.000959,1.374154,0.002144,1.373401,0.002693,1.371186,0.004313,1.376298,1.375557,1.374625,0.001601,0.001733,0.002165,0.000539,63.335137,60.143429,58.47355,0.000741,0.000736,5e-06,0.068306,-0.054433,0.221972,0.001228,0.000892,0.001429,0.001038,0.001555,0.001129,0.003659,0.761996,0.034456,0.041581,0.35,-1.0,0.425,0.225,-1.0,0.705189,0.746924,0.875325,-0.001046,0.003086,0.275732,-0.596228,5.0,2.0,0.0,0.0,1.0,0.965926,0.258819,0.587785,-0.809017,61.156807,-1.6e-05,0.0004,58.612918,-7.3e-05,0.000792,52.94137,-0.000113,-0.000124,-1.013378,2.1e-05,,,,,,,,
312,2026-03-25 05:05:03.623696,EURUSD,SELL,1.15948,1.16371,1.15267,0.00169,50.0,macd_crossover,RISK_REJECTED,Session filter: EURUSD inactive at 5:00 UTC (active 07-20),,,,,-0.000259,-0.000767,-0.000801,-0.002443,0.000803,9e-06,1.160798,-0.001135,1.159581,-8.7e-05,1.15863,0.000734,1.156144,0.002886,1.152664,0.005913,1.160136,1.159644,1.158661,0.001871,0.002973,0.005175,0.000425,41.351103,49.345365,51.322013,0.000492,0.000569,-7.7e-05,-0.244339,0.080273,0.000862,0.001328,0.001146,0.001693,0.00146,0.001948,0.00168,0.004925,0.482316,0.062199,0.054748,0.810811,-1.0,0.0,0.189189,-5.0,0.261317,0.51289,0.712548,-0.003096,0.00326,0.037647,-0.893617,7.0,2.0,0.0,0.0,1.0,0.965926,-0.258819,0.587785,-0.809017,50.819579,1e-05,-0.000508,53.752205,0.000109,-3.4e-05,53.948192,0.000189,-0.00068,-1.474215,-8.7e-05,,,,,,,,
313,2026-03-25 05:05:04.082248,USDCAD,BUY,1.37707,1.37447,1.38096,0.00137,50.0,macd_crossover,RISK_REJECTED,AutoTrading disabled by client,,,,,0.000116,-0.000123,0.000276,0.000945,3.6e-05,0.001666,1.37634,0.00053,1.375886,0.000861,1.374262,0.002043,1.37344,0.002643,1.371259,0.004238,1.376392,1.375656,1.374714,0.001512,0.001781,0.00219,0.000535,62.076446,59.625946,58.174428,0.000736,0.000734,3e-06,0.094493,0.003631,0.166572,0.001131,0.000821,0.001367,0.000993,0.00152,0.001103,0.003657,0.735283,0.031683,0.041141,0.380952,1.0,0.5,0.119048,1.0,0.89426,0.741652,0.872727,-0.001067,0.003064,0.209746,-0.551364,6.0,2.0,0.0,0.0,1.0,1.0,0.0,0.587785,-0.809017,58.820665,-7e-06,-0.00024,61.156807,-1.6e-05,0.0004,58.612918,-7.3e-05,0.000792,0.805281,1e-05,,,,,,,,
314,2026-03-25 05:05:04.523654,USDCHF,BUY,0.78963,0.78729,0.79321,0.00125,50.0,macd_crossover,RISK_REJECTED,Session filter: USDCHF inactive at 5:00 UTC (active 07-20),,,,,0.000291,0.000481,0.000456,0.002794,-0.000721,0.003941,0.788477,0.001462,0.789262,0.000467,0.78851,0.001421,0.789207,0.000536,0.788549,0.001371,0.789002,0.788831,0.788713,-4.1e-05,6.9e-05,-5e-05,0.000218,60.492621,55.00033,53.305396,0.000172,0.00017,1e-06,0.27939,-0.072134,0.394136,0.000996,0.001261,0.001246,0.001578,0.001409,0.001785,0.00719,0.564933,0.086331,0.083667,0.869565,1.0,0.130435,0.0,2.0,0.816514,0.524288,0.587844,-0.003597,0.003964,0.04134,-0.904465,7.0,2.0,0.0,0.0,1.0,0.965926,-0.258819,0.587785,-0.809017,53.781307,-4.8e-05,0.00019,53.010434,-0.000103,-2.5e-05,53.120127,-0.000169,0.001332,1.219023,5e-05,,,,,,,,
315,2026-03-25 06:05:04.558854,EURUSD,SELL,1.1596899999999999,1.16397,1.15281,0.00171,50.0,macd_crossover,RISK_REJECTED,Session filter: EURUSD inactive at 6:00 UTC (active 07-20),,,,,-7.8e-05,-0.000586,-0.00062,-0.002263,0.000984,0.00019,1.160819,-0.000973,1.159591,8.5e-05,1.158634,0.000911,1.156146,0.003066,1.152666,0.006094,1.160168,1.159659,1.158669,0.001886,0.00298,0.005178,0.000439,43.518175,50.368148,51.945638,0.000509,0.000572,-6.3e-05,-0.226272,0.098399,0.018974,0.001362,0.001175,0.00171,0.001475,0.001957,0.001687,0.004925,0.517246,0.061693,0.054566,0.147541,-1.0,0.0,0.852459,-5.0,0.304527,0.541384,0.725992,-0.002915,0.003441,0.260424,-0.255792,7.0,2.0,0.0,0.0,1.0,0.965926,-0.258819,0.587785,-0.809017,50.819579,1e-05,-0.000508,53.752205,0.000109,-3.4e-05,53.948192,0.000189,-0.00068,-0.451431,-7.4e-05,,,,,,,,
316,2026-03-25 07:05:03.917968,AUDUSD,SELL,0.6972,0.70044,0.69228,0.00172,50.0,macd_crossover,RISK_REJECTED,AutoTrading disabled by client,,,,,0.000129,-0.000258,-0.000688,-0.001346,-0.002917,-0.000588,0.698281,-0.001548,0.697453,-0.000362,0.698157,-0.00137,0.701444,-0.006051,0.703816,-0.0094,0.697712,0.697901,0.69878,0.000178,-0.005691,-0.008041,-0.000271,41.954578,46.117256,46.36426,-0.000189,-0.000181,-9e-06,-0.134643,-0.291745,-0.058772,0.001337,0.001917,0.001718,0.002464,0.001981,0.002842,0.007777,0.453447,0.064367,0.100782,0.12,1.0,0.333333,0.546667,1.0,0.137363,0.452,0.404746,-0.005895,0.004862,0.262649,-0.440996,8.0,2.0,1.0,0.0,0.0,0.866025,-0.5,0.587785,-0.809017,45.631532,2.6e-05,-0.000387,46.806935,9.1e-05,-0.00043,48.084853,0.000163,0.00066,0.485724,-3.5e-05,,,,,,,,
317,2026-03-25 09:05:03.691392,AUDUSD,BUY,0.69877,0.69543,0.7039,0.00178,50.0,macd_crossover,RISK_REJECTED,"H4 trend is DOWN, blocking BUY on AUDUSD [MACD]",,,,,0.002986,0.002266,0.002381,0.001562,-0.001529,0.004514,0.697908,0.001235,0.697599,0.001679,0.698229,0.000774,0.701307,-0.003618,0.703717,-0.00703,0.697741,0.697882,0.6987,-0.00046,-0.005289,-0.007799,-0.000203,61.366564,54.15512,51.223642,-0.000141,-0.000185,4.4e-05,0.156232,-0.152892,0.451389,0.001569,0.002245,0.001784,0.002553,0.001996,0.002857,0.00758,0.721544,0.102643,0.107004,0.796935,1.0,0.065134,0.137931,1.0,0.629717,0.661333,0.50824,-0.003635,0.007098,0.636342,-0.025444,10.0,2.0,1.0,0.0,0.0,0.5,-0.866025,0.587785,-0.809017,43.724292,-6.1e-05,-0.000717,46.063716,-9e-06,0.000115,45.631532,2.6e-05,-0.000387,10.430827,0.000105,,,,,,,,
318,2026-03-25 10:05:03.670282,USDCAD,SELL,1.37916,1.38095,1.37618,0.00119,69.38,bollinger_bounce,RISK_REJECTED,"H4 trend is UP, blocking SELL on USDCAD [BB]",,,,,0.000355,0.000631,0.001002,0.001365,0.002464,0.003551,1.377539,0.001177,1.376945,0.001608,1.374847,0.003137,1.37374,0.003946,1.371636,0.005486,1.377575,1.37654,1.375382,0.001958,0.002333,0.002342,0.000752,80.58281,69.382315,64.655267,0.001036,0.000868,0.000168,0.136501,0.246407,0.355095,0.000957,0.000694,0.001191,0.000864,0.001399,0.001014,0.00321,1.000949,0.023075,0.034532,0.720588,1.0,0.029412,0.25,6.0,0.995249,0.996779,0.998359,-1.5e-05,0.004488,0.36043,-0.705787,11.0,2.0,1.0,0.0,0.0,0.258819,-0.965926,0.587785,-0.809017,67.22624,0.000131,0.000276,65.475499,0.0001,0.00037,63.013179,6.9e-05,7e-06,2.156075,3.7e-05,,,,,,,,
319,2026-03-25 11:05:03.171883,USDJPY,SELL,158.827,159.02754,157.82429,0.20054,46.7,ml_filtered_sma,RISK_REJECTED,AutoTrading disabled by client,,,,,-0.000409,-0.000397,0.00034,-0.001119,0.000699,-0.000466,158.9002,-0.000461,158.8497,-0.000143,158.71796,0.000687,158.74486,0.000517,159.01787,-0.0012,158.868123,158.830652,158.81739,0.001148,0.00066,-0.001886,0.000236,46.703655,49.918348,50.240799,0.037471,0.036393,0.001078,-0.111946,0.069936,-0.04657,0.18505,0.001165,0.200543,0.001263,0.218084,0.001373,0.003741,0.461802,0.071678,0.066183,0.915493,-1.0,0.0,0.084507,-1.0,0.277457,0.551971,0.50093,-0.002361,0.002909,0.058978,-0.928766,13.0,2.0,1.0,1.0,0.0,-0.258819,-0.965926,0.587785,-0.809017,52.482126,0.008532,1.3e-05,52.412295,0.012568,0.000737,48.283843,0.017665,-0.002287,-2.563777,-0.007454,,,,,,,,
320,2026-03-25 11:05:06.800437,GBPUSD,BUY,1.34176,1.33905,1.35425,0.00217,50.0,macd_crossover,RISK_REJECTED,"H4 trend is DOWN, blocking BUY on GBPUSD [MACD]",,,,,0.000589,0.001597,0.000776,0.002668,0.000239,0.002743,1.339707,0.001532,1.339948,0.001353,1.340155,0.001198,1.337725,0.003016,1.333975,0.005836,1.340168,1.339913,1.339224,-0.000334,0.001661,0.004632,0.00019,62.649493,56.444251,54.691479,0.000255,0.000156,9.9e-05,0.266778,0.023855,0.274272,0.001915,0.001427,0.002172,0.001619,0.002465,0.001837,0.004712,0.787092,0.068476,0.062957,0.951807,1.0,0.024096,0.024096,2.0,0.881919,0.781213,0.723921,-0.001371,0.004897,0.061777,-0.929828,13.0,2.0,1.0,1.0,0.0,-0.258819,-0.965926,0.587785,-0.809017,54.123805,-1.8e-05,0.001008,49.887429,-0.000124,-0.00082,53.634813,-0.000148,0.00124,2.320446,0.000117,,,,,,,,
321,2026-03-25 11:05:07.223342,XAUUSD,SELL,4566.94,4623.35703,4453.266,35.9981,50.0,macd_crossover,RISK_REJECTED,AutoTrading disabled by client,,,,,0.001761,0.003286,0.002386,0.004732,-0.006089,0.03426,4560.108,0.001498,4513.8255,0.011767,4437.4308,0.029186,4513.6711,0.011802,4757.6994,-0.040095,4543.788874,4506.124773,4490.182927,0.027646,3.4e-05,-0.067316,0.008358,66.700209,63.420791,59.25022,37.664101,37.705332,-0.041232,0.473223,-0.608933,3.425988,27.273602,0.005972,35.998102,0.007882,44.951344,0.009843,0.063824,0.684367,0.185872,0.44008,0.746977,1.0,0.0,0.253023,2.0,0.524243,0.845773,0.911018,-0.007778,0.042652,0.061613,-0.931013,13.0,2.0,1.0,1.0,0.0,-0.258819,-0.965926,0.587785,-0.809017,62.215477,0.604383,0.001522,61.190686,1.852892,-0.000898,62.113928,3.849069,0.00367,1.205315,-0.645615,,,,,,,,
322,2026-03-25 11:05:07.774174,USDCHF,SELL,0.78865,0.79105,0.78496,0.00128,50.0,macd_crossover,RISK_REJECTED,"H4 trend is UP, blocking SELL on USDCHF [MACD]",,,,,-0.000532,-0.001671,-0.000722,-0.001317,0.000546,-0.003525,0.789438,-0.000998,0.789258,-0.000771,0.788401,0.000316,0.789046,-0.000502,0.788666,-2e-05,0.78922,0.789046,0.788868,0.001316,0.000269,-0.000336,0.00022,41.734622,47.596048,49.011649,0.000174,0.000221,-4.7e-05,-0.131697,0.054553,-0.352522,0.001176,0.001491,0.001282,0.001625,0.001401,0.001776,0.005879,0.368863,0.061973,0.070557,0.823529,-1.0,0.019608,0.156863,-2.0,0.185714,0.306715,0.494777,-0.004844,0.002143,0.067924,-0.936069,13.0,2.0,1.0,1.0,0.0,-0.258819,-0.965926,0.587785,-0.809017,50.039974,1.3e-05,-0.001139,55.734388,6.2e-05,0.00095,51.460088,3.9e-05,-0.000911,-2.443926,-6e-05,,,,,,,,
323,2026-03-25 12:05:14.768752,USDJPY,SELL,158.812,159.05466,157.69574,0.19413,50.0,macd_crossover,RISK_REJECTED,"H4 trend is UP, blocking SELL on USDJPY [MACD]",,,,,-0.000239,-0.000503,-0.000491,-0.002042,5e-05,-0.000661,158.9033,-0.000575,158.8456,-0.000212,158.70222,0.000692,158.74087,0.000448,159.01562,-0.001281,158.862483,158.830848,158.818045,0.001267,0.00066,-0.001971,0.000199,45.264337,49.254884,49.834394,0.031635,0.035735,-0.0041,-0.204227,0.005038,-0.066072,0.173839,0.001095,0.194131,0.001222,0.214327,0.00135,0.003724,0.443192,0.070265,0.066036,0.678571,-1.0,0.0,0.321429,-2.0,0.18239,0.53405,0.492547,-0.002456,0.002815,0.111761,-0.88448,14.0,2.0,1.0,1.0,0.0,-0.5,-0.866025,0.587785,-0.809017,50.796392,0.002546,-0.000264,52.482126,0.008532,1.3e-05,52.412295,0.012568,0.000737,-1.541508,-0.006646,,,,,,,,
324,2026-03-25 13:05:07.843327,GBPUSD,SELL,1.33976,1.34319,1.32691,0.00225,50.0,macd_crossover,RISK_REJECTED,AutoTrading disabled by client,,,,,0.000306,-0.00129,-0.000902,-0.000716,-6.7e-05,0.001495,1.33958,0.000134,1.340088,-0.000244,1.340494,-0.000548,1.337997,0.001317,1.33402,0.004303,1.339969,1.339846,1.33924,-0.000682,0.001562,0.004853,9.2e-05,48.413884,49.76252,50.539886,0.000123,0.000146,-2.3e-05,-0.071603,-0.006717,0.149504,0.002098,0.001566,0.002245,0.001676,0.002485,0.001855,0.004269,0.44275,0.075833,0.069068,0.41,1.0,0.3,0.29,1.0,0.486865,0.467406,0.403226,-0.002866,0.002515,0.209806,-0.886424,15.0,2.0,1.0,1.0,0.0,-0.707107,-0.707107,0.587785,-0.809017,48.409338,2e-06,-0.001595,55.678056,8.2e-05,0.000388,54.123805,-1.8e-05,0.001008,1.353183,-2.5e-05,,,,,,,,
325,2026-03-25 13:05:08.244201,NZDUSD,SELL,0.5815,0.58414,0.57762,0.00137,50.0,macd_crossover,RISK_REJECTED,AutoTrading disabled by client,,,,,-0.001374,-0.000687,-0.00043,-3.4e-05,-0.001631,0.000189,0.581791,-0.0005,0.582251,-0.00129,0.583359,-0.003187,0.583678,-0.003732,0.583449,-0.003341,0.582028,0.582355,0.582761,-0.002688,-0.002445,-0.000154,-0.000561,42.101484,44.616074,45.836087,-0.000327,-0.000319,-7e-06,-0.003439,-0.163104,0.01892,0.001309,0.002251,0.001373,0.002361,0.001498,0.002577,0.006819,0.310845,0.09238,0.100376,0.436464,-1.0,0.276243,0.287293,-1.0,0.295547,0.384886,0.408046,-0.006019,0.003766,0.996706,0.317127,14.0,2.0,1.0,1.0,0.0,-0.5,-0.866025,0.587785,-0.809017,49.103093,1.8e-05,0.000687,46.610161,-1.9e-05,0.000258,45.683768,-3.1e-05,-0.001802,-4.487018,-2.6e-05,,,,,,,,
326,2026-03-25 14:05:03.579189,NZDUSD,SELL,0.58165,0.5842,0.57787,0.00133,50.0,macd_crossover,RISK_REJECTED,AutoTrading disabled by client,,,,,-3.4e-05,-0.001116,-0.00043,-0.001973,-0.001048,0.002223,0.581747,-0.000167,0.582324,-0.001157,0.583374,-0.002956,0.583684,-0.003485,0.583436,-0.00306,0.581992,0.582314,0.582724,-0.002789,-0.00233,-0.000105,-0.000553,43.671453,45.385722,46.320884,-0.000322,-0.000318,-4e-06,-0.197323,-0.104764,0.222276,0.001238,0.002128,0.001332,0.002291,0.001474,0.002534,0.006138,0.311432,0.089923,0.093646,0.024691,-1.0,0.802469,0.17284,-2.0,0.356275,0.332669,0.248936,-0.005759,0.002871,0.869301,-0.448564,15.0,2.0,1.0,1.0,0.0,-0.707107,-0.707107,0.587785,-0.809017,45.499592,3e-06,-0.001082,49.103093,1.8e-05,0.000687,46.610161,-1.9e-05,0.000258,-0.11387,-8e-06,,,,,,,,
327,2026-03-25 14:05:04.005953,GBPUSD,BUY,1.33621,1.3339,1.34778,0.00231,39.97,bollinger_bounce,RISK_REJECTED,"H4 trend is DOWN, blocking BUY on GBPUSD [BB]",,,,,-0.000718,-0.002344,-0.003936,-0.002545,-0.002203,-0.001569,1.339026,-0.002103,1.339853,-0.002719,1.340308,-0.003058,1.338049,-0.001374,1.334023,0.00164,1.339053,1.339399,1.339024,-0.000956,0.001349,0.004712,-0.000258,31.030204,39.970072,44.020631,-0.000345,1.5e-05,-0.00036,-0.25455,-0.220287,-0.156914,0.002234,0.001672,0.002313,0.001731,0.002513,0.001881,0.005218,-0.021089,0.085506,0.07544,0.793388,-1.0,0.132231,0.07438,-3.0,0.013699,0.012032,0.080252,-0.005531,6.7e-05,0.223228,-0.871159,16.0,2.0,0.0,1.0,0.0,-0.866025,-0.5,0.587785,-0.809017,42.344757,-0.000188,-0.001628,48.409338,2e-06,-0.001595,55.678056,8.2e-05,0.000388,-2.374685,-0.000172,,,,,,,,
328,2026-03-25 14:05:04.500258,USDCHF,SELL,0.79196,0.79402,0.78852,0.00138,63.88,bollinger_bounce,RISK_REJECTED,"H4 trend is UP, blocking SELL on USDCHF [BB]",,,,,0.000505,0.002938,0.004044,0.002519,0.003243,0.001366,0.789974,0.002514,0.789254,0.003429,0.788489,0.004403,0.788997,0.003755,0.788734,0.00409,0.790004,0.789479,0.789123,0.001884,0.000325,-0.000311,0.000664,73.005447,63.875639,59.709867,0.000524,0.000304,0.000221,0.251908,0.324297,0.136557,0.001371,0.001731,0.001376,0.001737,0.00144,0.001818,0.006112,1.060917,0.082496,0.085343,0.645161,1.0,0.209677,0.145161,3.0,0.966581,0.974659,0.943522,-0.000164,0.006313,0.19749,-0.89302,16.0,2.0,0.0,1.0,0.0,-0.866025,-0.5,0.587785,-0.809017,62.325612,0.000119,0.002431,53.416667,-1.7e-05,0.001103,48.269609,-4e-05,-0.00038,1.550027,0.000102,,,,,,,,
329,2026-03-25 16:05:03.315994,NZDUSD,BUY,0.5819,0.57922,0.58602,0.00143,50.0,macd_crossover,RISK_REJECTED,"H4 trend is DOWN, blocking BUY on NZDUSD [MACD]",,,,,-0.000172,0.001928,0.000395,0.0,0.001342,6.9e-05,0.581781,0.000205,0.582305,-0.000696,0.583216,-0.002256,0.583677,-0.003044,0.583421,-0.002607,0.581883,0.582207,0.582633,-0.00246,-0.00235,-0.000352,-0.000556,49.918287,48.009827,47.810682,-0.000324,-0.000333,1e-05,0.0,0.134224,0.006875,0.001441,0.002476,0.001432,0.002461,0.001516,0.002606,0.006414,0.39156,0.106058,0.097873,0.066225,-1.0,0.198675,0.735099,-1.0,0.531469,0.329004,0.275532,-0.005327,0.002612,1.024609,-0.391114,17.0,2.0,0.0,1.0,0.0,-0.965926,-0.258819,0.587785,-0.809017,48.557032,-1.6e-05,0.002101,40.929866,-6e-05,-0.00153,45.499592,3e-06,-0.001082,-0.547205,2.5e-05,,,,,,,,
330,2026-03-25 16:05:03.440967,USDCHF,SELL,0.79199,0.79424,0.78825,0.0015,61.74,bollinger_bounce,RISK_REJECTED,"H4 trend is UP, blocking SELL on USDCHF [BB]",,,,,0.001974,0.000543,0.002976,0.003701,0.002621,0.002265,0.790028,0.002483,0.789267,0.00345,0.78856,0.004349,0.788947,0.003857,0.78875,0.004107,0.79011,0.78956,0.789178,0.001861,0.000405,-0.000241,0.000696,67.235024,61.737512,58.688527,0.00055,0.000333,0.000216,0.370056,0.262052,0.226525,0.001603,0.002024,0.001498,0.001891,0.0015,0.001894,0.006184,1.057938,0.102826,0.093825,0.824468,1.0,0.12234,0.053191,1.0,0.942786,0.956274,0.946844,-0.00029,0.006351,1.19445,-0.30471,17.0,2.0,0.0,1.0,0.0,-0.965926,-0.258819,0.587785,-0.809017,55.587548,0.000123,-0.001428,62.325612,0.000119,0.002431,53.416667,-1.7e-05,0.001103,6.149964,9.3e-05,,,,,,,,
331,2026-03-25 17:05:04.146386,NZDUSD,BUY,0.58193,0.57927,0.58601,0.00142,50.0,macd_crossover,RISK_REJECTED,"H4 trend is DOWN, blocking BUY on NZDUSD [MACD]",,,,,0.00098,-0.00012,0.00198,-0.000635,0.001273,-0.002434,0.581801,0.000222,0.582207,-0.000476,0.583092,-0.001993,0.583676,-0.002992,0.583419,-0.002553,0.58182,0.582149,0.582585,-0.002214,-0.002517,-0.000561,-0.000565,51.079577,48.607051,48.163414,-0.000329,-0.000339,1e-05,-0.063541,0.127325,-0.243422,0.001414,0.002429,0.001419,0.002438,0.001507,0.002589,0.006334,0.424886,0.112647,0.089888,0.456,1.0,0.232,0.312,1.0,0.541958,0.396419,0.278723,-0.004055,0.002664,0.989287,-0.425081,18.0,2.0,0.0,1.0,0.0,-1.0,-0.0,0.587785,-0.809017,45.255812,-2.5e-05,-0.0011,48.557032,-1.6e-05,0.002101,40.929866,-6e-05,-0.00153,3.351239,3.5e-05,,,,,,,,
332,2026-03-25 18:05:03.782246,NZDUSD,BUY,0.58232,0.57972,0.58631,0.00139,50.0,macd_crossover,RISK_REJECTED,"H4 trend is DOWN, blocking BUY on NZDUSD [MACD]",,,,,0.001117,0.001651,0.00055,0.001117,0.001376,-0.002176,0.581855,0.000799,0.582131,0.000326,0.583049,-0.001251,0.58369,-0.002347,0.583425,-0.001895,0.581863,0.582144,0.582564,-0.002048,-0.002672,-0.000645,-0.000483,55.782159,50.926028,49.618632,-0.000281,-0.000331,5e-05,0.111747,0.137571,-0.217619,0.001349,0.002317,0.001386,0.00238,0.001487,0.002554,0.00597,0.554524,0.113307,0.090702,0.666667,1.0,0.03125,0.302083,2.0,0.678322,0.496164,0.341657,-0.003383,0.003332,0.596787,-0.56986,19.0,2.0,0.0,1.0,0.0,-0.965926,0.258819,0.587785,-0.809017,47.130771,-7e-06,0.000533,45.255812,-2.5e-05,-0.0011,48.557032,-1.6e-05,0.002101,3.795257,5.7e-05,,,,,,,,
333,2026-03-26 03:05:01.646192,GBPUSD,SELL,1.33511,1.33704,1.32546,0.00193,30.42,ml_filtered_sma,RISK_REJECTED,Unsupported filling mode,,,,,-1.5e-05,-0.000808,-0.000576,-0.000771,-0.002473,-0.00295,1.336007,-0.000671,1.33756,-0.001832,1.338893,-0.002826,1.337964,-0.002133,1.33465,0.000344,1.336369,1.337439,1.337973,-0.002156,-0.000302,0.003179,-0.0008,30.415368,38.478154,42.489425,-0.00107,-0.00087,-0.0002,-0.077088,-0.247307,-0.294983,0.00128,0.000959,0.001684,0.001261,0.002092,0.001567,0.005867,0.187771,0.039464,0.065605,0.060606,-1.0,0.636364,0.30303,-2.0,0.072581,0.034395,0.027864,-0.005677,0.000202,0.050279,-0.896386,5.0,3.0,0.0,0.0,1.0,0.965926,0.258819,-0.587785,-0.809017,38.547521,-0.000207,-0.000793,42.30044,-0.000192,0.000232,40.733497,-0.000248,-0.000292,-0.069366,7e-06,,,,,,,,
334,2026-03-26 04:05:01.191156,GBPUSD,SELL,1.3363,1.33821,1.32676,0.00191,46.18,ml_filtered_sma,RISK_REJECTED,Unsupported filling mode,,,,,-0.00012,0.000876,8.2e-05,2.2e-05,-0.000239,-0.003297,1.33611,0.000142,1.337406,-0.000827,1.338845,-0.001901,1.337917,-0.001208,1.334717,0.001186,1.336534,1.337447,1.337959,-0.002043,-0.000381,0.003093,-0.000683,46.184211,44.508667,45.835398,-0.000913,-0.000862,-5.1e-05,0.002245,-0.023941,-0.329674,0.00129,0.000965,0.001666,0.001247,0.00207,0.001549,0.005291,0.343623,0.037762,0.064036,0.666667,-1.0,0.291667,0.041667,-1.0,0.695238,0.185987,0.150671,-0.004782,0.001093,0.025904,-0.938705,6.0,3.0,0.0,0.0,1.0,1.0,0.0,-0.587785,-0.809017,45.125944,-0.000114,0.000996,38.547521,-0.000207,-0.000793,42.30044,-0.000192,0.000232,-0.617277,6.2e-05,,,,,,,,
335,2026-03-26 04:05:03.571170,USDCHF,SELL,0.79177,0.79367,0.78886,0.00101,50.0,macd_crossover,RISK_REJECTED,"H4 trend is UP, blocking SELL on USDCHF [MACD]",,,,,7.6e-05,-0.000568,-0.000164,0.000303,-5.1e-05,0.003231,0.791656,0.000144,0.791118,0.000825,0.789802,0.002491,0.789076,0.003414,0.78895,0.003574,0.791536,0.79089,0.790175,0.002347,0.002587,0.00108,0.000817,56.298656,57.151078,56.172111,0.000646,0.000657,-1.1e-05,0.030321,-0.005052,0.323104,0.00078,0.000985,0.001014,0.00128,0.001217,0.001537,0.00506,0.663014,0.037839,0.075041,0.428571,1.0,0.142857,0.428571,1.0,0.605263,0.84,0.892308,-0.000859,0.004509,0.035668,-0.918234,6.0,3.0,0.0,0.0,1.0,1.0,0.0,-0.587785,-0.809017,56.7768,1.5e-05,-0.000644,60.980998,5e-05,0.000404,59.221713,4.1e-05,0.000101,0.374278,-2.5e-05,,,,,,,,
336,2026-03-26 05:05:04.148236,EURUSD,BUY,1.15714,1.15374,1.16262,0.00136,50.0,macd_crossover,RISK_REJECTED,"H4 trend is DOWN, blocking BUY on EURUSD [MACD]",,,,,0.000242,0.00109,0.000623,0.000874,0.000432,-0.002698,1.156249,0.000771,1.157326,-0.00016,1.158607,-0.001266,1.15761,-0.000406,1.153802,0.002893,1.156741,1.157486,1.157845,-0.002035,-0.000246,0.004164,-0.000643,55.26269,47.609963,47.494423,-0.000745,-0.000792,4.7e-05,0.08736,0.043229,-0.269765,0.001089,0.000941,0.001361,0.001176,0.001643,0.00142,0.005367,0.470133,0.032993,0.058103,0.54902,1.0,0.176471,0.27451,2.0,0.954315,0.30972,0.240717,-0.003621,0.001625,0.160387,-0.665224,6.0,3.0,0.0,0.0,1.0,1.0,0.0,-0.587785,-0.809017,45.856366,-4.1e-05,0.000848,39.247471,-0.000138,-0.000467,41.861942,-0.000171,0.000528,1.753597,8.8e-05,,,,,,,,
337,2026-03-26 05:05:04.570171,GBPUSD,BUY,1.33651,1.33454,1.34559,0.00158,50.0,macd_crossover,RISK_REJECTED,"H4 trend is DOWN, blocking BUY on GBPUSD [MACD]",,,,,1.5e-05,3.7e-05,0.001034,0.000472,-7.5e-05,-0.002322,1.336119,0.000293,1.33726,-0.000561,1.338783,-0.001698,1.33786,-0.001009,1.334787,0.001291,1.336555,1.337391,1.337909,-0.00199,-0.000448,0.002993,-0.000625,48.391361,45.369994,46.343438,-0.000836,-0.000854,1.8e-05,0.04716,-0.007482,-0.232155,0.001168,0.000874,0.001579,0.001182,0.002012,0.001506,0.005068,0.389267,0.037686,0.063003,0.086957,1.0,0.304348,0.608696,3.0,0.795238,0.212739,0.172343,-0.004624,0.00125,0.064305,-0.780669,7.0,3.0,0.0,0.0,1.0,0.965926,-0.258819,-0.587785,-0.809017,45.268268,-3.9e-05,2.2e-05,45.125944,-0.000114,0.000996,38.547521,-0.000207,-0.000793,0.101726,5.8e-05,,,,,,,,
338,2026-03-26 05:05:04.981595,USDJPY,SELL,159.427,159.60829,158.59308,0.14503,50.0,macd_crossover,RISK_REJECTED,"H4 trend is UP, blocking SELL on USDJPY [MACD]",,,,,-3.8e-05,-0.000151,-0.000583,-0.000282,-0.000213,0.00338,159.4367,-6.1e-05,159.2957,0.000824,158.99334,0.002728,158.92917,0.003132,159.00983,0.002624,159.39221,159.247718,159.099976,0.002789,0.002306,-0.000104,0.000907,58.382623,61.512161,59.737303,0.144491,0.149448,-0.004957,-0.028218,-0.021322,0.33797,0.113117,0.00071,0.14503,0.00091,0.178348,0.001119,0.005116,0.661123,0.022371,0.037988,0.269231,-1.0,0.076923,0.653846,-3.0,0.471154,0.857881,0.906143,-0.00069,0.004165,0.11407,-0.768711,7.0,3.0,0.0,0.0,1.0,0.965926,-0.258819,-0.587785,-0.809017,61.934661,0.001821,-0.000113,63.142826,0.009679,-0.000433,67.854359,0.01739,0.000276,-0.4225,-0.006778,,,,,,,,
339,2026-03-26 05:05:05.585551,AUDUSD,BUY,0.69505,0.69245,0.69903,0.00138,50.0,macd_crossover,RISK_REJECTED,"H4 trend is DOWN, blocking BUY on AUDUSD [MACD]",,,,,4.3e-05,0.002119,0.001181,0.001181,-0.000144,-0.004298,0.694436,0.000884,0.695263,-0.000306,0.696555,-0.002161,0.699299,-0.006077,0.702797,-0.011023,0.6948,0.695559,0.696696,-0.003042,-0.005773,-0.008882,-0.001091,53.003223,46.390681,45.376419,-0.000759,-0.000799,4.1e-05,0.118116,-0.014385,-0.429769,0.001161,0.00167,0.001384,0.001992,0.001661,0.00239,0.005931,0.448467,0.069023,0.085941,0.050847,1.0,0.610169,0.338983,2.0,0.84,0.353271,0.227163,-0.004978,0.002719,0.226262,-0.602366,6.0,3.0,0.0,0.0,1.0,1.0,0.0,-0.587785,-0.809017,46.196933,-3.5e-05,0.002076,35.865973,-0.000139,-0.000936,39.005197,-0.000134,0.000663,0.193747,7.6e-05,,,,,,,,
340,2026-03-26 05:05:06.149937,USDCAD,SELL,1.38185,1.38384,1.37881,0.00106,50.0,macd_crossover,RISK_REJECTED,"H4 trend is UP, blocking SELL on USDCAD [MACD]",,,,,-0.000101,-0.00068,-0.000347,0.000282,0.000543,0.002307,1.381676,0.000126,1.380747,0.000799,1.377919,0.002853,1.375205,0.004832,1.372894,0.006524,1.38145,1.380158,1.378403,0.002726,0.004029,0.003661,0.000936,59.191889,64.412175,64.121569,0.001292,0.001316,-2.4e-05,0.028231,0.054305,0.230657,0.000922,0.000667,0.001059,0.000766,0.001234,0.000893,0.003579,0.723298,0.033388,0.031324,0.4375,-1.0,0.5,0.0625,-2.0,0.648794,0.777966,0.876532,-0.000948,0.003322,0.330517,-0.544151,6.0,3.0,0.0,0.0,1.0,1.0,0.0,-0.587785,-0.809017,65.798447,3.3e-05,-0.000579,74.281197,8.7e-05,0.000333,72.379997,6.6e-05,3.6e-05,-1.386272,-5.7e-05,,,,,,,,
341,2026-03-26 06:05:04.271932,AUDUSD,BUY,0.69505,0.69303,0.69842,0.00135,46.52,ml_direct,RISK_REJECTED,"H4 trend is DOWN, blocking BUY on AUDUSD",0.559,0.55,,,-0.000446,4.3e-05,0.002119,0.001845,0.000259,-0.002612,0.694485,0.000814,0.695187,-0.000197,0.696527,-0.002121,0.699171,-0.005894,0.702779,-0.010997,0.694879,0.695542,0.696643,-0.002932,-0.005698,-0.008895,-0.000954,51.973554,46.516761,45.524982,-0.000663,-0.000768,0.000105,0.184499,0.025904,-0.261168,0.001121,0.001613,0.00135,0.001942,0.001634,0.002351,0.005523,0.464316,0.07032,0.082467,0.507463,-1.0,0.104478,0.38806,-1.0,0.756,0.45,0.227163,-0.003324,0.002719,0.38214,-0.139085,7.0,3.0,0.0,0.0,1.0,0.965926,-0.258819,-0.587785,-0.809017,48.313961,6e-05,0.000489,46.196933,-3.5e-05,0.002076,35.865973,-0.000139,-0.000936,-1.7972,4.4e-05,,,,,,,,
342,2026-03-26 08:05:04.524753,USDCHF,BUY,0.79253,0.79067,0.79533,0.00098,50.0,macd_crossover,EXECUTED,,,,55939340209.0,,0.000202,0.000707,0.000278,0.001036,0.001339,0.00366,0.791996,0.000674,0.791695,0.001054,0.790112,0.00306,0.789213,0.004203,0.788985,0.004493,0.791904,0.791256,0.790484,0.002384,0.003146,0.001429,0.000819,64.915431,60.765528,58.500008,0.000648,0.000646,2e-06,0.103573,0.133928,0.36599,0.000819,0.001034,0.000981,0.001238,0.001174,0.001481,0.002503,0.921201,0.035281,0.06974,0.32,1.0,0.58,0.1,2.0,0.738095,0.884817,0.937143,-0.000555,0.004265,0.167119,-0.853795,10.0,3.0,1.0,0.0,0.0,0.5,-0.866025,-0.587785,-0.809017,59.787988,-9e-06,0.000505,57.319376,-2e-05,-0.000429,60.238167,-4e-06,0.000897,0.97754,1.1e-05,,,,,,,,
343,2026-03-26 08:05:05.014452,AUDUSD,BUY,0.69415,0.69213,0.69751,0.00134,42.24,ml_direct,RISK_REJECTED,"H4 trend is DOWN, blocking BUY on AUDUSD",0.5503,0.55,,,-0.001539,-0.000849,-0.00174,0.000822,-0.000619,-0.003589,0.694493,-0.000494,0.694972,-0.001184,0.696444,-0.003294,0.69889,-0.006782,0.702737,-0.012219,0.694777,0.695397,0.69648,-0.002802,-0.005605,-0.008954,-0.000892,41.429344,42.238724,42.980354,-0.00062,-0.000716,9.6e-05,0.082182,-0.061908,-0.35886,0.001168,0.001682,0.001343,0.001935,0.001611,0.002321,0.004836,0.255256,0.082975,0.088202,0.810606,-1.0,0.015152,0.174242,-1.0,0.396,0.240291,0.11899,-0.004509,0.001426,0.499139,-0.389279,9.0,3.0,1.0,0.0,0.0,0.707107,-0.707107,-0.587785,-0.809017,47.960606,0.000134,0.000691,44.848471,8.5e-05,-0.000892,48.313961,6e-05,0.000489,-5.721882,-3.8e-05,,,,,,,,
344,2026-03-26 10:58:52.983961,GBPUSD,BUY,1.33537,1.33333,1.34474,0.00163,50.0,macd_crossover,RISK_REJECTED,"H4 trend is DOWN, blocking BUY on GBPUSD [MACD]",,,,,0.0,8.2e-05,0.000307,-8.2e-05,-0.000382,-0.002309,1.335717,-0.00026,1.336208,-0.000627,1.338262,-0.002161,1.337591,-0.001661,1.335055,0.000236,1.335851,1.336722,1.337434,-0.001902,-0.001034,0.002402,-0.000651,42.214813,42.739562,44.458713,-0.000871,-0.000879,8e-06,-0.008237,-0.038177,-0.230862,0.001447,0.001084,0.00163,0.00122,0.001972,0.001477,0.002626,0.261183,0.052414,0.049211,0.0,0.0,0.663793,0.336207,0.0,0.55414,0.310714,0.174524,-0.002891,0.001303,1.016006,-0.207777,12.0,3.0,1.0,0.0,0.0,0.0,-1.0,-0.587785,-0.809017,42.739562,-1e-05,8.2e-05,42.171745,-2.6e-05,0.000225,40.682098,-2.6e-05,-0.001122,0.0,1.9e-05,,,,,,,,
345,2026-03-26 10:58:53.567251,AUDUSD,SELL,0.69334,0.69585,0.6896,0.00132,50.0,macd_crossover,EXECUTED,,,,55942937934.0,,-0.000433,-0.001311,-0.000793,-0.002015,-0.00062,-0.004723,0.694327,-0.001422,0.694656,-0.001894,0.696186,-0.004088,0.698447,-0.007312,0.702626,-0.013215,0.694326,0.695036,0.696161,-0.002671,-0.005427,-0.009165,-0.001022,35.237406,39.032957,40.895357,-0.000711,-0.000698,-1.2e-05,-0.201514,-0.06198,-0.472274,0.001177,0.001697,0.001315,0.001897,0.001569,0.002264,0.004799,0.105204,0.089758,0.069971,0.315789,-1.0,0.494737,0.189474,-2.0,0.143911,0.09375,0.046651,-0.005437,0.000562,1.037752,-0.145947,12.0,3.0,1.0,0.0,0.0,0.0,-1.0,-0.587785,-0.809017,40.449616,2.8e-05,-0.000879,43.425399,7e-05,0.000519,41.048734,7.9e-05,-0.001913,-1.416658,-4e-05,,,,,,,,
346,2026-03-26 12:05:04.574666,USDJPY,BUY,159.677,159.49526,160.513,0.14539,50.0,macd_crossover,NEWS_FILTERED,HIGH impact: Unemployment Claims (USD) in 25min,,,,,0.000132,0.001179,0.001172,0.001135,0.000984,0.002707,159.4959,0.001135,159.45735,0.001377,159.11716,0.003518,159.01245,0.004179,159.01001,0.004195,159.501349,159.367183,159.20453,0.00238,0.002798,0.000674,0.000842,72.818531,66.994878,63.644692,0.134166,0.132014,0.002153,0.113482,0.09842,0.27065,0.129252,0.000809,0.145392,0.000911,0.172038,0.001077,0.002424,1.068316,0.051462,0.041171,0.488372,1.0,0.488372,0.023256,2.0,0.949153,0.961609,0.984246,-0.000132,0.003294,0.107713,-0.885649,14.0,3.0,1.0,1.0,0.0,-0.5,-0.866025,-0.587785,-0.809017,66.293698,-0.00446,0.001047,60.022058,-0.014412,-6e-06,60.08422,-0.01401,0.000144,0.70118,0.006613,,,,,,,,
347,2026-03-26 12:05:05.397132,USDCAD,BUY,1.38445,1.38246,1.38748,0.00106,50.0,macd_crossover,EXECUTED,,,,55944315437.0,,0.00094,0.00115,0.000933,0.001925,0.001534,0.003319,1.382778,0.001209,1.382045,0.00174,1.379049,0.003916,1.375881,0.006228,1.373303,0.008117,1.382664,1.381386,1.379542,0.002704,0.00448,0.004184,0.000925,76.620357,72.260244,69.583587,0.001278,0.001254,2.4e-05,0.192504,0.153364,0.331915,0.001026,0.000741,0.001058,0.000764,0.001192,0.000861,0.002932,1.093557,0.040351,0.035371,0.779762,1.0,0.059524,0.160714,2.0,0.965517,0.980469,0.991453,-7.2e-05,0.003626,0.566405,-0.496051,13.0,3.0,1.0,1.0,0.0,-0.258819,-0.965926,-0.587785,-0.809017,66.556967,-5e-05,0.00021,65.069324,-4.9e-05,-0.000217,67.973838,-3.2e-05,0.000116,5.703276,7.4e-05,,,,,,,,
348,2026-03-26 13:05:07.111530,USDJPY,BUY,159.645,159.42483,160.4745,0.14478,50.0,macd_crossover,EXECUTED,,,,55945681603.0,,6.9e-05,-6.9e-05,0.000978,0.001116,0.001217,0.002449,159.511,0.00084,159.4747,0.001068,159.13384,0.003212,159.02359,0.003908,159.01021,0.003992,159.517852,159.384812,159.220183,0.00237,0.002837,0.000777,0.000835,69.079417,65.257665,62.581143,0.133039,0.13167,0.001369,0.111622,0.121667,0.24489,0.129318,0.00081,0.144782,0.000907,0.170909,0.001071,0.002218,0.981434,0.049926,0.041439,0.227273,1.0,0.295455,0.477273,1.0,0.871671,0.884532,0.96024,-0.000332,0.002543,0.180528,-0.876831,15.0,3.0,1.0,1.0,0.0,-0.707107,-0.707107,-0.587785,-0.809017,64.850373,-0.000592,-0.000138,66.293698,-0.00446,0.001047,60.022058,-0.014412,-6e-06,0.407292,0.001961,,,,,,,,
349,2026-03-26 13:05:07.543725,USDCAD,SELL,1.38344,1.38546,1.38035,0.00108,50.0,macd_crossover,RISK_REJECTED,Conflicting BUY already open on USDCAD,,,,,-5.8e-05,-0.000867,0.00021,0.000202,0.001049,0.001789,1.383015,0.000307,1.382308,0.000819,1.379433,0.002905,1.376115,0.005323,1.373424,0.007292,1.382916,1.381697,1.379851,0.002597,0.0045,0.004375,0.000882,58.447329,62.537717,63.227252,0.001219,0.00125,-3.1e-05,0.020244,0.104921,0.17886,0.001057,0.000764,0.001076,0.000778,0.001193,0.000862,0.003025,0.77072,0.045177,0.038573,0.173913,-1.0,0.478261,0.347826,-2.0,0.531056,0.726449,0.873957,-0.001091,0.002899,0.1912,-0.891534,15.0,3.0,1.0,1.0,0.0,-0.707107,-0.707107,-0.587785,-0.809017,63.181052,5e-06,-0.000809,72.934833,3.6e-05,0.001077,66.556967,-5e-05,0.00021,-0.643334,-3.6e-05,,,,,,,,
350,2026-03-26 13:05:08.241528,AUDUSD,BUY,0.69061,0.68847,0.69408,0.0014,28.98,ml_direct,EXECUTED,,0.5908,0.55,55945682223.0,,-0.00055,-0.003937,-0.004368,-0.004727,-0.004282,-0.007659,0.693706,-0.004463,0.694134,-0.005078,0.69592,-0.007631,0.698092,-0.010718,0.702525,-0.01696,0.69332,0.694431,0.695748,-0.003182,-0.00567,-0.009401,-0.0016,19.630937,28.979884,33.846599,-0.001111,-0.000817,-0.000294,-0.472697,-0.428213,-0.765871,0.001376,0.001993,0.001403,0.002031,0.001597,0.002313,0.007693,-0.16004,0.117853,0.088662,0.277372,-1.0,0.70073,0.021898,-4.0,0.005906,0.00463,0.002796,-0.00934,4.3e-05,0.888398,-0.135641,14.0,3.0,1.0,1.0,0.0,-0.5,-0.866025,-0.587785,-0.809017,30.130841,-0.00018,-0.003389,39.032957,-1.2e-05,-0.000433,40.449616,2.8e-05,-0.000879,-1.150956,-0.000114,,,,,,,,
351,2026-03-26 14:05:05.671892,GBPUSD,BUY,1.3351199999999999,1.33292,1.34524,0.00176,50.0,macd_crossover,RISK_REJECTED,"H4 trend is DOWN, blocking BUY on GBPUSD [MACD]",,,,,-0.0003,0.001575,0.001891,-0.000187,-0.001025,-0.001122,1.334911,0.000157,1.33552,-0.0003,1.337793,-0.001998,1.337325,-0.001649,1.335228,-8.1e-05,1.335077,1.33604,1.336941,-0.002154,-0.00135,0.001921,-0.000721,49.763438,45.954634,45.894112,-0.000964,-0.00098,1.6e-05,-0.018721,-0.102507,-0.112223,0.001742,0.001305,0.001761,0.001319,0.001998,0.001496,0.003193,0.406189,0.082708,0.062661,0.571429,-1.0,0.285714,0.142857,-1.0,0.651316,0.620042,0.259389,-0.001363,0.002225,0.350658,-0.869893,16.0,3.0,0.0,1.0,0.0,-0.866025,-0.5,-0.587785,-0.809017,47.409762,-6.1e-05,0.001875,35.569592,-0.000206,0.000315,33.224306,-0.000151,-0.002037,-1.455127,7.7e-05,,,,,,,,
352,2026-03-26 18:05:04.535706,USDCAD,BUY,1.38486,1.38244,1.38848,0.00127,50.0,macd_crossover,EXECUTED,,,,55953517537.0,,0.000405,-0.000166,0.000882,0.000969,0.001345,0.003151,1.383801,0.000765,1.382972,0.001365,1.380174,0.003395,1.376619,0.005986,1.37369,0.008131,1.383651,1.382404,1.380515,0.002628,0.004615,0.00472,0.000902,63.887395,64.340462,64.303247,0.001247,0.001228,1.9e-05,0.096854,0.13449,0.315101,0.001384,0.001,0.001272,0.000918,0.001285,0.000928,0.003195,0.927126,0.051725,0.043631,0.482143,1.0,0.508929,0.008929,1.0,0.75,0.825758,0.921165,-0.000664,0.003148,0.752728,-0.511591,19.0,3.0,0.0,1.0,0.0,-0.965926,0.258819,-0.587785,-0.809017,62.118889,-0.0,-0.00057,67.638844,9e-06,0.001048,61.863013,-7.5e-05,0.000615,2.221573,1.9e-05,,,,,,,,
353,2026-03-26 19:05:01.569504,EURUSD,SELL,1.15297,1.1562,1.14731,0.00162,35.98,ml_filtered_sma,RISK_REJECTED,Unsupported filling mode,,,,,0.000338,-0.000494,-0.00097,-0.001083,-0.002578,-0.002656,1.153972,-0.000868,1.155071,-0.001819,1.157428,-0.003851,1.157391,-0.00382,1.154555,-0.001373,1.154155,1.155319,1.156345,-0.002986,-0.002005,0.002488,-0.001007,35.983343,37.74653,39.804229,-0.001164,-0.001024,-0.00014,-0.108298,-0.257797,-0.265562,0.001451,0.001258,0.001488,0.001291,0.001617,0.001403,0.005024,0.137958,0.083498,0.069366,0.549296,1.0,0.28169,0.169014,1.0,0.189931,0.163065,0.075938,-0.003695,0.00072,0.485302,-0.542844,20.0,3.0,0.0,1.0,0.0,-0.866025,0.5,-0.587785,-0.809017,35.371637,-0.000147,-0.000832,38.750578,-9.2e-05,-0.000477,40.825308,-8.1e-05,-0.000563,2.374893,7e-06,,,,,,,,
354,2026-03-26 19:05:06.067351,USDCAD,SELL,1.3847,1.38694,1.38126,0.0012,50.0,macd_crossover,RISK_REJECTED,Conflicting BUY already open on USDCAD,,,,,2.2e-05,-0.000556,0.000289,0.000766,0.001331,0.002345,1.384197,0.000363,1.383338,0.000985,1.380472,0.003063,1.376864,0.005691,1.373844,0.007902,1.384012,1.382768,1.380858,0.002698,0.004702,0.004824,0.0009,58.757918,61.406197,62.236551,0.001244,0.001245,-1e-06,0.07661,0.133058,0.234534,0.001206,0.000871,0.001197,0.000864,0.001247,0.0009,0.003227,0.805102,0.056849,0.046511,0.081081,1.0,0.702703,0.216216,1.0,0.706522,0.75286,0.907455,-0.00078,0.002376,0.107954,-0.887723,21.0,3.0,0.0,0.0,0.0,-0.707107,0.707107,-0.587785,-0.809017,61.284351,2.8e-05,-0.000577,66.481686,5.8e-05,0.000845,62.118889,-0.0,-0.00057,0.121846,-2.9e-05,,,,,,,,
355,2026-03-26 20:05:01.946910,XAUUSD,SELL,4354.18,4397.54862,4258.76903,34.6949,36.4,ml_filtered_sma,EXECUTED,,,,55955479997.0,,-0.003131,-0.000153,-0.001943,-0.018871,-0.009709,-0.026132,4419.86,-0.008837,4450.781,-0.015723,4496.0818,-0.025641,4453.9453,-0.016423,4666.68515,-0.061261,4421.766743,4452.32397,4470.615113,-0.016953,-0.00071,-0.036558,-0.006863,30.494608,35.020841,38.932158,-30.557227,-23.906499,-6.650728,-1.887097,-0.970896,-2.61318,36.040712,0.008227,36.51903,0.008336,39.497035,0.009016,0.044564,0.147178,0.409775,0.473687,0.56631,-1.0,0.200165,0.233526,-1.0,0.124589,0.078976,0.059527,-0.037349,0.003203,0.51504,-0.469021,21.0,3.0,0.0,0.0,0.0,-0.707107,0.707107,-0.587785,-0.809017,36.963379,-6.586829,0.002988,33.715565,-7.011454,-0.001791,34.712773,-5.470118,-0.011031,-1.942538,-0.063899,,,,,,,,
356,2026-03-26 20:05:04.224740,USDCHF,SELL,0.79568,0.79717,0.7932,0.00099,70.56,rsi_reversal,RISK_REJECTED,Session filter: USDCHF inactive at 20:00 UTC (active 07-20),,,,,-3.8e-05,0.001032,0.000868,0.002709,0.004735,0.004875,0.794192,0.001874,0.793076,0.003283,0.791208,0.005653,0.789829,0.007408,0.789237,0.008163,0.794105,0.792962,0.791795,0.003772,0.004111,0.002497,0.001441,78.50215,70.558354,66.043176,0.001143,0.000895,0.000248,0.270941,0.473527,0.487485,0.000893,0.001122,0.000992,0.001247,0.001129,0.001418,0.006948,0.972553,0.067006,0.059163,0.130435,1.0,0.782609,0.086957,2.0,0.956311,0.960352,0.979775,-0.000226,0.00548,0.069313,-0.905696,22.0,3.0,0.0,0.0,0.0,-0.5,0.866025,-0.587785,-0.809017,70.850078,0.000241,0.001069,67.292224,0.000194,-0.000164,68.47922,0.000179,0.000743,-0.291724,7e-06,,,,,,,,
357,2026-03-26 21:05:03.428227,XAUUSD,SELL,4416.19,4469.64433,4298.59046,42.76347,44.62,ml_filtered_sma,RISK_REJECTED,Market closed,,,,,0.011952,0.004922,0.007924,-0.004979,-0.00622,-0.026338,4415.419,0.000175,4443.9695,-0.006251,4495.6446,-0.017674,4451.1556,-0.007855,4663.6182,-0.053055,4418.725706,4448.497174,4467.848938,-0.017845,-0.001614,-0.036018,-0.006692,48.279847,44.169518,44.620185,-29.771469,-25.293537,-4.477931,-0.49794,-0.621986,-2.633801,42.763468,0.009683,39.928028,0.009041,41.115623,0.00931,0.042526,0.353007,0.528865,0.509979,0.752451,1.0,0.059112,0.188437,1.0,0.508058,0.337278,0.259452,-0.029036,0.014777,0.81587,-0.112573,22.0,3.0,0.0,0.0,0.0,-0.5,0.866025,-0.587785,-0.809017,32.912807,-7.72095,-0.006947,36.963379,-6.586829,0.002988,33.715565,-7.011454,-0.001791,11.256711,3.243019,,,,,,,,
358,2026-03-26 21:05:06.349396,USDJPY,SELL,159.686,159.89466,158.72617,0.16693,50.0,macd_crossover,RISK_REJECTED,Session filter: USDJPY inactive at 21:00 UTC (active 00-16),,,,,-0.000532,-0.00087,-0.000344,0.000163,0.000188,0.001317,159.6811,3.1e-05,159.58065,0.00066,159.2605,0.002672,159.08385,0.003785,159.02754,0.004141,159.664523,159.531937,159.351263,0.002641,0.003123,0.001465,0.000831,53.913139,59.130582,59.454972,0.132586,0.13268,-9.4e-05,0.016285,0.01879,0.131681,0.178522,0.001118,0.166927,0.001045,0.17645,0.001105,0.003397,0.694337,0.036601,0.043728,0.532895,-1.0,0.0,0.467105,-2.0,0.687375,0.719928,0.894381,-0.000977,0.002511,0.006606,-0.996354,23.0,3.0,0.0,0.0,0.0,-0.258819,0.965926,-0.587785,-0.809017,64.861765,0.008302,-0.000338,68.795281,0.01042,0.000526,65.799384,0.005528,-0.000125,-5.731183,-0.008397,,,,,,,,
359,2026-03-26 22:05:05.039746,XAUUSD,SELL,4376.21,4429.66433,4258.61046,42.76347,39.23,ml_filtered_sma,EXECUTED,,,,55956617150.0,,0.002791,-0.004176,-0.001201,-0.013987,-0.015217,-0.035153,4411.421,-0.007982,4441.9705,-0.014804,4494.845,-0.026394,4450.7558,-0.016749,4663.4183,-0.061588,4412.574936,4445.535693,4466.281095,-0.01856,-0.001974,-0.036148,-0.007414,33.426988,35.929347,39.22922,-32.960756,-25.931395,-7.029361,-1.398737,-1.52166,-3.515262,42.763468,0.009772,39.928028,0.009124,41.115623,0.009395,0.044382,0.16643,0.419369,0.456169,0.176038,1.0,0.635525,0.188437,1.0,0.196808,0.130653,0.100505,-0.038437,0.005777,1.160335,0.285179,22.0,3.0,0.0,0.0,0.0,-0.5,0.866025,-0.587785,-0.809017,32.912807,-7.72095,-0.006947,36.963379,-6.586829,0.002988,33.715565,-7.011454,-0.001791,3.016539,0.691589,,,,,,,,
360,2026-03-26 22:05:08.273876,GBPUSD,BUY,1.33377,1.3312,1.34558,0.00205,50.0,macd_crossover,RISK_REJECTED,Session filter: GBPUSD inactive at 22:00 UTC (active 07-20),,,,,0.00036,0.001126,0.001855,0.001442,0.000563,-0.001019,1.333564,0.000154,1.334353,-0.000437,1.33692,-0.002356,1.337203,-0.002567,1.335488,-0.001286,1.333548,1.334665,1.335884,-0.00251,-0.002131,0.001072,-0.000837,51.109688,46.35807,45.698305,-0.001117,-0.001125,8e-06,0.14416,0.056263,-0.101863,0.002133,0.001599,0.002054,0.00154,0.00212,0.001589,0.004947,0.411681,0.083241,0.075614,0.705882,1.0,0.073529,0.220588,3.0,0.410557,0.410557,0.221694,-0.003014,0.002099,0.042343,-0.912749,0.0,4.0,0.0,0.0,1.0,0.0,1.0,-0.951057,0.309017,44.491574,-0.000102,0.000766,40.399464,-0.000203,0.000729,36.249352,-0.000229,-0.001148,1.866497,0.00011,,,,,,,,
361,2026-03-26 22:22:23.584496,EURUSD,BUY,1.15365,1.1496,1.16017,0.00162,50.0,macd_crossover,RISK_REJECTED,Session filter: EURUSD inactive at 22:00 UTC (active 07-20),,,,,0.000286,0.000937,0.001276,0.000928,0.00013,-0.001929,1.153427,0.000193,1.154466,-0.000706,1.156971,-0.00287,1.157319,-0.00317,1.154652,-0.000867,1.153642,1.154721,1.155858,-0.003063,-0.002465,0.002008,-0.000934,49.186177,44.167673,43.761188,-0.001079,-0.0011,2.1e-05,0.092835,0.013004,-0.192927,0.001682,0.001458,0.001621,0.001405,0.001673,0.00145,0.00543,0.369903,0.051921,0.07307,0.383721,1.0,0.44186,0.174419,3.0,0.458333,0.343119,0.165633,-0.003103,0.001621,0.127854,-0.600435,0.0,4.0,0.0,0.0,1.0,0.0,1.0,-0.951057,0.309017,42.359351,-6.1e-05,0.000651,38.130428,-0.000137,0.000338,35.858152,-0.000154,-0.00104,1.808322,8.2e-05,,,,,,,,
362,2026-03-26 22:22:24.172649,USDCAD,SELL,1.3854600000000001,1.38797,1.38162,0.00134,50.0,macd_crossover,RISK_REJECTED,Session filter: USDCAD inactive at 22:00 UTC (active 00-20),,,,,0.000332,-9.4e-05,-0.000195,-7e-06,0.001402,0.001931,1.384774,0.000495,1.383822,0.001184,1.381026,0.003211,1.377281,0.005939,1.374111,0.008259,1.384633,1.38336,1.381401,0.002714,0.004749,0.005032,0.00092,60.760464,62.295693,62.822724,0.001273,0.001278,-6e-06,-0.000722,0.140222,0.193088,0.001428,0.001031,0.001336,0.000964,0.001318,0.000952,0.003795,0.811922,0.050656,0.048229,0.011111,-1.0,0.222222,0.766667,-3.0,0.753363,0.775967,0.905091,-0.000794,0.00275,0.105868,-0.899734,0.0,4.0,0.0,0.0,1.0,0.0,1.0,-0.951057,0.309017,60.395046,1.1e-05,-0.000426,64.252588,6.4e-05,-0.000101,65.169751,6.5e-05,0.000766,1.900647,-1.6e-05,,,,,,,,
363,2026-03-26 23:05:04.231221,USDCAD,SELL,1.38496,1.38747,1.38112,0.00134,50.0,macd_crossover,RISK_REJECTED,Session filter: USDCAD inactive at 23:00 UTC (active 00-20),,,,,-2.9e-05,-0.000455,-0.000556,-0.000368,0.001041,0.001569,1.384724,0.00017,1.383797,0.00084,1.381016,0.002856,1.377276,0.005579,1.374109,0.007897,1.384556,1.383323,1.381382,0.002685,0.004735,0.005026,0.000891,56.264736,60.131465,61.358275,0.001233,0.00127,-3.8e-05,-0.036811,0.104082,0.156929,0.001428,0.001031,0.001336,0.000965,0.001318,0.000952,0.003713,0.726361,0.050515,0.048076,0.566667,-1.0,0.222222,0.211111,-3.0,0.641256,0.674134,0.86195,-0.001155,0.00239,0.233954,-0.776989,0.0,4.0,0.0,0.0,1.0,0.0,1.0,-0.951057,0.309017,60.395046,1.1e-05,-0.000426,64.252588,6.4e-05,-0.000101,65.169751,6.5e-05,0.000766,-0.263581,-4.8e-05,,,,,,,,
364,2026-03-27 00:05:05.821806,XAUUSD,BUY,4409.02,4352.15486,4524.11504,36.39369,50.0,macd_crossover,RISK_REJECTED,Conflicting SELL already open on XAUUSD,,,,,0.000872,-0.000537,0.007497,0.00329,-0.009803,-0.02383,4403.454,0.001264,4425.1805,-0.003652,4495.7892,-0.0193,4445.6727,-0.008245,4654.42095,-0.052724,4410.934848,4437.89447,4459.746334,-0.020538,-0.004609,-0.034082,-0.006075,48.086266,43.648114,44.123982,-26.959623,-27.214786,0.255164,0.329043,-0.980311,-2.382961,34.825245,0.007899,36.393687,0.008254,39.203013,0.008892,0.032804,0.388672,0.442607,0.477975,0.63773,1.0,0.347245,0.015025,1.0,0.452238,0.335006,0.230947,-0.026153,0.013175,0.038628,-0.905538,2.0,4.0,0.0,0.0,1.0,0.5,0.866025,-0.951057,0.309017,42.792753,-1.642849,-0.001408,43.790914,-3.745879,0.008039,35.929347,-7.029361,0.002791,0.855361,1.898013,,,,,,,,
365,2026-03-27 00:05:08.416619,USDCHF,SELL,0.79459,0.79657,0.79156,0.00105,50.0,macd_crossover,RISK_REJECTED,Session filter: USDCHF inactive at 0:00 UTC (active 07-20),,,,,-0.000151,0.000252,0.000844,-0.001408,0.002207,0.003777,0.794614,-3e-05,0.793553,0.001307,0.791672,0.003686,0.790062,0.005732,0.789364,0.006621,0.794222,0.793314,0.792161,0.003716,0.004419,0.002924,0.001144,56.954987,59.439849,59.130824,0.000907,0.000921,-1.3e-05,-0.140755,0.220725,0.377716,0.000987,0.001242,0.001054,0.001326,0.001152,0.00145,0.006315,0.706919,0.065697,0.066967,0.352941,-1.0,0.294118,0.352941,-1.0,0.588997,0.719647,0.857303,-0.001598,0.004103,0.070634,-0.827799,2.0,4.0,0.0,0.0,1.0,0.5,0.866025,-0.951057,0.309017,60.391921,1.9e-05,0.000403,58.756099,4.2e-05,0.000592,56.294293,9.5e-05,-0.001409,-0.952073,-3.2e-05,,,,,,,,
366,2026-03-27 01:05:08.562723,USDCHF,SELL,0.79494,0.7969,0.79194,0.00104,50.0,macd_crossover,RISK_REJECTED,Session filter: USDCHF inactive at 1:00 UTC (active 07-20),,,,,-0.000126,0.000289,0.000692,-0.000126,0.001777,0.003319,0.7948,0.000176,0.793707,0.001553,0.791819,0.003941,0.790135,0.006081,0.789401,0.007017,0.794391,0.793466,0.792287,0.003764,0.00452,0.003064,0.001166,60.577302,61.220081,60.314372,0.000925,0.000927,-2e-06,-0.012578,0.177687,0.331941,0.000971,0.001221,0.001044,0.001314,0.001145,0.00144,0.006423,0.741846,0.063509,0.065824,0.47619,-1.0,0.238095,0.285714,-1.0,0.66787,0.796909,0.896629,-0.001157,0.004541,0.121173,-0.872727,3.0,4.0,0.0,0.0,1.0,0.707107,0.707107,-0.951057,0.309017,62.062968,1.6e-05,0.000415,60.391921,1.9e-05,0.000403,58.756099,4.2e-05,0.000592,-0.842887,-1.8e-05,,,,,,,,
367,2026-03-27 03:05:06.039810,AUDUSD,BUY,0.68934,0.68629,0.69381,0.00158,50.0,macd_crossover,EXECUTED,,,,55959498253.0,,0.000784,0.002764,0.001104,0.000828,-0.000797,-0.008458,0.688597,0.001079,0.690372,-0.001494,0.693648,-0.006211,0.695994,-0.00956,0.701507,-0.017344,0.689314,0.690902,0.692937,-0.007282,-0.008078,-0.011203,-0.002298,49.17696,42.642692,41.391469,-0.001588,-0.001648,6e-05,0.082756,-0.079723,-0.845775,0.001546,0.002243,0.001581,0.002294,0.001652,0.002396,0.012554,0.380983,0.122554,0.125272,0.822581,1.0,0.016129,0.16129,2.0,0.468951,0.270705,0.172305,-0.008559,0.003177,0.4177,-0.54417,4.0,4.0,0.0,0.0,1.0,0.866025,0.5,-0.951057,0.309017,39.980484,-5.5e-05,0.001978,32.672335,-0.000154,-0.001656,36.093075,-0.000137,-0.000972,2.662209,0.000115,,,,,,,,
368,2026-03-27 06:05:06.187945,GBPUSD,SELL,1.33393,1.33547,1.32623,0.00154,47.41,ml_direct,RISK_REJECTED,Session filter: GBPUSD inactive at 6:00 UTC (active 07-20),0.5513,0.55,,,-7e-06,-0.000247,-7.5e-05,-0.000232,0.001246,-0.001041,1.333838,6.9e-05,1.333629,0.000226,1.335784,-0.001388,1.337287,-0.002511,1.335597,-0.001248,1.333858,1.334333,1.335349,-0.001457,-0.002736,0.00014,-0.000356,51.11479,47.408325,46.475609,-0.000475,-0.00072,0.000245,-0.023234,0.124599,-0.104095,0.001232,0.000924,0.001541,0.001155,0.001818,0.001363,0.003493,0.56462,0.027516,0.06934,0.0,0.0,0.628571,0.371429,0.0,0.690196,0.434018,0.25256,-0.002894,0.002219,0.083327,-0.892079,8.0,4.0,1.0,0.0,0.0,0.866025,-0.5,-0.951057,0.309017,47.458982,0.000261,-0.00024,49.015242,0.000274,0.000172,47.874447,0.000253,-9.7e-05,-0.050657,-1.6e-05,,,,,,,,
369,2026-03-27 06:05:06.900366,AUDUSD,BUY,0.69038,0.68809,0.69409,0.0015,47.54,ml_direct,EXECUTED,,0.5834,0.55,55961431223.0,,-0.000868,-0.000145,0.001654,0.004277,0.003912,-0.0047,0.689209,0.001699,0.68987,0.00074,0.693222,-0.0041,0.695713,-0.007666,0.701258,-0.015512,0.689814,0.690836,0.692671,-0.005789,-0.0084,-0.011459,-0.001479,55.22549,47.538763,45.05039,-0.001022,-0.001412,0.00039,0.427674,0.391165,-0.469984,0.001398,0.002024,0.001499,0.002171,0.001603,0.002322,0.009085,0.581448,0.092477,0.127905,0.642857,-1.0,0.183673,0.173469,-1.0,0.691649,0.46408,0.273497,-0.005403,0.004679,0.574233,0.304159,7.0,4.0,0.0,0.0,1.0,0.965926,-0.258819,-0.951057,0.309017,50.085293,0.000348,0.000724,47.926807,0.000213,0.001799,42.167656,5.3e-05,0.000639,-2.54653,4.2e-05,,,,,,,,
370,2026-03-27 07:05:06.567847,USDCHF,BUY,0.79602,0.79428,0.79864,0.00092,50.0,macd_crossover,EXECUTED,,,,55962286758.0,,0.000151,0.000717,0.000956,0.001283,0.002645,0.003049,0.795187,0.001048,0.794674,0.001694,0.792605,0.004308,0.79056,0.006906,0.789638,0.008082,0.795143,0.794225,0.792971,0.003257,0.005203,0.003758,0.001156,71.058317,65.847761,63.365899,0.000918,0.000905,1.3e-05,0.128302,0.26451,0.30494,0.000794,0.000997,0.000919,0.001154,0.001058,0.001329,0.004685,0.861668,0.027869,0.052174,0.363636,1.0,0.636364,0.0,3.0,0.909483,0.946015,0.973848,-0.000264,0.004623,0.097408,-0.875526,9.0,4.0,1.0,0.0,0.0,0.707107,-0.707107,-0.951057,0.309017,65.185392,-0.0,0.000566,62.663906,-2.1e-05,0.000239,61.57274,-2.1e-05,-0.000226,0.662369,1.3e-05,,,,,,,,
371,2026-03-27 07:05:07.061216,GBPUSD,SELL,1.33344,1.33496,1.32582,0.00152,45.03,ml_direct,NEWS_FILTERED,HIGH impact: Retail Sales m/m (GBP) 5min ago,0.5593,0.55,,,-4.5e-05,-0.000375,-0.000615,-0.00054,0.000113,0.00063,1.33381,-0.000277,1.333649,-0.000157,1.335695,-0.001688,1.337303,-0.002889,1.335605,-0.001621,1.333738,1.334238,1.335258,-0.001411,-0.002732,6.7e-05,-0.000375,44.282279,45.030935,45.106925,-0.0005,-0.000681,0.000182,-0.053967,0.01125,0.063035,0.001233,0.000925,0.001524,0.001143,0.001801,0.001351,0.003417,0.454026,0.023262,0.05944,0.136364,-1.0,0.022727,0.840909,-3.0,0.498039,0.36217,0.210751,-0.003262,0.001852,0.081054,-0.891556,9.0,4.0,1.0,0.0,0.0,0.707107,-0.707107,-0.951057,0.309017,45.327883,0.000217,-0.00033,47.458982,0.000261,-0.00024,49.015242,0.000274,0.000172,-0.296947,-3.6e-05,,,,,,,,
372,2026-03-27 07:05:07.863826,AUDUSD,BUY,0.68969,0.68748,0.69326,0.00144,44.96,ml_direct,EXECUTED,,0.5727,0.55,55962287002.0,,-0.000377,-0.00013,-0.001867,0.000653,0.001336,-0.001881,0.689419,0.000393,0.689605,0.000123,0.692913,-0.004652,0.695542,-0.008413,0.701087,-0.016257,0.689746,0.690652,0.69243,-0.005043,-0.008536,-0.011659,-0.001311,48.969268,44.958055,43.424723,-0.000906,-0.001246,0.000341,0.065289,0.133571,-0.188136,0.001309,0.001898,0.001444,0.002093,0.001569,0.002275,0.007497,0.516442,0.101375,0.117142,0.4375,-1.0,0.203125,0.359375,-1.0,0.628713,0.442509,0.215072,-0.00464,0.003683,0.099806,-0.846154,9.0,4.0,1.0,0.0,0.0,0.707107,-0.707107,-0.951057,0.309017,46.03535,0.000359,0.000246,45.238655,0.000352,-0.001737,50.085293,0.000348,0.000724,-1.077295,-1.8e-05,,,,,,,,
373,2026-03-27 08:05:07.331154,EURUSD,SELL,1.15174,1.15498,1.14657,0.00129,50.0,macd_crossover,EXECUTED,,,,55963123800.0,,-0.000122,-0.001448,-0.002036,-0.001863,-0.001811,-0.001526,1.153357,-0.001402,1.153401,-0.00144,1.155512,-0.003264,1.157114,-0.004644,1.154824,-0.00267,1.153204,1.153937,1.15502,-0.001865,-0.003209,0.000596,-0.000635,28.042166,36.194542,38.915576,-0.000733,-0.000725,-8e-06,-0.186326,-0.181136,-0.152579,0.001145,0.000994,0.001289,0.001119,0.001461,0.001269,0.002892,0.002076,0.043623,0.047776,0.259259,-1.0,0.666667,0.074074,-4.0,0.059016,0.04186,0.017875,-0.003577,0.000156,0.189156,-0.815846,10.0,4.0,1.0,0.0,0.0,0.5,-0.866025,-0.951057,0.309017,36.780989,8e-05,-0.001327,44.018697,0.00021,-0.000589,47.90943,0.000256,-0.000165,-0.586446,-8.8e-05,,,,,,,,
374,2026-03-27 08:05:08.177325,GBPUSD,SELL,1.33121,1.33367,1.32205,0.0016,50.0,macd_crossover,EXECUTED,,,,55963124201.0,,-6.8e-05,-0.001717,-0.002047,-0.002114,-0.001889,-0.001358,1.333344,-0.0016,1.333452,-0.001681,1.335512,-0.003221,1.33727,-0.004532,1.335594,-0.003283,1.33307,1.333867,1.335019,-0.001623,-0.002855,-6.1e-05,-0.000597,26.045217,36.191566,39.562186,-0.000796,-0.000732,-6.5e-05,-0.21139,-0.188944,-0.135782,0.001414,0.001062,0.001603,0.001204,0.001833,0.001377,0.004066,0.0865,0.045383,0.065925,0.103448,-1.0,0.655172,0.241379,-4.0,0.056452,0.035191,0.020478,-0.004943,0.00018,0.178746,-0.824876,10.0,4.0,1.0,0.0,0.0,0.5,-0.866025,-0.951057,0.309017,36.502024,4.5e-05,-0.00165,45.327883,0.000217,-0.00033,47.458982,0.000261,-0.00024,-0.310458,-0.00011,,,,,,,,
375,2026-03-27 09:05:08.851071,EURUSD,SELL,1.1516899999999999,1.15487,1.14657,0.00127,50.0,macd_crossover,RISK_REJECTED,Position already open on EURUSD,,,,,-0.00033,-0.000165,-0.001491,-0.002244,-0.001491,-0.002192,1.153218,-0.001325,1.153291,-0.001388,1.155357,-0.003174,1.1571,-0.004675,1.154837,-0.002725,1.153014,1.153793,1.154902,-0.001852,-0.003292,0.00045,-0.000675,29.186688,36.451945,39.02174,-0.000779,-0.000731,-4.8e-05,-0.224382,-0.149123,-0.219196,0.001126,0.000978,0.001271,0.001104,0.001447,0.001257,0.003003,0.037698,0.044346,0.046451,0.616667,-1.0,0.216667,0.166667,-1.0,0.067093,0.047945,0.02069,-0.003621,0.000182,0.087911,-0.937732,11.0,4.0,1.0,0.0,0.0,0.258819,-0.965926,-0.951057,0.309017,38.141218,1.3e-05,0.000165,36.780989,8e-05,-0.001327,44.018697,0.00021,-0.000589,-1.689273,-6.1e-05,,,,,,,,
376,2026-03-27 09:05:09.409531,AUDUSD,BUY,0.68925,0.68704,0.69293,0.00147,43.98,ml_direct,RISK_REJECTED,Position already open on AUDUSD,0.5805,0.55,,,-0.000537,0.00045,-0.001015,-0.002504,0.000973,-0.004564,0.689448,-0.000287,0.68937,-0.000174,0.692598,-0.004834,0.695382,-0.008818,0.700913,-0.01664,0.689571,0.69043,0.692172,-0.004548,-0.008646,-0.011864,-0.001244,46.062056,43.982542,42.89556,-0.000859,-0.00112,0.000261,-0.250369,0.097302,-0.456377,0.001375,0.001994,0.001471,0.002134,0.001577,0.002288,0.006339,0.472541,0.107539,0.107658,0.616667,-1.0,0.316667,0.066667,-1.0,0.519802,0.366492,0.177815,-0.005267,0.003047,0.101608,-0.924093,11.0,4.0,1.0,0.0,0.0,0.258819,-0.965926,-0.951057,0.309017,45.481302,0.000291,0.000987,42.115106,0.000293,-0.001464,46.03535,0.000359,0.000246,-1.498759,-2.9e-05,,,,,,,,
377,2026-03-27 10:05:11.403466,USDCHF,SELL,0.79729,0.79872,0.79496,0.00094,70.32,rsi_reversal,EXECUTED,,,,55965276588.0,,-3.8e-05,0.000967,0.000653,0.002313,0.00283,0.005613,0.795961,0.00167,0.79531,0.00249,0.793066,0.005326,0.790791,0.008218,0.789772,0.00952,0.795978,0.794854,0.793459,0.00365,0.005714,0.004171,0.001414,77.131144,70.322724,66.702453,0.001124,0.000996,0.000128,0.231316,0.283005,0.561273,0.000858,0.001076,0.000939,0.001177,0.001057,0.001325,0.005187,0.979982,0.0422,0.053347,0.136364,-1.0,0.5,0.363636,-1.0,0.900322,0.935818,0.967021,-0.000389,0.005669,0.137288,-0.887562,12.0,4.0,1.0,0.0,0.0,0.0,-1.0,-0.951057,0.309017,70.641943,0.000116,0.001004,66.924116,7.1e-05,-0.000314,69.477227,6e-05,0.001093,-0.319219,1.2e-05,,,,,,,,
378,2026-03-27 10:05:12.185269,GBPUSD,SELL,1.3311600000000001,1.33354,1.32349,0.00155,37.7,ml_direct,EXECUTED,,0.5709,0.55,55965276800.0,,0.000391,-0.000165,-0.000105,-0.002084,-0.00165,-0.00369,1.332861,-0.001276,1.33297,-0.001358,1.335156,-0.002993,1.337299,-0.004591,1.3356,-0.003324,1.332479,1.333456,1.334708,-0.001719,-0.003237,-0.000332,-0.000732,32.160229,37.695228,40.221871,-0.000977,-0.000809,-0.000168,-0.208405,-0.164997,-0.368987,0.001345,0.00101,0.001545,0.001161,0.001789,0.001344,0.003861,0.14832,0.04891,0.055922,0.787879,1.0,0.060606,0.151515,1.0,0.215859,0.147813,0.078337,-0.004244,0.000736,0.160338,-0.881341,12.0,4.0,1.0,0.0,0.0,0.0,-1.0,-0.951057,0.309017,34.390121,-0.000153,-0.000556,36.982537,-5.4e-05,6e-05,36.502024,4.5e-05,-0.00165,3.305107,-1.4e-05,,,,,,,,
379,2026-03-27 10:05:12.742496,AUDUSD,BUY,0.68956,0.68738,0.69319,0.00145,45.47,ml_direct,RISK_REJECTED,Position already open on AUDUSD,0.5648,0.55,,,0.00029,-8.7e-05,0.0009,-0.000319,0.003084,-0.002878,0.689671,-0.000161,0.689276,0.000412,0.69243,-0.004145,0.695323,-0.008288,0.700821,-0.016069,0.689584,0.690373,0.692074,-0.003985,-0.008696,-0.011973,-0.001143,49.327332,45.474009,43.875728,-0.000789,-0.001053,0.000263,-0.031894,0.308391,-0.287759,0.001344,0.001949,0.001453,0.002107,0.001565,0.00227,0.005612,0.573413,0.095425,0.106204,0.465116,1.0,0.255814,0.27907,1.0,0.596535,0.474409,0.212148,-0.003872,0.003495,0.124953,-0.895985,12.0,4.0,1.0,0.0,0.0,0.0,-1.0,-0.951057,0.309017,44.417699,0.000268,-0.000377,45.481302,0.000291,0.000987,42.115106,0.000293,-0.001464,1.05631,-5e-06,,,,,,,,
380,2026-03-27 11:05:10.666057,AUDUSD,BUY,0.68938,0.68723,0.69297,0.00144,44.61,ml_direct,RISK_REJECTED,Position already open on AUDUSD,0.5631,0.55,,,0.000102,2.9e-05,-0.000348,-0.000826,0.000842,-0.002474,0.689704,-0.00047,0.689178,0.000293,0.692276,-0.004183,0.695261,-0.008458,0.700729,-0.016196,0.68952,0.690282,0.691959,-0.003715,-0.008749,-0.012064,-0.001105,47.473707,44.60615,43.300642,-0.000763,-0.000998,0.000235,-0.082615,0.084204,-0.247435,0.001316,0.001909,0.001436,0.002083,0.001554,0.002254,0.005021,0.558374,0.083796,0.105598,0.184211,1.0,0.236842,0.578947,1.0,0.388514,0.477516,0.218413,-0.003539,0.003235,0.132402,-0.891934,13.0,4.0,1.0,1.0,0.0,-0.258819,-0.965926,-0.951057,0.309017,44.203615,0.000247,-7.3e-05,44.417699,0.000268,-0.000377,45.481302,0.000291,0.000987,0.402535,-1.2e-05,,,,,,,,
381,2026-03-27 12:05:09.010735,AUDUSD,BUY,0.68832,0.6862,0.69185,0.00141,39.95,ml_direct,RISK_REJECTED,Position already open on AUDUSD,0.5804,0.55,,,-0.000697,-0.001436,-0.001509,-0.0009,-0.001335,-0.002276,0.689554,-0.00179,0.68907,-0.001089,0.692096,-0.005456,0.695171,-0.009856,0.700635,-0.017577,0.68926,0.690097,0.691794,-0.003673,-0.008776,-0.012187,-0.001214,36.386588,39.945212,40.369712,-0.000837,-0.000973,0.000136,-0.089993,-0.13348,-0.227573,0.001276,0.001854,0.00141,0.002049,0.001538,0.002234,0.00504,0.28388,0.085814,0.102624,0.923077,-1.0,0.057692,0.019231,-4.0,0.030405,0.250535,0.115044,-0.005085,0.0017,0.132491,-0.889453,14.0,4.0,1.0,1.0,0.0,-0.5,-0.866025,-0.951057,0.309017,41.980986,0.000198,-0.00074,44.203615,0.000247,-7.3e-05,44.417699,0.000268,-0.000377,-2.035774,-6.3e-05,,,,,,,,
382,2026-03-27 13:05:10.533845,USDCAD,SELL,1.38642,1.3881,1.38373,0.00109,63.55,ml_direct,EXECUTED,,0.5648,0.55,55968901904.0,,-5e-05,0.000982,0.000823,0.000967,0.000816,0.001531,1.385486,0.000674,1.385385,0.000747,1.383291,0.002262,1.379131,0.005285,1.37532,0.008071,1.385508,1.384767,1.383139,0.001587,0.004535,0.005796,0.000535,68.700442,63.54773,62.833041,0.000741,0.000805,-6.4e-05,0.096745,0.081571,0.153146,0.001054,0.00076,0.001094,0.000789,0.001169,0.000843,0.001353,1.052047,0.028709,0.035456,0.066038,-1.0,0.54717,0.386792,-1.0,0.744094,0.81268,0.933741,-0.000469,0.002034,0.819957,-0.155907,14.0,4.0,1.0,1.0,0.0,-0.5,-0.866025,-0.951057,0.309017,64.20653,-0.000113,0.001032,55.44441,-0.000202,-0.000159,57.453617,-0.000193,0.000116,-0.6588,5e-05,,,,,,,,
383,2026-03-27 14:05:08.531570,EURUSD,BUY,1.1532,1.1498,1.15862,0.00135,50.0,macd_crossover,EXECUTED,,,,55970698206.0,,0.000686,0.001485,0.002138,0.00112,-0.000936,-0.000156,1.152229,0.000843,1.152832,0.000319,1.154535,-0.001157,1.157124,-0.003391,1.154905,-0.001477,1.152447,1.153192,1.154353,-0.001998,-0.003709,-0.00032,-0.000646,59.186635,49.70971,47.066328,-0.000745,-0.00082,7.5e-05,0.111988,-0.093565,-0.015606,0.001323,0.001148,0.001351,0.001171,0.001463,0.001269,0.003686,0.586609,0.053287,0.04767,0.897727,1.0,0.0,0.102273,3.0,0.684564,0.534965,0.314491,-0.002307,0.002653,0.249906,-0.891289,16.0,4.0,0.0,1.0,0.0,-0.866025,-0.5,-0.951057,0.309017,44.842197,-4.2e-05,0.000799,38.39427,-0.000134,0.000652,32.413428,-0.000162,-0.000304,4.867513,0.000118,,,,,,,,
384,2026-03-27 16:05:06.631385,USDCAD,BUY,1.38694,1.38465,1.39035,0.0012,50.0,macd_crossover,EXECUTED,,,,55974855006.0,,0.000317,0.000454,7.9e-05,0.001357,0.001054,0.000873,1.385889,0.000758,1.3856,0.000967,1.383752,0.002304,1.379498,0.005394,1.375582,0.008257,1.385984,1.385169,1.383543,0.001544,0.004423,0.005939,0.000588,69.476472,64.654362,63.592902,0.000815,0.000803,1.2e-05,0.135734,0.105379,0.087319,0.00127,0.000916,0.001201,0.000866,0.001217,0.000877,0.001891,1.011685,0.030188,0.029383,0.259036,1.0,0.373494,0.36747,2.0,0.79538,0.843434,0.93369,-0.000447,0.002408,1.371565,-0.2773,17.0,4.0,0.0,1.0,0.0,-0.965926,-0.258819,-0.951057,0.309017,62.187029,-1.7e-05,0.000137,61.098153,-2.9e-05,-0.000375,65.922473,-3.8e-05,0.000245,2.467333,2.9e-05,,,,,,,,
385,2026-03-27 18:05:05.678413,AUDUSD,SELL,0.68653,0.68954,0.68197,0.00159,50.0,macd_crossover,EXECUTED,,,,55977310555.0,,-0.002673,-0.003296,-0.003498,-0.003107,-0.003498,-0.003252,0.688696,-0.003145,0.68902,-0.003614,0.691327,-0.006938,0.694677,-0.011728,0.700162,-0.01947,0.688612,0.689498,0.691154,-0.003805,-0.008143,-0.01262,-0.001285,21.568233,32.490188,35.68267,-0.000886,-0.000854,-3.3e-05,-0.310744,-0.349813,-0.325217,0.001678,0.002444,0.001594,0.002321,0.001613,0.00235,0.005632,-0.141675,0.075069,0.091946,0.607261,-1.0,0.356436,0.036304,-3.0,0.029178,0.023061,0.010338,-0.006788,0.00016,1.017462,-0.231096,19.0,4.0,0.0,1.0,0.0,-0.965926,0.258819,-0.951057,0.309017,40.463382,0.0001,-0.000624,42.739393,0.000129,-0.000203,43.478767,0.000133,0.000552,-7.973193,-0.000133,,,,,,,,
386,2026-03-27 18:05:06.282342,USDJPY,SELL,160.316,160.49597,159.41615,0.17997,73.48,rsi_reversal,RISK_REJECTED,Session filter: USDJPY inactive at 18:00 UTC (active 00-16),,,,,-0.000143,0.001074,0.000937,0.002652,0.002991,0.004146,160.0275,0.001803,159.8477,0.00293,159.65766,0.004123,159.20528,0.006977,159.09468,0.007677,160.032111,159.858817,159.658141,0.002316,0.004035,0.003539,0.001084,80.927522,73.479433,69.399602,0.173293,0.12861,0.044683,0.265179,0.299053,0.414647,0.193473,0.001207,0.17997,0.001123,0.176765,0.001103,0.00622,0.97099,0.050067,0.051091,0.55814,-1.0,0.046512,0.395349,-1.0,0.866573,0.900835,0.924603,-0.000593,0.005383,0.105439,-0.929825,20.0,4.0,0.0,1.0,0.0,-0.866025,0.5,-0.951057,0.309017,75.092078,0.040813,0.001218,69.889581,0.027174,-0.000137,71.453084,0.021435,0.001676,-1.612645,0.003871,,,,,,,,
387,2026-03-27 21:05:05.545968,EURUSD,SELL,1.1507100000000001,1.15446,1.14467,0.0015,50.0,macd_crossover,RISK_REJECTED,Session filter: EURUSD inactive at 21:00 UTC (active 07-20),,,,,-0.000868,-0.00053,-0.000443,-0.001059,-0.00033,-0.002029,1.15163,-0.000799,1.152337,-0.001412,1.153824,-0.002699,1.156648,-0.005134,1.15494,-0.003662,1.151749,1.152523,1.153722,-0.001901,-0.003727,-0.000967,-0.000671,33.779495,37.717506,39.397759,-0.000773,-0.000772,-1e-06,-0.105909,-0.033012,-0.20294,0.001552,0.001348,0.0015,0.001303,0.001529,0.001329,0.004109,0.156385,0.046331,0.045374,0.576471,-1.0,0.223529,0.2,-1.0,0.122845,0.122845,0.080395,-0.003537,0.000495,0.756602,0.088396,22.0,4.0,0.0,0.0,0.0,-0.5,0.866025,-0.951057,0.309017,42.9624,4.3e-05,0.000339,39.937749,1.8e-05,8.7e-05,39.169708,2.9e-05,-0.00059,-5.244894,-4.4e-05,,,,,,,,
388,2026-03-31 06:05:05.474945,AUDUSD,BUY,0.68544,0.68192,0.68752,0.0014,48.38,ml_direct,EXECUTED,,0.5709,0.55,56010819807.0,1.0,0.001593,0.000862,-0.000481,-0.000321,0.000715,-0.000394,0.685267,0.000252,0.685353,0.000126,0.686607,-0.0017,0.69005,-0.006681,0.695899,-0.01503,0.685294,0.685666,0.686848,-0.001952,-0.006806,-0.013353,-0.000544,51.52148,48.380797,46.259376,-0.000373,-0.000458,8.5e-05,-0.032086,0.071538,-0.039375,0.001421,0.002074,0.0014,0.002043,0.001434,0.002092,0.003478,0.536292,0.09419,0.089103,0.666667,1.0,0.0,0.333333,1.0,0.507353,0.514493,0.270305,-0.002932,0.003107,0.721193,0.206522,8.0,1.0,1.0,0.0,0.0,0.866025,-0.5,0.951057,0.309017,41.091455,6.1e-05,-0.00073,43.721292,0.000137,-0.001342,49.08908,0.000202,-0.001267,7.289342,2.4e-05,,,,,,,,
389,2026-03-31 08:05:03.886580,AUDUSD,BUY,0.68685,0.68338,0.68893,0.00139,56.7,ml_direct,RISK_REJECTED,Position already open on AUDUSD,0.5946,0.55,,1.0,0.000335,0.002218,0.002598,0.00292,0.002306,0.000962,0.685562,0.001879,0.685387,0.002134,0.686361,0.000712,0.689711,-0.004149,0.695649,-0.012649,0.685675,0.685776,0.686772,-0.001165,-0.006269,-0.013351,-0.000147,65.625134,56.703838,52.17064,-0.000101,-0.000341,0.00024,0.292035,0.230566,0.096183,0.001379,0.002008,0.001387,0.002019,0.001425,0.002074,0.004132,1.016388,0.099236,0.09254,0.479167,1.0,0.104167,0.416667,4.0,0.852941,0.855072,0.514535,-0.000874,0.005154,0.135567,-0.880133,11.0,1.0,1.0,0.0,0.0,0.258819,-0.965926,0.951057,0.309017,55.486257,0.000172,0.001882,47.847956,7.9e-05,0.00038,46.117547,6.1e-05,0.001052,1.21758,6.8e-05,,,,,,,,
390,2026-03-31 08:05:05.121001,USDCAD,SELL,1.39359,1.39553,1.39241,0.00096,65.79,ml_direct,EXECUTED,,0.5502,0.55,56012653239.0,1.0,0.000136,0.000538,0.000345,0.000761,0.001121,0.001013,1.392854,0.000528,1.392659,0.000668,1.390102,0.002509,1.386195,0.005335,1.379797,0.009996,1.392831,1.391969,1.39016,0.00198,0.004664,0.007469,0.000619,69.21487,65.794748,65.26439,0.000862,0.000945,-8.3e-05,0.07612,0.112067,0.10128,0.000862,0.000618,0.00096,0.000689,0.001055,0.000757,0.001306,1.011523,0.023964,0.026038,0.25,1.0,0.460526,0.289474,2.0,0.848485,0.719298,0.904192,-0.000689,0.001765,0.620521,-0.343284,10.0,1.0,1.0,0.0,0.0,0.5,-0.866025,0.951057,0.309017,64.629608,-0.000112,0.000402,60.993172,-0.000144,-0.000194,63.936055,-0.00014,7e-06,1.165141,2.9e-05,,,,,,,,
391,2026-03-31 09:05:05.421301,AUDUSD,BUY,0.68571,0.68207,0.68786,0.00145,49.93,ml_direct,EXECUTED,,0.6247,0.55,56013622722.0,1.0,-0.001325,0.000554,0.000934,0.001256,0.000642,-0.0007,0.685448,0.000382,0.68533,0.000554,0.686339,-0.000916,0.6897,-0.005785,0.695644,-0.01428,0.6855,0.685692,0.686727,-0.001298,-0.006336,-0.013376,-0.00028,52.435005,49.930679,47.733385,-0.000192,-0.000359,0.000167,0.125575,0.064208,-0.069951,0.001503,0.002192,0.001449,0.002113,0.001456,0.002123,0.003649,0.651765,0.106222,0.095366,0.674074,-1.0,0.207407,0.118519,-1.0,0.573529,0.57971,0.348837,-0.002538,0.0035,0.699628,-0.363316,11.0,1.0,1.0,0.0,0.0,0.258819,-0.965926,0.951057,0.309017,55.486257,0.000172,0.001882,47.847956,7.9e-05,0.00038,46.117547,6.1e-05,0.001052,-5.555578,-5e-06,,,,,,,,
392,2026-03-31 09:05:06.317058,USDCAD,SELL,1.3939,1.3957,1.39278,0.0009,66.66,ml_direct,RISK_REJECTED,Position already open on USDCAD,0.6052,0.55,,1.0,-7.2e-05,0.000416,0.000359,0.000567,0.000761,0.000567,1.393054,0.000607,1.392758,0.00082,1.390448,0.002483,1.386521,0.005322,1.38001,0.010065,1.393118,1.392234,1.390441,0.001875,0.004498,0.007563,0.000635,70.3178,66.664012,65.83528,0.000884,0.000919,-3.5e-05,0.056708,0.076104,0.056708,0.000767,0.00055,0.000899,0.000645,0.001018,0.00073,0.001671,0.990955,0.023912,0.026238,0.625,-1.0,0.25,0.125,-1.0,0.890196,0.809942,0.93513,-0.000466,0.001987,0.086382,-0.895904,12.0,1.0,1.0,0.0,0.0,0.0,-1.0,0.951057,0.309017,67.873908,-5.3e-05,0.000488,63.71577,-0.0001,-5.7e-05,64.629608,-0.000112,0.000402,-1.209896,1.8e-05,,,,,,,,
393,2026-03-31 10:05:03.874305,AUDUSD,BUY,0.68554,0.68216,0.68757,0.00135,48.79,ml_direct,RISK_REJECTED,Position already open on AUDUSD,0.5896,0.55,,1.0,1.5e-05,-0.000816,-0.001573,0.000686,-0.000175,5.8e-05,0.68558,-5.8e-05,0.685415,0.000183,0.686197,-0.000957,0.689472,-0.005702,0.695458,-0.014261,0.685553,0.685694,0.68665,-0.000899,-0.005885,-0.013317,-0.000206,49.891922,48.794252,47.033564,-0.000141,-0.000278,0.000137,0.068606,-0.017501,0.005835,0.001296,0.001891,0.001352,0.001972,0.001406,0.002052,0.003461,0.5529,0.089935,0.073941,0.035714,1.0,0.357143,0.607143,1.0,0.469444,0.531863,0.324128,-0.002786,0.003165,0.055465,-0.94151,13.0,1.0,1.0,1.0,0.0,-0.258819,-0.965926,0.951057,0.309017,48.730481,0.000161,-0.000831,52.169308,0.000192,-0.000757,55.486257,0.000172,0.001882,0.063771,-2.4e-05,,,,,,,,
394,2026-03-31 13:05:04.956863,USDCAD,SELL,1.39368,1.39554,1.39258,0.00091,60.88,ml_direct,EXECUTED,,0.5788,0.55,56018712903.0,1.0,0.000108,-0.000531,-0.000409,0.000258,0.000826,0.000912,1.393565,8.3e-05,1.393018,0.000476,1.390978,0.001943,1.386993,0.004821,1.380334,0.009668,1.393434,1.39259,1.390841,0.00186,0.004344,0.007711,0.000606,56.583204,60.875388,62.32749,0.000844,0.000905,-6e-05,0.025838,0.082583,0.091209,0.000833,0.000598,0.00091,0.000653,0.001012,0.000726,0.002022,0.735157,0.026001,0.025604,0.197368,1.0,0.25,0.552632,1.0,0.6,0.761194,0.911854,-0.000574,0.00183,1.508571,0.068412,15.0,1.0,1.0,1.0,0.0,-0.707107,-0.707107,0.951057,0.309017,59.824537,-3.3e-05,-0.000638,70.215004,1.5e-05,0.000122,69.268295,-1.3e-05,0.000179,1.050851,-2.7e-05,,,,,,,,
395,2026-03-31 15:05:07.918353,EURUSD,SELL,1.15207,1.15701,1.14437,0.00163,64.19,bollinger_bounce,EXECUTED,,,,56022507339.0,2.0,-0.001447,-0.001015,0.001547,0.005393,0.004902,0.005323,1.149227,0.002474,1.147954,0.003586,1.148865,0.00279,1.151759,0.00027,1.154336,-0.001963,1.149708,1.148781,1.149328,0.000315,-0.003304,-0.00474,0.000806,67.87711,64.189106,59.6769,0.000926,7e-05,0.000857,0.539319,0.490209,0.5323,0.001854,0.001609,0.001631,0.001416,0.001527,0.001325,0.008539,0.919905,0.1056,0.081263,0.333333,1.0,0.0,0.666667,5.0,0.761677,0.789195,0.741905,-0.001727,0.006467,0.000862,-0.99944,18.0,1.0,0.0,1.0,0.0,-1.0,-0.0,0.951057,0.309017,74.082971,0.000904,0.000434,72.922646,0.000737,0.002565,64.122657,0.000465,0.001053,-9.893865,-4.8e-05,,,,,,,,
396,2026-04-01 04:09:51.806633,USDCHF,BUY,0.79782,0.79447,0.80208,0.00122,43.39,ml_direct,RISK_REJECTED,Session filter: USDCHF inactive at 4:00 UTC (active 07-20),0.5583,0.55,,1.0,-0.000401,0.000439,-0.000338,0.000201,-0.003211,-0.002613,0.798261,-0.000552,0.799614,-0.002243,0.799507,-0.00211,0.797427,0.000492,0.793182,0.005848,0.798537,0.799081,0.798861,-0.001558,0.002741,0.007974,-0.000681,41.386144,43.39095,45.57733,-0.000544,-0.000249,-0.000295,0.020059,-0.321093,-0.261279,0.001145,0.001435,0.001216,0.001525,0.001182,0.001481,0.00885,0.246566,0.079464,0.123661,0.842105,-1.0,0.052632,0.105263,-1.0,0.264916,0.147606,0.147606,-0.008034,0.001391,0.071243,-0.857561,7.0,2.0,0.0,0.0,1.0,0.965926,-0.258819,0.587785,-0.809017,44.772405,-0.000339,0.00084,41.128361,-0.000411,-0.000777,43.600369,-0.000423,0.001644,-1.381454,4.4e-05,,,,,,,,
397,2026-04-01 05:05:04.437046,AUDUSD,BUY,0.69037,0.68642,0.69268,0.00156,57.64,ml_direct,EXECUTED,,0.5784,0.55,56034575428.0,1.0,-2.9e-05,-0.001071,-0.001504,-0.002327,0.001988,0.006224,0.690806,-0.000631,0.688949,0.002063,0.686929,0.005009,0.68833,0.002964,0.69409,-0.00536,0.690171,0.688862,0.688189,0.005644,0.0009,-0.010317,0.0019,53.674333,57.640854,56.719766,0.001309,0.001201,0.000108,-0.232666,0.198839,0.622358,0.001404,0.002034,0.001565,0.002266,0.001583,0.002293,0.013447,0.653388,0.095449,0.164586,0.031746,-1.0,0.269841,0.698413,-4.0,0.410835,0.724393,0.730093,-0.003781,0.009937,0.241041,-0.49982,7.0,2.0,0.0,0.0,1.0,0.965926,-0.258819,0.587785,-0.809017,57.745165,0.000219,-0.001042,61.46336,0.00036,-0.000434,63.033699,0.000464,-0.001833,-0.104311,-0.000111,,,,,,,,
398,2026-04-01 05:05:05.124101,USDCHF,BUY,0.79764,0.79446,0.80169,0.00116,42.76,ml_direct,RISK_REJECTED,Session filter: USDCHF inactive at 5:00 UTC (active 07-20),0.5701,0.55,,1.0,7.5e-05,-0.000626,0.000213,0.001079,-0.002451,-0.003535,0.798041,-0.000502,0.79946,-0.002277,0.799482,-0.002303,0.797482,0.000197,0.793228,0.005562,0.798368,0.798958,0.798804,-0.001802,0.00248,0.007883,-0.000738,40.35443,42.75811,45.069186,-0.00059,-0.00032,-0.00027,0.107934,-0.245123,-0.353542,0.001036,0.001298,0.001158,0.001452,0.001154,0.001447,0.009117,0.250285,0.078589,0.123099,0.4,1.0,0.133333,0.466667,1.0,0.32069,0.12367,0.12367,-0.008262,0.001166,0.034605,-0.903873,8.0,2.0,1.0,0.0,0.0,0.866025,-0.5,0.587785,-0.809017,42.409539,-0.00031,-0.000702,44.772405,-0.000339,0.00084,41.128361,-0.000411,-0.000777,0.34857,4.1e-05,,,,,,,,
399,2026-04-01 06:05:04.909602,USDCHF,BUY,0.79697,0.79375,0.80106,0.00117,40.41,ml_direct,RISK_REJECTED,Session filter: USDCHF inactive at 6:00 UTC (active 07-20),0.5731,0.55,,1.0,0.000264,-0.000765,-0.001466,-0.001403,-0.002878,-0.005093,0.797723,-0.000944,0.799212,-0.002805,0.799432,-0.003079,0.797521,-0.000691,0.793269,0.004665,0.798038,0.798751,0.798699,-0.002137,0.00212,0.007768,-0.000891,36.583036,40.413859,43.200125,-0.000712,-0.00041,-0.000302,-0.140335,-0.287763,-0.509332,0.001066,0.001338,0.00117,0.001468,0.001161,0.001457,0.009572,0.206935,0.081622,0.123,0.55,1.0,0.025,0.425,1.0,0.145631,0.058366,0.058366,-0.00911,0.000565,0.091687,-0.8528,9.0,2.0,1.0,0.0,0.0,0.707107,-0.707107,0.587785,-0.809017,39.151285,-0.000326,-0.001028,42.409539,-0.00031,-0.000702,44.772405,-0.000339,0.00084,1.262574,2.4e-05,,,,,,,,
400,2026-04-01 07:05:03.982743,EURUSD,SELL,1.1587,1.16365,1.15092,0.00164,72.39,ml_direct,EXECUTED,,0.5702,0.55,56036892295.0,1.0,0.001677,0.001885,0.002292,0.002188,0.002969,0.011179,1.156723,0.001709,1.154861,0.003325,1.150344,0.007264,1.151631,0.006139,1.154628,0.003527,1.156123,1.153946,1.152402,0.005545,0.002805,-0.00371,0.001886,76.158093,72.385321,68.754385,0.002177,0.002068,0.000108,0.218826,0.2969,1.117908,0.001637,0.001413,0.001643,0.001418,0.001598,0.001379,0.008713,0.881579,0.063573,0.086207,0.614887,1.0,0.187702,0.197411,3.0,0.886497,0.957259,0.961333,-0.000501,0.011211,0.805401,0.31048,9.0,2.0,1.0,0.0,0.0,0.707107,-0.707107,0.587785,-0.809017,66.90314,4.7e-05,0.000208,66.130737,0.000113,0.000407,64.629677,0.000205,-0.0007,5.48218,6.1e-05,,,,,,,,
401,2026-04-01 07:05:05.018720,XAUUSD,SELL,4708.62,4752.51786,4657.77415,29.15191,70.09,ml_direct,EXECUTED,,0.575,0.55,56036892590.0,1.0,0.005224,0.006883,0.005705,0.003378,0.008816,0.030657,4689.893,0.003993,4646.7365,0.013318,4579.927,0.028099,4516.6763,0.042497,4507.6445,0.044585,4675.177369,4638.2383,4594.584031,0.02401,0.028796,0.016036,0.007964,73.584516,70.089042,67.051813,36.939069,36.714271,0.224798,0.337754,0.881634,3.065736,27.226061,0.005782,29.151914,0.006191,31.236353,0.006634,0.045599,0.79206,0.221619,0.268672,0.811565,1.0,0.133932,0.054503,2.0,0.750639,0.919842,0.946598,-0.003315,0.038043,0.535583,-0.239342,9.0,2.0,1.0,0.0,0.0,0.707107,-0.707107,0.587785,-0.809017,65.792608,-0.168945,0.001651,64.289925,1.175269,-0.00117,66.206958,3.47382,-0.000544,4.296435,0.393743,,,,,,,,
402,2026-04-01 08:05:04.934366,EURUSD,SELL,1.1589,1.1639,1.15103,0.00166,69.71,ml_direct,EXECUTED,,0.5598,0.55,56038413784.0,1.0,0.000596,-0.00019,0.00185,0.002465,0.00263,0.007485,1.157339,0.001349,1.155768,0.002709,1.150638,0.00718,1.151668,0.006279,1.154638,0.003691,1.156868,1.154632,1.15289,0.005824,0.00356,-0.003464,0.001936,70.501792,69.708478,67.225002,0.002236,0.002128,0.000107,0.246529,0.263008,0.748507,0.00167,0.001441,0.001661,0.001434,0.001611,0.00139,0.007118,0.880633,0.075082,0.080219,0.485915,1.0,0.126761,0.387324,1.0,0.781818,0.902041,0.938383,-0.000828,0.007628,0.207106,-0.873424,11.0,2.0,1.0,0.0,0.0,0.258819,-0.965926,0.587785,-0.809017,67.859776,0.000106,-0.000785,73.34131,0.000135,0.00204,66.90314,4.7e-05,0.000208,1.848702,1e-06,,,,,,,,
403,2026-04-01 09:05:04.306222,EURUSD,SELL,1.1601,1.16528,1.1519,0.00173,72.54,ml_direct,RISK_REJECTED,Position already open on EURUSD,0.5847,0.55,,1.0,0.000388,0.001632,0.000845,0.003095,0.002367,0.005948,1.157688,0.002083,1.156149,0.003417,1.15086,0.008029,1.151719,0.007277,1.154655,0.004715,1.157463,1.155089,1.153201,0.005933,0.003846,-0.003287,0.002055,75.471387,72.535164,69.413969,0.002374,0.002187,0.000187,0.309549,0.236746,0.594846,0.00178,0.001534,0.001727,0.001489,0.001648,0.001421,0.007741,0.941483,0.074129,0.071378,0.608108,1.0,0.216216,0.175676,2.0,0.828571,0.903904,0.942789,-0.000828,0.007784,0.117145,-0.924248,12.0,2.0,1.0,0.0,0.0,0.0,-1.0,0.587785,-0.809017,71.490912,0.000155,0.001243,67.859776,0.000106,-0.000785,73.34131,0.000135,0.00204,1.044252,3.2e-05,,,,,,,,
404,2026-04-01 10:05:04.789137,XAUUSD,SELL,4718.56,4732.73115,4668.96098,28.3423,66.18,ml_direct,RISK_REJECTED,Position already open on XAUUSD,0.556,0.55,,1.0,-0.000974,-0.002132,0.00119,0.007346,0.00163,0.031438,4703.365,0.003231,4679.0245,0.00845,4599.1692,0.025959,4525.1552,0.04274,4510.20015,0.046197,4699.242389,4661.344745,4613.995166,0.022655,0.034003,0.019726,0.00813,63.990569,66.177176,65.071611,37.897644,37.973847,-0.076203,0.734605,0.163027,3.143785,25.784924,0.005465,28.342298,0.006007,30.655525,0.006497,0.034059,0.748086,0.315114,0.28111,0.780405,-1.0,0.20777,0.011824,-2.0,0.638879,0.838125,0.890184,-0.006169,0.031942,0.059243,-0.928265,13.0,2.0,1.0,1.0,0.0,-0.258819,-0.965926,0.587785,-0.809017,67.74659,0.969674,-0.001159,69.571749,1.536235,0.003329,67.224145,1.204611,-0.003735,-1.569415,-1.045877,,,,,,,,
405,2026-04-01 12:05:04.541559,EURUSD,SELL,1.15989,1.16503,1.15175,0.00171,71.44,ml_direct,NEWS_FILTERED,HIGH impact: ADP Non-Farm Employment Change (USD) in 10min,0.5555,0.55,,1.0,-5.2e-05,0.00031,0.000207,0.000664,0.003218,0.007094,1.158254,0.001412,1.156926,0.002562,1.151264,0.007492,1.151792,0.007031,1.154688,0.004506,1.158097,1.155742,1.153697,0.006071,0.004457,-0.002965,0.002038,73.355202,71.438114,68.664574,0.002356,0.002243,0.000113,0.06643,0.321752,0.709374,0.001716,0.001479,0.001713,0.001477,0.001649,0.001422,0.006667,0.884342,0.066037,0.066929,0.073171,-1.0,0.743902,0.182927,-1.0,0.775862,0.879007,0.930274,-0.001009,0.007328,0.506451,-0.510943,14.0,2.0,1.0,1.0,0.0,-0.5,-0.866025,0.587785,-0.809017,71.838757,0.000147,0.000362,70.773338,0.000151,-0.000103,71.490912,0.000155,0.001243,-0.400643,-3.4e-05,,,,,,,,
406,2026-04-01 13:05:09.443048,EURUSD,SELL,1.16015,1.16538,1.15191,0.00174,69.91,ml_direct,EXECUTED,,0.5674,0.55,56044826448.0,1.0,-0.000508,0.000172,0.000535,0.001675,0.002844,0.005294,1.158668,0.001279,1.157274,0.002486,1.151506,0.007507,1.151842,0.007212,1.154714,0.004708,1.158524,1.156126,1.153982,0.00622,0.004715,-0.002778,0.002074,69.418861,69.908861,67.875822,0.002397,0.002285,0.000113,0.1675,0.284391,0.529444,0.001762,0.001519,0.001738,0.001498,0.001665,0.001435,0.006916,0.859421,0.068969,0.061393,0.353293,-1.0,0.179641,0.467066,-1.0,0.82567,0.875342,0.945769,-0.000784,0.005508,0.852791,-0.090886,15.0,2.0,1.0,1.0,0.0,-0.707107,-0.707107,0.587785,-0.809017,73.775247,0.000167,0.000681,71.838757,0.000147,0.000362,70.773338,0.000151,-0.000103,-3.866386,-5.4e-05,,,,,,,,
407,2026-04-01 14:05:05.294085,XAUUSD,SELL,4738.87,4753.71152,4686.92468,29.68304,65.53,ml_direct,NEWS_FILTERED,HIGH impact: ISM Manufacturing PMI (USD) 5min ago,0.601,0.55,,1.0,0.002982,-0.002855,0.001581,0.002163,0.012166,0.028066,4720.343,0.003925,4699.688,0.008337,4612.1024,0.027486,4531.8305,0.045686,4512.22615,0.050229,4715.718903,4677.977779,4628.524323,0.023469,0.03704,0.022135,0.008068,63.278921,65.528206,64.926119,37.741123,38.376063,-0.634939,0.216341,1.216597,2.806595,28.846658,0.006087,29.683043,0.006264,31.165258,0.006577,0.025801,0.823137,0.347438,0.290017,0.537376,1.0,0.135393,0.327231,1.0,0.748099,0.845099,0.913784,-0.005102,0.027838,0.842216,-0.315721,16.0,2.0,0.0,1.0,0.0,-0.866025,-0.5,0.587785,-0.809017,63.16725,-0.131587,-0.00582,72.178579,1.556606,0.004449,69.059396,0.742578,0.001742,2.360956,-0.503352,,,,,,,,
408,2026-04-01 15:05:09.927047,XAUUSD,SELL,4743.63,4789.1373,4690.90648,30.22487,66.32,ml_direct,EXECUTED,,0.5881,0.55,56048372718.0,1.0,0.001148,0.00399,-0.001854,0.004334,0.01437,0.022744,4726.995,0.003519,4704.9285,0.008226,4616.195,0.027606,4534.0552,0.046222,4512.7223,0.051168,4719.924397,4682.794268,4633.01265,0.024002,0.037687,0.022929,0.007929,65.023284,66.321611,65.450319,37.130129,38.118197,-0.988067,0.433396,1.436994,2.274403,29.976727,0.006319,30.224866,0.006372,31.392366,0.006618,0.023888,0.844347,0.340932,0.275965,0.177662,1.0,0.36708,0.455258,2.0,0.779694,0.846712,0.930757,-0.004094,0.022613,0.875091,-0.40462,17.0,2.0,0.0,1.0,0.0,-0.965926,-0.258819,0.587785,-0.809017,65.421236,-0.678335,0.002838,63.16725,-0.131587,-0.00582,72.178579,1.556606,0.004449,0.900375,-0.309732,,,,,,,,
409,2026-04-02 00:05:03.814902,XAUUSD,SELL,4792.94,4807.70546,4741.26089,29.53092,68.21,ml_direct,RISK_REJECTED,Session filter: XAUUSD inactive at 0:00 UTC (active 07-20),0.5525,0.55,,1.0,0.003457,0.005619,0.008386,0.001176,0.008522,0.021346,4766.052,0.005642,4738.3335,0.011524,4649.198,0.030918,4557.93,0.051561,4516.5985,0.061184,4760.063136,4722.638404,4668.603711,0.025134,0.03958,0.029358,0.007925,69.433998,68.207392,67.052388,37.424731,38.618336,-1.193605,0.117603,0.852194,2.13456,28.969058,0.006044,29.530923,0.006161,30.760072,0.006418,0.031384,0.867211,0.304542,0.297407,0.614898,1.0,0.279702,0.1054,3.0,0.910861,0.943699,0.976373,-0.001567,0.026264,0.391883,-0.112051,2.0,3.0,0.0,0.0,1.0,0.5,0.866025,-0.587785,-0.809017,65.570963,-1.84549,0.002155,63.838872,-1.616236,0.002752,61.551271,-0.642397,-0.004445,2.636429,0.651885,,,,,,,,
410,2026-04-02 01:05:03.685480,XAUUSD,SELL,4789.59,4804.14543,4738.646,29.11086,67.77,ml_direct,NEWS_FILTERED,HIGH impact: President Trump Speaks (USD) 5min ago,0.5676,0.55,,1.0,0.001152,0.002755,0.004916,0.003203,0.013717,0.022442,4771.647,0.00376,4743.147,0.009792,4654.0158,0.029131,4561.4425,0.050017,4516.8943,0.060372,4763.452357,4726.9901,4673.014446,0.025275,0.039835,0.030357,0.007714,68.719551,67.769969,66.739753,36.462257,38.074035,-1.611778,0.320256,1.371704,2.244229,28.209192,0.00589,29.110857,0.006078,30.506141,0.006369,0.030365,0.822468,0.238586,0.290082,0.232135,1.0,0.387738,0.380127,4.0,0.871098,0.918585,0.965834,-0.002267,0.025583,0.545979,-0.157687,3.0,3.0,0.0,0.0,1.0,0.707107,0.707107,-0.587785,-0.809017,66.844919,-1.759029,0.001602,65.570963,-1.84549,0.002155,63.838872,-1.616236,0.002752,0.92505,0.147251,,,,,,,,
411,2026-04-02 05:05:03.861182,AUDUSD,BUY,0.68764,0.68332,0.69017,0.00171,34.21,ml_direct,EXECUTED,,0.5592,0.55,56059646517.0,1.0,-0.00093,-0.001525,-0.001191,-0.006688,-0.005755,-0.009264,0.690859,-0.004659,0.692455,-0.006954,0.690244,-0.003773,0.688564,-0.001343,0.692402,-0.006877,0.690599,0.691205,0.690599,0.00089,0.00565,-0.003116,-0.000877,21.128133,34.214578,40.633229,-0.000606,0.000227,-0.000833,-0.668814,-0.575461,-0.92642,0.001694,0.002463,0.001712,0.002489,0.001694,0.002464,0.013654,-0.009268,0.172685,0.137188,0.727273,-1.0,0.068182,0.204545,-2.0,0.027231,0.020316,0.322404,-0.012623,0.000262,0.37038,-0.508435,7.0,3.0,0.0,0.0,1.0,0.965926,-0.258819,-0.587785,-0.809017,36.122501,-0.000789,-0.000595,37.361861,-0.000723,0.000334,36.222006,-0.000609,-0.006594,-1.907923,-4.4e-05,,,,,,,,
412,2026-04-02 07:05:04.516167,XAUUSD,SELL,4592.52,4653.0785,4522.23675,40.259,29.77,ml_direct,EXECUTED,,0.5815,0.55,56062056933.0,1.0,-0.000357,-0.01713,-0.017876,-0.022159,-0.03378,-0.028786,4703.005,-0.023492,4728.1015,-0.028676,4670.291,-0.016652,4575.3666,0.003749,4516.1102,0.016919,4686.177781,4697.518445,4668.042823,0.007005,0.033382,0.03414,-0.002414,14.17555,29.769458,38.225448,-11.340664,13.28145,-24.622114,-2.215863,-3.37802,-2.878629,46.555553,0.010137,40.259,0.008766,36.492113,0.007946,0.050018,-0.073302,0.596482,0.488332,0.036558,-1.0,0.101204,0.862238,-6.0,0.156847,0.156847,0.232617,-0.045276,0.008422,0.872252,-0.26354,9.0,3.0,1.0,0.0,0.0,0.707107,-0.707107,-0.587785,-0.809017,29.946398,-22.14883,-0.016779,40.6793,-16.800073,-0.000759,41.301697,-15.207083,-0.002279,-0.17694,-2.473283,,,,,,,,
413,2026-04-02 10:05:33.236207,XAUUSD,SELL,4632.61,4651.55633,4566.29783,37.89267,40.74,ml_direct,RISK_REJECTED,Position already open on XAUUSD,0.5506,0.55,,1.0,0.002332,0.002556,-0.002188,0.008369,-0.031777,-0.019508,4644.344,-0.002527,4707.7485,-0.015961,4674.8832,-0.009043,4585.0456,0.010374,4516.0806,0.025803,4658.841189,4679.792488,4662.546787,-0.006533,0.026762,0.035164,-0.004477,37.903131,40.735603,44.802271,-20.951299,-5.501324,-15.449975,0.836932,-3.177662,-1.950779,38.684823,0.008351,37.892668,0.00818,35.859703,0.007741,0.060057,0.234243,0.659529,0.514832,0.653333,1.0,0.143636,0.20303,2.0,0.338854,0.319411,0.380573,-0.03623,0.017003,0.084258,-0.895843,13.0,3.0,1.0,1.0,0.0,-0.258819,-0.965926,-0.587785,-0.809017,38.312609,-18.31776,0.000223,38.088031,-20.239713,-0.004732,41.047878,-21.551226,0.009469,2.422993,2.867786,,,,,,,,
414,2026-04-02 11:05:09.295696,XAUUSD,SELL,4626.13,4644.56568,4561.60513,36.87136,39.5,ml_direct,RISK_REJECTED,Position already open on XAUUSD,0.5563,0.55,,1.0,0.001212,0.00093,0.001153,0.005851,-0.015002,-0.02365,4636.09,-0.002148,4701.5415,-0.01604,4675.7852,-0.01062,4587.4016,0.008442,4516.3843,0.024299,4652.236154,4674.988957,4660.66353,-0.00849,0.024881,0.035294,-0.004867,35.654754,39.501596,43.96232,-22.752802,-9.105803,-13.646999,0.585099,-1.500237,-2.365038,36.382501,0.007865,36.871355,0.00797,35.439969,0.007661,0.062292,0.242505,0.508171,0.508293,0.573099,1.0,0.081871,0.345029,1.0,0.481163,0.293135,0.356658,-0.037682,0.015626,0.085025,-0.900681,14.0,3.0,1.0,1.0,0.0,-0.5,-0.866025,-0.587785,-0.809017,38.124639,-16.220892,-0.000281,38.312609,-18.31776,0.000223,38.088031,-20.239713,-0.004732,1.376957,2.573893,,,,,,,,
415,2026-04-02 11:18:00.929509,XAUUSD,SELL,4625.97,4644.50961,4561.08138,37.07921,39.46,ml_direct,RISK_REJECTED,Position already open on XAUUSD,0.5563,0.55,,1.0,0.001177,0.000896,0.001119,0.005816,-0.015036,-0.023684,4636.074,-0.002179,4701.5335,-0.016072,4675.782,-0.010653,4587.4,0.008408,4516.3835,0.024264,4652.211539,4674.977105,4660.657255,-0.008492,0.02488,0.035293,-0.00487,35.568353,39.463105,43.938253,-22.765566,-9.108356,-13.65721,0.58162,-1.503644,-2.368415,36.798216,0.007955,37.079212,0.008015,35.543897,0.007684,0.062299,0.242017,0.508048,0.508241,0.43432,1.0,0.296887,0.268793,1.0,0.480099,0.292486,0.356067,-0.037717,0.015592,0.254967,-0.699603,14.0,3.0,1.0,1.0,0.0,-0.5,-0.866025,-0.587785,-0.809017,38.124639,-16.220892,-0.000281,38.312609,-18.31776,0.000223,38.088031,-20.239713,-0.004732,1.338466,2.563682,,,,,,,,
416,2026-04-02 14:05:08.514865,XAUUSD,SELL,4635.83,4696.53142,4565.38,40.35428,43.9,ml_direct,EXECUTED,,0.6097,0.55,56070504925.0,1.0,0.007408,0.007769,0.003311,0.003253,-0.008614,-0.031492,4620.953,0.003219,4684.7515,-0.010443,4677.584,-0.008926,4591.0217,0.00976,4516.6588,0.026385,4640.270355,4665.410648,4656.526901,-0.012107,0.020416,0.035629,-0.005389,46.726488,43.897947,46.283454,-25.140293,-15.393568,-9.746725,0.325268,-0.8614,-3.149228,42.99003,0.009273,40.354285,0.008705,37.346604,0.008056,0.06328,0.334976,0.557794,0.507932,0.537339,1.0,0.126685,0.335976,2.0,0.642807,0.332468,0.392456,-0.03551,0.017686,1.514143,0.339285,16.0,3.0,0.0,1.0,0.0,-0.866025,-0.5,-0.587785,-0.809017,35.6296,-13.742521,0.000359,35.200376,-15.308811,-0.004424,38.124639,-16.220892,-0.000281,8.268347,3.995796,,,,,,,,
417,2026-04-02 15:05:11.310959,XAUUSD,SELL,4681.61,4702.00921,4610.21277,40.79842,52.57,ml_direct,RISK_REJECTED,Max positions or daily drawdown/loss limit,0.5952,0.55,,1.0,3.4e-05,0.007567,0.017356,0.013219,0.019035,-0.019414,4631.649,0.010787,4675.355,0.001338,4682.5746,-0.000206,4595.9223,0.018644,4518.52025,0.036094,4653.16076,4668.385132,4658.834047,-0.010876,0.017283,0.036307,-0.003261,61.546749,52.565939,52.158457,-15.224373,-15.882555,0.658182,1.321926,1.903504,-1.941436,42.755357,0.009133,40.798417,0.008715,37.83367,0.008081,0.056599,0.523638,0.408354,0.544346,0.011348,1.0,0.17234,0.816312,4.0,0.875677,0.518106,0.561411,-0.025384,0.027292,0.158069,-0.91183,18.0,3.0,0.0,1.0,0.0,-1.0,-0.0,-0.587785,-0.809017,52.537881,-3.291873,0.007533,46.056531,-9.068981,0.009716,35.6296,-13.742521,0.000359,0.028058,3.950054,,,,,,,,
418,2026-04-02 16:05:05.078463,XAUUSD,SELL,4672.68,4693.50278,4599.80027,41.64556,50.89,ml_direct,RISK_REJECTED,Max positions or daily drawdown/loss limit,0.5853,0.55,,1.0,-0.001873,0.005645,0.015416,0.011287,0.017091,-0.021285,4630.756,0.009053,4674.9085,-0.000477,4682.396,-0.002075,4595.833,0.016721,4518.4756,0.034128,4651.786913,4667.723651,4658.483851,-0.011029,0.017206,0.036278,-0.003414,57.783653,50.887979,51.004176,-15.936738,-16.025027,0.08829,1.128658,1.709126,-2.12848,44.449643,0.009513,41.64556,0.008913,38.257241,0.008187,0.056592,0.491577,0.416817,0.544252,0.337827,-1.0,0.099769,0.562404,-1.0,0.814475,0.481894,0.528454,-0.027344,0.025433,0.903444,-0.476394,18.0,3.0,0.0,1.0,0.0,-1.0,-0.0,-0.587785,-0.809017,52.537881,-3.291873,0.007533,46.056531,-9.068981,0.009716,35.6296,-13.742521,0.000359,-1.649902,3.380163,,,,,,,,
419,2026-04-02 17:05:04.155505,XAUUSD,SELL,4659.03,4679.45472,4587.54346,40.84945,48.49,ml_direct,RISK_REJECTED,Max positions or daily drawdown/loss limit,0.552,0.55,,1.0,-0.000431,-0.004789,0.002707,0.012813,0.013004,-0.019787,4635.573,0.00506,4669.624,-0.002269,4684.4046,-0.005417,4597.7623,0.013326,4519.2475,0.03093,4651.385968,4666.281323,4658.066698,-0.010424,0.01563,0.036545,-0.003192,52.703036,48.490963,49.320997,-14.895355,-15.94766,1.052306,1.281279,1.300438,-1.978717,42.401123,0.009101,40.849449,0.008768,37.987161,0.008153,0.054492,0.458366,0.437729,0.543966,0.078647,-1.0,0.292175,0.629178,-2.0,0.657815,0.426544,0.454903,-0.030354,0.022578,0.713675,-0.493655,19.0,3.0,0.0,1.0,0.0,-0.965926,0.258819,-0.587785,-0.809017,48.851785,-0.654548,-0.00436,52.537881,-3.291873,0.007533,46.056531,-9.068981,0.009716,-0.360822,1.706853,,,,,,,,
420,2026-04-02 18:05:03.793849,XAUUSD,SELL,4652.12,4671.94536,4582.73125,39.65071,47.2,ml_direct,RISK_REJECTED,Max positions or daily drawdown/loss limit,0.5653,0.55,,1.0,-0.001528,-0.001914,-0.006265,0.010948,0.002014,-0.023927,4636.529,0.003363,4663.9325,-0.002533,4685.806,-0.007189,4599.6917,0.011398,4520.01715,0.029226,4651.526233,4665.246739,4657.841407,-0.010516,0.013966,0.036679,-0.002941,49.748547,47.197542,48.434162,-13.720506,-15.499549,1.779043,1.094803,0.201388,-2.392702,39.761575,0.008547,39.650713,0.008523,37.492569,0.008059,0.051014,0.450352,0.379576,0.539727,0.319676,-1.0,0.413327,0.266997,-3.0,0.599748,0.398524,0.398524,-0.031884,0.021126,0.600845,-0.494841,20.0,3.0,0.0,1.0,0.0,-0.866025,0.5,-0.587785,-0.809017,48.528411,1.065707,-0.000386,48.851785,-0.654548,-0.00436,52.537881,-3.291873,0.007533,-1.33087,0.713336,,,,,,,,
421,2026-04-02 19:05:04.200751,XAUUSD,SELL,4658.87,4677.7164,4592.90759,37.6928,48.72,ml_direct,RISK_REJECTED,Max positions or daily drawdown/loss limit,0.5905,0.55,,1.0,0.00222,-7.9e-05,-0.000466,0.002673,0.008239,-0.024613,4639.979,0.004071,4657.876,0.000213,4687.4172,-0.00609,4601.7683,0.012409,4520.97085,0.030502,4652.19131,4664.529532,4657.747234,-0.01012,0.012193,0.036817,-0.002645,52.814555,48.722642,49.400595,-12.338222,-14.91285,2.574627,0.267301,0.823883,-2.461252,35.825635,0.00769,37.692805,0.008091,36.591227,0.007854,0.045763,0.504663,0.360523,0.540177,0.870886,1.0,0.03038,0.098734,1.0,0.656471,0.425895,0.425895,-0.030389,0.022544,0.477393,-0.522745,21.0,3.0,0.0,0.0,0.0,-0.707107,0.707107,-0.587785,-0.809017,46.557341,1.551214,-0.002294,48.528411,1.065707,-0.000386,48.851785,-0.654548,-0.00436,2.165301,1.023413,,,,,,,,
422,2026-04-02 19:18:33.260686,XAUUSD,SELL,4670.66,4726.0375,4606.42125,36.805,51.02,ml_direct,EXECUTED,,0.6028,0.55,56077439340.0,1.0,0.000461,0.004756,0.002451,-0.002305,0.010565,-0.023708,4645.826,0.005345,4652.687,0.003863,4688.881,-0.003886,4604.3288,0.014406,4522.60105,0.032738,4656.287558,4665.644821,4658.616831,-0.009182,0.010503,0.036766,-0.002006,57.169018,51.021537,50.93576,-9.357263,-13.678692,4.321429,-0.230484,1.056508,-2.37078,34.185851,0.007319,36.805002,0.00788,36.203033,0.007751,0.038329,0.600784,0.369086,0.544108,0.161049,1.0,0.838202,0.000749,2.0,0.755546,0.476972,0.473703,-0.027427,0.025011,0.241022,-0.697494,22.0,3.0,0.0,0.0,0.0,-0.5,0.866025,-0.587785,-0.809017,50.592549,3.18983,0.004294,46.557341,1.551214,-0.002294,48.528411,1.065707,-0.000386,0.428988,1.1316,,,,,,,,
423,2026-04-02 19:38:06.240185,XAUUSD,SELL,4662.06,4680.71214,4596.7775,37.30429,49.3,ml_direct,RISK_REJECTED,Position already open on XAUUSD,0.5981,0.55,,1.0,-0.001382,0.002906,0.000605,-0.004142,0.008704,-0.025505,4644.966,0.00368,4652.257,0.002107,4688.709,-0.005684,4604.2428,0.012557,4522.55805,0.030846,4654.964481,4665.007784,4658.279576,-0.009329,0.010428,0.036738,-0.002153,53.234862,49.297208,49.786853,-10.043302,-13.8159,3.772597,-0.414188,0.870434,-2.550543,35.184422,0.007547,37.304288,0.008002,36.452676,0.007819,0.038211,0.555145,0.373852,0.543287,0.317109,-1.0,0.655851,0.02704,-1.0,0.683277,0.441859,0.438831,-0.029322,0.023213,0.539572,-0.312394,22.0,3.0,0.0,0.0,0.0,-0.5,0.866025,-0.587785,-0.809017,50.592549,3.18983,0.004294,46.557341,1.551214,-0.002294,48.528411,1.065707,-0.000386,-1.295341,0.582768,,,,,,,,
424,2026-04-02 20:05:04.899603,XAUUSD,SELL,4671.97,4690.62464,4606.67875,37.30929,51.28,ml_direct,RISK_REJECTED,Position already open on XAUUSD,0.5827,0.55,,1.0,0.000741,0.005038,0.002732,-0.002025,0.010849,-0.023434,4645.957,0.005599,4652.7525,0.00413,4688.9072,-0.003612,4604.3419,0.014688,4522.6076,0.033026,4656.489097,4665.741858,4658.668204,-0.00916,0.010514,0.036771,-0.001983,57.660574,51.279288,51.107257,-9.252761,-13.657791,4.40503,-0.202501,1.084852,-2.343397,35.194422,0.007533,37.309288,0.007986,36.455176,0.007803,0.038353,0.607693,0.368844,0.544398,0.169525,1.0,0.484076,0.346399,2.0,0.766555,0.482321,0.479015,-0.027138,0.025285,0.832015,0.076459,22.0,3.0,0.0,0.0,0.0,-0.5,0.866025,-0.587785,-0.809017,50.592549,3.18983,0.004294,46.557341,1.551214,-0.002294,48.528411,1.065707,-0.000386,0.686739,1.215201,,,,,,,,
425,2026-04-02 21:05:04.554158,XAUUSD,SELL,4671.97,4690.62464,4606.67875,37.30929,51.28,ml_direct,RISK_REJECTED,Position already open on XAUUSD,0.5827,0.55,,1.0,0.000741,0.005038,0.002732,-0.002025,0.010849,-0.023434,4645.957,0.005599,4652.7525,0.00413,4688.9072,-0.003612,4604.3419,0.014688,4522.6076,0.033026,4656.489097,4665.741858,4658.668204,-0.00916,0.010514,0.036771,-0.001983,57.660574,51.279288,51.107257,-9.252761,-13.657791,4.40503,-0.202501,1.084852,-2.343397,35.194422,0.007533,37.309288,0.007986,36.455176,0.007803,0.038353,0.607693,0.368844,0.544398,0.169525,1.0,0.484076,0.346399,2.0,0.766555,0.482321,0.479015,-0.027138,0.025285,0.832015,0.076459,22.0,3.0,0.0,0.0,0.0,-0.5,0.866025,-0.587785,-0.809017,50.592549,3.18983,0.004294,46.557341,1.551214,-0.002294,48.528411,1.065707,-0.000386,0.686739,1.215201,,,,,,,,
426,2026-04-02 22:05:04.714379,XAUUSD,SELL,4671.97,4690.62464,4606.67875,37.30929,51.28,ml_direct,RISK_REJECTED,Position already open on XAUUSD,0.5827,0.55,,1.0,0.000741,0.005038,0.002732,-0.002025,0.010849,-0.023434,4645.957,0.005599,4652.7525,0.00413,4688.9072,-0.003612,4604.3419,0.014688,4522.6076,0.033026,4656.489097,4665.741858,4658.668204,-0.00916,0.010514,0.036771,-0.001983,57.660574,51.279288,51.107257,-9.252761,-13.657791,4.40503,-0.202501,1.084852,-2.343397,35.194422,0.007533,37.309288,0.007986,36.455176,0.007803,0.038353,0.607693,0.368844,0.544398,0.169525,1.0,0.484076,0.346399,2.0,0.766555,0.482321,0.479015,-0.027138,0.025285,0.832015,0.076459,22.0,3.0,0.0,0.0,0.0,-0.5,0.866025,-0.587785,-0.809017,50.592549,3.18983,0.004294,46.557341,1.551214,-0.002294,48.528411,1.065707,-0.000386,0.686739,1.215201,,,,,,,,
427,2026-04-02 23:05:04.464801,XAUUSD,SELL,4671.97,4690.62464,4606.67875,37.30929,51.28,ml_direct,RISK_REJECTED,Position already open on XAUUSD,0.5827,0.55,,1.0,0.000741,0.005038,0.002732,-0.002025,0.010849,-0.023434,4645.957,0.005599,4652.7525,0.00413,4688.9072,-0.003612,4604.3419,0.014688,4522.6076,0.033026,4656.489097,4665.741858,4658.668204,-0.00916,0.010514,0.036771,-0.001983,57.660574,51.279288,51.107257,-9.252761,-13.657791,4.40503,-0.202501,1.084852,-2.343397,35.194422,0.007533,37.309288,0.007986,36.455176,0.007803,0.038353,0.607693,0.368844,0.544398,0.169525,1.0,0.484076,0.346399,2.0,0.766555,0.482321,0.479015,-0.027138,0.025285,0.832015,0.076459,22.0,3.0,0.0,0.0,0.0,-0.5,0.866025,-0.587785,-0.809017,50.592549,3.18983,0.004294,46.557341,1.551214,-0.002294,48.528411,1.065707,-0.000386,0.686739,1.215201,,,,,,,,
428,2026-04-03 00:05:05.996329,XAUUSD,SELL,4671.97,4690.62464,4606.67875,37.30929,51.28,ml_direct,RISK_REJECTED,Position already open on XAUUSD,0.5827,0.55,,1.0,0.000741,0.005038,0.002732,-0.002025,0.010849,-0.023434,4645.957,0.005599,4652.7525,0.00413,4688.9072,-0.003612,4604.3419,0.014688,4522.6076,0.033026,4656.489097,4665.741858,4658.668204,-0.00916,0.010514,0.036771,-0.001983,57.660574,51.279288,51.107257,-9.252761,-13.657791,4.40503,-0.202501,1.084852,-2.343397,35.194422,0.007533,37.309288,0.007986,36.455176,0.007803,0.038353,0.607693,0.368844,0.544398,0.169525,1.0,0.484076,0.346399,2.0,0.766555,0.482321,0.479015,-0.027138,0.025285,0.832015,0.076459,22.0,3.0,0.0,0.0,0.0,-0.5,0.866025,-0.587785,-0.809017,50.592549,3.18983,0.004294,46.557341,1.551214,-0.002294,48.528411,1.065707,-0.000386,0.686739,1.215201,,,,,,,,
429,2026-04-03 01:05:05.814759,XAUUSD,SELL,4671.97,4690.62464,4606.67875,37.30929,51.28,ml_direct,RISK_REJECTED,Position already open on XAUUSD,0.5827,0.55,,1.0,0.000741,0.005038,0.002732,-0.002025,0.010849,-0.023434,4645.957,0.005599,4652.7525,0.00413,4688.9072,-0.003612,4604.3419,0.014688,4522.6076,0.033026,4656.489097,4665.741858,4658.668204,-0.00916,0.010514,0.036771,-0.001983,57.660574,51.279288,51.107257,-9.252761,-13.657791,4.40503,-0.202501,1.084852,-2.343397,35.194422,0.007533,37.309288,0.007986,36.455176,0.007803,0.038353,0.607693,0.368844,0.544398,0.169525,1.0,0.484076,0.346399,2.0,0.766555,0.482321,0.479015,-0.027138,0.025285,0.832015,0.076459,22.0,3.0,0.0,0.0,0.0,-0.5,0.866025,-0.587785,-0.809017,50.592549,3.18983,0.004294,46.557341,1.551214,-0.002294,48.528411,1.065707,-0.000386,0.686739,1.215201,,,,,,,,
430,2026-04-03 02:05:05.947666,XAUUSD,SELL,4671.97,4690.62464,4606.67875,37.30929,51.28,ml_direct,RISK_REJECTED,Position already open on XAUUSD,0.5827,0.55,,1.0,0.000741,0.005038,0.002732,-0.002025,0.010849,-0.023434,4645.957,0.005599,4652.7525,0.00413,4688.9072,-0.003612,4604.3419,0.014688,4522.6076,0.033026,4656.489097,4665.741858,4658.668204,-0.00916,0.010514,0.036771,-0.001983,57.660574,51.279288,51.107257,-9.252761,-13.657791,4.40503,-0.202501,1.084852,-2.343397,35.194422,0.007533,37.309288,0.007986,36.455176,0.007803,0.038353,0.607693,0.368844,0.544398,0.169525,1.0,0.484076,0.346399,2.0,0.766555,0.482321,0.479015,-0.027138,0.025285,0.832015,0.076459,22.0,3.0,0.0,0.0,0.0,-0.5,0.866025,-0.587785,-0.809017,50.592549,3.18983,0.004294,46.557341,1.551214,-0.002294,48.528411,1.065707,-0.000386,0.686739,1.215201,,,,,,,,
431,2026-04-03 03:05:05.810998,XAUUSD,SELL,4671.97,4690.62464,4606.67875,37.30929,51.28,ml_direct,RISK_REJECTED,Position already open on XAUUSD,0.5827,0.55,,1.0,0.000741,0.005038,0.002732,-0.002025,0.010849,-0.023434,4645.957,0.005599,4652.7525,0.00413,4688.9072,-0.003612,4604.3419,0.014688,4522.6076,0.033026,4656.489097,4665.741858,4658.668204,-0.00916,0.010514,0.036771,-0.001983,57.660574,51.279288,51.107257,-9.252761,-13.657791,4.40503,-0.202501,1.084852,-2.343397,35.194422,0.007533,37.309288,0.007986,36.455176,0.007803,0.038353,0.607693,0.368844,0.544398,0.169525,1.0,0.484076,0.346399,2.0,0.766555,0.482321,0.479015,-0.027138,0.025285,0.832015,0.076459,22.0,3.0,0.0,0.0,0.0,-0.5,0.866025,-0.587785,-0.809017,50.592549,3.18983,0.004294,46.557341,1.551214,-0.002294,48.528411,1.065707,-0.000386,0.686739,1.215201,,,,,,,,
432,2026-04-03 04:05:05.816378,XAUUSD,SELL,4671.97,4690.62464,4606.67875,37.30929,51.28,ml_direct,RISK_REJECTED,Position already open on XAUUSD,0.5827,0.55,,1.0,0.000741,0.005038,0.002732,-0.002025,0.010849,-0.023434,4645.957,0.005599,4652.7525,0.00413,4688.9072,-0.003612,4604.3419,0.014688,4522.6076,0.033026,4656.489097,4665.741858,4658.668204,-0.00916,0.010514,0.036771,-0.001983,57.660574,51.279288,51.107257,-9.252761,-13.657791,4.40503,-0.202501,1.084852,-2.343397,35.194422,0.007533,37.309288,0.007986,36.455176,0.007803,0.038353,0.607693,0.368844,0.544398,0.169525,1.0,0.484076,0.346399,2.0,0.766555,0.482321,0.479015,-0.027138,0.025285,0.832015,0.076459,22.0,3.0,0.0,0.0,0.0,-0.5,0.866025,-0.587785,-0.809017,50.592549,3.18983,0.004294,46.557341,1.551214,-0.002294,48.528411,1.065707,-0.000386,0.686739,1.215201,,,,,,,,
433,2026-04-03 05:05:05.763131,XAUUSD,SELL,4671.97,4690.62464,4606.67875,37.30929,51.28,ml_direct,RISK_REJECTED,Position already open on XAUUSD,0.5827,0.55,,1.0,0.000741,0.005038,0.002732,-0.002025,0.010849,-0.023434,4645.957,0.005599,4652.7525,0.00413,4688.9072,-0.003612,4604.3419,0.014688,4522.6076,0.033026,4656.489097,4665.741858,4658.668204,-0.00916,0.010514,0.036771,-0.001983,57.660574,51.279288,51.107257,-9.252761,-13.657791,4.40503,-0.202501,1.084852,-2.343397,35.194422,0.007533,37.309288,0.007986,36.455176,0.007803,0.038353,0.607693,0.368844,0.544398,0.169525,1.0,0.484076,0.346399,2.0,0.766555,0.482321,0.479015,-0.027138,0.025285,0.832015,0.076459,22.0,3.0,0.0,0.0,0.0,-0.5,0.866025,-0.587785,-0.809017,50.592549,3.18983,0.004294,46.557341,1.551214,-0.002294,48.528411,1.065707,-0.000386,0.686739,1.215201,,,,,,,,
434,2026-04-03 06:05:06.318336,XAUUSD,SELL,4671.97,4690.62464,4606.67875,37.30929,51.28,ml_direct,RISK_REJECTED,Position already open on XAUUSD,0.5827,0.55,,1.0,0.000741,0.005038,0.002732,-0.002025,0.010849,-0.023434,4645.957,0.005599,4652.7525,0.00413,4688.9072,-0.003612,4604.3419,0.014688,4522.6076,0.033026,4656.489097,4665.741858,4658.668204,-0.00916,0.010514,0.036771,-0.001983,57.660574,51.279288,51.107257,-9.252761,-13.657791,4.40503,-0.202501,1.084852,-2.343397,35.194422,0.007533,37.309288,0.007986,36.455176,0.007803,0.038353,0.607693,0.368844,0.544398,0.169525,1.0,0.484076,0.346399,2.0,0.766555,0.482321,0.479015,-0.027138,0.025285,0.832015,0.076459,22.0,3.0,0.0,0.0,0.0,-0.5,0.866025,-0.587785,-0.809017,50.592549,3.18983,0.004294,46.557341,1.551214,-0.002294,48.528411,1.065707,-0.000386,0.686739,1.215201,,,,,,,,
435,2026-04-03 07:05:05.839373,XAUUSD,SELL,4671.97,4690.62464,4606.67875,37.30929,51.28,ml_direct,RISK_REJECTED,Position already open on XAUUSD,0.5827,0.55,,1.0,0.000741,0.005038,0.002732,-0.002025,0.010849,-0.023434,4645.957,0.005599,4652.7525,0.00413,4688.9072,-0.003612,4604.3419,0.014688,4522.6076,0.033026,4656.489097,4665.741858,4658.668204,-0.00916,0.010514,0.036771,-0.001983,57.660574,51.279288,51.107257,-9.252761,-13.657791,4.40503,-0.202501,1.084852,-2.343397,35.194422,0.007533,37.309288,0.007986,36.455176,0.007803,0.038353,0.607693,0.368844,0.544398,0.169525,1.0,0.484076,0.346399,2.0,0.766555,0.482321,0.479015,-0.027138,0.025285,0.832015,0.076459,22.0,3.0,0.0,0.0,0.0,-0.5,0.866025,-0.587785,-0.809017,50.592549,3.18983,0.004294,46.557341,1.551214,-0.002294,48.528411,1.065707,-0.000386,0.686739,1.215201,,,,,,,,
436,2026-04-03 08:05:06.366873,XAUUSD,SELL,4671.97,4690.62464,4606.67875,37.30929,51.28,ml_direct,RISK_REJECTED,Position already open on XAUUSD,0.5827,0.55,,1.0,0.000741,0.005038,0.002732,-0.002025,0.010849,-0.023434,4645.957,0.005599,4652.7525,0.00413,4688.9072,-0.003612,4604.3419,0.014688,4522.6076,0.033026,4656.489097,4665.741858,4658.668204,-0.00916,0.010514,0.036771,-0.001983,57.660574,51.279288,51.107257,-9.252761,-13.657791,4.40503,-0.202501,1.084852,-2.343397,35.194422,0.007533,37.309288,0.007986,36.455176,0.007803,0.038353,0.607693,0.368844,0.544398,0.169525,1.0,0.484076,0.346399,2.0,0.766555,0.482321,0.479015,-0.027138,0.025285,0.832015,0.076459,22.0,3.0,0.0,0.0,0.0,-0.5,0.866025,-0.587785,-0.809017,50.592549,3.18983,0.004294,46.557341,1.551214,-0.002294,48.528411,1.065707,-0.000386,0.686739,1.215201,,,,,,,,
437,2026-04-03 09:05:06.113614,XAUUSD,SELL,4671.97,4690.62464,4606.67875,37.30929,51.28,ml_direct,RISK_REJECTED,Position already open on XAUUSD,0.5827,0.55,,1.0,0.000741,0.005038,0.002732,-0.002025,0.010849,-0.023434,4645.957,0.005599,4652.7525,0.00413,4688.9072,-0.003612,4604.3419,0.014688,4522.6076,0.033026,4656.489097,4665.741858,4658.668204,-0.00916,0.010514,0.036771,-0.001983,57.660574,51.279288,51.107257,-9.252761,-13.657791,4.40503,-0.202501,1.084852,-2.343397,35.194422,0.007533,37.309288,0.007986,36.455176,0.007803,0.038353,0.607693,0.368844,0.544398,0.169525,1.0,0.484076,0.346399,2.0,0.766555,0.482321,0.479015,-0.027138,0.025285,0.832015,0.076459,22.0,3.0,0.0,0.0,0.0,-0.5,0.866025,-0.587785,-0.809017,50.592549,3.18983,0.004294,46.557341,1.551214,-0.002294,48.528411,1.065707,-0.000386,0.686739,1.215201,,,,,,,,
438,2026-04-03 10:05:06.056632,XAUUSD,SELL,4671.97,4690.62464,4606.67875,37.30929,51.28,ml_direct,RISK_REJECTED,Position already open on XAUUSD,0.5827,0.55,,1.0,0.000741,0.005038,0.002732,-0.002025,0.010849,-0.023434,4645.957,0.005599,4652.7525,0.00413,4688.9072,-0.003612,4604.3419,0.014688,4522.6076,0.033026,4656.489097,4665.741858,4658.668204,-0.00916,0.010514,0.036771,-0.001983,57.660574,51.279288,51.107257,-9.252761,-13.657791,4.40503,-0.202501,1.084852,-2.343397,35.194422,0.007533,37.309288,0.007986,36.455176,0.007803,0.038353,0.607693,0.368844,0.544398,0.169525,1.0,0.484076,0.346399,2.0,0.766555,0.482321,0.479015,-0.027138,0.025285,0.832015,0.076459,22.0,3.0,0.0,0.0,0.0,-0.5,0.866025,-0.587785,-0.809017,50.592549,3.18983,0.004294,46.557341,1.551214,-0.002294,48.528411,1.065707,-0.000386,0.686739,1.215201,,,,,,,,
439,2026-04-03 11:05:07.139374,XAUUSD,SELL,4671.97,4690.62464,4606.67875,37.30929,51.28,ml_direct,RISK_REJECTED,Position already open on XAUUSD,0.5827,0.55,,1.0,0.000741,0.005038,0.002732,-0.002025,0.010849,-0.023434,4645.957,0.005599,4652.7525,0.00413,4688.9072,-0.003612,4604.3419,0.014688,4522.6076,0.033026,4656.489097,4665.741858,4658.668204,-0.00916,0.010514,0.036771,-0.001983,57.660574,51.279288,51.107257,-9.252761,-13.657791,4.40503,-0.202501,1.084852,-2.343397,35.194422,0.007533,37.309288,0.007986,36.455176,0.007803,0.038353,0.607693,0.368844,0.544398,0.169525,1.0,0.484076,0.346399,2.0,0.766555,0.482321,0.479015,-0.027138,0.025285,0.832015,0.076459,22.0,3.0,0.0,0.0,0.0,-0.5,0.866025,-0.587785,-0.809017,50.592549,3.18983,0.004294,46.557341,1.551214,-0.002294,48.528411,1.065707,-0.000386,0.686739,1.215201,,,,,,,,
440,2026-04-03 12:31:39.899357,AUDUSD,BUY,0.69001,0.68771,0.69136,0.00091,44.96,ml_filtered_sma,EXECUTED,,,0.5,56079982446.0,1.0,-0.001071,-0.000941,-0.000912,-0.00123,-0.001042,-0.001288,0.690685,-0.000977,0.690735,-0.001049,0.690733,-0.001046,0.689265,0.001081,0.690933,-0.001336,0.690607,0.690503,0.69033,-6.9e-05,0.002132,-0.00029,0.00015,31.150066,44.960533,47.894687,0.000104,0.000168,-6.4e-05,-0.123035,-0.104238,-0.128817,0.000747,0.001083,0.00091,0.001319,0.00116,0.001682,0.00165,-0.135522,0.030455,0.039969,0.459627,-1.0,0.21118,0.329193,-1.0,0.262376,0.558405,0.390338,-0.002246,0.002841,1.323368,0.748306,15.0,4.0,1.0,1.0,0.0,-0.707107,-0.707107,-0.951057,0.309017,52.423221,-1.1e-05,0.00013,51.514348,-4e-06,2.9e-05,51.322464,1.5e-05,-0.000333,-7.462688,-5.3e-05,-5.039467,-18.849934,0.759024,0.0,-1.70263,2.153004,-0.070584,0.812869
441,2026-04-03 13:05:05.568170,XAUUSD,SELL,4671.97,4728.10394,4606.84875,37.30929,51.28,ml_direct,RISK_REJECTED,No prices,0.5827,0.55,,1.0,0.000741,0.005038,0.002732,-0.002025,0.010849,-0.023434,4645.957,0.005599,4652.7525,0.00413,4688.9072,-0.003612,4604.3419,0.014688,4522.6076,0.033026,4656.489097,4665.741858,4658.668204,-0.00916,0.010514,0.036771,-0.001983,57.660574,51.279288,51.107257,-9.252761,-13.657791,4.40503,-0.202501,1.084852,-2.343397,35.194422,0.007533,37.309288,0.007986,36.455176,0.007803,0.038353,0.607693,0.368844,0.544398,0.169525,1.0,0.484076,0.346399,2.0,0.766555,0.482321,0.479015,-0.027138,0.025285,0.832015,0.076459,22.0,3.0,0.0,0.0,0.0,-0.5,0.866025,-0.587785,-0.809017,50.592549,3.18983,0.004294,46.557341,1.551214,-0.002294,48.528411,1.065707,-0.000386,0.686739,1.215201,1.279288,7.660574,0.959106,0.107212,-3.39835,3.166236,0.118068,0.092738
442,2026-04-03 14:05:06.799399,XAUUSD,SELL,4671.97,4728.10394,4606.84875,37.30929,51.28,ml_direct,RISK_REJECTED,No prices,0.5827,0.55,,1.0,0.000741,0.005038,0.002732,-0.002025,0.010849,-0.023434,4645.957,0.005599,4652.7525,0.00413,4688.9072,-0.003612,4604.3419,0.014688,4522.6076,0.033026,4656.489097,4665.741858,4658.668204,-0.00916,0.010514,0.036771,-0.001983,57.660574,51.279288,51.107257,-9.252761,-13.657791,4.40503,-0.202501,1.084852,-2.343397,35.194422,0.007533,37.309288,0.007986,36.455176,0.007803,0.038353,0.607693,0.368844,0.544398,0.169525,1.0,0.484076,0.346399,2.0,0.766555,0.482321,0.479015,-0.027138,0.025285,0.832015,0.076459,22.0,3.0,0.0,0.0,0.0,-0.5,0.866025,-0.587785,-0.809017,50.592549,3.18983,0.004294,46.557341,1.551214,-0.002294,48.528411,1.065707,-0.000386,0.686739,1.215201,1.279288,7.660574,0.959106,0.107212,-3.39835,3.166236,0.118068,0.092738
443,2026-04-03 16:05:12.660655,XAUUSD,SELL,4671.97,4728.10394,4606.84875,37.30929,51.28,ml_direct,RISK_REJECTED,No prices,0.5827,0.55,,1.0,0.000741,0.005038,0.002732,-0.002025,0.010849,-0.023434,4645.957,0.005599,4652.7525,0.00413,4688.9072,-0.003612,4604.3419,0.014688,4522.6076,0.033026,4656.489097,4665.741858,4658.668204,-0.00916,0.010514,0.036771,-0.001983,57.660574,51.279288,51.107257,-9.252761,-13.657791,4.40503,-0.202501,1.084852,-2.343397,35.194422,0.007533,37.309288,0.007986,36.455176,0.007803,0.038353,0.607693,0.368844,0.544398,0.169525,1.0,0.484076,0.346399,2.0,0.766555,0.482321,0.479015,-0.027138,0.025285,0.832015,0.076459,22.0,3.0,0.0,0.0,0.0,-0.5,0.866025,-0.587785,-0.809017,50.592549,3.18983,0.004294,46.557341,1.551214,-0.002294,48.528411,1.065707,-0.000386,0.686739,1.215201,1.279288,7.660574,0.959106,0.107212,-3.39835,3.166236,0.118068,0.092738
444,2026-04-03 17:05:41.869938,XAUUSD,SELL,4671.97,4728.10394,4606.84875,37.30929,51.28,ml_direct,RISK_REJECTED,Request rejected due to absence of network connection,0.5827,0.55,,1.0,0.000741,0.005038,0.002732,-0.002025,0.010849,-0.023434,4645.957,0.005599,4652.7525,0.00413,4688.9072,-0.003612,4604.3419,0.014688,4522.6076,0.033026,4656.489097,4665.741858,4658.668204,-0.00916,0.010514,0.036771,-0.001983,57.660574,51.279288,51.107257,-9.252761,-13.657791,4.40503,-0.202501,1.084852,-2.343397,35.194422,0.007533,37.309288,0.007986,36.455176,0.007803,0.038353,0.607693,0.368844,0.544398,0.169525,1.0,0.484076,0.346399,2.0,0.766555,0.482321,0.479015,-0.027138,0.025285,0.832015,0.076459,22.0,3.0,0.0,0.0,0.0,-0.5,0.866025,-0.587785,-0.809017,50.592549,3.18983,0.004294,46.557341,1.551214,-0.002294,48.528411,1.065707,-0.000386,0.686739,1.215201,1.279288,7.660574,0.959106,0.107212,-3.39835,3.166236,0.118068,0.092738
445,2026-04-03 18:05:26.704097,XAUUSD,SELL,4671.97,4728.10394,4606.84875,37.30929,51.28,ml_direct,RISK_REJECTED,Request rejected due to absence of network connection,0.5827,0.55,,1.0,0.000741,0.005038,0.002732,-0.002025,0.010849,-0.023434,4645.957,0.005599,4652.7525,0.00413,4688.9072,-0.003612,4604.3419,0.014688,4522.6076,0.033026,4656.489097,4665.741858,4658.668204,-0.00916,0.010514,0.036771,-0.001983,57.660574,51.279288,51.107257,-9.252761,-13.657791,4.40503,-0.202501,1.084852,-2.343397,35.194422,0.007533,37.309288,0.007986,36.455176,0.007803,0.038353,0.607693,0.368844,0.544398,0.169525,1.0,0.484076,0.346399,2.0,0.766555,0.482321,0.479015,-0.027138,0.025285,0.832015,0.076459,22.0,3.0,0.0,0.0,0.0,-0.5,0.866025,-0.587785,-0.809017,50.592549,3.18983,0.004294,46.557341,1.551214,-0.002294,48.528411,1.065707,-0.000386,0.686739,1.215201,1.279288,7.660574,0.959106,0.107212,-3.39835,3.166236,0.118068,0.092738
446,2026-04-03 19:05:07.256910,XAUUSD,SELL,4671.97,4728.10394,4606.84875,37.30929,51.28,ml_direct,RISK_REJECTED,No prices,0.5827,0.55,,1.0,0.000741,0.005038,0.002732,-0.002025,0.010849,-0.023434,4645.957,0.005599,4652.7525,0.00413,4688.9072,-0.003612,4604.3419,0.014688,4522.6076,0.033026,4656.489097,4665.741858,4658.668204,-0.00916,0.010514,0.036771,-0.001983,57.660574,51.279288,51.107257,-9.252761,-13.657791,4.40503,-0.202501,1.084852,-2.343397,35.194422,0.007533,37.309288,0.007986,36.455176,0.007803,0.038353,0.607693,0.368844,0.544398,0.169525,1.0,0.484076,0.346399,2.0,0.766555,0.482321,0.479015,-0.027138,0.025285,0.832015,0.076459,22.0,3.0,0.0,0.0,0.0,-0.5,0.866025,-0.587785,-0.809017,50.592549,3.18983,0.004294,46.557341,1.551214,-0.002294,48.528411,1.065707,-0.000386,0.686739,1.215201,1.279288,7.660574,0.959106,0.107212,-3.39835,3.166236,0.118068,0.092738
447,2026-04-03 20:05:06.272065,XAUUSD,SELL,4671.97,4690.62464,4606.67875,37.30929,51.28,ml_direct,RISK_REJECTED,Session filter: XAUUSD inactive at 20:00 UTC (active 07-20),0.5827,0.55,,1.0,0.000741,0.005038,0.002732,-0.002025,0.010849,-0.023434,4645.957,0.005599,4652.7525,0.00413,4688.9072,-0.003612,4604.3419,0.014688,4522.6076,0.033026,4656.489097,4665.741858,4658.668204,-0.00916,0.010514,0.036771,-0.001983,57.660574,51.279288,51.107257,-9.252761,-13.657791,4.40503,-0.202501,1.084852,-2.343397,35.194422,0.007533,37.309288,0.007986,36.455176,0.007803,0.038353,0.607693,0.368844,0.544398,0.169525,1.0,0.484076,0.346399,2.0,0.766555,0.482321,0.479015,-0.027138,0.025285,0.832015,0.076459,22.0,3.0,0.0,0.0,0.0,-0.5,0.866025,-0.587785,-0.809017,50.592549,3.18983,0.004294,46.557341,1.551214,-0.002294,48.528411,1.065707,-0.000386,0.686739,1.215201,1.279288,7.660574,0.959106,0.107212,-3.39835,3.166236,0.118068,0.092738
448,2026-04-03 21:05:06.210536,XAUUSD,SELL,4671.97,4690.62464,4606.67875,37.30929,51.28,ml_direct,RISK_REJECTED,Session filter: XAUUSD inactive at 21:00 UTC (active 07-20),0.5827,0.55,,1.0,0.000741,0.005038,0.002732,-0.002025,0.010849,-0.023434,4645.957,0.005599,4652.7525,0.00413,4688.9072,-0.003612,4604.3419,0.014688,4522.6076,0.033026,4656.489097,4665.741858,4658.668204,-0.00916,0.010514,0.036771,-0.001983,57.660574,51.279288,51.107257,-9.252761,-13.657791,4.40503,-0.202501,1.084852,-2.343397,35.194422,0.007533,37.309288,0.007986,36.455176,0.007803,0.038353,0.607693,0.368844,0.544398,0.169525,1.0,0.484076,0.346399,2.0,0.766555,0.482321,0.479015,-0.027138,0.025285,0.832015,0.076459,22.0,3.0,0.0,0.0,0.0,-0.5,0.866025,-0.587785,-0.809017,50.592549,3.18983,0.004294,46.557341,1.551214,-0.002294,48.528411,1.065707,-0.000386,0.686739,1.215201,1.279288,7.660574,0.959106,0.107212,-3.39835,3.166236,0.118068,0.092738
449,2026-04-05 22:05:14.268394,XAUUSD,SELL,4634.2,4653.13931,4567.91241,37.87862,44.08,ml_direct,RISK_REJECTED,Session filter: XAUUSD inactive at 22:00 UTC (active 07-20),0.6061,0.55,,1.0,-0.008084,-0.007349,-0.003087,-0.005758,0.002959,-0.031444,4647.324,-0.002824,4645.23,-0.002374,4689.6104,-0.011816,4606.3957,0.006036,4523.84045,0.024395,4653.060005,4663.405424,4657.708666,-0.009017,0.008431,0.036644,-0.002218,41.600809,44.077052,46.216708,-10.345419,-12.995317,2.649898,-0.575837,0.295854,-3.144431,36.635219,0.007905,37.878625,0.008174,36.770348,0.007935,0.027678,0.41421,0.432723,0.556805,0.403826,-1.0,0.399371,0.196803,-1.0,0.44916,0.345694,0.325859,-0.032821,0.017341,0.059156,-0.93128,1.0,0.0,0.0,0.0,1.0,0.258819,0.965926,0.0,1.0,51.279288,4.40503,0.000741,50.592549,3.18983,0.004294,46.557341,1.551214,-0.002294,-7.202236,-1.755132,-5.922948,-8.399191,0.962891,0.1056,-4.015457,2.121513,0.069958,0.406826
450,2026-04-06 01:05:04.578581,XAUUSD,SELL,4608.96,4628.4128,4540.87519,38.90561,39.89,ml_direct,RISK_REJECTED,Session filter: XAUUSD inactive at 1:00 UTC (active 07-20),0.582,0.55,,1.0,-0.000334,-0.007902,-0.013487,-0.008517,0.001569,-0.016606,4650.234,-0.008876,4637.6075,-0.006177,4689.2762,-0.017128,4610.3527,-0.000302,4526.4278,0.018233,4641.998456,4656.47222,4654.433451,-0.008326,0.005912,0.035977,-0.003108,33.727199,39.894787,43.241609,-14.473764,-13.057478,-1.416287,-0.851663,0.156897,-1.660625,38.596954,0.008374,38.905607,0.008441,37.4169,0.008118,0.025419,0.256988,0.436374,0.468864,0.053696,-1.0,0.660391,0.285914,-3.0,0.237059,0.377767,0.223511,-0.019699,0.011959,0.537277,-0.24376,3.0,0.0,0.0,0.0,1.0,0.707107,0.707107,0.0,1.0,40.136059,0.435656,-0.00757,46.040795,3.381887,-0.005629,51.279288,4.40503,0.000741,-0.241272,-1.851943,-10.105213,-16.272801,0.982057,0.102813,-2.333597,1.416762,-0.036403,0.039583
451,2026-04-06 02:05:04.738946,XAUUSD,SELL,4628.86,4647.73332,4562.80339,37.74664,44.27,ml_direct,RISK_REJECTED,Session filter: XAUUSD inactive at 2:00 UTC (active 07-20),0.6393,0.55,,1.0,0.001419,0.003982,-0.003618,-0.008493,-0.003786,-0.010105,4649.809,-0.004505,4635.912,-0.001521,4689.0204,-0.01283,4612.3948,0.00357,4527.8019,0.022319,4641.713723,4655.341822,4653.933193,-0.008362,0.005099,0.035606,-0.002927,43.252341,44.265064,46.061335,-13.628099,-13.001336,-0.626763,-0.849307,-0.378569,-1.010455,36.323103,0.007847,37.746635,0.008155,36.890582,0.00797,0.023797,0.436078,0.363244,0.472884,0.287919,1.0,0.629189,0.082892,2.0,0.283867,0.514153,0.304205,-0.015315,0.016207,0.473989,-0.427867,4.0,0.0,0.0,0.0,1.0,0.866025,0.5,0.0,1.0,42.787272,-0.564959,0.002559,40.136059,0.435656,-0.00757,46.040795,3.381887,-0.005629,1.477792,-0.061804,-5.734936,-6.747659,0.951439,0.10597,-1.878048,1.987462,-0.016604,0.172996
452,2026-04-06 03:05:04.330649,XAUUSD,SELL,4653.99,4673.23987,4586.61547,38.49973,49.67,ml_direct,RISK_REJECTED,Session filter: XAUUSD inactive at 3:00 UTC (active 07-20),0.6351,0.55,,1.0,0.006077,0.006856,0.009433,-0.003848,-0.005866,-0.003974,4646.765,0.001555,4634.8345,0.004133,4688.6912,-0.007401,4614.5903,0.008538,4529.50525,0.027483,4643.214452,4655.037298,4653.823141,-0.008942,0.004387,0.035144,-0.00254,54.494177,49.673299,49.575547,-11.822846,-12.803674,0.980828,-0.384848,-0.58657,-0.397427,38.03266,0.008172,38.499733,0.008272,37.297704,0.008014,0.022974,0.679895,0.341088,0.485862,0.582108,1.0,0.37192,0.045972,3.0,0.639169,0.686382,0.406107,-0.009832,0.021519,0.513932,-0.307403,5.0,0.0,0.0,0.0,1.0,0.965926,0.258819,0.0,1.0,43.603325,-0.81694,0.000775,42.787272,-0.564959,0.002559,40.136059,0.435656,-0.00757,6.069974,1.797767,-0.326701,4.494177,0.967045,0.103897,-1.18858,2.601317,0.025476,0.730135
453,2026-04-06 04:05:05.143924,XAUUSD,SELL,4631.69,4650.37738,4566.28418,37.37475,45.37,ml_direct,RISK_REJECTED,Session filter: XAUUSD inactive at 4:00 UTC (active 07-20),0.5797,0.55,,1.0,-0.003509,0.001256,0.002031,-0.003009,-0.006297,0.008169,4643.231,-0.002486,4636.4115,-0.001018,4687.5522,-0.011917,4615.7498,0.003453,4531.53255,0.022102,4640.661696,4652.897032,4652.729484,-0.009455,0.004476,0.03443,-0.00263,45.274915,45.369132,46.690909,-12.235336,-12.76646,0.531124,-0.300925,-0.629688,0.816907,35.849423,0.00774,37.374752,0.008069,36.778143,0.007941,0.021295,0.45218,0.319429,0.380768,0.716923,-1.0,0.002198,0.280879,-1.0,0.381428,0.533548,0.315681,-0.014694,0.016808,0.432697,-0.473653,6.0,0.0,0.0,0.0,1.0,1.0,0.0,0.0,1.0,48.491961,0.59856,0.004782,43.603325,-0.81694,0.000775,42.787272,-0.564959,0.002559,-3.122829,-0.067436,-4.630868,-4.725085,0.94178,0.107024,-1.821015,2.082957,0.014211,0.436391
454,2026-04-06 05:05:07.067269,XAUUSD,SELL,4648.66,4666.32399,4586.83603,35.32798,48.84,ml_direct,RISK_REJECTED,Session filter: XAUUSD inactive at 5:00 UTC (active 07-20),0.5541,0.55,,1.0,0.001754,0.000142,0.004924,0.008277,-0.002271,0.01075,4643.056,0.001207,4639.325,0.002012,4687.0852,-0.008198,4617.0858,0.006839,4533.7988,0.025334,4643.041672,4653.188802,4652.902592,-0.009394,0.004817,0.03381,-0.002181,52.786046,48.8427,48.976439,-10.14713,-12.129892,1.982762,0.827676,-0.227076,1.074965,31.973791,0.006878,35.327984,0.0076,35.776066,0.007696,0.019946,0.600882,0.315846,0.376429,0.933486,1.0,0.00344,0.063073,1.0,0.590702,0.570672,0.384494,-0.01099,0.014609,0.309979,-0.556572,7.0,0.0,0.0,0.0,1.0,0.965926,-0.258819,0.0,1.0,47.008051,1.094634,-0.001609,48.491961,0.59856,0.004782,43.603325,-0.81694,0.000775,1.834649,0.888128,-1.1573,2.786046,0.896579,0.113225,-1.446162,1.922272,0.056124,0.230412
455,2026-04-06 06:05:04.506098,XAUUSD,SELL,4667.03,4684.54914,4605.71301,35.03828,52.66,ml_direct,RISK_REJECTED,Session filter: XAUUSD inactive at 6:00 UTC (active 07-20),0.558,0.55,,1.0,0.001706,0.005713,0.004094,0.009677,0.003975,0.005225,4645.946,0.004538,4641.059,0.005596,4686.7098,-0.004199,4618.6983,0.010464,4535.93035,0.028902,4648.088634,4654.928753,4653.849211,-0.008698,0.004841,0.033241,-0.001469,60.247575,52.664248,51.493569,-6.84012,-10.938941,4.098822,0.9677,0.397543,0.522533,31.759576,0.006805,35.038281,0.007508,35.629459,0.007634,0.020894,0.767821,0.325705,0.345876,0.379426,1.0,0.564593,0.055981,2.0,0.81724,0.725042,0.458984,-0.007011,0.018487,0.406184,-0.236377,8.0,0.0,1.0,0.0,0.0,0.866025,-0.5,0.0,1.0,51.013705,2.647742,0.004,47.008051,1.094634,-0.001609,48.491961,0.59856,0.004782,1.650542,1.45108,2.664248,10.247575,0.896101,0.114161,-0.933836,2.46245,0.116981,0.226324
456,2026-04-06 09:05:11.527952,USDJPY,BUY,159.397,159.19002,159.90397,0.13599,38.92,bollinger_bounce,EXECUTED,,,,56091185200.0,2.0,6.3e-05,6.3e-05,-0.001341,-0.001084,-0.002385,-0.000759,159.5539,-0.000983,159.6031,-0.001291,159.59016,-0.00121,159.26466,0.000831,159.42825,-0.000196,159.532087,159.562392,159.512836,-0.000227,0.002125,0.001016,-0.00019,29.394713,38.922812,44.393262,-0.030305,0.008087,-0.038391,-0.108416,-0.238456,-0.075854,0.136342,0.000855,0.135993,0.000853,0.146134,0.000917,0.002676,0.017368,0.042186,0.037227,0.423077,1.0,0.038462,0.538462,1.0,0.186373,0.177143,0.276382,-0.00271,0.000583,0.107357,-0.932966,12.0,0.0,1.0,0.0,0.0,0.0,-1.0,0.0,1.0,38.149893,-0.036659,0.0,38.149893,-0.030069,-0.001403,50.490751,-0.017429,0.000251,0.772919,-0.001732,-11.077188,-20.605287,1.058289,7.353308,-3.176629,0.683858,-0.282303,0.080886
457,2026-04-06 09:05:22.005272,USDCHF,BUY,0.79736,0.7944,0.80104,0.00106,37.05,bollinger_bounce,EXECUTED,,,,56091188585.0,2.0,-1.3e-05,0.000565,-0.002864,-0.00391,-0.004743,-0.001603,0.799659,-0.002875,0.800027,-0.003333,0.799295,-0.002421,0.798149,-0.000989,0.796737,0.000782,0.799141,0.799384,0.799031,0.000456,0.002352,0.00321,-0.000304,26.616279,37.046578,42.110782,-0.000243,0.000245,-0.000488,-0.391011,-0.474312,-0.160272,0.001121,0.001406,0.001062,0.001332,0.001052,0.001319,0.006772,0.007828,0.091559,0.088461,0.041667,-1.0,0.041667,0.916667,-1.0,0.129666,0.129666,0.129666,-0.005556,0.000828,0.132741,-0.91642,12.0,0.0,1.0,0.0,0.0,0.0,-1.0,0.0,1.0,37.090846,-0.000448,0.000577,33.707272,-0.000353,-0.003426,47.981081,-0.000133,-0.000837,-0.044267,-4e-05,-12.953422,-23.383721,1.100154,1882.828389,-4.170465,0.621333,-0.459513,0.009414
458,2026-04-06 10:05:06.417811,EURUSD,SELL,1.1555,1.15941,1.14947,0.00128,64.06,bollinger_bounce,EXECUTED,,,,56092307837.0,2.0,0.0,-0.000804,0.001908,0.00269,0.003962,0.001838,1.153141,0.002046,1.152401,0.00269,1.153108,0.002074,1.1544,0.000953,1.15362,0.00163,1.153576,1.153151,1.153377,2.9e-05,-0.001732,-0.000443,0.000368,71.860715,64.060493,59.15202,0.000425,-0.000151,0.000575,0.269004,0.396198,0.183808,0.001401,0.001213,0.001283,0.00111,0.001294,0.001119,0.00555,0.984599,0.077362,0.064815,0.0,0.0,0.6875,0.3125,0.0,0.784591,0.784929,0.79491,-0.001186,0.004327,0.661398,-0.598133,12.0,0.0,1.0,0.0,0.0,0.0,-1.0,0.0,1.0,64.060493,0.000557,-0.000804,70.870882,0.000486,0.002714,56.377543,0.000243,0.000677,0.0,1.8e-05,14.060493,21.860715,1.137544,0.0,-1.067786,3.897028,0.448462,0.0
459,2026-04-06 12:07:15.769518,XAUUSD,SELL,4686.94,4731.95722,4634.78823,29.89815,55.92,ml_direct,RISK_REJECTED,Request rejected due to absence of network connection,0.5914,0.55,,1.0,-0.000603,-0.001427,-0.001891,0.004473,0.0132,0.008714,4671.737,0.003254,4660.624,0.005646,4686.1526,0.000168,4630.276,0.012238,4544.9638,0.031238,4672.246825,4666.073474,4660.386164,-0.003076,0.006554,0.031065,0.001323,62.705411,55.916111,53.879212,6.173352,-0.896063,7.069415,0.447271,1.319965,0.871418,24.338629,0.005193,29.898153,0.006379,32.828398,0.007004,0.020931,0.769762,0.196176,0.29152,0.247162,-1.0,0.6131,0.139738,-3.0,0.762869,0.814171,0.539719,-0.004197,0.018387,0.444757,-0.399161,14.0,0.0,1.0,1.0,0.0,-0.5,-0.866025,0.0,1.0,56.759068,7.834604,-0.000825,57.866809,8.150766,-0.000464,58.463637,7.646682,0.002342,-0.842958,-0.765189,5.916111,12.705411,0.805192,0.133788,-0.6579,2.882452,0.23645,0.094655
460,2026-04-06 13:05:05.570958,USDJPY,SELL,159.445,159.65839,158.92202,0.14026,44.47,ml_filtered_sma,EXECUTED,,,0.5,56095793213.0,1.0,0.000257,-0.000708,-9.4e-05,0.000364,-0.001121,-0.001184,159.4826,-0.000236,159.5731,-0.000803,159.57552,-0.000818,159.25772,0.001176,159.440375,2.9e-05,159.50099,159.538493,159.507075,-0.000582,0.00198,0.000848,-0.000235,42.818891,44.465922,47.02192,-0.037503,-0.016171,-0.021332,0.036389,-0.112139,-0.118396,0.141129,0.000885,0.140263,0.00088,0.147411,0.000925,0.002981,0.230716,0.048558,0.041767,0.719298,1.0,0.087719,0.192982,1.0,0.34901,0.268571,0.356784,-0.002408,0.000884,0.094541,-0.927015,16.0,0.0,0.0,1.0,0.0,-0.866025,-0.5,0.0,1.0,41.851249,-0.023965,-0.000965,50.074117,-0.021828,0.000615,43.51631,-0.032203,0.000169,2.614673,0.002632,-5.534078,-7.181109,1.047109,0.0,-2.737721,1.005257,-0.152087,0.292309
461,2026-04-06 13:05:15.965642,XAUUSD,SELL,4672.0,4717.54564,4619.23175,30.25043,51.74,ml_direct,EXECUTED,,0.5623,0.55,56095797483.0,1.0,-0.00127,-0.003789,-0.00461,-0.002743,0.005164,-0.002019,4673.237,-0.000265,4659.7015,0.002639,4684.8002,-0.002732,4632.5836,0.008509,4546.4599,0.027613,4671.037255,4665.895192,4660.502508,-0.002468,0.005854,0.030428,0.001102,51.439547,51.735795,51.37899,5.142063,0.196691,4.945372,-0.274288,0.516351,-0.201861,25.75311,0.005512,30.250428,0.006475,32.910419,0.007044,0.020263,0.630252,0.19507,0.265562,0.217599,-1.0,0.326951,0.455449,-4.0,0.574345,0.673028,0.479137,-0.007408,0.015248,0.599483,-0.243356,15.0,0.0,1.0,1.0,0.0,-0.707107,-0.707107,0.0,1.0,53.39425,6.495056,-0.002523,56.759068,7.834604,-0.000825,57.866809,8.150766,-0.000464,-1.658455,-1.549683,1.735795,1.439547,0.828073,0.13223,-1.144116,2.355008,0.163481,0.195369
462,2026-04-06 16:05:19.718766,EURUSD,BUY,1.15452,1.15051,1.16082,0.00133,54.43,ml_filtered_sma,EXECUTED,,,0.5,56100919550.0,1.0,0.000156,0.000191,-0.001272,-3.5e-05,0.001058,0.003015,1.155079,-0.000484,1.153461,0.000918,1.153401,0.00097,1.154902,-0.00033,1.153439,0.000937,1.154375,1.15382,1.153715,0.001454,-0.001247,-3.3e-05,0.000481,52.670987,54.432252,53.347281,0.000555,0.000427,0.000128,-0.003465,0.105783,0.301464,0.00136,0.001178,0.001331,0.001153,0.001325,0.001148,0.006308,0.645474,0.086289,0.067749,0.486486,1.0,0.432432,0.081081,2.0,0.429194,0.605422,0.623022,-0.002269,0.003482,0.153753,-0.909751,19.0,0.0,0.0,1.0,0.0,-0.965926,0.258819,0.0,1.0,53.471591,0.00019,3.5e-05,53.268295,0.000285,-0.001462,64.288343,0.000413,0.00058,0.960662,-6.2e-05,4.432252,2.670987,1.083047,751.209768,-1.96817,3.019863,0.09642,0.135218
463,2026-04-06 16:05:30.707909,GBPUSD,BUY,1.32359,1.3212,1.32895,0.00155,54.22,ml_filtered_sma,EXECUTED,,,0.5,56100922243.0,1.0,0.000189,-0.000144,-0.001546,-4.5e-05,0.001286,0.002454,1.324363,-0.000584,1.322281,0.00099,1.322208,0.001046,1.323927,-0.000255,1.326515,-0.002205,1.323505,1.322769,1.322735,0.00163,-0.001243,-0.003247,0.000556,51.717523,54.21777,53.029879,0.000736,0.000575,0.000161,-0.004533,0.128604,0.245389,0.001593,0.001203,0.001547,0.001169,0.001571,0.001187,0.007125,0.638938,0.08284,0.067669,0.6,1.0,0.35,0.05,1.0,0.451777,0.647826,0.647826,-0.002448,0.004503,0.147568,-0.90956,19.0,0.0,0.0,1.0,0.0,-0.965926,0.258819,0.0,1.0,53.129857,0.000251,-0.000332,55.276529,0.000392,-0.001403,65.695881,0.000532,0.000846,1.087912,-9e-05,4.21777,1.717523,1.083392,3231.019758,-2.093701,3.851376,0.103895,0.155089
464,2026-04-06 16:05:41.323188,XAUUSD,SELL,4666.88,4709.90523,4617.05223,28.57015,49.58,ml_direct,EXECUTED,,0.5548,0.55,56100924248.0,1.0,-0.000281,-0.003464,-0.002759,-0.002364,0.000174,-0.000349,4681.587,-0.003141,4662.927,0.000848,4680.9144,-0.002998,4640.1701,0.005756,4551.72705,0.025299,4672.478318,4668.246999,4662.661111,0.000144,0.004904,0.028382,0.000906,44.886596,49.579097,50.209656,4.231319,3.137884,1.093436,-0.236429,0.017359,-0.034915,24.510983,0.005252,28.570151,0.006122,31.70201,0.006793,0.020976,0.540416,0.165054,0.24519,0.249049,-1.0,0.437262,0.313688,-2.0,0.356078,0.624658,0.458376,-0.008513,0.014168,0.123586,-0.905887,19.0,0.0,0.0,1.0,0.0,-0.965926,0.258819,0.0,1.0,49.987298,2.275311,-0.003184,54.751533,3.795593,0.000707,53.844714,4.352182,0.000834,-0.408201,-1.181875,-0.420903,-5.113404,0.830373,0.140006,-1.390612,2.314303,0.038272,0.045852
465,2026-04-06 17:05:04.944024,USDCHF,SELL,0.79835,0.80119,0.79482,0.00102,47.59,ml_filtered_sma,EXECUTED,,,0.5,56101973047.0,1.0,0.000414,0.000602,0.000614,0.00153,0.001807,-0.000876,0.797696,0.00082,0.799016,-0.000834,0.799022,-0.000841,0.797968,0.000479,0.797065,0.001612,0.798184,0.798657,0.798691,-0.001659,0.001314,0.002455,-0.000592,52.078131,47.588932,48.188666,-0.000473,-0.000377,-9.6e-05,0.153049,0.180698,-0.087604,0.000963,0.001206,0.001019,0.001277,0.001039,0.001301,0.008337,0.399947,0.048095,0.083297,0.916667,1.0,0.027778,0.055556,4.0,0.878431,0.394366,0.394366,-0.004309,0.002806,0.161684,-0.824725,20.0,0.0,0.0,1.0,0.0,-0.866025,0.5,0.0,1.0,45.065791,-0.000175,0.000188,43.926409,-0.000247,1.3e-05,43.85432,-0.000322,0.001242,2.523141,7.9e-05,-2.411068,2.078131,0.961341,1962.08216,-3.374781,2.197532,-0.094106,0.323744
466,2026-04-06 18:05:14.648215,XAUUSD,SELL,4651.97,4691.96989,4605.67179,26.55326,45.16,ml_direct,EXECUTED,,0.6014,0.55,56102979668.0,1.0,-0.000346,-0.001798,-0.003475,-0.005945,-0.009338,0.001356,4673.422,-0.00459,4661.996,-0.002151,4677.3504,-0.005426,4642.6115,0.002016,4554.0588,0.0215,4666.143775,4665.62063,4661.663307,-0.00084,0.004175,0.027073,0.000112,34.875868,45.162496,47.553542,0.523145,2.367501,-1.844356,-0.594471,-0.933809,0.13561,21.51702,0.004625,26.553265,0.005708,30.479787,0.006552,0.020796,0.396586,0.100579,0.226731,0.371365,-1.0,0.387025,0.241611,-4.0,0.100132,0.483798,0.397916,-0.011746,0.011008,0.094609,-0.915512,21.0,0.0,0.0,0.0,0.0,-0.707107,0.707107,0.0,1.0,45.646473,-0.820445,-0.001453,47.639878,0.676707,-0.001679,49.987298,2.275311,-0.003184,-0.483977,-1.023911,-4.837504,-15.124132,0.796095,0.150641,-2.057751,1.928576,-0.069459,0.062516
467,2026-04-06 19:05:35.530139,USDCAD,SELL,1.39134,1.39324,1.39022,0.00093,39.44,ml_filtered_sma,EXECUTED,,,0.5,56103896369.0,1.0,-0.000345,-0.000259,-0.000165,0.000547,-0.000618,-0.002237,1.391607,-0.000192,1.392649,-0.00094,1.392779,-0.001033,1.391594,-0.000182,1.389443,0.001365,1.391904,1.392416,1.392409,-0.000842,0.000759,0.002401,-0.000367,36.823737,39.439647,42.949653,-0.000511,-0.000365,-0.000146,0.054653,-0.061773,-0.223743,0.000962,0.000691,0.000931,0.000669,0.000934,0.000671,0.003725,0.247548,0.028052,0.029909,0.620253,-1.0,0.164557,0.21519,-1.0,0.419476,0.246696,0.238298,-0.002458,0.000805,0.802403,-0.460926,21.0,0.0,0.0,0.0,0.0,-0.707107,0.707107,0.0,1.0,43.167024,-0.000166,8.6e-05,41.892171,-0.000228,9.3e-05,40.550691,-0.000291,5.7e-05,-3.727377,2e-05,-10.560353,-13.176263,1.069134,1074.503781,-3.674803,1.203444,-0.156804,0.526507
468,2026-04-06 19:05:45.888834,XAUUSD,SELL,4657.83,4696.6721,4612.88255,25.7814,47.15,ml_direct,EXECUTED,,0.6138,0.55,56103899367.0,1.0,-8.8e-05,0.000913,-0.000541,-0.005396,-0.007629,0.010266,4670.468,-0.002706,4664.676,-0.001468,4675.8686,-0.003858,4643.9787,0.002983,4555.1744,0.022536,4665.680946,4665.473587,4661.749221,-0.001155,0.004457,0.026496,4.4e-05,40.760533,47.14727,48.675777,0.207358,2.0155,-1.808141,-0.5396,-0.762947,1.02657,20.558058,0.004414,25.781399,0.005535,29.970457,0.006434,0.01792,0.418099,0.111986,0.178332,0.117479,-1.0,0.318052,0.56447,-1.0,0.230814,0.539159,0.421678,-0.010473,0.012252,0.07748,-0.922879,22.0,0.0,0.0,0.0,0.0,-0.5,0.866025,0.0,1.0,47.281664,-1.444219,0.001001,45.646473,-0.820445,-0.001453,47.639878,0.676707,-0.001679,-0.134394,-0.363922,-2.85273,-9.239467,0.788277,0.155151,-1.892062,2.213611,-0.070134,0.015903
469,2026-04-06 20:05:14.503667,XAUUSD,SELL,4655.41,4668.67177,4608.9938,26.52354,46.37,ml_direct,RISK_REJECTED,Session filter: XAUUSD inactive at 20:00 UTC (active 07-20),0.6106,0.55,,1.0,-0.000608,0.000393,-0.00106,-0.005913,-0.008145,0.009741,4670.226,-0.003172,4664.555,-0.001961,4675.8202,-0.004365,4643.9545,0.002467,4555.1623,0.022007,4665.308638,4665.294328,4661.65432,-0.001196,0.004436,0.026488,3e-06,38.877094,46.369324,48.218194,0.01431,1.97689,-1.96258,-0.591275,-0.814506,0.974081,22.042343,0.004735,26.523542,0.005697,30.341529,0.006517,0.017962,0.39085,0.110597,0.179117,0.20389,-1.0,0.079971,0.716138,-1.0,0.190604,0.516297,0.411865,-0.010998,0.011739,0.731069,-0.247637,22.0,0.0,0.0,0.0,0.0,-0.5,0.866025,0.0,1.0,47.281664,-1.444219,0.001001,45.646473,-0.820445,-0.001453,47.639878,0.676707,-0.001679,-0.91234,-0.518361,-3.630676,-11.122906,0.810049,0.150809,-1.930361,2.060434,-0.073994,0.106698
470,2026-04-06 21:05:05.121602,XAUUSD,SELL,4655.41,4668.67177,4608.9938,26.52354,46.37,ml_direct,RISK_REJECTED,Session filter: XAUUSD inactive at 21:00 UTC (active 07-20),0.6106,0.55,,1.0,-0.000608,0.000393,-0.00106,-0.005913,-0.008145,0.009741,4670.226,-0.003172,4664.555,-0.001961,4675.8202,-0.004365,4643.9545,0.002467,4555.1623,0.022007,4665.308638,4665.294328,4661.65432,-0.001196,0.004436,0.026488,3e-06,38.877094,46.369324,48.218194,0.01431,1.97689,-1.96258,-0.591275,-0.814506,0.974081,22.042343,0.004735,26.523542,0.005697,30.341529,0.006517,0.017962,0.39085,0.110597,0.179117,0.20389,-1.0,0.079971,0.716138,-1.0,0.190604,0.516297,0.411865,-0.010998,0.011739,0.731069,-0.247637,22.0,0.0,0.0,0.0,0.0,-0.5,0.866025,0.0,1.0,47.281664,-1.444219,0.001001,45.646473,-0.820445,-0.001453,47.639878,0.676707,-0.001679,-0.91234,-0.518361,-3.630676,-11.122906,0.810049,0.150809,-1.930361,2.060434,-0.073994,0.106698
471,2026-04-06 22:05:15.778393,XAUUSD,SELL,4661.82,4674.76129,4616.52549,25.88257,48.78,ml_direct,RISK_REJECTED,Session filter: XAUUSD inactive at 22:00 UTC (active 07-20),0.615,0.55,,1.0,0.001377,0.000769,0.001771,-0.001365,-0.00596,0.00855,4667.431,-0.001202,4666.531,-0.00101,4673.8414,-0.002572,4645.1895,0.00358,4556.64835,0.023081,4664.771925,4665.036971,4661.660817,-0.001372,0.004594,0.025719,-5.7e-05,46.514367,48.780112,49.537535,-0.265046,1.528503,-1.793549,-0.136455,-0.595978,0.854986,21.40058,0.004591,25.882574,0.005552,29.884689,0.006411,0.01583,0.436225,0.123041,0.175914,0.761823,1.0,0.238177,0.0,1.0,0.314363,0.480153,0.437857,-0.009608,0.008874,0.065356,-0.915229,1.0,1.0,0.0,0.0,1.0,0.258819,0.965926,0.951057,0.309017,46.369324,-1.96258,-0.000608,47.281664,-1.444219,0.001001,45.646473,-0.820445,-0.001453,2.410787,0.169031,-1.219888,-3.485633,0.806512,2.356798,-1.730508,1.598373,-0.069296,0.516564
472,2026-04-07 00:05:04.883672,XAUUSD,SELL,4655.17,4667.05885,4613.55904,23.77769,46.29,ml_direct,RISK_REJECTED,Session filter: XAUUSD inactive at 0:00 UTC (active 07-20),0.6117,0.55,,1.0,-0.000783,-0.000685,-5.2e-05,0.000342,-0.004431,0.001543,4663.101,-0.001701,4668.3635,-0.002826,4668.5744,-0.002871,4647.6473,0.001619,4559.7584,0.020925,4662.138779,4663.659947,4661.173986,-0.001172,0.004457,0.023864,-0.000326,39.251477,46.289324,48.153795,-1.521168,0.489349,-2.010517,0.034167,-0.443124,0.15426,18.510747,0.003976,23.777694,0.005108,28.535388,0.00613,0.013404,0.289158,0.105924,0.155971,0.37449,-1.0,0.008163,0.617347,-1.0,0.186503,0.367359,0.410892,-0.01105,0.006417,0.103918,-0.792808,3.0,1.0,0.0,0.0,1.0,0.707107,0.707107,0.951057,0.309017,47.692638,-1.925291,9.9e-05,47.506403,-2.014358,0.000634,46.369324,-1.96258,-0.000608,-1.403314,-0.085226,-3.710676,-10.748523,0.774068,0.168225,-2.163372,1.256219,-0.084555,0.154346
473,2026-04-07 01:05:04.684596,XAUUSD,BUY,4661.26,4648.93918,4704.38286,24.64163,49.0,ml_filtered_sma,RISK_REJECTED,Conflicting SELL already open on XAUUSD,,0.5,,1.0,0.001381,0.000524,0.000623,0.000648,-0.00396,0.004469,4661.214,1e-05,4669.3835,-0.00174,4666.3068,-0.001082,4648.661,0.00271,4561.32665,0.021909,4661.959322,4663.458854,4661.164549,-0.001091,0.004458,0.023015,-0.000322,48.656742,49.001841,49.566246,-1.499532,0.087233,-1.586765,0.064831,-0.395958,0.446933,20.965742,0.004498,24.641634,0.005286,28.800604,0.006179,0.012294,0.35849,0.111276,0.154485,0.19154,1.0,0.022341,0.786119,1.0,0.475377,0.419854,0.435587,-0.009729,0.007041,0.24191,-0.739586,4.0,1.0,0.0,0.0,1.0,0.866025,0.5,0.951057,0.309017,46.162797,-2.032215,-0.000856,47.692638,-1.925291,9.9e-05,47.506403,-2.014358,0.000634,2.839044,0.44545,-0.998159,-1.343258,0.81893,0.162327,-1.840381,1.331892,-0.064394,0.26094
474,2026-04-07 01:05:14.857425,XAUUSD,SELL,4661.26,4673.58082,4618.13714,24.64163,49.0,ml_direct,RISK_REJECTED,Session filter: XAUUSD inactive at 1:00 UTC (active 07-20),0.6065,0.55,,1.0,0.001381,0.000524,0.000623,0.000648,-0.00396,0.004469,4661.214,1e-05,4669.3835,-0.00174,4666.3068,-0.001082,4648.661,0.00271,4561.32665,0.021909,4661.959322,4663.458854,4661.164549,-0.001091,0.004458,0.023015,-0.000322,48.656742,49.001841,49.566246,-1.499532,0.087233,-1.586765,0.064831,-0.395958,0.446933,20.965742,0.004498,24.641634,0.005286,28.800604,0.006179,0.012294,0.35849,0.111276,0.154485,0.19154,1.0,0.022341,0.786119,1.0,0.475377,0.419854,0.435587,-0.009729,0.007041,0.24191,-0.739586,4.0,1.0,0.0,0.0,1.0,0.866025,0.5,0.951057,0.309017,46.162797,-2.032215,-0.000856,47.692638,-1.925291,9.9e-05,47.506403,-2.014358,0.000634,2.839044,0.44545,-0.998159,-1.343258,0.81893,0.162327,-1.840381,1.331892,-0.064394,0.26094
475,2026-04-07 02:05:14.551932,USDJPY,BUY,159.894,159.70006,160.36134,0.12596,64.19,ml_filtered_sma,EXECUTED,,,0.5,56107328839.0,1.0,6.9e-05,0.0004,0.001271,0.001717,0.001353,0.001773,159.7415,0.000955,159.63195,0.001642,159.6282,0.001665,159.3496,0.003416,159.483745,0.002572,159.737664,159.671537,159.60238,0.00071,0.001772,0.000906,0.000414,73.990461,64.185522,60.509226,0.066127,0.038379,0.027748,0.171658,0.135272,0.177306,0.112956,0.000706,0.125956,0.000788,0.137828,0.000862,0.003992,0.911215,0.032771,0.047638,0.407407,1.0,0.555556,0.037037,5.0,0.921348,0.954693,0.954693,-0.000175,0.00369,0.096406,-0.904221,5.0,1.0,0.0,0.0,1.0,0.965926,0.258819,0.951057,0.309017,63.719584,0.024057,0.000332,61.477332,0.016819,0.00087,54.651986,0.008891,0.000132,0.465938,0.003691,14.185522,23.990461,0.886048,0.0,-0.222299,4.684159,0.220295,0.087332
476,2026-04-07 02:05:24.683478,XAUUSD,SELL,4633.84,4646.24653,4590.41714,24.81306,39.06,ml_direct,RISK_REJECTED,Session filter: XAUUSD inactive at 2:00 UTC (active 07-20),0.5843,0.55,,1.0,-0.004509,-0.005362,-0.005264,-0.005238,-0.009819,-0.001439,4658.472,-0.005288,4668.0125,-0.007321,4665.7584,-0.006841,4648.3868,-0.003129,4561.18955,0.015928,4657.74086,4661.427743,4660.089255,-0.001562,0.004222,0.022926,-0.000791,24.02913,39.063848,43.869227,-3.686882,-0.350237,-3.336645,-0.523803,-0.981882,-0.143949,21.308599,0.004598,24.813062,0.005355,28.886318,0.006234,0.014002,-0.022826,0.138923,0.173268,0.583542,-1.0,0.266333,0.150125,-2.0,0.078216,0.06908,0.324399,-0.015704,0.001165,1.460755,0.675877,4.0,1.0,0.0,0.0,1.0,0.866025,0.5,0.951057,0.309017,46.162797,-2.032215,-0.000856,47.692638,-1.925291,9.9e-05,47.506403,-2.014358,0.000634,-7.098949,-1.30443,-10.936152,-25.97087,0.824393,0.161205,-2.932729,0.217627,-0.134471,0.845925
477,2026-04-07 03:05:05.059120,XAUUSD,SELL,4639.01,4651.66599,4594.71404,25.31198,42.4,ml_direct,RISK_REJECTED,Session filter: XAUUSD inactive at 3:00 UTC (active 07-20),0.5995,0.55,,1.0,0.002602,-0.003399,-0.004252,-0.003523,-0.009415,-0.004308,4653.376,-0.003087,4666.6655,-0.005926,4663.3396,-0.005217,4649.0143,-0.002152,4562.68275,0.016729,4653.96487,4659.295976,4659.003771,-0.002137,0.003797,0.022061,-0.001144,35.930919,42.401286,45.445042,-5.331106,-1.434096,-3.897009,-0.352278,-0.94147,-0.430772,22.682473,0.00489,25.311976,0.005456,29.005876,0.006253,0.015626,0.120759,0.185646,0.178204,0.588465,1.0,0.069404,0.342131,1.0,0.335296,0.252047,0.345363,-0.014572,0.004911,0.558489,-0.680417,5.0,1.0,0.0,0.0,1.0,0.965926,0.258819,0.951057,0.309017,37.191897,-3.775072,-0.005985,46.162797,-2.032215,-0.000856,47.692638,-1.925291,9.9e-05,5.209389,-0.121937,-7.598714,-14.069081,0.855091,0.158028,-2.670673,0.899969,-0.153959,0.475664
478,2026-04-07 03:05:15.411978,AUDUSD,BUY,0.6906,0.68801,0.69202,0.001,43.21,stop_hunt_reversal,EXECUTED,,,,56107987498.0,1.0,0.000594,-0.000723,-0.001431,-0.001634,-0.001417,-0.001056,0.691368,-0.001111,0.691955,-0.001959,0.6908,-0.00029,0.690966,-0.000529,0.68974,0.001246,0.691297,0.691288,0.690988,0.000822,0.001433,0.001536,1.3e-05,34.221689,43.207614,46.943565,9e-06,0.000262,-0.000253,-0.163359,-0.141705,-0.105594,0.000995,0.00144,0.001003,0.001452,0.001053,0.001525,0.004675,0.080949,0.046945,0.060684,0.5,1.0,0.0,0.5,1.0,0.300752,0.200501,0.487138,-0.004619,0.001158,0.650324,-0.582407,5.0,1.0,0.0,0.0,1.0,0.965926,0.258819,0.951057,0.309017,38.501891,-0.000245,-0.001317,46.430841,-0.000174,-0.000709,51.760536,-0.000144,0.000174,4.705723,-8e-06,-6.792386,-15.778311,0.960232,2991.024628,-3.180456,0.797607,-0.252279,0.398803
479,2026-04-07 04:05:15.291510,XAUUSD,SELL,4645.98,4658.69928,4601.4625,25.43857,45.22,ml_direct,RISK_REJECTED,Session filter: XAUUSD inactive at 4:00 UTC (active 07-20),0.6366,0.55,,1.0,-0.000985,0.004109,-0.001901,-0.002658,-0.004758,-0.00144,4652.31,-0.001361,4666.908,-0.004484,4661.167,-0.003258,4650.3579,-0.000941,4564.23395,0.01791,4654.239979,4659.101788,4658.928213,-0.0019,0.003559,0.021238,-0.001044,42.62555,45.223078,47.009458,-4.861809,-1.97222,-2.889589,-0.265759,-0.475773,-0.144003,23.173344,0.004988,25.43857,0.005475,28.954492,0.006232,0.015282,0.206569,0.213754,0.194533,0.31521,-1.0,0.246387,0.438403,-1.0,0.527295,0.329166,0.373626,-0.01305,0.006403,0.570909,-0.427032,6.0,1.0,0.0,0.0,1.0,1.0,0.0,0.951057,0.309017,46.646408,-3.159915,0.005098,37.191897,-3.775072,-0.005985,46.162797,-2.032215,-0.000856,-1.423331,0.270326,-4.776922,-7.37445,0.872785,0.157242,-2.383389,1.169484,-0.113591,0.180042
480,2026-04-07 05:05:04.909599,XAUUSD,SELL,4660.43,4672.78112,4617.20107,24.70224,50.29,ml_direct,RISK_REJECTED,Session filter: XAUUSD inactive at 5:00 UTC (active 07-20),0.5878,0.55,,1.0,0.002282,0.002122,0.007232,0.000346,1.7e-05,-0.001209,4652.702,0.001661,4666.818,-0.001369,4658.9238,0.000323,4651.6146,0.001895,4565.5453,0.020783,4655.692171,4659.463549,4659.13179,-0.001335,0.003268,0.020453,-0.000809,53.729225,50.293599,49.998998,-3.771377,-2.28304,-1.488338,0.034558,0.001717,-0.120873,22.024295,0.004726,24.702243,0.0053,28.460761,0.006107,0.015149,0.409646,0.219466,0.191239,0.701256,1.0,0.004627,0.294118,1.0,0.856091,0.489046,0.432221,-0.009909,0.009484,0.398276,-0.505006,7.0,1.0,0.0,0.0,1.0,0.965926,-0.258819,0.951057,0.309017,46.4104,-2.644529,-0.000159,46.646408,-3.159915,0.005098,37.191897,-3.775072,-0.005985,3.883199,1.156192,0.293599,3.729225,0.862365,0.161929,-1.869466,1.789311,-0.060251,0.429516
481,2026-04-07 07:05:04.914948,XAUUSD,SELL,4643.01,4680.50924,4599.62922,24.88616,44.56,ml_direct,EXECUTED,,0.5825,0.55,56110886445.0,1.0,1.7e-05,-0.003584,-0.001465,0.003467,-0.003269,-0.011246,4650.042,-0.001512,4662.0455,-0.004083,4653.2536,-0.002201,4653.5853,-0.002273,4567.82465,0.01646,4652.000412,4657.065054,4657.863051,-0.00069,0.001818,0.018702,-0.001088,41.231425,44.557061,46.523516,-5.064642,-3.210134,-1.854508,0.346663,-0.326948,-1.124617,22.896363,0.004931,24.886162,0.00536,28.315324,0.006098,0.014546,0.2193,0.231573,0.177724,0.007024,1.0,0.550483,0.442493,1.0,0.518691,0.296304,0.383593,-0.013698,0.005768,0.683516,-0.342088,9.0,1.0,1.0,0.0,0.0,0.707107,-0.707107,0.951057,0.309017,44.525651,-1.807919,-0.003601,50.04797,-1.534286,0.002127,46.4104,-2.644529,-0.000159,0.03141,-0.046589,-5.442939,-8.768575,0.897509,0.160732,-2.555637,1.0761,-0.07452,0.003215
482,2026-04-07 09:05:04.466609,XAUUSD,SELL,4684.55,4724.61228,4638.17901,26.59485,57.75,ml_direct,EXECUTED,,0.5659,0.55,56113464948.0,1.0,0.008319,0.006672,0.008964,0.007469,0.005622,-0.001113,4652.759,0.006833,4659.922,0.005285,4652.4048,0.006909,4656.854,0.005947,4570.20325,0.02502,4657.36938,4659.001381,4658.838597,7.6e-05,0.000659,0.017986,-0.00035,65.907001,57.751619,54.772752,-1.632001,-2.998581,1.36658,0.746911,0.562215,-0.111306,26.752838,0.005711,26.594854,0.005677,28.9412,0.006178,0.012581,0.920068,0.321594,0.240478,0.830825,1.0,0.134566,0.034609,1.0,0.916063,0.840862,0.8556,-0.00276,0.014584,0.964378,-0.029738,11.0,1.0,1.0,0.0,0.0,0.258819,-0.965926,0.951057,0.309017,45.913055,-1.189817,-0.001633,48.388844,-1.185061,0.002277,44.525651,-1.807919,-0.003601,11.838564,2.556396,7.751619,15.907001,0.980128,0.150405,-0.486184,2.568918,0.051385,1.453289
483,2026-04-07 11:05:15.537868,XAUUSD,SELL,4662.37,4703.08408,4614.97857,27.10939,50.74,ml_direct,EXECUTED,,0.5885,0.55,56116561000.0,1.0,-0.001835,-0.004376,0.003545,0.004187,0.00162,-0.002891,4654.556,0.001679,4658.8115,0.000764,4652.0638,0.002215,4659.9254,0.000525,4572.9262,0.019559,4659.719142,4659.962418,4659.371859,0.000536,-0.000239,0.017306,-5.2e-05,51.782876,50.735989,50.386235,-0.243276,-2.070226,1.82695,0.418701,0.161982,-0.289143,27.646167,0.00593,27.109389,0.005815,29.045593,0.00623,0.011694,0.565318,0.327932,0.238504,0.339667,-1.0,0.38559,0.274743,-2.0,0.589573,0.567877,0.710414,-0.007531,0.009896,0.918822,-0.200167,13.0,1.0,1.0,1.0,0.0,-0.258819,-0.965926,0.951057,0.309017,53.42219,1.99432,-0.002545,57.343365,1.258728,0.007955,45.913055,-1.189817,-0.001633,-2.6862,-0.16737,0.735989,1.782876,1.010972,0.14755,-1.295123,1.701993,0.067392,0.316496
484,2026-04-07 14:05:06.382303,XAUUSD,SELL,4646.71,4687.52469,4599.46119,27.09646,46.31,ml_direct,EXECUTED,,0.5524,0.55,56121238253.0,1.0,-0.00106,-0.002807,-0.001178,-0.00772,-0.000669,-0.004601,4656.617,-0.002128,4654.6555,-0.001707,4654.3,-0.001631,4662.74,-0.003438,4576.6221,0.015314,4655.725001,4657.800389,4658.245066,0.000498,-0.001734,0.016973,-0.000446,43.391103,46.307417,47.503743,-2.075388,-1.878319,-0.197069,-0.771964,-0.066884,-0.460136,27.152359,0.005843,27.09646,0.005831,28.87608,0.006214,0.009437,0.31911,0.28164,0.243548,0.279004,-1.0,0.645727,0.075269,-2.0,0.330719,0.389471,0.524074,-0.010283,0.006559,0.897861,-0.274178,16.0,1.0,0.0,1.0,0.0,-0.866025,-0.5,0.951057,0.309017,47.745652,0.505524,-0.001749,50.135966,1.108839,0.001634,47.876391,1.177287,-0.004014,-1.438236,-0.702593,-3.692583,-6.608897,1.023458,0.147621,-1.76333,1.12487,-0.007273,0.181943
485,2026-04-07 16:05:05.330932,XAUUSD,SELL,4645.37,4690.27868,4593.34488,29.82579,46.8,ml_direct,EXECUTED,,0.5927,0.55,56124706039.0,1.0,0.002648,0.000284,-0.001348,-0.001466,0.000526,-0.001764,4653.934,-0.00184,4652.7495,-0.001586,4654.9636,-0.002061,4664.246,-0.004047,4578.952,0.014505,4650.893658,4655.016564,4656.696458,-0.000221,-0.002465,0.0166,-0.000886,45.827681,46.800343,47.635918,-4.122906,-2.676319,-1.446587,-0.146598,0.052553,-0.176423,32.141004,0.006919,29.825785,0.006421,30.174137,0.006496,0.010409,0.347621,0.277583,0.250038,0.386944,1.0,0.356985,0.256071,1.0,0.436762,0.436762,0.513428,-0.010574,0.0082,0.966736,-0.488601,18.0,1.0,0.0,1.0,0.0,-1.0,-0.0,0.951057,0.309017,42.550026,-1.575657,-0.002358,45.566823,-0.366824,-0.001632,47.745652,0.505524,-0.001749,4.250317,0.12907,-3.199657,-4.172319,1.120806,0.134112,-1.646897,1.277083,-0.048501,0.411389
486,2026-04-07 17:05:05.641601,USDCHF,BUY,0.79913,0.79622,0.80274,0.00104,50.22,ml_filtered_sma,EXECUTED,,,0.5,56126000260.0,1.0,-0.00025,-0.00075,-0.001137,-0.000663,-0.000888,0.002295,0.799358,-0.000285,0.79916,-3.8e-05,0.799154,-3e-05,0.798393,0.000923,0.797977,0.001445,0.799352,0.799113,0.798936,0.000256,0.000961,0.001475,0.000299,46.078481,50.21985,50.679641,0.000239,0.000205,3.5e-05,-0.066278,-0.088768,0.229525,0.001074,0.001343,0.001044,0.001306,0.001028,0.001286,0.003365,0.48866,0.072562,0.064716,0.625,-1.0,0.125,0.25,-4.0,0.390769,0.480315,0.53169,-0.002478,0.00229,0.096392,-0.930761,20.0,1.0,0.0,1.0,0.0,-0.866025,0.5,0.951057,0.309017,51.780564,8.5e-05,-0.0005,54.952163,0.000135,-0.000387,57.486073,0.00016,-0.00015,-1.560715,-5e-05,0.21985,-3.921519,1.080718,1916.38802,-1.897224,1.753495,0.033104,0.191639
487,2026-04-07 19:05:04.787221,XAUUSD,SELL,4664.84,4706.36905,4616.75777,27.5727,52.15,ml_direct,EXECUTED,,0.5525,0.55,56128515399.0,1.0,0.000564,-0.002397,0.001666,0.006851,-0.001306,0.001292,4655.651,0.001974,4654.7265,0.002173,4658.9948,0.001255,4668.3956,-0.000762,4583.55775,0.017733,4658.663584,4658.249511,4658.278009,-0.000718,-0.002928,0.016458,8.9e-05,54.65031,52.146505,51.236834,0.414074,-1.337963,1.752036,0.68507,-0.130595,0.129217,26.790008,0.005743,27.572705,0.005911,28.969852,0.00621,0.011414,0.690352,0.230671,0.274622,0.445194,1.0,0.360877,0.193929,1.0,0.725577,0.660016,0.605385,-0.006356,0.012339,0.153637,-0.845838,22.0,1.0,0.0,0.0,0.0,-0.5,0.866025,0.951057,0.309017,51.366274,1.5943,-0.00296,55.813005,1.502912,0.004073,50.341555,-0.146127,0.000326,0.780231,0.157736,2.146505,4.65031,1.016294,0.145071,-1.075339,2.087572,0.063542,0.095747
488,2026-04-07 20:05:27.559364,EURUSD,SELL,1.15971,1.16388,1.1531,0.00139,73.09,bollinger_bounce,RISK_REJECTED,Session filter: EURUSD inactive at 20:00 UTC (active 07-20),,,,2.0,0.000181,0.001944,0.001702,0.002256,0.003722,0.005166,1.157422,0.001977,1.15593,0.00327,1.154476,0.004533,1.154388,0.00461,1.153262,0.005591,1.157377,1.156141,1.155226,0.002552,0.001336,0.001053,0.00107,82.23008,73.092308,68.01001,0.001237,0.000877,0.00036,0.225564,0.372162,0.516576,0.00147,0.001267,0.001391,0.0012,0.001333,0.001149,0.007053,0.963612,0.044492,0.064206,0.360656,1.0,0.098361,0.540984,2.0,0.917883,0.94186,0.953416,-0.000388,0.006286,0.099497,-0.94353,23.0,1.0,0.0,0.0,0.0,-0.258819,0.965926,0.951057,0.309017,72.407473,0.000311,0.001762,64.185053,0.000218,-0.000242,66.719021,0.000247,0.000519,0.684834,4.9e-05,23.092308,32.23008,1.128326,0.0,-0.323466,5.240153,0.258657,0.158139
489,2026-04-07 20:05:37.674415,GBPUSD,SELL,1.3290199999999999,1.33048,1.32222,0.00194,65.47,bollinger_bounce,RISK_REJECTED,Session filter: GBPUSD inactive at 20:00 UTC (active 07-20),,,,2.0,0.000233,0.002383,0.002089,0.003852,0.003587,0.00449,1.325712,0.002495,1.32483,0.003163,1.323364,0.004274,1.323471,0.004193,1.324795,0.003189,1.326045,1.324947,1.324144,0.001774,0.001027,-0.00108,0.000829,73.315831,65.469144,62.146164,0.001099,0.000709,0.00039,0.38522,0.358688,0.448952,0.002057,0.001548,0.001944,0.001463,0.001794,0.00135,0.006344,0.998499,0.064001,0.095533,0.532258,1.0,0.145161,0.322581,2.0,0.938038,0.956416,0.969362,-0.000271,0.005944,0.126102,-0.925293,23.0,1.0,0.0,0.0,0.0,-0.258819,0.965926,0.951057,0.309017,64.707424,0.000272,0.00215,56.519336,8.4e-05,-0.000294,58.236165,6e-05,0.000943,0.76172,0.000118,15.469144,23.315831,1.14915,2572.197057,-0.185198,4.064071,0.200445,0.169765
490,2026-04-07 20:05:47.823485,XAUUSD,SELL,4700.71,4716.3485,4645.97527,31.27699,60.74,ml_direct,RISK_REJECTED,Session filter: XAUUSD inactive at 20:00 UTC (active 07-20),0.5587,0.55,,1.0,0.008258,0.005274,0.009369,0.014593,0.006373,0.008992,4659.238,0.008901,4656.52,0.00949,4659.7122,0.008798,4668.7543,0.006845,4583.7371,0.025519,4664.182046,4660.906548,4659.684676,-0.000102,-0.00262,0.016575,0.000703,68.718972,60.737435,57.248378,3.275498,-0.765678,4.041176,1.459282,0.637345,0.899155,34.198579,0.007275,31.27699,0.006654,30.821995,0.006557,0.014347,1.161458,0.310086,0.309411,0.666378,1.0,0.310261,0.02336,1.0,0.838991,0.838991,0.847896,-0.003814,0.019876,1.631019,0.76822,22.0,1.0,0.0,0.0,0.0,-0.5,0.866025,0.951057,0.309017,51.366274,1.5943,-0.00296,55.813005,1.502912,0.004073,50.341555,-0.146127,0.000326,9.371161,2.446876,10.737435,18.718972,1.145013,0.12789,-0.573265,2.98718,0.129206,1.231257
491,2026-04-07 21:05:04.766569,EURUSD,SELL,1.15992,1.16425,1.15307,0.00144,73.74,bollinger_bounce,RISK_REJECTED,Session filter: EURUSD inactive at 21:00 UTC (active 07-20),,,,2.0,0.000362,0.002125,0.001883,0.002437,0.003903,0.005348,1.157443,0.00214,1.155941,0.003442,1.15448,0.004712,1.15439,0.00479,1.153263,0.005772,1.15741,1.156156,1.155235,0.002566,0.001343,0.001055,0.001084,83.031309,73.743971,68.544809,0.001253,0.00088,0.000373,0.243713,0.390338,0.534778,0.001571,0.001355,0.001442,0.001243,0.001358,0.001171,0.007125,0.983122,0.044192,0.064214,0.325758,1.0,0.424242,0.25,2.0,0.903448,0.930521,0.943888,-0.000483,0.006466,0.52824,-0.693593,23.0,1.0,0.0,0.0,0.0,-0.258819,0.965926,0.951057,0.309017,72.407473,0.000311,0.001762,64.185053,0.000218,-0.000242,66.719021,0.000247,0.000519,1.336498,6.2e-05,23.743971,33.031309,1.167058,0.0,-0.388378,5.201488,0.258854,0.298219
492,2026-04-07 21:05:14.885931,GBPUSD,SELL,1.3288,1.33028,1.32188,0.00198,64.11,bollinger_bounce,RISK_REJECTED,Session filter: GBPUSD inactive at 21:00 UTC (active 07-20),,,,2.0,-0.000263,6.8e-05,0.002217,0.002868,0.003193,0.005205,1.326148,0.002,1.325181,0.002731,1.323555,0.003963,1.323443,0.004048,1.324762,0.003048,1.326486,1.325241,1.324332,0.001959,0.001313,-0.000911,0.000939,70.113137,64.11153,61.280307,0.001245,0.000818,0.000427,0.286792,0.319349,0.520455,0.002097,0.001578,0.001977,0.001487,0.001817,0.001368,0.006563,0.91614,0.065756,0.093871,0.301724,1.0,0.0,0.698276,3.0,0.804615,0.858101,0.89791,-0.000956,0.00578,0.002622,-0.996709,0.0,2.0,0.0,0.0,1.0,0.0,1.0,0.587785,-0.809017,65.778877,0.000398,0.000331,64.707424,0.000272,0.00215,56.519336,8.4e-05,-0.000294,-1.667347,2.9e-05,14.11153,20.113137,1.146065,22766.980082,-0.642535,3.885565,0.216107,0.177077
493,2026-04-07 21:05:25.033254,USDCHF,BUY,0.79747,0.79438,0.8014,0.00112,39.43,bollinger_bounce,RISK_REJECTED,Session filter: USDCHF inactive at 21:00 UTC (active 07-20),,,,2.0,-6.3e-05,-0.000526,-0.002265,-0.002327,-0.002402,-0.002951,0.799009,-0.001926,0.799025,-0.001946,0.79893,-0.001827,0.798597,-0.001411,0.798078,-0.000761,0.798647,0.798808,0.798795,9.9e-05,0.000536,0.001068,-0.000201,28.11158,39.434257,43.262041,-0.000161,7.4e-05,-0.000234,-0.232695,-0.240183,-0.295063,0.001189,0.00149,0.001123,0.001408,0.001074,0.001347,0.004025,0.01646,0.050986,0.065282,0.382114,1.0,0.495935,0.121951,1.0,0.14554,0.14554,0.239437,-0.004564,0.000777,0.031692,-0.955117,0.0,2.0,0.0,0.0,1.0,0.0,1.0,0.587785,-0.809017,39.725038,-0.000186,-0.000464,41.845281,-0.0001,-0.001739,51.418805,4e-06,0.000338,-0.290781,-4.8e-05,-10.565743,-21.88842,1.118119,117523.790203,-3.240808,0.552006,-0.208676,0.418456
494,2026-04-07 21:05:35.207933,XAUUSD,SELL,4700.71,4716.3485,4645.97527,31.27699,60.74,ml_direct,RISK_REJECTED,Session filter: XAUUSD inactive at 21:00 UTC (active 07-20),0.5587,0.55,,1.0,0.008258,0.005274,0.009369,0.014593,0.006373,0.008992,4659.238,0.008901,4656.52,0.00949,4659.7122,0.008798,4668.7543,0.006845,4583.7371,0.025519,4664.182046,4660.906548,4659.684676,-0.000102,-0.00262,0.016575,0.000703,68.718972,60.737435,57.248378,3.275498,-0.765678,4.041176,1.459282,0.637345,0.899155,34.198579,0.007275,31.27699,0.006654,30.821995,0.006557,0.014347,1.161458,0.310086,0.309411,0.666378,1.0,0.310261,0.02336,1.0,0.838991,0.838991,0.847896,-0.003814,0.019876,1.631019,0.76822,22.0,1.0,0.0,0.0,0.0,-0.5,0.866025,0.951057,0.309017,51.366274,1.5943,-0.00296,55.813005,1.502912,0.004073,50.341555,-0.146127,0.000326,9.371161,2.446876,10.737435,18.718972,1.145013,0.12789,-0.573265,2.98718,0.129206,1.231257
495,2026-04-07 21:05:45.357576,USDCHF,BUY,0.79747,0.79438,0.8014,0.00112,39.43,stop_hunt_reversal,RISK_REJECTED,Session filter: USDCHF inactive at 21:00 UTC (active 07-20),,,,1.0,-6.3e-05,-0.000526,-0.002265,-0.002327,-0.002402,-0.002951,0.799009,-0.001926,0.799025,-0.001946,0.79893,-0.001827,0.798597,-0.001411,0.798078,-0.000761,0.798647,0.798808,0.798795,9.9e-05,0.000536,0.001068,-0.000201,28.11158,39.434257,43.262041,-0.000161,7.4e-05,-0.000234,-0.232695,-0.240183,-0.295063,0.001189,0.00149,0.001123,0.001408,0.001074,0.001347,0.004025,0.01646,0.050986,0.065282,0.382114,1.0,0.495935,0.121951,1.0,0.14554,0.14554,0.239437,-0.004564,0.000777,0.031692,-0.955117,0.0,2.0,0.0,0.0,1.0,0.0,1.0,0.587785,-0.809017,39.725038,-0.000186,-0.000464,41.845281,-0.0001,-0.001739,51.418805,4e-06,0.000338,-0.290781,-4.8e-05,-10.565743,-21.88842,1.118119,117523.790203,-3.240808,0.552006,-0.208676,0.418456
496,2026-04-07 22:05:05.375917,AUDUSD,SELL,0.69746,0.70116,0.69524,0.00148,70.77,bollinger_bounce,RISK_REJECTED,Session filter: AUDUSD inactive at 22:00 UTC (active 00-20),,,,2.0,-0.000143,0.000603,0.004002,0.004117,0.005551,0.010533,0.695139,0.003339,0.693753,0.005343,0.692227,0.00756,0.691124,0.009168,0.689745,0.011186,0.695222,0.693867,0.69275,0.004207,0.003805,0.003598,0.001954,76.448078,70.774659,67.485291,0.001356,0.000941,0.000414,0.411748,0.555067,1.053333,0.001656,0.002374,0.001481,0.002123,0.001325,0.001899,0.011764,0.954167,0.101826,0.110478,0.049751,-1.0,0.238806,0.711443,-1.0,0.896429,0.929612,0.944604,-0.000832,0.010983,0.118774,-0.849562,0.0,2.0,0.0,0.0,1.0,0.0,1.0,0.587785,-0.809017,71.528773,0.000398,0.000746,69.984503,0.000318,0.003397,61.090516,0.000204,-0.001007,-0.754114,1.6e-05,20.774659,26.448078,1.216962,14179.702561,-0.39163,5.172215,0.279714,0.067522
497,2026-04-07 22:05:15.492404,XAUUSD,SELL,4700.71,4716.3485,4645.97527,31.27699,60.74,ml_direct,RISK_REJECTED,Session filter: XAUUSD inactive at 22:00 UTC (active 07-20),0.5587,0.55,,1.0,0.008258,0.005274,0.009369,0.014593,0.006373,0.008992,4659.238,0.008901,4656.52,0.00949,4659.7122,0.008798,4668.7543,0.006845,4583.7371,0.025519,4664.182046,4660.906548,4659.684676,-0.000102,-0.00262,0.016575,0.000703,68.718972,60.737435,57.248378,3.275498,-0.765678,4.041176,1.459282,0.637345,0.899155,34.198579,0.007275,31.27699,0.006654,30.821995,0.006557,0.014347,1.161458,0.310086,0.309411,0.666378,1.0,0.310261,0.02336,1.0,0.838991,0.838991,0.847896,-0.003814,0.019876,1.631019,0.76822,22.0,1.0,0.0,0.0,0.0,-0.5,0.866025,0.951057,0.309017,51.366274,1.5943,-0.00296,55.813005,1.502912,0.004073,50.341555,-0.146127,0.000326,9.371161,2.446876,10.737435,18.718972,1.145013,0.12789,-0.573265,2.98718,0.129206,1.231257
498,2026-04-08 01:05:07.143199,XAUUSD,SELL,4808.07,4825.91436,4745.61475,35.68872,70.52,rsi_reversal,RISK_REJECTED,Session filter: XAUUSD inactive at 1:00 UTC (active 07-20),,,,1.1,-0.001893,-0.005245,-0.002096,0.031286,0.035318,0.034034,4726.156,0.017332,4691.2535,0.024901,4672.2436,0.029071,4678.9891,0.027587,4588.6783,0.047812,4739.230741,4702.72978,4683.239649,0.011539,0.002621,0.018211,0.007762,75.058376,70.523501,66.53562,36.500961,17.042409,19.458552,3.128559,3.531831,3.403358,39.363535,0.008187,35.688717,0.007423,33.412025,0.006949,0.057505,0.933021,0.660322,0.515275,1.0,1.0,0.0,0.0,1.0,0.801781,0.801781,0.806811,-0.010324,0.041761,0.000136,-0.999841,4.0,2.0,0.0,0.0,1.0,0.866025,0.5,0.587785,-0.809017,72.898479,20.234179,-0.003358,77.194339,18.67363,0.003165,75.958207,12.865989,0.024988,-2.374978,-0.775627,20.523501,25.058376,1.203265,0.11208,-1.390916,5.626148,0.54523,0.005324
499,2026-04-08 02:05:04.453740,USDCHF,BUY,0.78988,0.78573,0.79516,0.00151,21.53,ml_direct,RISK_REJECTED,Session filter: USDCHF inactive at 2:00 UTC (active 07-20),0.5561,0.55,,1.0,-0.000506,-0.001719,-0.000607,-0.008635,-0.011822,-0.01134,0.794517,-0.005836,0.796973,-0.0089,0.797969,-0.010137,0.798425,-0.010702,0.797994,-0.010169,0.794124,0.796229,0.79734,-0.004326,-0.001818,-3.2e-05,-0.002644,14.441718,21.528496,26.775116,-0.002105,-0.001064,-0.001041,-0.863497,-1.18224,-1.134003,0.001727,0.002186,0.001509,0.001911,0.001304,0.001651,0.018665,0.023171,0.134274,0.117766,0.851064,-1.0,0.021277,0.12766,-2.0,0.023023,0.02007,0.018946,-0.014217,0.000291,0.104066,-0.912645,5.0,2.0,0.0,0.0,1.0,0.965926,0.258819,0.587785,-0.809017,22.260611,-0.001038,-0.001213,24.086007,-0.000975,0.001113,18.389723,-0.000883,-0.003266,-0.732115,-3e-06,-28.471504,-35.558282,1.294457,3974.992494,-7.439861,0.152375,-0.689944,0.264999
500,2026-04-08 04:05:04.437914,EURUSD,SELL,1.16683,1.17252,1.15782,0.0019,76.17,rsi_reversal,RISK_REJECTED,Session filter: EURUSD inactive at 4:00 UTC (active 07-20),,,,1.1,-0.000454,-0.000608,-0.000291,6.9e-05,0.007852,0.010873,1.164064,0.002376,1.16036,0.005576,1.15658,0.008862,1.154911,0.01032,1.153708,0.011373,1.163807,1.160455,1.157955,0.00647,0.004718,0.002489,0.002888,75.642715,76.165976,73.745316,0.003352,0.002493,0.000859,0.006857,0.78515,1.087258,0.00211,0.001808,0.001897,0.001626,0.001648,0.001412,0.016774,0.832406,0.159069,0.123044,0.552083,-1.0,0.229167,0.21875,-2.0,0.772727,0.816956,0.850315,-0.002443,0.010901,0.326298,-0.523103,6.0,2.0,0.0,0.0,1.0,1.0,0.0,0.587785,-0.809017,79.290809,0.001034,-0.000154,80.330146,0.001139,0.000317,79.825388,0.001165,-0.001232,-3.124833,-0.000175,26.165976,25.642715,1.246139,0.0,-1.502479,6.7058,0.452618,0.279408
501,2026-04-08 04:05:14.779522,AUDUSD,BUY,0.70436,0.69901,0.70744,0.00211,68.64,ml_direct,EXECUTED,,0.605,0.55,56135528477.0,1.0,-0.001234,-0.00286,-0.001319,-0.000624,0.012914,0.018509,0.702008,0.00335,0.697991,0.009124,0.694211,0.014619,0.691916,0.017985,0.690221,0.020485,0.701695,0.698174,0.695479,0.011231,0.008781,0.005781,0.005044,65.497252,68.643636,68.316893,0.003522,0.00262,0.000901,-0.062429,1.29138,1.850888,0.002448,0.003476,0.002108,0.002993,0.001723,0.002446,0.030398,0.800153,0.317478,0.238212,0.77193,-1.0,0.114035,0.114035,-2.0,0.709078,0.759882,0.785902,-0.005778,0.018286,0.38326,-0.514046,6.0,2.0,0.0,0.0,1.0,1.0,0.0,0.587785,-0.809017,72.059342,0.001137,-0.001628,76.746767,0.001295,0.001545,75.334634,0.00129,-0.00325,-3.415707,-0.000236,18.643636,15.497252,1.356243,474.373062,-1.930698,6.109925,0.427621,0.417448
502,2026-04-08 07:05:05.249805,EURUSD,SELL,1.1697899999999999,1.17574,1.16043,0.00198,81.82,ml_direct,EXECUTED,,0.5836,0.55,56138121337.0,1.0,0.000556,0.001858,0.002348,0.001927,0.008744,0.012446,1.16708,0.002322,1.162248,0.006489,1.157589,0.01054,1.155284,0.012556,1.153944,0.013732,1.165862,1.16221,1.159198,0.008199,0.006028,0.003159,0.003142,85.334975,81.815731,78.32121,0.003652,0.003014,0.000638,0.192713,0.874402,1.24458,0.002184,0.001867,0.001975,0.001689,0.001713,0.001465,0.018513,0.850523,0.153609,0.111935,0.317073,1.0,0.331707,0.35122,3.0,0.911056,0.933869,0.942811,-0.000915,0.012917,0.749157,-0.189371,9.0,2.0,1.0,0.0,0.0,0.707107,-0.707107,0.587785,-0.809017,80.86972,0.00069,0.001302,78.433444,0.00074,0.000488,77.43268,0.000873,-0.000266,0.946011,-5.2e-05,31.815731,35.334975,1.214524,0.0,-0.541662,7.649081,0.323101,0.329047
503,2026-04-08 07:05:15.622411,XAUUSD,SELL,4834.19,4884.35078,4776.03742,33.32719,72.3,ml_direct,EXECUTED,,0.5508,0.55,56138125038.0,1.0,0.00138,0.006368,0.007633,0.004987,0.036888,0.032316,4804.728,0.006132,4730.4945,0.021921,4689.259,0.030907,4689.401,0.030876,4595.11005,0.052029,4783.152313,4738.66405,4707.054815,0.024624,0.008763,0.020489,0.009388,77.652787,72.295867,68.203583,44.488263,33.88696,10.601302,0.498732,3.688809,3.231572,32.698837,0.006764,33.327189,0.006894,32.625302,0.006749,0.068602,0.819536,0.641998,0.498553,0.425938,1.0,0.176097,0.397966,3.0,0.880524,0.906082,0.906082,-0.004865,0.046939,0.567594,-0.278562,9.0,2.0,1.0,0.0,0.0,0.707107,-0.707107,0.587785,-0.809017,71.490137,11.614124,0.004982,68.426391,12.48243,0.001257,67.612002,14.84818,-0.001343,0.80573,-1.012822,22.295867,27.652787,1.037148,0.120022,-0.70573,6.808555,0.318098,0.201037
504,2026-04-08 09:05:04.710793,EURUSD,BUY,1.16825,1.16221,1.17766,0.00199,72.71,ml_direct,EXECUTED,,0.559,0.55,56140201593.0,1.0,-0.001112,-0.001171,-0.000761,0.001028,0.001286,0.010562,1.168191,5.1e-05,1.163528,0.004058,1.158225,0.008655,1.155584,0.010961,1.154099,0.012261,1.166691,1.16315,1.159937,0.008605,0.006874,0.003575,0.003044,66.938992,72.706151,72.048618,0.003541,0.003222,0.000319,0.102823,0.128562,1.056192,0.002157,0.001847,0.001994,0.001707,0.001742,0.001491,0.01809,0.724341,0.070658,0.116093,0.730337,-1.0,0.202247,0.067416,-2.0,0.451681,0.830078,0.85846,-0.002234,0.010914,0.568228,-0.503075,11.0,2.0,1.0,0.0,0.0,0.258819,-0.965926,0.587785,-0.809017,81.106216,0.000523,-6e-05,81.577466,0.000627,0.000411,80.86972,0.00069,0.001302,-8.400064,-0.000204,22.706151,16.938992,1.173886,0.0,-1.309044,6.394753,0.160033,0.652014
505,2026-04-08 10:05:04.807038,EURUSD,BUY,1.16801,1.16227,1.17696,0.0019,71.1,ml_direct,EXECUTED,,0.5628,0.55,56141318131.0,1.0,5.1e-05,-8.6e-05,-0.001317,-0.000967,0.00072,0.00935,1.168195,-0.000158,1.164642,0.002892,1.158703,0.008032,1.155883,0.010492,1.154239,0.01193,1.167042,1.16383,1.160551,0.008192,0.007578,0.003867,0.00276,64.127235,71.097407,70.916722,0.003212,0.003242,-3e-05,-0.096652,0.071969,0.935024,0.001902,0.001629,0.001895,0.001623,0.001712,0.001466,0.016676,0.673415,0.050436,0.117312,0.206897,1.0,0.241379,0.551724,1.0,0.335664,0.801255,0.845445,-0.00244,0.009837,0.062166,-0.932375,13.0,2.0,1.0,1.0,0.0,-0.258819,-0.965926,0.587785,-0.809017,70.941067,0.000121,-0.000137,71.904165,0.00031,-0.001231,81.106216,0.000523,-6e-05,0.15634,-0.000151,21.097407,14.127235,1.07368,527.642249,-1.50378,6.062609,-0.015919,0.031659
506,2026-04-08 10:05:15.304481,USDCHF,SELL,0.78924,0.7933,0.78416,0.00146,29.63,ml_direct,EXECUTED,,0.571,0.55,56141320800.0,1.0,0.00038,0.000545,0.002057,0.000596,-0.002528,-0.013499,0.789189,6.5e-05,0.792798,-0.004488,0.796243,-0.008795,0.797785,-0.01071,0.797761,-0.010681,0.790246,0.792862,0.795037,-0.008859,-0.006251,-0.001903,-0.0033,34.64356,29.626032,31.149012,-0.002616,-0.002388,-0.000228,0.059586,-0.252768,-1.349933,0.001466,0.001857,0.001463,0.001854,0.001334,0.001691,0.022622,0.301616,0.065287,0.109072,0.763158,1.0,0.078947,0.157895,3.0,0.5,0.149601,0.147882,-0.014837,0.00261,0.078913,-0.912483,13.0,2.0,1.0,1.0,0.0,-0.258819,-0.965926,0.587785,-0.809017,27.435195,-0.000392,0.000165,26.514669,-0.000556,0.001511,17.633285,-0.000726,-0.000546,2.190837,0.000164,-20.373968,-15.35644,1.061198,1367.074976,-8.004224,1.408087,-0.156027,0.198226
507,2026-04-08 20:05:04.431579,AUDUSD,SELL,0.70407,0.709,0.70111,0.00197,53.72,ml_direct,RISK_REJECTED,Session filter: AUDUSD inactive at 20:00 UTC (active 00-20),0.5595,0.55,,1.0,0.001251,-0.00173,-0.00279,-0.00255,0.00081,-0.004975,0.705233,-0.001649,0.705471,-0.001985,0.698564,0.007881,0.694631,0.013588,0.691524,0.018142,0.704831,0.703213,0.700166,0.009546,0.015605,0.010181,0.002301,44.087576,53.720409,57.234589,0.001618,0.002276,-0.000658,-0.255004,0.081023,-0.497463,0.001918,0.002724,0.001972,0.0028,0.001814,0.002577,0.006697,0.20355,0.135275,0.133259,0.698413,1.0,0.02381,0.277778,1.0,0.247485,0.220036,0.765969,-0.006193,0.001747,0.519704,-0.521765,22.0,2.0,0.0,0.0,0.0,-0.5,0.866025,0.587785,-0.809017,50.723941,-0.000616,-0.002977,59.220527,-0.000442,-0.001062,62.703758,-0.00038,-1.4e-05,2.996469,-4.2e-05,3.720409,-5.912424,0.949188,0.0,-2.211381,0.623853,-0.333766,0.446334
508,2026-04-09 07:05:05.054395,XAUUSD,SELL,4718.76,4758.0706,4673.26597,26.09373,45.7,ml_direct,EXECUTED,,0.5758,0.55,56162127413.0,1.0,0.001182,-0.000502,0.001537,-0.001804,0.002886,-0.015666,4718.18,0.000123,4740.8095,-0.004651,4724.6306,-0.001243,4696.5991,0.004718,4618.8048,0.021641,4725.166385,4734.04632,4725.589828,-0.001365,0.009413,0.022912,-0.001876,44.456623,45.696454,48.041075,-8.879934,-4.37294,-4.506995,-0.180442,0.288618,-1.566587,21.970042,0.004656,26.093729,0.00553,28.816468,0.006107,0.026855,0.32681,0.221001,0.287697,0.400719,1.0,0.478417,0.120863,1.0,0.587001,0.185502,0.445154,-0.01874,0.004268,0.489042,-0.362705,9.0,3.0,1.0,0.0,0.0,0.707107,-0.707107,-0.587785,-0.809017,44.066525,-5.691852,-0.001682,45.889735,-6.491847,0.00204,43.250945,-8.007164,-0.001598,1.629929,1.184857,-4.303546,-5.543377,0.83932,0.153294,-3.388937,0.771833,-0.172723,0.213461
509,2026-04-09 10:05:07.339391,XAUUSD,SELL,4728.38,4763.2774,4688.03469,23.1516,48.74,ml_filtered_sma,EXECUTED,,,0.5,56165240292.0,1.0,-0.000184,0.000455,0.000828,0.003223,0.004591,-0.014853,4721.308,0.001498,4727.714,0.000141,4730.932,-0.000539,4694.9207,0.007127,4624.5762,0.022446,4725.755671,4731.900559,4725.614196,-0.002034,0.006985,0.022998,-0.001299,52.190747,48.742115,49.826542,-6.144888,-6.058104,-0.086784,0.322287,0.459126,-1.48531,18.149149,0.003838,23.151604,0.004896,26.95975,0.005702,0.015717,0.508963,0.156505,0.282635,0.186695,-1.0,0.787554,0.025751,-1.0,0.850434,0.275352,0.483568,-0.016564,0.006294,0.061342,-0.917485,13.0,3.0,1.0,1.0,0.0,-0.258819,-0.965926,-0.587785,-0.809017,49.020563,-0.867275,0.000639,48.064232,-2.040757,0.000373,47.531594,-3.350174,0.002527,-0.278447,0.780491,-1.257885,2.190747,0.776573,0.172774,-3.382919,1.28544,-0.003748,0.037578
510,2026-04-09 10:05:17.670913,XAUUSD,SELL,4728.38,4763.2774,4688.03469,23.1516,48.74,ml_direct,EXECUTED,,0.5673,0.55,56165244414.0,1.0,-0.000184,0.000455,0.000828,0.003223,0.004591,-0.014853,4721.308,0.001498,4727.714,0.000141,4730.932,-0.000539,4694.9207,0.007127,4624.5762,0.022446,4725.755671,4731.900559,4725.614196,-0.002034,0.006985,0.022998,-0.001299,52.190747,48.742115,49.826542,-6.144888,-6.058104,-0.086784,0.322287,0.459126,-1.48531,18.149149,0.003838,23.151604,0.004896,26.95975,0.005702,0.015717,0.508963,0.156505,0.282635,0.186695,-1.0,0.787554,0.025751,-1.0,0.850434,0.275352,0.483568,-0.016564,0.006294,0.061342,-0.917485,13.0,3.0,1.0,1.0,0.0,-0.258819,-0.965926,-0.587785,-0.809017,49.020563,-0.867275,0.000639,48.064232,-2.040757,0.000373,47.531594,-3.350174,0.002527,-0.278447,0.780491,-1.257885,2.190747,0.776573,0.172774,-3.382919,1.28544,-0.003748,0.037578
511,2026-04-10 00:05:07.038630,XAUUSD,SELL,4761.4,4796.22025,4721.23137,23.0735,52.43,ml_direct,EXECUTED,,0.5862,0.55,56179383534.0,1.0,-0.000584,-0.001562,-0.002255,-0.00574,0.001005,0.007216,4772.519,-0.00233,4749.016,0.002608,4756.9734,0.000931,4706.0704,0.011757,4644.42085,0.025187,4764.508271,4754.984508,4742.246894,0.003268,0.009126,0.024234,0.002003,48.072671,52.431887,52.987871,9.523763,7.952896,1.570867,-0.574037,0.100492,0.721555,20.664227,0.00434,23.073503,0.004846,25.953314,0.005451,0.023796,0.609586,0.233786,0.191606,0.371658,-1.0,0.008021,0.620321,-4.0,0.400482,0.592426,0.53047,-0.008363,0.012156,0.269942,-0.378147,2.0,4.0,0.0,0.0,1.0,0.5,0.866025,-0.951057,0.309017,53.397949,3.041964,-0.000979,54.978055,4.741592,-0.000694,56.070046,6.482306,-0.005359,-0.966062,-1.471096,2.431887,-1.927329,0.899875,0.173359,-1.725789,2.508505,0.068081,0.120485
512,2026-04-10 01:05:05.196774,XAUUSD,SELL,4760.81,4792.86203,4723.87096,21.22802,52.1,ml_direct,EXECUTED,,0.5962,0.55,56179829975.0,1.0,-0.000405,-0.000607,-0.000707,-0.002378,-0.000772,0.010462,4774.062,-0.002776,4753.7795,0.001479,4760.8278,-4e-06,4709.1227,0.010976,4648.13195,0.024242,4763.962463,4756.094018,4743.830255,0.00278,0.009483,0.024245,0.001654,47.0447,52.102245,52.811727,7.868445,8.098051,-0.229606,-0.237838,-0.077238,1.046159,17.71535,0.003721,21.22802,0.004459,24.815683,0.005212,0.021838,0.567723,0.202327,0.184361,0.292424,-1.0,0.657576,0.05,-6.0,0.251112,0.586387,0.515984,-0.008488,0.012034,0.133223,-0.832989,4.0,4.0,0.0,0.0,1.0,0.866025,0.5,-0.951057,0.309017,52.86751,0.663446,-0.000202,53.228612,1.717648,-0.000101,53.397949,3.041964,-0.000979,-0.765265,-0.893052,2.102245,-2.9553,0.851636,0.18843,-1.903616,2.698791,-0.010816,0.090918
513,2026-04-10 02:05:07.327684,XAUUSD,SELL,4756.17,4788.34944,4719.08232,21.31296,50.11,ml_direct,EXECUTED,,0.5757,0.55,56180346225.0,1.0,-0.001753,-0.001379,-0.001581,-0.002659,-0.002613,0.007422,4773.187,-0.003565,4755.717,9.5e-05,4762.7812,-0.001388,4710.7041,0.009652,4649.8439,0.022867,4763.246581,4756.354104,4744.453951,0.002185,0.009555,0.024288,0.001449,42.437405,50.113811,51.6409,6.892477,7.904289,-1.011812,-0.265892,-0.261291,0.742195,18.258055,0.003839,21.312958,0.004481,24.746144,0.005203,0.020897,0.504558,0.205096,0.185725,0.781835,-1.0,0.083333,0.134831,-1.0,0.107567,0.538895,0.484202,-0.009472,0.01107,0.08944,-0.914196,5.0,4.0,0.0,0.0,1.0,0.965926,0.258819,-0.951057,0.309017,53.497444,0.007157,0.000374,52.86751,0.663446,-0.000202,53.228612,1.717648,-0.000101,-3.383633,-1.01897,0.113811,-7.562595,0.864228,0.187679,-2.113738,2.470328,-0.047474,0.39178
514,2026-04-10 03:05:17.807105,XAUUSD,SELL,4754.83,4786.8145,4717.96975,21.183,49.67,ml_direct,EXECUTED,,0.5948,0.55,56180904267.0,1.0,0.000379,-0.002034,-0.001661,-0.001963,-0.00792,0.008835,4769.077,-0.002987,4757.642,-0.000591,4763.8008,-0.001883,4711.7565,0.009142,4651.4422,0.022227,4761.542965,4756.025844,4744.742547,0.001108,0.009739,0.024156,0.00116,42.216764,49.671389,51.333855,5.517121,7.386778,-1.869657,-0.196256,-0.792023,0.883478,18.262211,0.003841,21.183002,0.004455,24.580095,0.00517,0.019146,0.46913,0.151582,0.184794,0.47769,1.0,0.485564,0.036745,1.0,0.268066,0.525179,0.353322,-0.009756,0.010791,0.091075,-0.907233,6.0,4.0,0.0,0.0,1.0,1.0,0.0,-0.951057,0.309017,48.949571,-1.2122,-0.002412,53.497444,0.007157,0.000374,52.86751,0.663446,-0.000202,0.721817,-0.657457,-0.328611,-7.783236,0.86712,0.188831,-2.189963,2.422225,-0.088262,0.085918
515,2026-04-10 05:05:05.320474,XAUUSD,BUY,4762.13,4751.99703,4797.59538,20.26593,52.12,ml_filtered_sma,RISK_REJECTED,Conflicting SELL already open on XAUUSD,,0.5,,1.0,0.000752,-0.000923,0.001915,-0.000128,-0.007449,0.007971,4763.639,-0.000317,4762.4095,-5.9e-05,4761.4166,0.00015,4713.6554,0.010284,4654.686,0.023083,4762.532419,4757.394155,4746.368185,0.000467,0.010343,0.02293,0.00108,49.851995,52.115786,52.694708,5.138263,6.769105,-1.630841,-0.012808,-0.744914,0.797126,17.051449,0.003581,20.265934,0.004256,23.903957,0.00502,0.015365,0.49618,0.168084,0.189562,0.731006,1.0,0.036961,0.232033,1.0,0.402686,0.519897,0.399208,-0.008209,0.008889,0.059422,-0.875553,8.0,4.0,1.0,0.0,0.0,0.866025,-0.5,-0.951057,0.309017,50.768801,-1.586517,-0.001674,53.907538,-1.12299,0.00284,48.949571,-1.2122,-0.002412,1.346985,-0.044324,2.115786,-0.148005,0.848013,0.197376,-1.928853,2.088727,-0.080472,0.175664
516,2026-04-10 06:05:06.524623,USDCHF,SELL,0.79032,0.79281,0.7872,0.0009,48.53,ml_filtered_sma,EXECUTED,,,0.5,56182468841.0,1.0,-3.8e-05,0.0,5.1e-05,-0.000177,-6.3e-05,-0.001705,0.790445,-0.000158,0.790136,0.000233,0.790198,0.000154,0.793861,-0.00446,0.796,-0.007136,0.790374,0.790478,0.791217,0.000313,-0.004692,-0.007289,-0.000132,48.734259,48.529824,47.225267,-0.000105,-0.000172,6.7e-05,-0.017711,-0.006326,-0.170526,0.000702,0.000888,0.000897,0.001135,0.001047,0.001325,0.003646,0.563876,0.056295,0.078354,0.096774,-1.0,0.0,0.903226,-1.0,0.667732,0.636126,0.595113,-0.001759,0.003075,0.070156,-0.88459,9.0,4.0,1.0,0.0,0.0,0.707107,-0.707107,-0.951057,0.309017,48.755935,8.1e-05,3.8e-05,48.533268,9.6e-05,5.1e-05,48.25489,0.000118,-0.000493,-0.226112,-1.4e-05,-1.470176,-1.265741,0.801843,2229.439981,-1.549461,2.70877,0.07478,0.033442
517,2026-04-10 10:05:06.470734,XAUUSD,SELL,4748.08,4779.30136,4712.0234,20.70091,47.46,ml_direct,EXECUTED,,0.5796,0.55,56185954180.0,1.0,0.001542,-0.000322,0.000362,-0.0022,-0.003279,-0.001795,4755.608,-0.001583,4764.1785,-0.003379,4756.595,-0.00179,4717.0585,0.006576,4660.7002,0.018748,4754.841783,4754.625555,4746.467104,-0.000208,0.009989,0.020575,4.5e-05,43.241656,47.455401,49.512935,0.216228,3.693626,-3.477398,-0.220025,-0.327896,-0.179539,19.180237,0.00404,20.700913,0.00436,23.661737,0.004983,0.012931,0.238675,0.166561,0.19812,0.361523,1.0,0.631058,0.007418,1.0,0.374355,0.246669,0.340634,-0.011192,0.003665,0.67722,-0.323477,12.0,4.0,1.0,0.0,0.0,0.0,-1.0,-0.951057,0.309017,44.424367,-3.640977,-0.001861,47.501302,-2.919521,0.000685,46.229896,-2.503976,-0.004098,3.031034,0.163579,-2.544599,-6.758344,0.894953,0.193228,-2.567037,0.840543,-0.167983,0.353125
518,2026-04-10 11:05:07.022998,XAUUSD,SELL,4758.68,4787.78649,4725.09077,19.29099,51.53,ml_direct,EXECUTED,,0.5528,0.55,56186807238.0,1.0,0.00029,0.001503,0.003778,0.002596,-0.001226,-0.001219,4754.826,0.000811,4764.6295,-0.001249,4754.3612,0.000908,4719.6912,0.008261,4664.07875,0.020283,4756.133402,4755.329049,4747.479454,9.8e-05,0.009521,0.019357,0.000169,52.618939,51.528723,51.919721,0.804353,2.657626,-1.853273,0.259567,-0.122573,-0.121944,16.787113,0.003528,19.290991,0.004054,22.746156,0.00478,0.012404,0.399329,0.176506,0.184885,0.448052,1.0,0.327922,0.224026,3.0,0.69808,0.396938,0.425384,-0.008939,0.005884,0.067194,-0.925385,14.0,4.0,1.0,1.0,0.0,-0.5,-0.866025,-0.951057,0.309017,50.988853,-2.511534,0.001212,48.777683,-3.256589,0.002272,44.424367,-3.640977,-0.001861,0.539869,0.65826,1.528723,2.618939,0.85146,0.207351,-2.205174,1.451455,-0.096069,0.071536
519,2026-04-10 16:06:46.367337,XAUUSD,SELL,4750.73,4782.16321,4714.42625,20.84214,46.35,ml_direct,EXECUTED,,0.6019,0.55,56193408926.0,1.0,-0.002419,-0.005006,-0.005106,-0.003649,0.000921,-0.004491,4760.19,-0.001987,4760.8125,-0.002118,4751.3752,-0.000136,4726.1734,0.005196,4671.6817,0.016921,4761.77298,4759.226801,4751.224432,0.001855,0.007329,0.017059,0.000535,38.560789,46.353488,48.969718,2.546178,3.185926,-0.639747,-0.364923,0.092071,-0.449063,20.562857,0.004328,20.842142,0.004387,23.046028,0.004851,0.008027,0.236169,0.140362,0.14483,0.781743,-1.0,0.080988,0.137268,-3.0,0.311577,0.311577,0.479967,-0.009325,0.00422,0.183308,-0.885897,19.0,4.0,0.0,1.0,0.0,-0.965926,0.258819,-0.951057,0.309017,51.194773,0.528386,-0.002593,57.151219,1.126285,-0.000101,57.391625,0.678753,0.000687,-4.841285,-1.168134,-3.646512,-11.439211,0.969895,0.191919,-2.125501,0.961993,-0.030695,0.546489
520,2026-04-10 17:05:04.642335,XAUUSD,SELL,4759.48,4789.67494,4724.62089,20.01663,49.8,ml_direct,EXECUTED,,0.5714,0.55,56194439848.0,1.0,-0.000915,-0.000582,-0.003173,-0.002588,0.002078,-0.001965,4762.488,-0.000632,4760.9995,-0.000319,4750.8578,0.001815,4727.3725,0.006792,4672.96365,0.018514,4763.126841,4760.144734,4752.042136,0.002448,0.007113,0.016669,0.000626,45.355797,49.798549,51.116999,2.982107,3.312492,-0.330385,-0.258811,0.207807,-0.196483,18.91102,0.003973,20.016632,0.004206,22.559652,0.00474,0.007657,0.45832,0.125928,0.139714,0.793907,-1.0,0.155914,0.050179,-1.0,0.447552,0.447552,0.56056,-0.007469,0.006051,0.095536,-0.927708,20.0,4.0,0.0,1.0,0.0,-0.866025,0.5,-0.951057,0.309017,51.888316,0.196902,0.000334,51.194773,0.528386,-0.002593,57.151219,1.126285,-0.000101,-2.089767,-0.527287,-0.201451,-4.644203,0.940618,0.199834,-1.776023,1.438804,-0.016506,0.221316
521,2026-04-10 18:05:06.419153,XAUUSD,SELL,4753.12,4782.56195,4719.1394,19.51463,46.81,ml_direct,EXECUTED,,0.6321,0.55,56195273438.0,1.0,-0.001523,-0.00225,-0.001917,-0.004605,0.002605,-0.002321,4763.812,-0.002244,4760.491,-0.001548,4749.9446,0.000669,4728.2519,0.005259,4674.30045,0.016862,4761.703185,4759.685426,4752.117938,0.002919,0.006818,0.016183,0.000424,38.649238,46.807533,49.340986,2.017759,3.064905,-1.047146,-0.460513,0.260506,-0.232149,18.014752,0.00379,19.514627,0.004106,22.224103,0.004676,0.007766,0.300628,0.121311,0.140823,0.86342,-1.0,0.07601,0.06057,-2.0,0.229737,0.348718,0.504256,-0.008817,0.004721,0.087683,-0.913809,21.0,4.0,0.0,0.0,0.0,-0.707107,0.707107,-0.951057,0.309017,50.211343,-0.273587,-0.000728,51.888316,0.196902,0.000334,51.194773,0.528386,-0.002593,-3.40381,-0.773559,-3.192467,-11.350762,0.926623,0.204974,-2.14762,1.149907,-0.05366,0.372541
522,2026-04-10 19:05:16.889932,XAUUSD,SELL,4768.02,4797.12701,4734.43016,19.29134,53.85,ml_direct,EXECUTED,,0.6048,0.55,56196075356.0,1.0,0.000583,0.001607,0.000877,-0.001384,0.003468,0.000907,4766.672,0.000283,4761.313,0.001409,4749.9928,0.003795,4729.2048,0.008208,4675.61645,0.019763,4764.252754,4761.134077,4753.198204,0.003511,0.006789,0.015907,0.000655,56.039693,53.851376,53.411646,3.118677,3.230353,-0.111676,-0.13844,0.346835,0.090686,17.642237,0.0037,19.291338,0.004046,22.033217,0.004621,0.007768,0.681351,0.101346,0.140003,0.76584,1.0,0.016529,0.217631,2.0,0.487671,0.580264,0.676413,-0.005665,0.007831,0.082467,-0.91356,22.0,4.0,0.0,0.0,0.0,-0.5,0.866025,-0.951057,0.309017,52.530119,-0.273676,0.001023,50.211343,-0.273587,-0.000728,51.888316,0.196902,0.000334,1.321258,0.161999,3.851376,6.039693,0.922152,0.207347,-1.40011,1.935584,-0.005789,0.144106
523,2026-04-10 20:05:04.561658,XAUUSD,SELL,4759.74,4769.68853,4724.92016,19.89705,49.71,ml_direct,RISK_REJECTED,Max 3 positions on XAUUSD (demo),0.596,0.55,,1.0,-0.001154,-0.000132,-0.000861,-0.003119,0.001726,-0.000831,4765.844,-0.001281,4760.899,-0.000243,4749.8272,0.002087,4729.122,0.006474,4675.57505,0.018001,4762.978908,4760.520744,4752.873498,0.003372,0.006719,0.015881,0.000516,45.557937,49.714157,51.043397,2.458164,3.098251,-0.640087,-0.311857,0.172576,-0.083129,18.853665,0.003961,19.897052,0.00418,22.336074,0.004693,0.007658,0.468209,0.107448,0.141139,0.45417,-1.0,0.431049,0.114781,-1.0,0.330615,0.451593,0.595712,-0.007414,0.006105,0.875349,-0.044432,22.0,4.0,0.0,0.0,0.0,-0.5,0.866025,-0.951057,0.309017,52.530119,-0.273676,0.001023,50.211343,-0.273587,-0.000728,51.888316,0.196902,0.000334,-2.815962,-0.366411,-0.285843,-4.442063,0.949731,0.201035,-1.77363,1.460518,-0.03217,0.276423
524,2026-04-10 21:05:07.187289,XAUUSD,SELL,4759.74,4769.68853,4724.92016,19.89705,49.71,ml_direct,RISK_REJECTED,Max 3 positions on XAUUSD (demo),0.596,0.55,,1.0,-0.001154,-0.000132,-0.000861,-0.003119,0.001726,-0.000831,4765.844,-0.001281,4760.899,-0.000243,4749.8272,0.002087,4729.122,0.006474,4675.57505,0.018001,4762.978908,4760.520744,4752.873498,0.003372,0.006719,0.015881,0.000516,45.557937,49.714157,51.043397,2.458164,3.098251,-0.640087,-0.311857,0.172576,-0.083129,18.853665,0.003961,19.897052,0.00418,22.336074,0.004693,0.007658,0.468209,0.107448,0.141139,0.45417,-1.0,0.431049,0.114781,-1.0,0.330615,0.451593,0.595712,-0.007414,0.006105,0.875349,-0.044432,22.0,4.0,0.0,0.0,0.0,-0.5,0.866025,-0.951057,0.309017,52.530119,-0.273676,0.001023,50.211343,-0.273587,-0.000728,51.888316,0.196902,0.000334,-2.815962,-0.366411,-0.285843,-4.442063,0.949731,0.201035,-1.77363,1.460518,-0.03217,0.276423
525,2026-04-13 00:05:04.540631,USDCHF,SELL,0.79282,0.79644,0.78842,0.00128,65.8,bollinger_bounce,EXECUTED,,,,56198704836.0,2.0,0.000303,7.6e-05,0.003189,0.004714,0.004905,0.003163,0.790367,0.003104,0.789851,0.003759,0.790295,0.003195,0.792331,0.000617,0.795083,-0.002846,0.790681,0.790251,0.790581,9.1e-05,-0.00313,-0.006022,0.000544,77.188403,65.798046,60.025413,0.00043,-6e-05,0.000491,0.471423,0.490525,0.316328,0.001301,0.00164,0.001284,0.00162,0.001245,0.001571,0.007538,0.998653,0.086764,0.087735,0.536585,1.0,0.292683,0.170732,1.0,0.903571,0.931732,0.931732,-0.000681,0.009296,0.156457,-0.773702,3.0,0.0,0.0,0.0,1.0,0.707107,0.707107,0.0,1.0,64.835439,0.00043,-0.000227,66.131676,0.000324,0.003113,54.617307,0.000114,0.001483,0.962607,6.1e-05,15.798046,27.188403,1.084525,5451.594813,-0.420552,5.739751,0.382059,0.171336
526,2026-04-13 01:05:05.026602,AUDUSD,BUY,0.70314,0.69892,0.70554,0.00165,38.89,bollinger_bounce,EXECUTED,,,,56199389443.0,2.0,0.001781,0.00161,0.003196,-0.006387,-0.007313,-0.004967,0.705208,-0.002932,0.706053,-0.004126,0.705839,-0.003823,0.702592,0.00078,0.696732,0.009197,0.704758,0.70565,0.705231,-0.000893,0.004926,0.01307,-0.001264,36.735909,38.891713,42.536673,-0.000892,-0.000227,-0.000665,-0.638725,-0.731308,-0.49671,0.001973,0.002806,0.001654,0.002353,0.001506,0.002142,0.012635,0.173472,0.212546,0.157013,0.738095,1.0,0.107143,0.154762,1.0,0.458058,0.438233,0.434316,-0.00886,0.006912,0.788939,0.13626,3.0,0.0,0.0,0.0,1.0,0.707107,0.707107,0.0,1.0,31.940796,-0.000738,-0.000171,32.267986,-0.000665,0.001584,25.733611,-0.000506,-0.007856,6.950917,7.3e-05,-11.108287,-13.264091,1.358472,0.0,-3.765635,2.937558,-0.402223,0.7495
527,2026-04-13 01:05:15.614404,USDCAD,SELL,1.3862999999999999,1.38886,1.38478,0.00126,63.29,bollinger_bounce,EXECUTED,,,,56199391577.0,2.0,-0.000706,-0.000411,0.000115,0.001922,0.002321,0.002749,1.384645,0.001195,1.383834,0.001782,1.383533,0.002,1.385746,0.0004,1.38864,-0.001685,1.384868,1.384028,1.384138,0.000804,-0.00138,-0.003678,0.000607,67.20535,63.287055,59.138526,0.00084,0.000354,0.000486,0.192247,0.232089,0.274864,0.001312,0.000947,0.001257,0.000907,0.001231,0.000888,0.004626,0.885275,0.046022,0.046489,0.690141,-1.0,0.295775,0.014085,-1.0,0.742397,0.816092,0.816092,-0.001039,0.004609,0.930165,0.420852,3.0,0.0,0.0,0.0,1.0,0.707107,0.707107,0.0,1.0,70.747346,0.000528,0.000296,69.343442,0.000449,0.000527,66.701316,0.000326,0.001402,-7.460291,-4.3e-05,13.287055,17.20535,1.111351,2386.692754,-1.145613,5.083656,0.386253,0.779653
528,2026-04-13 02:05:18.900235,AUDUSD,SELL,0.70327,0.70713,0.70095,0.00154,39.62,sma_crossover,RISK_REJECTED,Conflicting BUY already open on AUDUSD,,,,1.0,-7.1e-05,-0.0001,0.001966,0.003381,-0.005431,-0.004191,0.704412,-0.001621,0.705728,-0.003484,0.705828,-0.003624,0.702828,0.000629,0.69688,0.00917,0.704364,0.705326,0.70509,-0.002006,0.004127,0.01284,-0.001365,37.902287,39.620916,43.018287,-0.000963,-0.000484,-0.000479,0.338137,-0.543056,-0.419127,0.001668,0.002372,0.001544,0.002195,0.001461,0.002077,0.013354,0.239127,0.215727,0.156801,0.208333,-1.0,0.208333,0.583333,-2.0,0.503024,0.449955,0.445934,-0.008674,0.007095,0.070396,-0.937378,5.0,0.0,0.0,0.0,1.0,0.965926,0.258819,0.0,1.0,39.805298,-0.000564,-2.8e-05,39.874221,-0.000653,0.002066,31.940796,-0.000738,-0.000171,-0.184382,8.5e-05,-10.379084,-12.097713,1.215832,2591.127273,-3.951469,3.232431,-0.310045,0.032389
529,2026-04-13 02:05:29.169064,AUDUSD,SELL,0.70327,0.70713,0.70095,0.00154,39.62,ml_filtered_sma,RISK_REJECTED,Conflicting BUY already open on AUDUSD,,0.5,,1.0,-7.1e-05,-0.0001,0.001966,0.003381,-0.005431,-0.004191,0.704412,-0.001621,0.705728,-0.003484,0.705828,-0.003624,0.702828,0.000629,0.69688,0.00917,0.704364,0.705326,0.70509,-0.002006,0.004127,0.01284,-0.001365,37.902287,39.620916,43.018287,-0.000963,-0.000484,-0.000479,0.338137,-0.543056,-0.419127,0.001668,0.002372,0.001544,0.002195,0.001461,0.002077,0.013354,0.239127,0.215727,0.156801,0.208333,-1.0,0.208333,0.583333,-2.0,0.503024,0.449955,0.445934,-0.008674,0.007095,0.070396,-0.937378,5.0,0.0,0.0,0.0,1.0,0.965926,0.258819,0.0,1.0,39.805298,-0.000564,-2.8e-05,39.874221,-0.000653,0.002066,31.940796,-0.000738,-0.000171,-0.184382,8.5e-05,-10.379084,-12.097713,1.215832,2591.127273,-3.951469,3.232431,-0.310045,0.032389
530,2026-04-13 02:05:39.752926,XAUUSD,SELL,4720.75,4767.11912,4667.34604,30.69941,44.7,ml_direct,EXECUTED,,0.5558,0.55,56200111189.0,1.0,0.005348,0.010575,0.013237,-0.009336,-0.011384,-0.009604,4733.289,-0.002649,4745.899,-0.005299,4745.0148,-0.005114,4729.0185,-0.001748,4679.60225,0.008793,4727.939402,4741.496893,4743.24395,-0.002471,0.00357,0.013978,-0.002859,46.293973,44.703982,45.822184,-13.557491,-5.768656,-7.788835,-0.933636,-1.138403,-0.960447,36.880508,0.007812,30.699405,0.006503,27.973446,0.005926,0.02817,0.311889,0.583731,0.419928,0.907615,1.0,0.026705,0.06568,3.0,0.645797,0.645797,0.627281,-0.015735,0.028688,0.841873,-0.171893,4.0,0.0,0.0,0.0,1.0,0.866025,0.5,0.0,1.0,37.39648,-10.088631,0.0052,28.964123,-10.301836,0.002634,24.173363,-7.288324,-0.021148,7.307502,2.299796,-5.296018,-3.706027,1.3549,0.130296,-2.419591,4.411486,-0.253713,0.819234
531,2026-04-13 03:05:04.625151,XAUUSD,SELL,4715.28,4758.18812,4665.67553,28.46541,43.45,ml_direct,EXECUTED,,0.5597,0.55,56200694628.0,1.0,-0.001102,-0.001267,0.004183,0.012062,-0.009863,-0.010619,4723.228,-0.001683,4741.4905,-0.005528,4745.024,-0.006268,4729.8244,-0.003075,4682.27545,0.007049,4725.076932,4738.145802,4741.308091,-0.004593,0.002466,0.013401,-0.002758,43.995974,43.450267,44.914833,-13.06887,-8.399206,-4.669664,1.206247,-0.986298,-1.061921,30.795534,0.006531,28.465413,0.006037,27.045725,0.005736,0.028599,0.306707,0.583086,0.418492,0.764793,-1.0,0.204142,0.031065,-2.0,0.691865,0.619713,0.601945,-0.016913,0.027561,0.065832,-0.929309,6.0,0.0,0.0,0.0,1.0,1.0,0.0,0.0,1.0,44.660787,-5.885083,-0.000165,44.834767,-7.756288,0.005456,37.39648,-10.088631,0.0052,-1.210519,1.21542,-6.549733,-6.004026,1.211227,0.140521,-2.801646,4.565541,-0.164047,0.181624
532,2026-04-13 03:05:15.022004,AUDUSD,BUY,0.70343,0.6996,0.7056,0.0015,40.71,ml_direct,EXECUTED,,0.5504,0.55,56200696699.0,1.0,-0.000298,0.000156,0.000128,0.002023,-0.005612,-0.002906,0.704052,-0.000883,0.705645,-0.003138,0.705837,-0.00341,0.70295,0.000683,0.696949,0.009299,0.704268,0.705211,0.705038,-0.002529,0.003834,0.012752,-0.001337,39.861456,40.714051,43.69796,-0.000943,-0.000571,-0.000372,0.202276,-0.56121,-0.290582,0.001558,0.002215,0.0015,0.002133,0.001443,0.002051,0.013569,0.268714,0.215606,0.156411,0.466667,-1.0,0.533333,0.0,-1.0,0.519153,0.464382,0.460232,-0.008444,0.007321,0.076204,-0.873472,6.0,0.0,0.0,0.0,1.0,1.0,0.0,0.0,1.0,41.546248,-0.000455,0.000455,39.805298,-0.000564,-2.8e-05,39.874221,-0.000653,0.002066,-0.832197,8.3e-05,-9.285949,-10.138544,1.161122,1333.248094,-3.959747,3.433114,-0.247936,0.139991
533,2026-04-13 06:05:04.804333,USDCHF,BUY,0.79183,0.78908,0.79524,0.00099,58.21,ml_filtered_sma,EXECUTED,,,0.5,56202766461.0,1.0,-0.000227,-0.00024,0.000101,-0.000492,0.003421,0.003256,0.791982,-0.000192,0.790399,0.00181,0.790363,0.001856,0.791929,-0.000124,0.794851,-0.0038,0.791455,0.79086,0.790862,0.002049,-0.001931,-0.005646,0.000752,59.887152,58.210616,55.340935,0.000595,0.000408,0.000186,-0.049229,0.342149,0.325621,0.000786,0.000993,0.000986,0.001246,0.001091,0.001378,0.008951,0.702273,0.08701,0.086457,0.375,-1.0,0.0,0.625,-2.0,0.593085,0.806574,0.806574,-0.001932,0.008057,0.124994,-0.788914,9.0,0.0,1.0,0.0,0.0,0.707107,-0.707107,0.0,1.0,59.871534,0.000243,-1.3e-05,59.959791,0.000288,0.000341,58.423198,0.000331,-0.000164,-1.660918,-5.6e-05,8.210616,9.887152,0.805557,2027.768755,-1.551243,6.468582,0.189068,0.182499
534,2026-04-13 09:05:05.129140,GBPUSD,SELL,1.34292,1.34516,1.33789,0.00145,53.45,ml_filtered_sma,EXECUTED,,,0.5,56205847301.0,1.0,0.000112,-0.000179,0.001312,0.001828,0.00265,-0.002436,1.341231,0.001259,1.342736,0.000137,1.342767,0.000114,1.339525,0.002534,1.331753,0.008385,1.342002,1.342324,1.341819,-0.001144,0.002397,0.008271,-0.00024,62.226317,53.44588,52.784896,-0.000322,-0.000428,0.000106,0.182772,0.26505,-0.243649,0.001278,0.000951,0.001455,0.001083,0.001599,0.001191,0.008316,0.516478,0.03898,0.086479,0.3,1.0,0.7,0.0,1.0,0.900621,0.494416,0.494416,-0.003708,0.003626,0.115847,-0.908557,12.0,0.0,1.0,0.0,0.0,0.0,-1.0,0.0,1.0,52.674624,1.3e-05,-0.00029,54.869235,-0.000114,0.001491,43.699301,-0.000341,0.000463,0.771255,9.3e-05,3.44588,12.226317,0.873439,1374.951858,-3.42363,3.348008,0.072627,0.103121
535,2026-04-13 13:05:15.816769,XAUUSD,SELL,4713.34,4748.28812,4672.93553,23.18541,44.24,ml_direct,EXECUTED,,0.5595,0.55,56210651736.0,1.0,0.001392,-0.001889,-0.000269,-0.004309,-0.001513,-0.012837,4721.05,-0.001633,4724.4875,-0.00236,4746.029,-0.006888,4735.2678,-0.004631,4691.45585,0.004665,4720.30952,4729.28503,4735.176946,-0.005263,-0.002277,0.011632,-0.001898,43.794529,44.241765,45.323199,-8.97551,-8.925337,-0.050173,-0.430949,-0.151256,-1.28366,21.095988,0.004476,23.185412,0.004919,24.384315,0.005173,0.024431,0.403423,0.142026,0.415752,0.392344,1.0,0.419258,0.188397,1.0,0.266758,0.633951,0.59296,-0.015683,0.027161,0.719139,-0.339926,15.0,0.0,1.0,1.0,0.0,-0.707107,-0.707107,0.0,1.0,41.760415,-0.071133,-0.003276,46.276982,0.697925,0.001623,43.469527,0.420805,-0.00185,2.481351,0.02096,-5.758235,-6.205471,0.907481,0.172522,-3.188212,5.521575,-0.002164,0.282937
536,2026-04-13 16:05:14.653722,XAUUSD,SELL,4711.84,4744.9403,4673.59132,21.95353,44.2,ml_direct,EXECUTED,,0.5771,0.55,56215216555.0,1.0,-0.000575,-0.001547,-0.00401,0.001073,-0.002931,-0.011206,4720.064,-0.001742,4716.23,-0.000931,4745.339,-0.007059,4738.2627,-0.005576,4694.93505,0.003601,4719.911832,4726.983468,4733.093351,-0.005326,-0.00465,0.010736,-0.001496,42.239794,44.198377,45.329739,-7.071636,-7.647918,0.576282,0.107292,-0.293079,-1.120615,19.491571,0.004137,21.953532,0.004659,23.622221,0.005013,0.018189,0.448824,0.17594,0.421081,0.468376,-1.0,0.259829,0.271795,-3.0,0.261124,0.683375,0.586012,-0.012441,0.026852,0.089505,-0.934574,19.0,0.0,0.0,1.0,0.0,-0.965926,0.258819,0.0,1.0,45.041736,0.97648,-0.000973,46.435253,1.370721,-0.002467,50.09422,1.534615,0.001537,-0.843359,-0.400199,-5.801623,-7.760206,0.844119,0.182203,-2.670185,5.763082,0.02625,0.124809
537,2026-04-13 17:05:24.106412,GBPUSD,SELL,1.34767,1.35028,1.34178,0.0017,68.44,bollinger_bounce,EXECUTED,,,,56216680738.0,2.0,0.000238,0.001404,0.001196,0.003044,0.003358,0.005446,1.344665,0.002235,1.342604,0.003773,1.343336,0.003226,1.341127,0.004879,1.332504,0.011382,1.344785,1.343752,1.342768,0.000989,0.001102,0.008129,0.000769,78.609895,68.438379,63.967723,0.001033,0.000372,0.000661,0.304411,0.335775,0.544626,0.001741,0.001292,0.001701,0.001262,0.00171,0.001269,0.007852,0.980528,0.061447,0.052343,0.864865,1.0,0.135135,0.0,2.0,0.914671,0.944063,0.944063,-0.000423,0.007138,0.122594,-0.938558,20.0,0.0,0.0,1.0,0.0,-0.866025,0.5,0.0,1.0,67.539796,0.000616,0.001167,62.701977,0.000521,-0.000208,64.288721,0.000485,0.000617,0.898583,4.6e-05,18.438379,28.609895,1.01237,3527.017466,-0.335067,5.654985,0.388791,0.188108
538,2026-04-13 17:05:34.494911,XAUUSD,SELL,4737.9,4772.33278,4698.09676,22.84185,52.91,ml_direct,EXECUTED,,0.5585,0.55,56216683818.0,1.0,0.001018,0.004953,0.003975,0.003038,0.000879,-0.004588,4722.604,0.003239,4716.2,0.004601,4745.3894,-0.001578,4739.4248,-0.000322,4695.9892,0.008925,4725.444213,4729.24889,4734.082124,-0.004802,-0.0049,0.01052,-0.000804,59.874184,52.907131,51.056527,-3.804678,-6.608173,2.803495,0.303797,0.08788,-0.458849,21.302775,0.004496,22.841851,0.004821,24.046427,0.005075,0.01694,0.771614,0.200935,0.428548,0.871609,1.0,0.128391,0.0,2.0,0.81913,0.948291,0.706716,-0.001756,0.032204,0.086979,-0.940124,20.0,0.0,0.0,1.0,0.0,-0.866025,0.5,0.0,1.0,51.384606,1.931769,0.00393,45.041736,0.97648,-0.000973,46.435253,1.370721,-0.002467,1.522524,0.871726,2.907131,9.874184,0.86964,0.175117,-0.364244,6.679844,0.122735,0.211016
539,2026-04-13 18:05:14.805574,GBPUSD,SELL,1.3489900000000001,1.3516,1.3431,0.0017,71.7,bollinger_bounce,EXECUTED,,,,56217819927.0,2.0,0.000111,0.001217,0.002385,0.002795,0.004632,0.007122,1.345404,0.002665,1.34314,0.004355,1.343451,0.004123,1.341382,0.005671,1.332604,0.012296,1.345584,1.34422,1.343056,0.001454,0.00131,0.008139,0.001015,82.444639,71.698408,66.592587,0.001364,0.000585,0.000779,0.279506,0.463222,0.712233,0.001718,0.001274,0.0017,0.00126,0.001711,0.001268,0.008915,0.988543,0.061889,0.051309,0.394737,1.0,0.526316,0.078947,3.0,0.973788,0.982047,0.982047,-0.000148,0.00811,0.084604,-0.920722,21.0,0.0,0.0,0.0,0.0,-0.707107,0.707107,0.0,1.0,71.339262,0.000736,0.001106,67.539796,0.000616,0.001167,62.701977,0.000521,-0.000208,0.359147,4.3e-05,21.698408,32.444639,1.016434,1765.076513,-0.117672,6.436646,0.458317,0.088254
540,2026-04-13 19:05:16.090393,GBPUSD,SELL,1.35027,1.35296,1.34421,0.00175,72.66,bollinger_bounce,EXECUTED,,,,56218695071.0,2.0,-0.000341,0.00106,0.002167,0.003128,0.005496,0.008138,1.346316,0.002937,1.343772,0.004836,1.343589,0.004973,1.341663,0.006415,1.332704,0.013181,1.346532,1.344788,1.343404,0.00203,0.001572,0.008168,0.001297,80.871361,72.664672,67.918789,0.001744,0.000839,0.000905,0.312765,0.549561,0.813815,0.001792,0.001327,0.001748,0.001295,0.001737,0.001287,0.010182,0.974936,0.06804,0.055182,0.854545,-1.0,0.072727,0.072727,-1.0,0.93959,0.954323,0.956182,-0.000415,0.008665,0.125963,-0.882478,22.0,0.0,0.0,0.0,0.0,-0.5,0.866025,0.0,1.0,75.290204,0.00089,0.001401,71.339262,0.000736,0.001106,67.539796,0.000616,0.001167,-2.625532,1.5e-05,22.664672,30.871361,1.046861,0.0,-0.320332,6.69264,0.51763,0.26885
541,2026-04-13 19:05:26.449402,USDCAD,BUY,1.37952,1.37713,1.38095,0.00117,26.1,bollinger_bounce,EXECUTED,,,,56218697578.0,2.0,-0.00013,-0.000152,-0.001209,-0.002718,-0.003424,-0.0053,1.382192,-0.001933,1.384011,-0.003245,1.383318,-0.002746,1.384312,-0.003462,1.388009,-0.006116,1.382031,1.383122,1.383679,-0.000814,-0.000217,-0.003379,-0.000788,12.904147,26.097574,32.852463,-0.00109,-0.000401,-0.000689,-0.271818,-0.342421,-0.52997,0.001212,0.000878,0.001174,0.000851,0.001167,0.000846,0.007114,0.043823,0.046614,0.037856,0.290323,-1.0,0.403226,0.306452,-3.0,0.07767,0.055172,0.055172,-0.005959,0.000348,0.621515,-0.356672,21.0,0.0,0.0,0.0,0.0,-0.707107,0.707107,0.0,1.0,26.684032,-0.000693,-2.2e-05,26.777157,-0.000656,-0.001057,31.790924,-0.000544,7.2e-05,-0.586458,4e-06,-23.902426,-37.095853,1.044464,852.024203,-7.003639,0.408972,-0.586868,0.153364
542,2026-04-13 19:05:36.586160,USDCHF,BUY,0.78362,0.78018,0.78799,0.00125,25.46,bollinger_bounce,RISK_REJECTED,Correlated limit: 3 positions already betting USD_STRONG (max 3),,,,2.0,0.000613,-0.002216,-0.002838,-0.004902,-0.008653,-0.011305,0.787249,-0.00461,0.789336,-0.007241,0.78972,-0.007724,0.790449,-0.00864,0.794353,-0.013512,0.787002,0.788552,0.789514,-0.003129,-0.001409,-0.005833,-0.001966,17.730882,25.46345,30.560498,-0.00155,-0.000744,-0.000806,-0.490171,-0.865319,-1.130485,0.001334,0.001702,0.001249,0.001594,0.001209,0.001543,0.014672,0.006491,0.102121,0.080609,0.761905,1.0,0.0,0.238095,1.0,0.076923,0.063317,0.060752,-0.011894,0.000804,0.108819,-0.896476,22.0,0.0,0.0,0.0,0.0,-0.5,0.866025,0.0,1.0,22.047261,-0.000787,-0.002827,27.450435,-0.000634,-0.000624,28.902155,-0.000559,-0.002222,3.41619,-1.9e-05,-24.53655,-32.269118,1.103399,1600.858487,-7.460001,0.50427,-0.64502,0.384206
543,2026-04-13 19:05:46.790596,XAUUSD,SELL,4732.51,4744.13239,4691.83164,23.24478,51.21,ml_direct,RISK_REJECTED,Correlated limit: 3 positions already betting USD_STRONG (max 3),0.6349,0.55,,1.0,0.000548,-0.00012,0.003809,0.000359,0.001939,0.015761,4722.722,0.002073,4719.4725,0.002762,4744.9614,-0.002624,4740.1351,-0.001609,4696.91265,0.007579,4725.49244,4728.943129,4733.719803,-0.004687,-0.004359,0.01023,-0.00073,56.377065,51.211899,49.937147,-3.450689,-6.078529,2.62784,0.035935,0.19393,1.576062,22.133195,0.004677,23.24478,0.004912,24.229284,0.00512,0.012429,0.722257,0.191671,0.193818,0.242764,1.0,0.136321,0.620915,1.0,0.647094,0.833774,0.681751,-0.003721,0.018665,0.502052,-0.536709,21.0,0.0,0.0,0.0,0.0,-0.707107,0.707107,0.0,1.0,50.318076,2.29423,-0.000668,51.384606,1.931769,0.00393,45.041736,0.97648,-0.000973,0.893823,0.33361,1.211899,6.377065,0.895761,0.172082,-0.757589,3.799993,0.113051,0.111853
544,2026-04-13 20:05:04.133568,XAUUSD,SELL,4743.58,4755.19921,4702.91277,23.23842,54.81,ml_direct,RISK_REJECTED,Correlated limit: 3 positions already betting USD_STRONG (max 3),0.6158,0.55,,1.0,0.001097,0.002888,0.002218,0.005179,0.006145,0.015462,4726.206,0.003676,4723.3775,0.004277,4744.6606,-0.000228,4741.1706,0.000508,4698.0844,0.009684,4729.039284,4730.429948,4734.327646,-0.00389,-0.003753,0.009914,-0.000294,63.228867,54.812193,52.339907,-1.390664,-5.066034,3.67537,0.517891,0.614473,1.546234,22.210086,0.004682,23.238418,0.004899,24.19959,0.005102,0.009183,0.965775,0.18684,0.191859,0.308422,1.0,0.23013,0.461447,2.0,0.868938,0.923446,0.733025,-0.001379,0.016631,0.494457,-0.438998,22.0,0.0,0.0,0.0,0.0,-0.5,0.866025,0.0,1.0,53.123286,3.00245,0.001789,50.318076,2.29423,-0.000668,51.384606,1.931769,0.00393,1.688907,0.67292,4.812193,13.228867,0.90773,0.172129,-0.281431,3.394809,0.158159,0.223767
545,2026-04-13 21:05:05.158464,EURUSD,SELL,1.17593,1.18045,1.16877,0.00151,71.96,bollinger_bounce,RISK_REJECTED,Correlated limit: 3 positions already betting USD_STRONG (max 3),,,,2.0,-6.8e-05,-0.000425,0.002207,0.004253,0.005627,0.006143,1.172464,0.002956,1.170652,0.004508,1.170363,0.004756,1.168674,0.006209,1.161592,0.012343,1.172814,1.171355,1.170191,0.001795,0.001693,0.007551,0.001245,80.998075,71.963925,67.315698,0.001458,0.00066,0.000799,0.425296,0.562706,0.614332,0.001559,0.001325,0.001508,0.001283,0.001462,0.001244,0.009337,0.982834,0.081459,0.065482,0.12069,-1.0,0.5,0.37931,-2.0,0.928488,0.931306,0.940137,-0.000519,0.007033,0.26477,-0.726842,23.0,0.0,0.0,0.0,0.0,-0.258819,0.965926,0.0,1.0,72.474379,0.000798,-0.000357,75.070254,0.000714,0.002634,66.993834,0.000476,0.000716,-0.510453,1e-06,21.963925,30.998075,1.073408,0.0,-0.404466,5.483496,0.529472,0.046414
546,2026-04-13 21:05:15.454475,XAUUSD,SELL,4741.16,4752.77921,4700.49277,23.23842,54.04,ml_direct,RISK_REJECTED,Correlated limit: 3 positions already betting USD_STRONG (max 3),0.6043,0.55,,1.0,0.000587,0.002376,0.001707,0.004666,0.005631,0.014944,4725.964,0.003215,4723.2565,0.00379,4744.6122,-0.000728,4741.1464,3e-06,4698.0723,0.009171,4728.666976,4730.250689,4734.232744,-0.00393,-0.003773,0.009906,-0.000335,61.810078,54.041599,51.821317,-1.583712,-5.104644,3.520931,0.46661,0.563143,1.494429,22.210086,0.004685,23.238418,0.004901,24.19959,0.005104,0.008992,0.921563,0.186376,0.191788,0.164887,1.0,0.373665,0.461447,2.0,0.820441,0.895119,0.721816,-0.00189,0.016129,0.891186,0.032116,22.0,0.0,0.0,0.0,0.0,-0.5,0.866025,0.0,1.0,53.123286,3.00245,0.001789,50.318076,2.29423,-0.000668,51.384606,1.931769,0.00393,0.918313,0.518481,4.041599,11.810078,0.90773,0.172129,-0.385568,3.290671,0.151513,0.119629
547,2026-04-13 22:05:05.244827,XAUUSD,SELL,4741.16,4752.77921,4700.49277,23.23842,54.04,ml_direct,RISK_REJECTED,Correlated limit: 3 positions already betting USD_STRONG (max 3),0.6043,0.55,,1.0,0.000587,0.002376,0.001707,0.004666,0.005631,0.014944,4725.964,0.003215,4723.2565,0.00379,4744.6122,-0.000728,4741.1464,3e-06,4698.0723,0.009171,4728.666976,4730.250689,4734.232744,-0.00393,-0.003773,0.009906,-0.000335,61.810078,54.041599,51.821317,-1.583712,-5.104644,3.520931,0.46661,0.563143,1.494429,22.210086,0.004685,23.238418,0.004901,24.19959,0.005104,0.008992,0.921563,0.186376,0.191788,0.164887,1.0,0.373665,0.461447,2.0,0.820441,0.895119,0.721816,-0.00189,0.016129,0.891186,0.032116,22.0,0.0,0.0,0.0,0.0,-0.5,0.866025,0.0,1.0,53.123286,3.00245,0.001789,50.318076,2.29423,-0.000668,51.384606,1.931769,0.00393,0.918313,0.518481,4.041599,11.810078,0.90773,0.172129,-0.385568,3.290671,0.151513,0.119629
548,2026-04-14 00:05:15.653848,XAUUSD,SELL,4755.34,4788.64638,4716.74257,22.12425,58.13,ml_direct,EXECUTED,,0.6123,0.55,56220507686.0,1.0,-0.000557,0.002991,0.003579,0.004703,0.010315,0.007218,4734.392,0.004425,4728.078,0.005766,4743.6504,0.002464,4742.7417,0.002656,4700.57605,0.01165,4736.587717,4734.011715,4735.955601,-0.001952,-0.003092,0.009164,0.000544,67.939708,58.130246,54.701936,2.576001,-2.61213,5.188132,0.470307,1.031489,0.721841,20.297206,0.004268,22.124248,0.004653,23.569747,0.004956,0.010886,1.029657,0.171629,0.159715,0.230035,-1.0,0.689236,0.080729,-1.0,0.838837,0.838837,0.787494,-0.002227,0.011591,0.364432,-0.28684,2.0,1.0,0.0,0.0,1.0,0.5,0.866025,0.951057,0.309017,59.246608,4.781921,0.00355,54.041599,3.520931,0.000587,53.123286,3.00245,0.001789,-1.116362,0.40621,8.130246,17.939708,0.893953,0.180797,-0.47866,2.491384,0.2345,0.119778
549,2026-04-14 01:05:04.749193,XAUUSD,SELL,4767.88,4778.51732,4730.64939,21.27463,61.72,ml_direct,RISK_REJECTED,Correlated limit: 3 positions already betting USD_STRONG (max 3),0.6178,0.55,,1.0,-0.000415,0.002144,0.002079,0.006226,0.007836,0.010542,4742.964,0.005253,4733.151,0.007337,4742.7168,0.005306,4745.0227,0.004817,4703.1534,0.013762,4745.990969,4739.127813,4738.569691,5.2e-05,-0.002502,0.008412,0.001448,73.491111,61.719697,57.224724,6.863156,0.554122,6.309034,0.622576,0.783587,1.054229,19.061825,0.003998,21.274632,0.004462,23.046142,0.004834,0.01494,0.99113,0.163277,0.16289,0.237695,-1.0,0.123649,0.638655,-1.0,0.894974,0.894974,0.857734,-0.001665,0.014191,0.151725,-0.837958,4.0,1.0,0.0,0.0,1.0,0.866025,0.5,0.951057,0.309017,62.655724,6.206643,0.00256,59.113805,5.337465,-6.5e-05,59.246608,4.781921,0.00355,-0.936027,0.10239,11.719697,23.491111,0.88724,0.188017,-0.373214,3.180313,0.296552,0.093069
550,2026-04-14 02:05:04.630336,XAUUSD,SELL,4766.02,4776.26366,4730.1672,20.48731,60.7,ml_direct,RISK_REJECTED,Correlated limit: 3 positions already betting USD_STRONG (max 3),0.6179,0.55,,1.0,0.000254,-0.000805,0.001753,0.005243,0.009934,0.009083,4747.345,0.003934,4735.1425,0.006521,4742.5326,0.004953,4746.1358,0.00419,4704.22945,0.013135,4748.672713,4740.909264,4739.530503,0.001015,-0.002316,0.008142,0.001638,70.435112,60.700071,56.662247,7.763449,1.956804,5.806645,0.524344,0.993401,0.908298,17.733605,0.003721,20.487312,0.004299,22.597925,0.004741,0.015785,0.913102,0.144137,0.164172,0.309463,1.0,0.196931,0.493606,1.0,0.857441,0.857441,0.861666,-0.002295,0.013806,0.079778,-0.932912,5.0,1.0,0.0,0.0,1.0,0.965926,0.258819,0.951057,0.309017,60.32243,6.113114,-0.001059,62.655724,6.206643,0.00256,59.113805,5.337465,-6.5e-05,0.377641,-0.306468,10.700071,20.435112,0.866959,0.195243,-0.533989,3.211744,0.283426,0.059061
551,2026-04-14 03:05:04.978433,XAUUSD,SELL,4772.49,4782.51605,4737.39883,20.0521,62.05,ml_direct,RISK_REJECTED,Correlated limit: 3 positions already betting USD_STRONG (max 3),0.6169,0.55,,1.0,-0.000538,0.001612,0.000551,0.003048,0.01229,0.009098,4754.043,0.00388,4737.746,0.007333,4742.7862,0.006263,4747.5106,0.005262,4705.112,0.01432,4753.513716,4743.868605,4741.163639,0.002373,-0.002057,0.008007,0.002033,71.300212,62.047948,57.762118,9.645111,3.609847,6.035263,0.304751,1.228961,0.909829,17.141457,0.003592,20.052096,0.004202,22.319326,0.004677,0.017859,0.910631,0.141179,0.167089,0.653061,-1.0,0.132653,0.214286,-1.0,0.930918,0.939059,0.892518,-0.000983,0.015143,0.067317,-0.920484,6.0,1.0,0.0,0.0,1.0,1.0,0.0,0.951057,0.309017,63.309081,6.383557,0.002151,60.32243,6.113114,-0.001059,62.655724,6.206643,0.00256,-1.261133,-0.348294,12.047948,21.300212,0.85962,0.19948,-0.233891,3.604112,0.300979,0.127667
552,2026-04-14 04:05:04.303966,XAUUSD,SELL,4768.02,4777.64778,4734.32276,19.25557,59.97,ml_direct,RISK_REJECTED,Correlated limit: 3 positions already betting USD_STRONG (max 3),0.5624,0.55,,1.0,-2e-06,-0.001474,0.000674,0.002173,0.007382,0.008957,4757.091,0.002297,4739.6395,0.005988,4742.7738,0.005323,4748.8152,0.004044,4706.0889,0.01316,4755.16486,4745.351699,4742.048787,0.003019,-0.001932,0.007795,0.002068,65.98942,59.9698,56.540089,9.813161,4.793585,5.019576,0.217333,0.738209,0.895742,15.90431,0.003336,19.255568,0.004038,21.847577,0.004582,0.018277,0.827626,0.131242,0.168387,0.049275,-1.0,0.655072,0.295652,-2.0,0.830119,0.880977,0.871203,-0.001921,0.01422,0.041415,-0.938762,7.0,1.0,0.0,0.0,1.0,0.965926,-0.258819,0.951057,0.309017,59.974639,5.750636,-0.001472,63.309081,6.383557,0.002151,60.32243,6.113114,-0.001059,-0.004839,-0.73106,9.9698,15.98942,0.836611,0.207732,-0.475707,3.521059,0.260682,0.008829
553,2026-04-14 05:05:05.443741,USDJPY,SELL,158.991,159.19958,158.48005,0.13705,32.85,ml_filtered_sma,EXECUTED,,,0.5,56223089926.0,1.0,-0.000233,-0.000641,-0.000949,-0.001093,-0.002472,-0.004651,159.197,-0.001294,159.38795,-0.00249,159.41718,-0.002673,159.06508,-0.000466,159.312355,-0.002017,159.2122,159.333908,159.336286,-0.001381,0.00203,0.000658,-0.000764,22.320184,32.849341,38.752821,-0.121708,-0.067658,-0.05405,-0.109321,-0.2472,-0.465148,0.124452,0.000783,0.137054,0.000862,0.148088,0.000931,0.006271,0.102842,0.034245,0.051135,0.711538,-1.0,0.134615,0.153846,-4.0,0.017058,0.009122,0.094792,-0.005466,5e-05,0.072102,-0.875912,8.0,1.0,1.0,0.0,0.0,0.866025,-0.5,0.951057,0.309017,34.007123,-0.054777,-0.000409,36.081621,-0.054335,-0.000308,37.69108,-0.055116,-0.000433,-1.157782,0.000727,-17.150659,-27.679816,0.917344,0.0,-6.34057,0.058371,-0.394372,0.269967
554,2026-04-14 05:05:15.863133,USDJPY,SELL,158.991,159.19958,158.48005,0.13705,32.85,asia_breakout,EXECUTED,,,,56223091787.0,1.0,-0.000233,-0.000641,-0.000949,-0.001093,-0.002472,-0.004651,159.197,-0.001294,159.38795,-0.00249,159.41718,-0.002673,159.06508,-0.000466,159.312355,-0.002017,159.2122,159.333908,159.336286,-0.001381,0.00203,0.000658,-0.000764,22.320184,32.849341,38.752821,-0.121708,-0.067658,-0.05405,-0.109321,-0.2472,-0.465148,0.124452,0.000783,0.137054,0.000862,0.148088,0.000931,0.006271,0.102842,0.034245,0.051135,0.711538,-1.0,0.134615,0.153846,-4.0,0.017058,0.009122,0.094792,-0.005466,5e-05,0.072102,-0.875912,8.0,1.0,1.0,0.0,0.0,0.866025,-0.5,0.951057,0.309017,34.007123,-0.054777,-0.000409,36.081621,-0.054335,-0.000308,37.69108,-0.055116,-0.000433,-1.157782,0.000727,-17.150659,-27.679816,0.917344,0.0,-6.34057,0.058371,-0.394372,0.269967
555,2026-04-14 05:05:25.990339,XAUUSD,SELL,4772.56,4781.84901,4740.04845,18.57803,61.05,ml_direct,RISK_REJECTED,Correlated limit: 3 positions already betting USD_STRONG (max 3),0.5798,0.55,,1.0,-0.000337,0.00095,-0.000524,0.000566,0.009015,0.008201,4761.97,0.002224,4741.888,0.006468,4743.074,0.006217,4750.0467,0.00474,4707.1973,0.013886,4758.641627,4747.788939,4743.477024,0.003984,-0.001718,0.007622,0.002286,67.427789,61.050158,57.36197,10.852688,6.083901,4.768787,0.056605,0.901495,0.82007,14.960837,0.003135,18.578028,0.003893,21.424628,0.004489,0.019588,0.830211,0.127806,0.167928,0.445355,-1.0,0.046448,0.508197,-1.0,0.914318,0.939969,0.892852,-0.000968,0.015157,0.051344,-0.898995,8.0,1.0,1.0,0.0,0.0,0.866025,-0.5,0.951057,0.309017,61.863897,5.412055,0.001288,59.974639,5.750636,-0.001472,63.309081,6.383557,0.002151,-0.813739,-0.643268,11.050158,17.427789,0.817957,0.215308,-0.248681,3.893847,0.25669,0.087738
556,2026-04-14 06:05:07.528723,XAUUSD,BUY,4765.04,4755.74689,4797.5659,18.58623,57.1,ml_filtered_sma,RISK_REJECTED,Conflicting SELL already open on XAUUSD,,0.5,,1.0,0.001046,-0.001912,-0.000627,4.8e-05,0.005626,0.008826,4763.386,0.000347,4743.3475,0.004573,4742.87,0.004674,4751.0013,0.002955,4708.13565,0.012086,4757.998773,4748.209457,4743.851658,0.004326,-0.001611,0.007378,0.002062,57.993742,57.098729,55.083472,9.789316,6.66544,3.123876,0.004827,0.56264,0.882636,15.364391,0.003224,18.58623,0.003901,21.343264,0.004479,0.019137,0.738974,0.154969,0.172017,0.721739,1.0,0.275362,0.002899,1.0,0.739373,0.842256,0.856993,-0.002548,0.013603,0.100948,-0.891315,9.0,1.0,1.0,0.0,0.0,0.707107,-0.707107,0.951057,0.309017,55.393137,3.971066,-0.002955,61.863897,5.412055,0.001288,59.974639,5.750636,-0.001472,1.705592,-0.84719,7.098729,7.993742,0.827685,0.215213,-0.653172,3.487528,0.168075,0.26794
557,2026-04-14 10:05:04.483682,XAUUSD,SELL,4774.03,4803.9943,4739.43997,19.86287,57.07,ml_direct,EXECUTED,,0.5528,0.55,56227861622.0,1.0,-0.002655,-0.000651,-0.001715,-2.9e-05,0.003437,0.014286,4773.213,0.000171,4753.9195,0.00423,4744.2904,0.006269,4754.1626,0.004179,4711.45845,0.013281,4767.917165,4755.612881,4748.453987,0.006096,-5.1e-05,0.006969,0.002587,55.886788,57.074953,55.644329,12.304283,9.531759,2.772524,-0.002932,0.343655,1.428574,18.56638,0.003889,19.862874,0.004161,21.772046,0.004561,0.019255,0.719699,0.196707,0.180852,0.718079,-1.0,0.146893,0.135028,-1.0,0.500671,0.767814,0.894233,-0.004675,0.015461,0.565447,-0.437283,12.0,1.0,1.0,0.0,0.0,0.0,-1.0,0.951057,0.309017,62.597919,3.8276,0.00201,59.874677,3.768128,-0.001064,62.100802,4.220902,0.004658,-5.522966,-1.055076,7.074953,5.886788,0.90465,0.201381,-1.123704,3.715978,0.139583,0.639887
558,2026-04-14 13:05:05.327454,XAUUSD,SELL,4774.91,4805.46566,4739.63005,20.25711,56.81,ml_direct,EXECUTED,,0.5509,0.55,56231402729.0,1.0,-1.3e-05,0.001365,-0.000714,-0.000467,-3.1e-05,0.011818,4774.497,8.7e-05,4761.373,0.002843,4745.3258,0.006234,4752.6937,0.004674,4714.71575,0.012767,4770.364136,4759.434274,4751.361803,0.006147,0.001826,0.006492,0.002296,55.686336,56.808816,55.54373,10.929861,10.412937,0.516925,-0.046681,-0.003141,1.181783,19.580782,0.004101,20.257112,0.004242,21.80578,0.004567,0.016643,0.670824,0.180954,0.166472,0.004003,-1.0,0.176785,0.819213,-1.0,0.514822,0.776969,0.898403,-0.00449,0.015642,0.772726,-0.305531,15.0,1.0,1.0,1.0,0.0,-0.707107,-0.707107,0.951057,0.309017,56.835748,1.057693,0.001378,54.64966,1.676313,-0.002076,58.826814,3.046302,-0.001759,-0.026932,-0.540768,6.808816,5.686336,0.941033,0.197462,-1.058394,3.6871,0.025518,0.002962
559,2026-04-14 14:05:05.537528,GBPUSD,SELL,1.35821,1.3605,1.35306,0.00149,81.09,bollinger_bounce,EXECUTED,,,,56233105529.0,2.0,-3.7e-05,-0.000331,0.000766,0.002924,0.004675,0.005538,1.355328,0.002126,1.35315,0.00374,1.347535,0.007922,1.344783,0.009984,1.335029,0.017364,1.355254,1.352198,1.348985,0.005783,0.006221,0.009368,0.00226,86.116045,81.08967,76.503957,0.003056,0.002639,0.000417,0.292413,0.467494,0.553775,0.001498,0.001103,0.001488,0.001096,0.001545,0.001137,0.008639,0.932894,0.041294,0.042745,0.116279,-1.0,0.627907,0.255814,-2.0,0.910714,0.927159,0.966443,-0.000515,0.00656,0.24317,-0.896583,17.0,1.0,0.0,1.0,0.0,-0.965926,-0.258819,0.951057,0.309017,81.469951,0.000464,-0.000294,84.410588,0.000459,0.001098,82.186601,0.000337,0.000907,-0.380281,-4.8e-05,31.08967,36.116045,1.000247,2016.211669,-0.470449,5.988149,0.279993,0.033604
560,2026-04-14 14:05:16.005771,USDCAD,BUY,1.37431,1.37224,1.37554,0.00101,21.03,bollinger_bounce,EXECUTED,,,,56233110210.0,2.0,0.000422,-0.000596,-0.000901,-0.001453,-0.002873,-0.003907,1.376249,-0.001409,1.377494,-0.002311,1.381405,-0.005136,1.382575,-0.005978,1.386918,-0.00909,1.376285,1.378221,1.380153,-0.003732,-0.003675,-0.003975,-0.001404,19.474664,21.030963,25.185088,-0.001936,-0.00169,-0.000246,-0.145316,-0.287317,-0.390665,0.001116,0.000812,0.001013,0.000737,0.00103,0.00075,0.004936,0.031686,0.035094,0.028456,0.36478,1.0,0.232704,0.402516,1.0,0.211438,0.177843,0.083276,-0.004104,0.000888,1.403794,-0.342324,16.0,1.0,0.0,1.0,0.0,-0.866025,-0.5,0.951057,0.309017,14.385212,-0.000261,-0.001018,17.729456,-0.00018,-0.000305,18.957154,-0.000157,-0.000472,6.64575,1.5e-05,-28.969037,-30.525336,1.061576,986.933718,-5.566306,1.204059,-0.242339,0.572422
561,2026-04-14 16:21:36.447917,XAUUSD,SELL,4815.04,4846.68698,4778.40018,21.01132,67.75,ml_direct,EXECUTED,,0.5718,0.55,56236276608.0,1.0,0.001437,0.002329,0.004248,0.008392,0.006861,0.016179,4787.862,0.005676,4776.4835,0.008072,4749.7042,0.013756,4752.7212,0.013112,4718.9907,0.020354,4787.82752,4771.592466,4759.285632,0.008034,0.005,0.006508,0.003402,76.098953,67.745512,63.192833,16.235055,12.775298,3.459756,0.839168,0.686082,1.617853,20.958763,0.004353,21.011323,0.004364,22.033867,0.004576,0.01522,1.030374,0.165443,0.17111,0.559087,1.0,0.188264,0.252649,4.0,0.955043,0.966133,0.987279,-0.000615,0.017537,0.442035,-0.705612,19.0,1.0,0.0,1.0,0.0,-0.965926,0.258819,0.951057,0.309017,65.995103,2.852774,0.000891,64.899524,2.176089,0.001915,62.492772,1.187382,0.004885,1.75041,0.606982,17.745512,26.098953,0.999324,0.190374,-0.140876,4.018785,0.164662,0.326491
562,2026-04-14 17:05:04.860606,XAUUSD,SELL,4815.44,4846.03455,4780.09303,20.2897,67.94,ml_direct,EXECUTED,,0.597,0.55,56236987831.0,1.0,0.001083,0.00152,0.002413,0.009238,0.008017,0.015667,4791.211,0.005057,4779.957,0.007423,4750.5542,0.013659,4752.5522,0.013232,4719.99635,0.020221,4791.44944,4774.510527,4761.306534,0.008558,0.005766,0.006474,0.003548,76.561668,67.936777,63.309306,16.938913,13.546629,3.392284,0.923846,0.801735,1.566705,19.491388,0.004048,20.289698,0.004213,21.640489,0.004494,0.014817,1.001004,0.158091,0.17088,0.651308,1.0,0.26401,0.084682,5.0,0.926636,0.937367,0.978693,-0.00104,0.015571,0.099057,-0.913849,20.0,1.0,0.0,1.0,0.0,-0.866025,0.5,0.951057,0.309017,66.546834,3.152793,0.000437,65.995103,2.852774,0.000891,64.899524,2.176089,0.001915,1.389943,0.239491,17.936777,26.561668,0.971302,0.197144,-0.246923,3.695471,0.167192,0.257766
563,2026-04-14 18:05:04.515626,XAUUSD,SELL,4836.77,4867.88718,4800.83496,20.63145,72.62,ml_direct,EXECUTED,,0.5958,0.55,56238127960.0,1.0,0.000347,0.005517,0.005957,0.008781,0.010452,0.016557,4798.179,0.008043,4784.8785,0.010845,4752.246,0.017786,4752.9155,0.017643,4721.08775,0.024503,4800.979822,4780.470077,4765.006255,0.009666,0.006725,0.0066,0.00429,83.074894,72.622069,66.877369,20.509745,15.190056,5.31969,0.878058,1.045179,1.655741,20.045272,0.004144,20.631454,0.004266,21.793584,0.004506,0.019176,1.065535,0.191099,0.181398,0.57931,1.0,0.203448,0.217241,6.0,0.947693,0.94799,0.981766,-0.000966,0.017599,0.089205,-0.924238,21.0,1.0,0.0,0.0,0.0,-0.707107,0.707107,0.951057,0.309017,72.280567,4.646301,0.005168,66.546834,3.152793,0.000437,65.995103,2.852774,0.000891,0.341502,0.673389,22.622069,33.074894,0.98909,0.193879,-0.226353,4.125739,0.257844,0.081429
564,2026-04-14 19:05:09.796686,XAUUSD,SELL,4841.25,4851.35744,4805.87398,20.21487,73.57,ml_direct,RISK_REJECTED,Max 3 positions on XAUUSD (demo),0.5569,0.55,,1.0,0.001158,0.001274,0.006449,0.007785,0.01317,0.017565,4804.36,0.007678,4789.001,0.01091,4753.5464,0.01845,4753.1824,0.018528,4722.01345,0.025251,4807.029435,4784.895476,4767.954006,0.01069,0.007536,0.006678,0.004626,84.346189,73.573737,67.61248,22.13396,16.564541,5.569418,0.778542,1.31699,1.756528,19.1986,0.003966,20.214871,0.004176,21.555943,0.004453,0.020974,1.020174,0.176124,0.181,0.941176,1.0,0.058824,0.0,7.0,0.97665,0.97678,0.991746,-0.00044,0.018508,0.10224,-0.903379,22.0,1.0,0.0,0.0,0.0,-0.5,0.866025,0.951057,0.309017,72.395344,5.248214,0.000116,72.280567,4.646301,0.005168,66.546834,3.152793,0.000437,1.178393,0.321204,23.573737,34.346189,0.971981,0.197874,-0.105368,4.432381,0.275511,0.277024
565,2026-04-14 20:05:15.353192,XAUUSD,SELL,4844.9,4875.89695,4809.10523,20.5513,74.29,ml_direct,RISK_REJECTED,Market closed,0.5519,0.55,,1.0,0.001913,0.002029,0.007208,0.008545,0.013934,0.018332,4804.725,0.008362,4789.1835,0.011634,4753.6194,0.019202,4753.2189,0.019288,4722.0317,0.02602,4807.590974,4785.165846,4768.097144,0.010751,0.007566,0.006689,0.004686,85.219519,74.289106,68.181056,22.425128,16.622775,5.802353,0.854523,1.393377,1.833246,19.871457,0.004102,20.551299,0.004242,21.724158,0.004484,0.021315,1.045792,0.176659,0.181851,0.86773,1.0,0.13227,0.0,7.0,0.985024,0.985105,0.994597,-0.000291,0.019247,1.052092,0.044118,22.0,1.0,0.0,0.0,0.0,-0.5,0.866025,0.951057,0.309017,72.395344,5.248214,0.000116,72.280567,4.646301,0.005168,66.546834,3.152793,0.000437,1.893762,0.554139,24.289106,35.219519,0.987359,0.194635,-0.068609,4.537426,0.282335,0.450093
566,2026-04-14 21:05:04.265395,XAUUSD,SELL,4844.9,4875.89695,4809.10523,20.5513,74.29,ml_direct,RISK_REJECTED,No prices,0.5519,0.55,,1.0,0.001913,0.002029,0.007208,0.008545,0.013934,0.018332,4804.725,0.008362,4789.1835,0.011634,4753.6194,0.019202,4753.2189,0.019288,4722.0317,0.02602,4807.590974,4785.165846,4768.097144,0.010751,0.007566,0.006689,0.004686,85.219519,74.289106,68.181056,22.425128,16.622775,5.802353,0.854523,1.393377,1.833246,19.871457,0.004102,20.551299,0.004242,21.724158,0.004484,0.021315,1.045792,0.176659,0.181851,0.86773,1.0,0.13227,0.0,7.0,0.985024,0.985105,0.994597,-0.000291,0.019247,1.052092,0.044118,22.0,1.0,0.0,0.0,0.0,-0.5,0.866025,0.951057,0.309017,72.395344,5.248214,0.000116,72.280567,4.646301,0.005168,66.546834,3.152793,0.000437,1.893762,0.554139,24.289106,35.219519,0.987359,0.194635,-0.068609,4.537426,0.282335,0.450093
567,2026-04-15 02:05:07.011450,XAUUSD,SELL,4847.93,4877.63816,4813.72547,19.66544,71.6,ml_direct,EXECUTED,,0.5599,0.55,56241698595.0,1.0,0.000169,0.002587,0.002227,0.000625,0.009176,0.01545,4833.674,0.002949,4806.724,0.008573,4761.1476,0.018227,4755.6673,0.019401,4725.8551,0.025831,4826.933867,4803.032299,4781.283712,0.015233,0.010736,0.007468,0.004976,77.464709,71.602058,67.001011,23.901567,21.240448,2.661119,0.06254,0.917597,1.544981,18.712875,0.00386,19.665443,0.004056,21.048129,0.004342,0.025427,0.83715,0.149459,0.180883,0.20297,1.0,0.386139,0.410891,2.0,0.707508,0.803035,0.917896,-0.004845,0.019755,0.105436,-0.92365,5.0,2.0,0.0,0.0,1.0,0.965926,0.258819,0.587785,-0.809017,71.398406,3.100736,0.002418,68.398368,3.327007,-0.00036,69.404545,4.312007,0.000422,0.203652,-0.439617,21.602058,27.464709,0.958445,0.203402,-1.194481,4.869964,0.13532,0.041698
568,2026-04-15 06:05:14.767614,AUDUSD,BUY,0.71397,0.71168,0.71528,0.0009,69.4,asia_breakout,EXECUTED,,,,56244026154.0,1.0,0.001009,0.001346,0.001487,0.002035,0.001908,0.00374,0.712891,0.001514,0.712974,0.001398,0.709684,0.00604,0.707764,0.008769,0.701605,0.017624,0.71293,0.711985,0.710386,0.004519,0.007361,0.011515,0.001327,77.722371,69.404831,66.098771,0.000945,0.001065,-0.00012,0.203503,0.190848,0.373958,0.000807,0.00113,0.000901,0.001262,0.001032,0.001446,0.003167,0.941381,0.030423,0.052853,0.616071,1.0,0.375,0.008929,5.0,0.904762,0.83125,0.931703,-0.001135,0.005588,0.622432,0.643606,8.0,2.0,1.0,0.0,0.0,0.866025,-0.5,0.587785,-0.809017,64.992126,-0.00018,0.000337,63.356267,-0.000204,0.00014,62.681572,-0.000217,0.000337,4.412705,6e-05,19.404831,27.722371,0.864246,0.0,-0.89883,4.427571,-0.132978,0.76567
569,2026-04-15 10:05:05.438088,XAUUSD,SELL,4798.09,4827.40386,4764.25883,19.42924,46.54,ml_direct,EXECUTED,,0.565,0.55,56247698914.0,1.0,-0.004223,-0.002715,-0.002822,-0.005571,-0.008077,0.004842,4821.469,-0.004849,4819.5425,-0.004451,4775.9184,0.004642,4760.4998,0.007896,4729.9598,0.014404,4816.231881,4806.71268,4788.78049,0.009538,0.012403,0.009716,0.00198,32.429722,46.537777,50.957468,9.5192,15.197192,-5.677992,-0.557102,-0.807705,0.484192,18.813833,0.003921,19.42924,0.004049,20.652588,0.004304,0.015673,0.215991,0.176732,0.191779,0.757632,-1.0,0.04207,0.200298,-1.0,0.068352,0.327926,0.571671,-0.015283,0.007457,0.733339,-0.278671,12.0,2.0,1.0,0.0,0.0,0.0,-1.0,0.587785,-0.809017,55.995891,-4.488781,0.001515,52.805304,-4.52972,-0.000108,53.060126,-3.731953,-0.00171,-9.458114,-1.189211,-3.462223,-17.570278,0.949622,0.205875,-3.774208,1.841554,-0.29224,1.04739
570,2026-04-15 11:05:07.463988,XAUUSD,SELL,4798.79,4826.64516,4766.66065,18.45677,46.89,ml_direct,EXECUTED,,0.5592,0.55,56248745849.0,1.0,-0.000248,0.000133,-0.004078,-0.002677,-0.009969,0.000859,4813.099,-0.002973,4821.1825,-0.004645,4778.8434,0.004174,4762.1536,0.007693,4730.69495,0.014394,4811.439494,4805.667851,4789.597165,0.007168,0.012395,0.010178,0.001201,33.90971,46.892676,51.116616,5.771643,12.084556,-6.312913,-0.267683,-0.996883,0.085929,16.962029,0.003535,18.456772,0.003846,20.090172,0.004187,0.012898,0.139905,0.158004,0.171463,0.263858,-1.0,0.017738,0.718404,-1.0,0.185444,0.146433,0.575759,-0.015135,0.002596,0.075457,-0.928589,14.0,2.0,1.0,1.0,0.0,-0.5,-0.866025,0.587785,-0.809017,47.421452,-6.141461,0.000381,46.560964,-5.674163,-0.004211,55.995891,-4.488781,0.001515,-0.528776,-0.171452,-3.107324,-16.09029,0.908719,0.216723,-3.935141,0.675091,-0.342038,0.064475
571,2026-04-15 16:05:07.385009,XAUUSD,SELL,4796.14,4825.72208,4761.99592,19.60805,45.44,ml_direct,EXECUTED,,0.5922,0.55,56254964143.0,1.0,-0.004035,-0.006792,-0.003219,-0.0008,-0.004932,-0.008056,4810.433,-0.002971,4821.625,-0.005286,4786.2186,0.002073,4766.1687,0.006288,4732.2917,0.013492,4812.662722,4808.224942,4793.486372,0.005059,0.011635,0.011396,0.000923,37.154356,45.437275,49.314586,4.43778,8.4967,-4.05892,-0.08,-0.493163,-0.805569,19.698634,0.004107,19.608046,0.004088,20.48365,0.004271,0.012313,0.070719,0.208367,0.179891,0.663593,-1.0,0.020833,0.315574,-2.0,0.221445,0.11529,0.56028,-0.015696,0.002045,0.955104,-0.322495,18.0,2.0,0.0,1.0,0.0,-1.0,-0.0,0.587785,-0.809017,53.044668,-3.036314,-0.002769,59.399111,-3.267522,0.003598,52.568059,-4.873819,-0.000214,-7.607394,-1.022606,-4.562725,-12.845644,0.987324,0.203998,-3.83924,0.500305,-0.207003,0.99092
572,2026-04-15 17:05:05.280210,XAUUSD,SELL,4800.7,4827.92869,4769.30152,18.03913,47.01,ml_direct,EXECUTED,,0.61,0.55,56255939076.0,1.0,-0.000666,-0.000194,-0.003088,-0.002272,-0.002172,-0.009123,4809.16,-0.001759,4818.102,-0.003612,4789.8394,0.002267,4767.9264,0.006874,4732.6055,0.014388,4810.286318,4807.719555,4794.360362,0.004034,0.010524,0.012094,0.000534,39.860648,47.010624,50.395138,2.566763,6.607005,-4.040241,-0.227158,-0.217204,-0.9123,16.609813,0.00346,18.039132,0.003758,19.628637,0.004089,0.011587,0.188282,0.194667,0.169098,0.745921,-1.0,0.249417,0.004662,-1.0,0.324379,0.16888,0.586916,-0.014731,0.002993,0.087326,-0.914647,20.0,2.0,0.0,1.0,0.0,-0.866025,0.5,0.587785,-0.809017,48.328002,-3.868899,0.000473,47.356257,-3.708561,-0.002895,53.044668,-3.036314,-0.002769,-1.317378,-0.171342,-2.989376,-10.139352,0.919266,0.22174,-3.920366,0.796602,-0.223971,0.177392
573,2026-04-15 18:05:25.324437,AUDUSD,SELL,0.71651,0.71907,0.71504,0.00101,76.02,bollinger_bounce,EXECUTED,,,,56256865706.0,2.0,-0.000153,0.00074,0.001314,0.003712,0.003136,0.005713,0.714955,0.002175,0.714059,0.003432,0.712054,0.006258,0.70909,0.010464,0.703039,0.019161,0.714991,0.713815,0.712107,0.004074,0.007008,0.012822,0.001647,82.479412,76.015489,71.585738,0.001176,0.001016,0.00016,0.371221,0.313607,0.571276,0.001023,0.001428,0.00101,0.00141,0.001053,0.00147,0.007033,0.987955,0.052942,0.04177,0.212766,-1.0,0.361702,0.425532,-1.0,0.917313,0.931034,0.971171,-0.000447,0.006029,0.431918,-0.621381,20.0,2.0,0.0,1.0,0.0,-0.866025,0.5,0.587785,-0.809017,77.50105,0.000139,0.000894,74.845142,6.9e-05,0.000573,72.945322,3e-06,0.001456,-1.485562,2.1e-05,26.015489,32.479412,1.045067,1980.333993,-0.316853,4.277521,0.15799,0.099017
574,2026-04-15 18:05:35.694994,XAUUSD,SELL,4796.89,4824.68052,4764.83605,18.41368,45.97,ml_direct,EXECUTED,,0.6022,0.55,56256868300.0,1.0,0.000906,-0.001459,-0.000987,-0.006637,-0.004472,-0.007907,4806.19,-0.001935,4815.783,-0.003923,4791.1432,0.001199,4768.6882,0.005914,4732.61265,0.013582,4807.164399,4806.358381,4794.152489,0.003141,0.009876,0.012367,0.000168,39.56914,45.970256,49.449721,0.806019,5.342785,-4.536766,-0.663707,-0.44724,-0.790673,17.423513,0.003632,18.413683,0.003839,19.776593,0.004123,0.012207,0.178615,0.198328,0.171831,0.413043,1.0,0.372401,0.214556,1.0,0.238375,0.124104,0.564661,-0.015537,0.002201,0.151468,-0.836128,21.0,2.0,0.0,0.0,0.0,-0.707107,0.707107,0.587785,-0.809017,43.958765,-4.560355,-0.002363,48.328002,-3.868899,0.000473,47.356257,-3.708561,-0.002895,2.011492,0.023589,-4.029744,-10.43086,0.940567,0.21723,-4.047533,0.573487,-0.24638,0.237324
575,2026-04-15 19:05:05.118074,XAUUSD,SELL,4801.89,4828.27702,4771.47348,17.47801,48.18,ml_direct,EXECUTED,,0.5756,0.55,56257560409.0,1.0,0.000438,0.001949,-0.000418,-0.002841,0.000779,-0.007291,4806.854,-0.001033,4814.1645,-0.00255,4792.6228,0.001934,4769.4914,0.006793,4732.7651,0.014606,4806.730468,4806.226292,4794.565187,0.002969,0.009366,0.012648,0.000105,44.526868,48.182224,50.799852,0.504176,4.412077,-3.907901,-0.284079,0.077947,-0.729147,15.67995,0.003265,17.478012,0.00364,19.261792,0.004011,0.011573,0.279693,0.17268,0.173624,0.515971,1.0,0.071253,0.412776,2.0,0.342785,0.182865,0.593867,-0.01448,0.00324,0.07089,-0.924725,22.0,2.0,0.0,0.0,0.0,-0.5,0.866025,0.587785,-0.809017,47.235746,-4.351695,0.001511,43.958765,-4.560355,-0.002363,48.328002,-3.868899,0.000473,0.946478,0.443794,-1.817776,-5.473132,0.897429,0.228859,-3.978141,0.890261,-0.22359,0.120151
576,2026-04-15 20:05:05.023891,XAUUSD,SELL,4795.81,4804.71972,4764.62598,17.81944,45.66,ml_direct,RISK_REJECTED,Correlated limit: 3 positions already betting USD_STRONG (max 3),0.6155,0.55,,1.0,-0.000829,0.00068,-0.001684,-0.004103,-0.000488,-0.008548,4806.246,-0.002171,4813.8605,-0.00375,4792.5012,0.00069,4769.4306,0.005531,4732.7347,0.013327,4805.795084,4805.775922,4794.326755,0.002868,0.009316,0.012628,4e-06,39.443287,45.655275,49.138736,0.019162,4.315074,-4.295912,-0.410336,-0.048769,-0.85484,16.362807,0.003412,17.819441,0.003716,19.432506,0.004052,0.01186,0.183834,0.173725,0.173161,0.449718,-1.0,0.414689,0.135593,-1.0,0.20375,0.111411,0.558353,-0.015766,0.001977,0.853352,-0.056828,22.0,2.0,0.0,0.0,0.0,-0.5,0.866025,0.587785,-0.809017,47.235746,-4.351695,0.001511,43.958765,-4.560355,-0.002363,48.328002,-3.868899,0.000473,-1.580471,0.055782,-4.344725,-10.556713,0.914159,0.224474,-4.243119,0.532003,-0.24108,0.223352
577,2026-04-15 21:05:05.794195,USDJPY,BUY,158.976,158.90202,159.53086,0.14796,49.8,ml_filtered_sma,RISK_REJECTED,Correlated limit: 3 positions already betting USD_STRONG (max 3),,0.5,,1.0,0.00012,-1.3e-05,-0.000289,0.000598,-0.000321,0.000428,159.0062,-0.00019,158.98275,-4.2e-05,158.98088,-3.1e-05,159.18632,-0.001321,159.201455,-0.001416,158.98353,158.978702,159.023799,0.000159,-0.001279,-0.001386,3e-05,49.265899,49.803295,49.035965,0.004829,0.000421,0.004408,0.059793,-0.03207,0.042792,0.137273,0.000863,0.147961,0.000931,0.152519,0.000959,0.00188,0.477414,0.05006,0.0468,0.734375,1.0,0.25,0.015625,1.0,0.558897,0.65286,0.44,-0.001107,0.002082,0.027472,-0.934783,0.0,3.0,0.0,0.0,1.0,0.0,1.0,-0.587785,-0.809017,48.878648,0.006663,-0.000132,49.820516,0.011648,-0.000277,51.761056,0.016523,-0.000503,0.924647,-0.002255,-0.196705,-0.734101,0.963377,385.235631,-1.189499,2.23707,0.029792,0.31765
578,2026-04-15 21:05:16.008117,XAUUSD,SELL,4795.81,4804.71972,4764.62598,17.81944,45.66,ml_direct,RISK_REJECTED,Correlated limit: 3 positions already betting USD_STRONG (max 3),0.6155,0.55,,1.0,-0.000829,0.00068,-0.001684,-0.004103,-0.000488,-0.008548,4806.246,-0.002171,4813.8605,-0.00375,4792.5012,0.00069,4769.4306,0.005531,4732.7347,0.013327,4805.795084,4805.775922,4794.326755,0.002868,0.009316,0.012628,4e-06,39.443287,45.655275,49.138736,0.019162,4.315074,-4.295912,-0.410336,-0.048769,-0.85484,16.362807,0.003412,17.819441,0.003716,19.432506,0.004052,0.01186,0.183834,0.173725,0.173161,0.449718,-1.0,0.414689,0.135593,-1.0,0.20375,0.111411,0.558353,-0.015766,0.001977,0.853352,-0.056828,22.0,2.0,0.0,0.0,0.0,-0.5,0.866025,0.587785,-0.809017,47.235746,-4.351695,0.001511,43.958765,-4.560355,-0.002363,48.328002,-3.868899,0.000473,-1.580471,0.055782,-4.344725,-10.556713,0.914159,0.224474,-4.243119,0.532003,-0.24108,0.223352
579,2026-04-15 22:05:05.629472,USDCHF,BUY,0.78149,0.77916,0.78446,0.00085,46.36,ml_filtered_sma,RISK_REJECTED,Correlated limit: 3 positions already betting USD_STRONG (max 3),,0.5,,1.0,-0.000422,-0.000384,-0.000256,-0.000844,-0.001138,-0.00023,0.781727,-0.000303,0.781652,-0.000208,0.781618,-0.000164,0.785604,-0.005237,0.790346,-0.011205,0.781709,0.781751,0.782611,0.000139,-0.00503,-0.011043,-5.4e-05,42.813765,46.363125,44.632935,-4.2e-05,-8.3e-05,4e-05,-0.084383,-0.113755,-0.023028,0.000806,0.001031,0.000848,0.001085,0.000909,0.001163,0.002455,0.415306,0.03142,0.038373,0.916667,-1.0,0.055556,0.027778,-1.0,0.422886,0.498489,0.504065,-0.002124,0.002111,0.153611,-0.886173,1.0,3.0,0.0,0.0,1.0,0.258819,0.965926,-0.587785,-0.809017,50.377204,6.9e-05,3.8e-05,50.011859,7.7e-05,0.000128,48.846139,8.8e-05,6.4e-05,-4.014079,-2.9e-05,-3.636875,-7.186235,0.973706,12978.727004,-1.958608,1.946809,0.047499,0.389362
580,2026-04-15 22:05:15.729226,XAUUSD,SELL,4797.93,4806.54367,4767.78216,17.22734,46.68,ml_direct,RISK_REJECTED,Correlated limit: 3 positions already betting USD_STRONG (max 3),0.6169,0.55,,1.0,0.000442,-0.000388,0.001123,-0.000771,-0.000427,-0.007753,4806.041,-0.001688,4811.986,-0.002921,4794.077,0.000804,4770.1476,0.005824,4732.95895,0.013727,4804.585071,4805.194742,4794.468059,0.002496,0.008771,0.012913,-0.000127,41.929226,46.678695,49.74697,-0.609672,3.330125,-3.939797,-0.077057,-0.042709,-0.77532,15.386692,0.003207,17.227338,0.003591,19.078845,0.003976,0.011425,0.244334,0.173832,0.17382,0.804827,1.0,0.064008,0.131165,1.0,0.25223,0.136326,0.570736,-0.015317,0.002418,0.051029,-0.942227,1.0,3.0,0.0,0.0,1.0,0.258819,0.965926,-0.587785,-0.809017,45.655275,-4.295912,-0.000829,47.235746,-4.351695,0.001511,43.958765,-4.560355,-0.002363,1.02342,0.356116,-3.321305,-8.070774,0.888149,2.263844,-4.265894,0.673348,-0.228694,0.445223
581,2026-04-16 11:05:08.515010,USDCHF,SELL,0.78339,0.78579,0.78043,0.00086,62.92,bollinger_bounce,EXECUTED,,,,56266674701.0,2.0,-0.000587,-0.000447,0.001291,0.003343,0.002675,0.002367,0.781899,0.001907,0.78174,0.00211,0.78139,0.00256,0.784472,-0.00138,0.789115,-0.007255,0.782289,0.781922,0.782315,0.000652,-0.003482,-0.00979,0.000469,69.020102,62.916473,57.793604,0.000367,4.8e-05,0.000319,0.334281,0.267503,0.236712,0.000879,0.001122,0.000857,0.001094,0.000885,0.00113,0.005058,0.91717,0.071584,0.054808,0.978723,-1.0,0.0,0.021277,-1.0,0.790179,0.790179,0.823308,-0.0012,0.004519,0.089895,-0.897572,14.0,3.0,1.0,1.0,0.0,-0.5,-0.866025,-0.587785,-0.809017,68.018159,0.000316,0.00014,67.431759,0.000238,0.001738,58.748275,0.000108,0.000422,-5.101686,3e-06,12.916473,19.020102,1.023308,2332.655077,-1.096348,4.128799,0.372153,0.536511
582,2026-04-16 11:05:18.874670,XAUUSD,SELL,4807.91,4831.82726,4780.37486,15.83151,46.9,ml_direct,EXECUTED,,0.5547,0.55,56266680547.0,1.0,-0.001035,-0.001257,-0.002738,-0.002781,-0.005214,-0.000773,4819.805,-0.002468,4815.0155,-0.001476,4810.867,-0.000615,4776.8819,0.006495,4740.7783,0.01416,4816.655062,4814.355097,4804.648672,0.001858,0.007983,0.014784,0.000478,38.992833,46.902145,49.779771,2.299965,3.854641,-1.554676,-0.27814,-0.521403,-0.077313,14.263403,0.002967,15.83151,0.003293,17.750547,0.003692,0.009992,0.352316,0.123729,0.163663,0.472091,-1.0,0.254494,0.273415,-4.0,0.086631,0.40812,0.467466,-0.006337,0.00437,0.578144,-0.357049,13.0,3.0,1.0,1.0,0.0,-0.258819,-0.965926,-0.587785,-0.809017,49.198429,-0.868942,-0.000222,49.683736,-0.270984,-0.001483,52.923009,0.531869,-0.00103,-2.296283,-0.685734,-3.097855,-11.007167,0.886431,0.252661,-1.924643,1.3271,-0.098201,0.315194
583,2026-04-16 16:05:04.491541,XAUUSD,SELL,4801.76,4829.45492,4769.81759,18.34995,45.66,ml_direct,EXECUTED,,0.5939,0.55,56273130711.0,1.0,0.002713,0.001443,-0.003013,-0.003213,-0.004057,0.001922,4811.507,-0.002026,4814.542,-0.002655,4813.8396,-0.002509,4779.1079,0.00474,4745.4907,0.011857,4809.350649,4811.435348,4804.870626,-0.000485,0.007414,0.014403,-0.000433,42.342049,45.659002,48.181733,-2.084698,1.275585,-3.360284,-0.321346,-0.405698,0.192173,19.854671,0.004135,18.349949,0.003822,18.724112,0.003899,0.010477,0.246593,0.152809,0.159798,0.527406,1.0,0.455948,0.016646,1.0,0.494811,0.438602,0.415898,-0.007626,0.005958,0.96659,-0.530714,18.0,3.0,0.0,1.0,0.0,-1.0,-0.0,-0.587785,-0.809017,38.980619,-3.594264,-0.001266,41.176389,-2.375114,-0.00445,50.502478,-0.893248,-0.001219,6.678383,0.233981,-4.340998,-7.657951,1.063419,0.217984,-1.995646,1.559132,-0.183122,0.707904
584,2026-04-16 17:05:06.441309,USDCAD,BUY,1.37073,1.36853,1.37204,0.00108,31.96,bollinger_bounce,EXECUTED,,,,56274206531.0,2.0,0.000102,-0.000547,-0.000671,-0.001246,-0.000729,-0.002402,1.37209,-0.000991,1.3723,-0.001144,1.374672,-0.002867,1.377967,-0.005252,1.382295,-0.008367,1.371896,1.37286,1.3744,-0.001878,-0.004113,-0.005515,-0.000702,27.102421,31.959047,33.778734,-0.000964,-0.000926,-3.9e-05,-0.124596,-0.072901,-0.240169,0.001136,0.000829,0.001082,0.000789,0.001053,0.000768,0.002424,0.028163,0.032923,0.028722,0.138614,1.0,0.445545,0.415842,1.0,0.153425,0.146214,0.064591,-0.002386,0.000409,0.764829,-0.509533,19.0,3.0,0.0,1.0,0.0,-0.965926,0.258819,-0.587785,-0.809017,30.475114,-7e-06,-0.000649,34.978302,7.3e-05,-0.000124,35.919719,0.000115,-0.000474,1.483934,-3.2e-05,-18.040953,-22.897579,1.067347,924.18715,-3.022092,0.517545,-0.035588,0.129386
585,2026-04-16 17:05:16.856967,USDJPY,BUY,159.193,158.93265,159.83338,0.17157,58.83,ml_filtered_sma,EXECUTED,,,0.5,56274209124.0,1.0,8.8e-05,0.000742,-0.000427,0.000503,0.002058,0.001516,159.1041,0.000559,158.93055,0.001651,158.92842,0.001665,159.14191,0.000321,159.1339,0.000371,159.073872,158.999658,158.993892,0.001105,-0.001328,-0.001291,0.000467,62.473346,58.825866,56.082676,0.074214,0.037308,0.036907,0.050279,0.205834,0.151618,0.173296,0.001089,0.171569,0.001078,0.16651,0.001046,0.005191,0.818095,0.049241,0.053562,0.421053,1.0,0.447368,0.131579,2.0,0.75,0.8907,0.8907,-0.000716,0.005836,0.111148,-0.910256,20.0,3.0,0.0,1.0,0.0,-0.866025,0.5,-0.587785,-0.809017,58.336808,0.039941,0.000654,54.618596,0.042459,-0.001168,64.122113,0.05325,0.00027,0.489058,-0.003034,8.825866,12.473346,1.041807,17.485706,-0.664457,5.41474,0.215112,0.093257
586,2026-04-16 17:05:27.010594,XAUUSD,SELL,4792.2,4801.12176,4760.97383,17.84353,42.52,ml_direct,RISK_REJECTED,Correlated limit: 3 positions already betting USD_STRONG (max 3),0.6073,0.55,,1.0,4.6e-05,-0.003071,0.000716,-0.004998,-0.005997,-0.000753,4805.726,-0.002815,4814.231,-0.004576,4814.7598,-0.004686,4779.7573,0.002603,4746.72515,0.00958,4805.023601,4809.006355,4804.076289,-0.001876,0.007212,0.014333,-0.000828,37.32933,42.521262,45.816074,-3.982754,-0.406392,-3.576362,-0.499764,-0.599654,-0.075274,18.375472,0.003834,17.843527,0.003723,18.453045,0.003851,0.011038,0.085406,0.178751,0.173164,0.036893,1.0,0.549515,0.413592,1.0,0.374631,0.292044,0.273944,-0.009636,0.003975,0.115957,-0.912157,20.0,3.0,0.0,1.0,0.0,-0.866025,0.5,-0.587785,-0.809017,42.416523,-3.483398,-0.003116,47.939884,-3.028432,0.003798,38.980619,-3.594264,-0.001266,0.104739,-0.092965,-7.478738,-12.67067,1.033069,0.224171,-2.588053,1.067614,-0.200429,0.010648
587,2026-04-17 06:16:01.634348,AUDUSD,SELL,0.71652,0.71862,0.71532,0.00082,51.31,ml_filtered_sma,EXECUTED,,,0.5,56280520024.0,1.0,-0.000446,-0.000405,8.4e-05,0.000503,0.000517,-0.000251,0.716262,0.00036,0.716352,0.000235,0.716412,0.000151,0.712946,0.005013,0.707888,0.012193,0.716426,0.71642,0.715699,-0.000209,0.004777,0.01204,8e-06,52.751432,51.305182,53.269788,6e-06,-2.4e-05,3e-05,0.050268,0.051665,-0.025115,0.00071,0.000991,0.000825,0.001151,0.000921,0.001286,0.003007,0.578214,0.039654,0.051762,0.450704,-1.0,0.211268,0.338028,-1.0,0.721951,0.534296,0.527407,-0.0018,0.002066,0.335475,-0.46184,9.0,4.0,1.0,0.0,0.0,0.707107,-0.707107,-0.951057,0.309017,55.11623,2.8e-05,4.2e-05,54.824099,-9e-06,0.000489,51.397121,-6.4e-05,0.000419,-3.811048,2e-06,1.305182,2.751432,0.840812,0.0,-1.564107,1.794479,0.035773,0.387995
588,2026-04-17 14:05:07.007048,USDCAD,BUY,1.36626,1.36428,1.36743,0.00097,26.79,bollinger_bounce,EXECUTED,,,,56289308181.0,2.0,0.000124,-0.000717,-0.001491,-0.000731,-0.002308,-0.003152,1.367684,-0.001041,1.368855,-0.001896,1.371253,-0.003641,1.374636,-0.006093,1.379909,-0.009891,1.367865,1.36923,1.371109,-0.002603,-0.004205,-0.006273,-0.000997,25.238759,26.789526,28.527273,-0.001365,-0.001212,-0.000154,-0.073139,-0.230755,-0.315195,0.001088,0.000797,0.000969,0.000709,0.000956,0.0007,0.004036,0.030338,0.037829,0.02856,0.10828,1.0,0.152866,0.738854,1.0,0.295556,0.234155,0.097365,-0.003184,0.000973,2.962587,-0.009825,16.0,4.0,0.0,1.0,0.0,-0.866025,-0.5,-0.951057,0.309017,24.991243,-0.000138,-0.000841,29.550746,-6.7e-05,-0.000775,35.01912,-4.9e-05,0.000387,1.798283,-1.6e-05,-23.210474,-24.761241,1.109644,0.0,-4.488475,1.372338,-0.158625,0.175412
589,2026-04-17 14:05:17.678109,XAUUSD,SELL,4856.99,4888.63222,4820.44241,20.98148,70.07,ml_direct,EXECUTED,,0.5504,0.55,56289314286.0,1.0,0.002193,0.012058,0.014545,0.012732,0.013289,0.010408,4804.282,0.010971,4797.824,0.012332,4806.7194,0.010458,4789.5398,0.014083,4759.2817,0.02053,4809.773267,4804.743233,4802.412702,-0.000507,0.00173,0.009967,0.001047,82.136272,70.068072,64.280881,5.030034,-1.952912,6.982946,1.273163,1.328941,1.040783,25.748096,0.005301,20.981479,0.00432,19.336292,0.003981,0.015914,1.274887,0.270516,0.210051,0.194155,1.0,0.596347,0.209498,3.0,0.70567,0.732487,0.732487,-0.006722,0.018406,1.637429,-0.088863,16.0,4.0,0.0,1.0,0.0,-0.866025,-0.5,-0.951057,0.309017,67.615967,4.323564,0.009843,51.076943,0.855158,0.002456,44.528098,0.129364,-0.000628,2.452105,2.659383,20.068072,32.136272,1.260792,0.190644,-1.556134,4.260901,0.332815,0.506637
590,2026-04-17 16:05:06.767028,XAUUSD,SELL,4872.26,4903.9701,4835.63322,21.02673,70.57,rsi_reversal,EXECUTED,,,,56291860486.0,1.1,-0.00014,-0.001647,0.005344,0.017734,0.016274,0.017345,4821.406,0.010548,4807.191,0.013536,4809.7578,0.012995,4792.8387,0.016571,4761.34585,0.023295,4830.1771,4815.902232,4808.652954,0.002422,0.002995,0.010168,0.002964,79.101703,70.573169,65.542617,14.274868,3.624252,10.650615,1.77342,1.62737,1.734531,24.536356,0.005036,21.026734,0.004316,19.479039,0.003998,0.026687,1.0072,0.305865,0.22958,0.039032,-1.0,0.416163,0.544805,-2.0,0.843325,0.857599,0.857599,-0.003567,0.021483,1.04258,-0.404261,18.0,4.0,0.0,1.0,0.0,-1.0,-0.0,-0.951057,0.309017,70.897467,10.170454,-0.001508,74.33031,8.470536,0.007003,67.615967,4.323564,0.009843,-0.324297,0.480161,20.573169,29.101703,1.244889,0.190234,-0.826567,4.977949,0.506527,0.033767
591,2026-04-17 16:05:17.474073,USDCHF,BUY,0.77898,0.77615,0.78249,0.00101,28.51,rsi_reversal,EXECUTED,,,,56291863290.0,1.1,0.000295,0.00045,-0.000282,-0.004537,-0.00568,-0.005579,0.78123,-0.00288,0.782257,-0.00419,0.782239,-0.004167,0.782331,-0.004283,0.786908,-0.010075,0.780949,0.781851,0.782267,-0.00129,-9.4e-05,-0.005933,-0.001153,20.393733,28.512808,33.79211,-0.000902,-0.00034,-0.000561,-0.453657,-0.568015,-0.55786,0.001202,0.001543,0.001015,0.001303,0.000932,0.001196,0.009111,0.040147,0.11301,0.083811,0.22549,1.0,0.607843,0.166667,2.0,0.223765,0.223765,0.206847,-0.006457,0.001861,1.680409,-0.448523,18.0,4.0,0.0,1.0,0.0,-1.0,-0.0,-0.951057,0.309017,26.175042,-0.000573,0.000154,24.986593,-0.000518,-0.000732,26.896357,-0.000374,-0.004294,2.337766,1.2e-05,-21.487192,-29.606267,1.271446,0.0,-4.957362,1.429061,-0.553198,0.226679
592,2026-04-17 17:05:18.690694,EURUSD,BUY,1.17945,1.17551,1.18564,0.00131,50.01,sma_crossover,EXECUTED,,,,56292725399.0,1.0,-0.000347,-0.000517,-0.001566,-0.003405,0.001044,0.001239,1.180496,-0.000886,1.179253,0.000167,1.179207,0.000206,1.178517,0.000791,1.172991,0.005506,1.180035,1.179473,1.178987,0.001093,0.000624,0.005299,0.000476,44.658649,50.005401,51.092476,0.000562,0.000469,9.2e-05,-0.340521,0.104395,0.12394,0.00148,0.001255,0.001308,0.001109,0.001199,0.001017,0.005845,0.528579,0.108178,0.077367,0.602941,-1.0,0.014706,0.382353,-5.0,0.208999,0.295866,0.338592,-0.004621,0.001942,0.116,-0.903667,20.0,4.0,0.0,1.0,0.0,-0.866025,0.5,-0.951057,0.309017,52.199909,0.00022,-0.000169,53.258606,0.000357,-0.00105,60.299404,0.00052,-0.001732,-2.194509,-0.000128,0.005401,-5.341351,1.252011,764.63471,-4.167259,1.751013,0.070704,0.3135
593,2026-04-17 17:05:29.067268,USDJPY,SELL,158.121,158.47521,157.24599,0.23414,31.41,sma_crossover,EXECUTED,,,,56292728155.0,1.0,0.0005,0.000127,0.001717,-0.001856,-0.007264,-0.006316,158.5242,-0.002543,158.9321,-0.005103,158.95712,-0.00526,158.99949,-0.005525,159.048055,-0.005829,158.514996,158.790683,158.912443,-0.002724,-0.000424,-0.000572,-0.001736,29.281201,31.411328,34.581343,-0.275687,-0.134206,-0.141482,-0.185588,-0.726403,-0.631575,0.279185,0.001766,0.234136,0.001481,0.200299,0.001267,0.014244,0.141709,0.139093,0.104371,0.79,1.0,0.21,0.0,1.0,0.310787,0.274318,0.274318,-0.008917,0.003371,0.136805,-0.88968,20.0,4.0,0.0,1.0,0.0,-0.866025,0.5,-0.951057,0.309017,28.542056,-0.158791,-0.000373,29.394823,-0.163645,0.00159,19.946306,-0.162851,-0.002137,2.869272,0.017309,-18.588672,-20.718799,1.386789,0.0,-6.022131,2.276451,-0.60427,0.33741
594,2026-04-17 17:05:39.764972,EURUSD,BUY,1.17945,1.17551,1.18564,0.00131,50.01,ml_filtered_sma,EXECUTED,,,0.5,56292730559.0,1.0,-0.000347,-0.000517,-0.001566,-0.003405,0.001044,0.001239,1.180496,-0.000886,1.179253,0.000167,1.179207,0.000206,1.178517,0.000791,1.172991,0.005506,1.180035,1.179473,1.178987,0.001093,0.000624,0.005299,0.000476,44.658649,50.005401,51.092476,0.000562,0.000469,9.2e-05,-0.340521,0.104395,0.12394,0.00148,0.001255,0.001308,0.001109,0.001199,0.001017,0.005845,0.528579,0.108178,0.077367,0.602941,-1.0,0.014706,0.382353,-5.0,0.208999,0.295866,0.338592,-0.004621,0.001942,0.116,-0.903667,20.0,4.0,0.0,1.0,0.0,-0.866025,0.5,-0.951057,0.309017,52.199909,0.00022,-0.000169,53.258606,0.000357,-0.00105,60.299404,0.00052,-0.001732,-2.194509,-0.000128,0.005401,-5.341351,1.252011,764.63471,-4.167259,1.751013,0.070704,0.3135
595,2026-04-17 17:05:49.926492,USDJPY,SELL,158.121,158.23807,157.24299,0.23414,31.41,ml_filtered_sma,RISK_REJECTED,Correlated limit: 3 positions already betting USD_WEAK (max 3),,0.5,,1.0,0.0005,0.000127,0.001717,-0.001856,-0.007264,-0.006316,158.5242,-0.002543,158.9321,-0.005103,158.95712,-0.00526,158.99949,-0.005525,159.048055,-0.005829,158.514996,158.790683,158.912443,-0.002724,-0.000424,-0.000572,-0.001736,29.281201,31.411328,34.581343,-0.275687,-0.134206,-0.141482,-0.185588,-0.726403,-0.631575,0.279185,0.001766,0.234136,0.001481,0.200299,0.001267,0.014244,0.141709,0.139093,0.104371,0.79,1.0,0.21,0.0,1.0,0.310787,0.274318,0.274318,-0.008917,0.003371,0.136805,-0.88968,20.0,4.0,0.0,1.0,0.0,-0.866025,0.5,-0.951057,0.309017,28.542056,-0.158791,-0.000373,29.394823,-0.163645,0.00159,19.946306,-0.162851,-0.002137,2.869272,0.017309,-18.588672,-20.718799,1.386789,0.0,-6.022131,2.276451,-0.60427,0.33741
596,2026-04-17 17:06:00.135202,XAUUSD,BUY,4867.56,4857.77308,4901.81422,19.57384,68.27,ml_filtered_sma,RISK_REJECTED,Conflicting SELL already open on XAUUSD,,0.5,,1.0,0.000121,2e-06,-0.001104,0.004374,0.01739,0.015414,4837.446,0.006225,4814.5205,0.011017,4812.1014,0.011525,4795.6111,0.015003,4763.2385,0.021901,4840.199116,4822.932208,4812.98979,0.005267,0.003943,0.010258,0.00358,74.771905,68.269406,64.009398,17.266908,8.262798,9.00411,0.437442,1.739,1.541408,20.673854,0.004247,19.573842,0.004021,18.865411,0.003876,0.029897,0.868483,0.299051,0.232058,0.133183,1.0,0.453725,0.413093,1.0,0.796984,0.819091,0.819091,-0.004536,0.020538,0.102666,-0.904166,20.0,4.0,0.0,1.0,0.0,-0.866025,0.5,-0.951057,0.309017,68.128415,9.850655,-0.000119,68.405874,10.350034,-0.001106,70.897467,10.170454,-0.001508,0.140991,-0.846545,18.269406,24.771905,1.13876,0.204354,-1.128036,5.107326,0.460007,0.030142
597,2026-04-20 00:05:04.646116,XAUUSD,SELL,4771.35,4806.95526,4730.26554,23.59684,36.07,ml_direct,EXECUTED,,0.5509,0.55,56297066579.0,1.0,-0.001678,-0.017116,-0.017889,-0.019647,-0.005786,-0.0038,4846.017,-0.015408,4818.8725,-0.009862,4812.1158,-0.008471,4799.2221,-0.005808,4766.39305,0.00104,4824.55154,4819.933387,4813.000428,0.007045,0.004094,0.009593,0.000958,23.598006,36.068529,40.682599,4.618154,9.847394,-5.229241,-1.964672,-0.578648,-0.379994,27.476506,0.005759,23.596837,0.004946,21.068572,0.004416,0.032111,0.192886,0.512257,0.366611,0.704745,-1.0,0.00703,0.288225,-1.0,0.101618,0.101618,0.101618,-0.024792,0.002804,0.509337,-0.541908,2.0,0.0,0.0,0.0,1.0,0.5,0.866025,0.0,1.0,37.689578,-0.750214,-0.015464,61.850958,5.479782,-0.000786,63.783005,7.152679,-0.000899,-1.62105,-4.479026,-13.931471,-26.401994,1.287097,0.169514,-5.01296,0.567025,-0.221608,0.339876
598,2026-04-20 05:05:04.405939,AUDUSD,SELL,0.71519,0.71857,0.71322,0.00134,45.17,ml_filtered_sma,EXECUTED,,,0.5,56300289615.0,1.0,-0.000238,-0.000294,0.000518,0.002481,-0.002955,-0.003844,0.714885,0.000427,0.716822,-0.002277,0.716862,-0.002333,0.715193,-4e-06,0.710492,0.006612,0.715563,0.716212,0.716168,-0.002758,0.002279,0.008966,-0.000906,45.514482,45.17336,46.393053,-0.000649,-0.000436,-0.000213,0.248101,-0.295549,-0.384428,0.001324,0.001851,0.001337,0.00187,0.001238,0.001731,0.014011,0.33745,0.216139,0.184629,0.340426,-1.0,0.489362,0.170213,-2.0,0.585089,0.340566,0.340566,-0.009774,0.005048,0.224362,-0.476012,7.0,0.0,0.0,0.0,1.0,0.965926,-0.258819,0.0,1.0,45.843667,-0.00028,-5.6e-05,45.992777,-0.000376,0.000811,43.519279,-0.000497,-0.000154,-0.670307,6.7e-05,-4.82664,-4.485518,1.074981,3739.453384,-5.227756,2.699885,-0.159369,0.119663
599,2026-04-20 07:05:15.562006,XAUUSD,SELL,4787.19,4821.21843,4747.81516,22.58562,43.88,ml_direct,EXECUTED,,0.5676,0.55,56302177772.0,1.0,-0.000756,-0.000338,-0.00076,-0.004274,-0.014629,-0.001822,4792.413,-0.00109,4817.7995,-0.006353,4809.3728,-0.004612,4803.91,-0.00348,4771.19255,0.003353,4800.348334,4807.061379,4807.082273,-0.003526,0.002891,0.008002,-0.001396,40.314038,43.884261,45.685451,-6.713045,-1.684049,-5.028996,-0.427436,-1.462869,-0.182238,21.823642,0.004559,22.585622,0.004718,21.339776,0.004458,0.033475,0.310203,0.463517,0.398799,0.359484,-1.0,0.317776,0.322741,-1.0,0.404182,0.329121,0.329121,-0.021401,0.010499,0.552243,-0.378005,9.0,0.0,1.0,0.0,0.0,0.707107,-0.707107,0.0,1.0,44.804146,-5.48353,0.000418,44.204129,-6.112471,-0.000422,44.659439,-6.414789,-0.001361,-0.919884,0.454535,-6.115739,-9.685962,1.04055,0.177104,-4.536072,2.22531,-0.222664,0.160279
600,2026-04-20 10:05:04.607892,XAUUSD,SELL,4786.44,4818.13246,4749.81212,21.02164,44.05,ml_direct,EXECUTED,,0.5539,0.55,56305175962.0,1.0,-0.002029,-0.000685,-0.001871,-0.000495,0.006591,-0.002642,4791.577,-0.001072,4817.9845,-0.006547,4807.7498,-0.004432,4805.6209,-0.003991,4773.38365,0.002735,4797.260089,4804.168925,4805.519,-0.003364,0.002573,0.0072,-0.001438,40.775285,44.054417,45.735983,-6.908836,-4.033773,-2.875063,-0.04949,0.659082,-0.264215,19.138299,0.003998,21.021644,0.004392,20.666522,0.004318,0.033352,0.303691,0.22997,0.3987,0.678049,-1.0,0.118467,0.203484,-1.0,0.598624,0.324209,0.324209,-0.021561,0.010344,0.392177,-0.431773,12.0,0.0,1.0,0.0,0.0,0.0,-1.0,0.0,1.0,46.858813,-3.044854,0.001347,44.691592,-4.003559,-0.001187,46.236214,-4.504414,0.00096,-2.804396,0.169791,-5.945583,-9.224715,0.928183,0.19028,-4.909226,2.355192,-0.136767,0.462856
601,2026-04-20 13:05:15.595356,USDCAD,BUY,1.36991,1.3679,1.3711,0.00099,55.49,ml_filtered_sma,EXECUTED,,,0.5,56308868818.0,1.0,0.000643,0.000526,0.000694,0.000402,0.000131,0.00229,1.369437,0.000345,1.369374,0.000391,1.369295,0.000449,1.372189,-0.001661,1.377638,-0.005609,1.369371,1.369289,1.369964,0.000104,-0.002051,-0.006056,6e-05,61.51452,55.492274,51.605753,8.2e-05,4.2e-05,4e-05,0.040165,0.013141,0.229005,0.000911,0.000665,0.000985,0.000719,0.001015,0.000741,0.002256,0.673354,0.024284,0.031689,0.704,1.0,0.144,0.152,1.0,0.802956,0.752404,0.57907,-0.000752,0.002285,0.925189,-0.120084,15.0,0.0,1.0,1.0,0.0,-0.707107,-0.707107,0.0,1.0,47.829995,2e-06,-0.000117,49.261805,2.9e-05,0.000168,47.150003,5.4e-05,-0.000256,7.662279,3.8e-05,5.492274,11.51452,0.868464,0.0,-1.045296,3.176481,0.040535,0.893068
602,2026-04-20 13:05:26.034437,XAUUSD,SELL,4806.12,4837.41893,4769.97291,20.75262,50.52,ml_direct,EXECUTED,,0.5891,0.55,56308871773.0,1.0,-0.000908,0.00215,0.00302,0.003424,0.001826,-0.013712,4795.582,0.002197,4808.886,-0.000575,4806.4928,-7.8e-05,4806.9419,-0.000171,4775.44185,0.006424,4800.671254,4804.522507,4805.559604,-0.00227,0.000404,0.006502,-0.000802,54.741619,50.522086,50.076233,-3.851252,-4.339803,0.488551,0.3424,0.1826,-1.371246,19.447092,0.004046,20.752621,0.004318,20.548661,0.004276,0.028101,0.479531,0.109519,0.333731,0.19083,-1.0,0.506114,0.303057,-1.0,0.62394,0.481791,0.453081,-0.015484,0.014396,1.148971,0.25525,15.0,0.0,1.0,1.0,0.0,-0.707107,-0.707107,0.0,1.0,52.063674,-0.252193,0.003061,47.021129,-1.792968,0.000868,45.512921,-2.542573,-0.000942,-1.541588,0.740744,0.522086,4.741619,0.914212,0.192747,-3.586053,3.334037,0.023542,0.210576
603,2026-04-20 17:05:15.055360,USDCHF,BUY,0.77834,0.77516,0.78229,0.00114,29.05,bollinger_bounce,EXECUTED,,,,56314549036.0,2.0,0.000154,-0.000167,-0.001898,-0.003585,-0.004757,-0.004286,0.780366,-0.002596,0.781536,-0.004089,0.781954,-0.004622,0.781764,-0.00438,0.785212,-0.008751,0.780191,0.781009,0.781549,-0.002031,-0.000293,-0.004148,-0.001048,16.695476,29.046576,34.573141,-0.000819,-0.000385,-0.000434,-0.35845,-0.475667,-0.428559,0.00121,0.001555,0.00114,0.001465,0.001061,0.001363,0.008403,0.013425,0.051295,0.063066,0.317073,1.0,0.04878,0.634146,1.0,0.150495,0.120635,0.115549,-0.007118,0.000976,0.472769,-0.747248,19.0,0.0,0.0,1.0,0.0,-0.965926,0.258819,0.0,1.0,27.799079,-0.00042,-0.000321,28.777891,-0.000345,-0.001731,34.948126,-0.00022,-0.001421,1.247497,-1.4e-05,-20.953424,-33.304524,1.051614,1754.274797,-4.859341,0.666624,-0.380673,0.114028
604,2026-04-20 17:05:25.425701,XAUUSD,SELL,4805.73,4835.39523,4771.44557,19.67682,50.24,ml_direct,EXECUTED,,0.5596,0.55,56314551827.0,1.0,4.2e-05,0.001261,7.3e-05,0.000475,0.003343,-0.010034,4803.183,0.00053,4794.973,0.002243,4805.3776,7.3e-05,4808.8365,-0.000646,4779.3791,0.005513,4803.595434,4805.019877,4805.674069,-0.000457,-0.002883,0.00544,-0.000296,52.224986,50.242236,49.963786,-1.424443,-2.671046,1.246603,0.047466,0.334258,-1.003411,17.627816,0.003668,19.676819,0.004094,20.099667,0.004182,0.011827,0.689682,0.148084,0.343617,0.833333,1.0,0.166667,0.0,2.0,0.503742,0.758712,0.450527,-0.004553,0.014316,0.000705,-0.999245,20.0,0.0,0.0,1.0,0.0,-0.866025,0.5,0.0,1.0,50.16847,1.22696,0.001219,48.077788,1.156752,-0.001186,49.974796,1.591473,-0.002607,0.073766,0.019642,0.242236,2.224986,0.858437,0.203285,-1.111968,3.4965,0.063354,0.010164
605,2026-04-20 18:05:17.300729,XAUUSD,SELL,4811.46,4840.35455,4778.05303,19.1697,52.39,ml_direct,EXECUTED,,0.5773,0.55,56315435636.0,1.0,0.000982,0.001234,0.002454,-0.001345,0.003188,0.006714,4804.813,0.001383,4796.628,0.003092,4805.3016,0.001282,4809.1389,0.000483,4780.15605,0.006549,4804.936847,4805.566196,4805.939023,-0.000102,-0.002601,0.00526,-0.000131,57.238656,52.389378,51.340899,-0.629349,-2.249815,1.620466,-0.134497,0.318796,0.671427,16.824455,0.003497,19.1697,0.003984,19.841235,0.004124,0.011817,0.761664,0.146518,0.207625,0.920078,1.0,0.079922,0.0,3.0,0.633704,0.821901,0.488049,-0.003357,0.01549,0.100419,-0.887156,21.0,0.0,0.0,0.0,0.0,-0.707107,0.707107,0.0,1.0,50.611441,1.311059,0.000252,50.16847,1.22696,0.001219,48.077788,1.156752,-0.001186,1.777937,0.309407,2.389378,7.238656,0.845151,0.208663,-0.842475,3.887907,0.084533,0.246222
606,2026-04-20 19:05:04.685916,XAUUSD,SELL,4817.56,4845.29005,4785.29495,18.46003,54.59,ml_direct,EXECUTED,,0.5807,0.55,56316180717.0,1.0,0.000723,0.002251,0.002503,0.002535,0.005407,0.013135,4807.666,0.002058,4799.882,0.003683,4805.8084,0.002445,4809.5693,0.001661,4780.8767,0.007673,4807.219935,4806.634324,4806.493463,0.000387,-0.002014,0.005215,0.000122,62.00689,54.594528,52.776052,0.585611,-1.649289,2.234901,0.253466,0.540732,1.313537,15.692186,0.003257,18.460027,0.003832,19.46841,0.004041,0.00937,0.893077,0.144437,0.183015,0.714579,1.0,0.258727,0.026694,4.0,0.754938,0.878813,0.527994,-0.002086,0.015128,0.094471,-0.905117,22.0,0.0,0.0,0.0,0.0,-0.5,0.866025,0.0,1.0,53.322117,1.787668,0.001527,50.611441,1.311059,0.000252,50.16847,1.22696,0.001219,1.272411,0.447233,4.594528,12.00689,0.826665,0.216684,-0.54442,3.94799,0.121067,0.188515
607,2026-04-20 20:05:04.420279,XAUUSD,SELL,4814.3,4823.7418,4781.2537,18.8836,53.4,ml_direct,RISK_REJECTED,Max 3 positions on XAUUSD (demo),0.6276,0.55,,1.0,4.6e-05,0.001573,0.001825,0.001856,0.004727,0.01245,4807.34,0.001448,4799.719,0.003038,4805.7432,0.001781,4809.5367,0.00099,4780.8604,0.006994,4806.718397,4806.392843,4806.36562,0.000332,-0.002041,0.005205,6.8e-05,59.431246,53.404665,52.00372,0.325554,-1.701301,2.026855,0.185625,0.472697,1.244979,16.539329,0.003435,18.883599,0.003922,19.680196,0.004088,0.009163,0.831554,0.144824,0.183314,0.02037,1.0,0.655556,0.324074,4.0,0.675445,0.839503,0.506647,-0.002765,0.014461,0.698722,-0.27626,22.0,0.0,0.0,0.0,0.0,-0.5,0.866025,0.0,1.0,53.322117,1.787668,0.001527,50.611441,1.311059,0.000252,50.16847,1.22696,0.001219,0.082548,0.239187,3.404665,9.431246,0.844832,0.211824,-0.704844,3.686797,0.107334,0.01165
608,2026-04-20 21:05:04.357571,XAUUSD,SELL,4814.3,4823.7418,4781.2537,18.8836,53.4,ml_direct,RISK_REJECTED,Max 3 positions on XAUUSD (demo),0.6276,0.55,,1.0,4.6e-05,0.001573,0.001825,0.001856,0.004727,0.01245,4807.34,0.001448,4799.719,0.003038,4805.7432,0.001781,4809.5367,0.00099,4780.8604,0.006994,4806.718397,4806.392843,4806.36562,0.000332,-0.002041,0.005205,6.8e-05,59.431246,53.404665,52.00372,0.325554,-1.701301,2.026855,0.185625,0.472697,1.244979,16.539329,0.003435,18.883599,0.003922,19.680196,0.004088,0.009163,0.831554,0.144824,0.183314,0.02037,1.0,0.655556,0.324074,4.0,0.675445,0.839503,0.506647,-0.002765,0.014461,0.698722,-0.27626,22.0,0.0,0.0,0.0,0.0,-0.5,0.866025,0.0,1.0,53.322117,1.787668,0.001527,50.611441,1.311059,0.000252,50.16847,1.22696,0.001219,0.082548,0.239187,3.404665,9.431246,0.844832,0.211824,-0.704844,3.686797,0.107334,0.01165
609,2026-04-20 22:05:19.346693,XAUUSD,SELL,4824.15,4852.52609,4791.7379,18.70406,57.07,ml_direct,EXECUTED,,0.5932,0.55,56317012915.0,1.0,0.002046,0.002092,0.003622,0.005098,0.005909,0.010827,4810.174,0.002906,4802.3025,0.004549,4806.4508,0.003682,4809.9108,0.00296,4781.6701,0.008884,4809.400182,4807.708188,4807.063047,0.000775,-0.001582,0.005182,0.000352,67.256108,57.065643,54.371213,1.691994,-1.022642,2.714636,0.509826,0.590933,1.082666,16.515139,0.003423,18.704056,0.003877,19.561974,0.004055,0.008584,1.029965,0.149793,0.17686,0.36553,1.0,0.617424,0.017045,5.0,0.852054,0.890032,0.571148,-0.001352,0.010939,0.089438,-0.878279,1.0,1.0,0.0,0.0,1.0,0.258819,0.965926,0.951057,0.309017,53.404665,2.026855,4.6e-05,53.322117,1.787668,0.001527,50.611441,1.311059,0.000252,3.660978,0.687781,7.065643,17.256108,0.850862,0.213857,-0.348587,2.821313,0.145136,0.206372
610,2026-04-21 00:05:04.811631,XAUUSD,SELL,4825.05,4833.7838,4794.48171,17.4676,56.72,ml_direct,RISK_REJECTED,Max 3 positions on XAUUSD (demo),0.624,0.55,,1.0,0.000686,-0.000532,0.002233,0.003809,0.004497,0.005772,4813.806,0.002336,4804.5605,0.004265,4807.4772,0.003655,4810.9462,0.002932,4782.327,0.008934,4813.796434,4810.175536,4808.447028,0.001316,-0.001327,0.005259,0.000753,64.217801,56.723519,54.320298,3.620899,0.547481,3.073418,0.380923,0.449677,0.577192,14.644942,0.003035,17.467597,0.00362,18.881162,0.003913,0.010323,0.913121,0.139041,0.124413,0.586397,1.0,0.113971,0.299632,1.0,0.798574,0.847201,0.577041,-0.001697,0.009411,0.088097,-0.8084,3.0,1.0,0.0,0.0,1.0,0.707107,0.707107,0.951057,0.309017,55.49446,2.985626,-0.001218,58.222009,2.936083,0.002767,53.404665,2.026855,4.6e-05,1.229059,0.087791,6.723519,14.217801,0.828049,0.228995,-0.468868,2.599671,0.17595,0.182624
611,2026-04-21 01:05:17.207717,GBPUSD,BUY,1.35241,1.35037,1.35698,0.00132,49.43,ml_filtered_sma,EXECUTED,,,0.5,56318311013.0,1.0,7e-06,-0.000458,-0.001056,-0.000643,-0.00116,0.002424,1.35317,-0.000562,1.352442,-2.4e-05,1.352311,7.3e-05,1.353963,-0.001147,1.349794,0.001938,1.352799,1.352509,1.352598,0.000635,-0.001124,0.001865,0.000215,43.974089,49.431225,49.53642,0.00029,0.000284,6e-06,-0.064288,-0.115954,0.242377,0.001069,0.00079,0.001324,0.000979,0.001454,0.001075,0.003606,0.493438,0.025026,0.050941,0.052632,1.0,0.157895,0.789474,1.0,0.103139,0.680511,0.397426,-0.001479,0.00315,0.071136,-0.911214,4.0,1.0,0.0,0.0,1.0,0.866025,0.5,0.951057,0.309017,49.373627,7e-05,-0.000466,52.89835,0.000164,-0.000598,57.826906,0.000232,0.000584,0.057598,-6.4e-05,-0.568775,-6.025911,0.813722,3775.947025,-1.510379,3.217107,0.004542,0.007552
612,2026-04-21 01:05:27.539303,XAUUSD,SELL,4818.29,4844.53007,4788.13158,17.35338,53.57,ml_direct,EXECUTED,,0.5811,0.55,56318312870.0,1.0,-0.001177,-0.000716,-0.001933,0.000875,7.3e-05,0.005732,4813.733,0.000947,4805.8795,0.002582,4808.0376,0.002132,4811.3686,0.001439,4782.24595,0.007537,4814.34716,4810.702533,4808.792335,0.001185,-0.001141,0.005393,0.000758,55.616123,53.571189,52.435567,3.644627,1.153126,2.491502,0.087452,0.007265,0.573178,14.733828,0.003058,17.353381,0.003602,18.784309,0.003899,0.010181,0.753633,0.123845,0.123513,0.70559,-1.0,0.077019,0.217391,-1.0,0.632317,0.721082,0.532775,-0.003103,0.008022,0.138007,-0.848006,4.0,1.0,0.0,0.0,1.0,0.866025,0.5,0.951057,0.309017,56.330025,3.004495,0.000462,55.49446,2.985626,-0.001218,58.222009,2.936083,0.002767,-2.758837,-0.512993,3.571189,5.616123,0.837194,0.230503,-0.861504,2.227232,0.143574,0.327314
613,2026-04-21 02:05:04.665341,AUDUSD,BUY,0.71809,0.71537,0.7196,0.00106,57.83,ml_filtered_sma,EXECUTED,,,0.5,56318827869.0,1.0,0.001032,0.001059,-0.000125,0.000474,0.000976,0.004715,0.717601,0.000681,0.716762,0.001853,0.71673,0.001897,0.71632,0.00247,0.711685,0.009,0.717357,0.716916,0.716587,0.001215,0.000616,0.007089,0.000615,62.316115,57.834813,55.634172,0.000441,0.000314,0.000127,0.04737,0.097576,0.471513,0.000943,0.001314,0.001057,0.001471,0.001121,0.001561,0.005864,0.815952,0.05934,0.067974,0.755102,1.0,0.091837,0.153061,2.0,0.921687,0.967581,0.614151,-0.000181,0.005403,0.459884,-0.544128,4.0,1.0,0.0,0.0,1.0,0.866025,0.5,0.951057,0.309017,53.644474,0.00012,2.8e-05,53.528571,0.000169,-0.001184,59.388613,0.000232,0.001352,4.190339,8e-06,7.834813,12.316115,0.859771,3785.488519,-0.123028,3.671924,0.120403,0.700315
614,2026-04-21 02:05:14.795573,XAUUSD,SELL,4807.28,4815.82512,4777.3721,17.09023,48.84,ml_direct,RISK_REJECTED,Max 3 positions on XAUUSD (demo),0.6119,0.55,,1.0,-0.000611,-0.00346,-0.002999,-0.001458,0.000395,0.003857,4813.116,-0.001213,4806.3995,0.000183,4808.2306,-0.000198,4811.6471,-0.000908,4782.15265,0.005254,4812.209372,4809.895514,4808.428967,0.001016,-0.001091,0.005453,0.000481,44.542247,48.839397,49.507389,2.313858,1.28227,1.031588,-0.145816,0.039539,0.385691,14.471648,0.00301,17.090231,0.003555,18.615393,0.003872,0.009379,0.519532,0.124656,0.133221,0.80274,-1.0,0.057534,0.139726,-2.0,0.357426,0.515672,0.460677,-0.0054,0.00575,0.068513,-0.931781,5.0,1.0,0.0,0.0,1.0,0.965926,0.258819,0.951057,0.309017,50.08599,1.976493,-0.00285,56.330025,3.004495,0.000462,55.49446,2.985626,-0.001218,-1.246594,-0.944905,-1.160603,-5.457753,0.837092,0.234052,-1.518996,1.617298,0.060361,0.171443
615,2026-04-21 03:05:05.070909,EURUSD,BUY,1.17794,1.17499,1.18256,0.00098,51.46,ml_filtered_sma,EXECUTED,,,0.5,56319311958.0,1.0,1.7e-05,-8.5e-05,-0.000289,-0.000899,-0.000356,0.001709,1.178344,-0.000343,1.177812,0.000108,1.177753,0.000159,1.178355,-0.000352,1.175109,0.002409,1.178074,1.177794,1.177758,0.000502,-0.00046,0.00225,0.000237,46.773173,51.460569,50.989066,0.00028,0.000277,3e-06,-0.089907,-0.035643,0.170929,0.000752,0.000638,0.000978,0.00083,0.001112,0.000944,0.002905,0.537258,0.023342,0.030956,0.095238,1.0,0.047619,0.857143,1.0,0.208333,0.686813,0.420483,-0.000968,0.002122,0.056014,-0.884728,6.0,1.0,0.0,0.0,1.0,1.0,0.0,0.951057,0.309017,51.289197,4e-05,-0.000102,52.318315,9.3e-05,-0.000204,54.343345,0.000154,-3.4e-05,0.171372,-3.7e-05,1.460569,-3.226827,0.772751,2045.98174,-1.16621,2.557477,0.002916,0.02046
616,2026-04-21 03:05:15.217201,XAUUSD,SELL,4807.23,4815.39878,4778.63927,16.33756,48.84,ml_direct,RISK_REJECTED,Max 3 positions on XAUUSD (demo),0.6023,0.55,,1.0,7.7e-05,-0.000622,-0.00347,-0.004224,0.001573,0.003427,4813.829,-0.001371,4807.1995,6e-06,4808.4934,-0.000263,4811.7685,-0.000943,4782.1357,0.005248,4811.388641,4809.669262,4808.366124,0.00111,-0.00095,0.005512,0.000357,44.646135,48.838329,49.50123,1.719379,1.364331,0.355047,-0.422361,0.157302,0.34274,13.296515,0.002766,16.337562,0.003399,18.190073,0.003784,0.008867,0.500716,0.120487,0.133343,0.144531,1.0,0.175781,0.679687,1.0,0.356188,0.47687,0.46035,-0.005411,0.004932,0.075094,-0.905914,6.0,1.0,0.0,0.0,1.0,1.0,0.0,0.951057,0.309017,48.666359,1.004784,-0.000699,50.08599,1.976493,-0.00285,56.330025,3.004495,0.000462,0.171969,-0.649737,-1.161671,-5.353865,0.813988,0.244835,-1.592037,1.451257,0.021732,0.022647
617,2026-04-21 04:05:05.274751,XAUUSD,SELL,4797.49,4805.53428,4769.33503,16.08855,44.89,ml_direct,RISK_REJECTED,Max 3 positions on XAUUSD (demo),0.551,0.55,,1.0,7.7e-05,-0.001949,-0.002646,-0.005029,-0.001673,0.000434,4812.014,-0.003018,4806.798,-0.001936,4808.3354,-0.002256,4811.6038,-0.002933,4782.0525,0.003228,4807.934293,4808.073679,4807.558687,0.000765,-0.000999,0.005496,-2.9e-05,36.500353,44.893492,46.991604,-0.139385,0.934549,-1.073934,-0.50293,-0.167307,0.043375,13.104564,0.002732,16.088552,0.003354,18.015453,0.003755,0.008977,0.284291,0.127517,0.137768,0.316239,1.0,0.230769,0.452991,1.0,0.12119,0.280973,0.396569,-0.007452,0.002912,0.036898,-0.953593,7.0,1.0,0.0,0.0,1.0,0.965926,-0.258819,0.951057,0.309017,44.71023,-0.290149,-0.002026,48.666359,1.004784,-0.000699,50.08599,1.976493,-0.00285,0.183262,-0.783785,-5.106508,-13.499647,0.813124,0.248624,-2.222077,0.868319,-0.066751,0.022998
618,2026-04-21 05:05:16.274209,USDJPY,BUY,158.9,158.68936,159.4161,0.13843,52.19,ml_filtered_sma,EXECUTED,,,0.5,56320527649.0,1.0,-0.000352,-0.000535,-0.000327,-0.000321,0.000371,-0.000151,158.8852,9.3e-05,158.8328,0.000423,158.82942,0.000444,158.92195,-0.000138,159.042555,-0.000896,158.89151,158.862386,158.871063,0.000351,-0.000561,-0.00134,0.000183,52.03285,52.185278,51.161803,0.029124,0.011923,0.017201,-0.032085,0.037144,-0.015102,0.102365,0.000644,0.138427,0.000871,0.163554,0.001029,0.002774,0.652511,0.02752,0.042409,0.890625,-1.0,0.03125,0.078125,-2.0,0.683502,0.78781,0.675244,-0.000592,0.002196,0.109341,-0.690877,8.0,1.0,1.0,0.0,0.0,0.866025,-0.5,0.951057,0.309017,55.489291,0.022967,-0.000182,57.231723,0.024432,0.000208,55.763966,0.021747,1.3e-05,-3.304013,-0.005766,2.185278,2.03285,0.747722,0.0,-0.679056,2.521178,0.12426,0.411768
619,2026-04-21 05:05:26.429242,XAUUSD,SELL,4791.55,4799.48943,4763.762,15.87886,42.96,ml_direct,RISK_REJECTED,Correlated limit: 3 positions already betting USD_STRONG (max 3),0.5545,0.55,,1.0,0.000509,-0.001161,-0.003185,-0.006721,-0.00316,0.000382,4809.657,-0.003765,4806.4705,-0.003104,4808.1636,-0.003455,4811.3542,-0.004116,4781.9805,0.002001,4804.322745,4806.274943,4806.615155,0.000311,-0.001015,0.005475,-0.000406,34.082886,42.964116,45.642088,-1.952197,0.250241,-2.202438,-0.672061,-0.316015,0.038207,13.030442,0.002719,15.87886,0.003314,17.851916,0.003726,0.009306,0.16644,0.133343,0.139645,0.422145,1.0,0.027682,0.550173,1.0,0.118791,0.161504,0.357671,-0.008701,0.001676,0.090842,-0.847969,8.0,1.0,1.0,0.0,0.0,0.866025,-0.5,0.951057,0.309017,41.707515,-1.608726,-0.00167,44.71023,-0.290149,-0.002026,48.666359,1.004784,-0.000699,1.256601,-0.593712,-7.035884,-15.917114,0.814817,0.251907,-2.625503,0.505704,-0.138703,0.153663
