ticket,version,engine_version,symbol,order_type,open_time,close_time,hold_minutes,session_at_entry,day_of_week,hour_of_day_utc,open_price,close_price,stop_loss,take_profit,volume,sl_distance_raw,tp_distance_raw,planned_rr,realized_rr,strategy,signal_status_at_entry,signal_reason,ml_confidence_pct,ml_confidence,ml_confidence_from_signal,ml_class_probs,rsi_at_entry,atr_at_entry,h1_trend,h4_trend,trend_alignment,detected_regime,volatility_regime,volatility_bucket,rsi_14,atr_14,macd,bb_position,news_nearby,news_event_name,news_impact,exit_reason,max_favorable_pips,max_adverse_pips,risk_reward_planned,risk_reward_actual,profit,swap,commission,net_pnl,was_profitable,was_big_loss,was_big_win,shadow_predicted_direction,shadow_agreed_with_trade,shadow_sim_status,shadow_sim_pnl,comment,data_group,_source,is_closed
55782969792,v1,,XAUUSD,SELL,2026-03-18 01:47:03.152305,2026-03-18 05:03:48,196.74746158333335,Asian,Wednesday,1,4996.9,5005.06,5005.06316,4983.29473,0.01,8.163160000000062,13.605270000000019,1.6666670750052572,,macd_crossover,EXECUTED,,,,,,50.0,6.80263,NOT_AVAILABLE,DOWN,WITH_H4,TRENDING_BEAR,NORMAL,LOW,42.40814082548084,0.0014618600180226,,0.0684930863400609,0.0,,,SL_HIT,,,1.67,-1.0,-8.14,0.0,0.0,-8.14,False,False,False,,False,,,MACD crossover SELL | MACD=-1.65690 Signal=-1.43242,OLD,csv,1
55783080585,v1,,XAUUSD,BUY,2026-03-18 02:02:03.327397,2026-03-18 06:52:10,290.11121005,Asian,Wednesday,2,5001.74,4994.17,4994.17109,5017.7836,0.01,7.56890999999996,16.04359999999997,2.119671128339491,,sma_crossover,EXECUTED,,,,,,47.78,5.90313,NOT_AVAILABLE,DOWN,AGAINST_H4,TRENDING_BEAR,NORMAL,LOW,46.8389610874311,0.0014783344625506,,0.3430938434080827,0.0,,,SL_HIT,,,2.12,-1.0,-7.57,0.0,0.0,-7.57,False,False,False,,False,,,"SMA40 crossed above SMA50, RSI=47.8",OLD,csv,1
55783080632,v1,,XAUUSD,BUY,2026-03-18 02:02:03.978007,2026-03-18 06:10:02,247.96703321666666,Asian,Wednesday,2,5001.73,5015.45,4993.21074,5015.44877,0.01,8.519259999999122,13.718770000000404,1.610324136134103,,macd_crossover,EXECUTED,,,,,,50.0,6.94938,NOT_AVAILABLE,DOWN,AGAINST_H4,TRENDING_BEAR,NORMAL,LOW,46.8389610874311,0.0014783344625506,,0.3430938434080827,0.0,,,TP_HIT,,,1.61,1.61,13.72,0.0,0.0,13.72,True,False,False,,False,,,MACD crossover BUY | MACD=-1.31655 Signal=-1.37095,OLD,csv,1
55783162381,v1,,XAUUSD,SELL,2026-03-18 02:17:03.313552,2026-03-18 05:04:12,167.14477413333333,Asian,Wednesday,2,4999.47,5006.28,5006.28238,4984.54676,0.01,6.8123799999993935,14.923240000000078,2.1906059262697335,,sma_crossover,,,,,,,46.34,5.4339,NOT_AVAILABLE,DOWN,WITH_H4,TRENDING_BEAR,NORMAL,LOW,46.70360641489405,0.0014241303620598,,0.3484913328823466,0.0,,,SL_HIT,,,2.19,-1.0,-6.8100000000000005,0.0,0.0,-6.8100000000000005,False,False,False,,False,,,"SMA40 crossed below SMA50, RSI=46.3",OLD,csv,1
55783254314,v1,,XAUUSD,BUY,2026-03-18 02:32:03.204168,2026-03-18 06:10:02,217.97993053333332,Asian,Wednesday,2,5002.62,5015.32,4994.63358,5015.31736,0.01,7.98642000000018,12.697360000000117,1.5898688022918692,,macd_crossover,,,,,,,50.0,6.46368,NOT_AVAILABLE,DOWN,AGAINST_H4,TRENDING_BEAR,NORMAL,LOW,48.813125142861736,0.0014433225125358,,0.4636557421938528,0.0,,,TP_HIT,,,1.59,1.59,12.7,0.0,0.0,12.7,True,False,False,,False,,,MACD crossover BUY | MACD=-1.26895 Signal=-1.39387,OLD,csv,1
55783674032,v1,,XAUUSD,SELL,2026-03-18 03:17:03.630722,2026-03-18 05:36:12,139.13948796666668,Asian,Wednesday,3,5009.83,5000.71,5016.32594,5000.7111,0.01,6.495939999999791,9.118899999999485,1.4037845177141073,,bollinger_bounce,,,,,,,58.99,6.24594,NOT_AVAILABLE,DOWN,WITH_H4,TRENDING_BEAR,NORMAL,LOW,42.25962196749435,0.0014965454357042,,0.173260180015111,0.0,,,TP_HIT,,,1.4,1.4,9.12,0.0,0.0,9.12,True,False,False,,False,,,BB bounce SELL | BB_pos=1.06 RSI=59.0,OLD,csv,1
55783674130,v1,,NZDUSD,SELL,2026-03-18 03:17:04.765283,2026-03-18 10:42:59,445.90391195,Asian,Wednesday,3,0.58613,0.58673,0.58673,0.58513,10.0,0.0005999999999999339,0.0010000000000000009,1.6666666666668517,,sma_crossover,,,,,,,58.53,0.0004,NOT_AVAILABLE,DOWN,WITH_H4,,NORMAL,MED,43.85735725542144,0.0006639297063241,,0.1419945540879577,0.0,,,SL_HIT,,,1.67,-1.0,-600.0,0.0,0.0,-600.0,False,False,False,,False,,,"SMA20 crossed below SMA50, RSI=58.5",OLD,csv,1
55784152107,v1,,NZDUSD,BUY,2026-03-18 04:02:03.633249,2026-03-18 06:51:05,169.0227791833333,Asian,Wednesday,4,0.5864,0.58584,0.58584,0.58718,10.0,0.0005600000000000049,0.0007800000000000029,1.3928571428571357,,macd_crossover,,,,,,,50.0,0.00042,NOT_AVAILABLE,DOWN,AGAINST_H4,,NORMAL,LOW,53.774954475641245,0.0006262367440022,,0.6336807713622581,0.0,,,SL_HIT,,,1.39,-1.0,-560.0,0.0,0.0,-560.0,False,False,False,,False,,,MACD crossover BUY | MACD=0.00008 Signal=0.00005,OLD,csv,1
55784152301,v1,,NZDUSD,SELL,2026-03-18 04:02:04.252991,2026-03-18 07:57:08,235.06245015000002,Asian,Wednesday,4,0.58631,0.58571,0.58676,0.58571,10.0,0.00044999999999995044,0.0006000000000000449,1.33333333333358,,bollinger_bounce,,,,,,,59.88,0.00042,NOT_AVAILABLE,DOWN,WITH_H4,,NORMAL,LOW,53.774954475641245,0.0006262367440022,,0.6336807713622581,0.0,,,TP_HIT,,,1.33,1.33,600.0,0.0,0.0,600.0,True,False,False,,False,,,BB bounce SELL | BB_pos=1.09 RSI=59.9,OLD,csv,1
55784353675,v1,,XAUUSD,SELL,2026-03-18 04:17:03.817541,2026-03-18 06:37:33,140.48637431666666,Asian,Wednesday,4,5012.96,5002.31,5020.00674,5002.3149,0.01,7.046739999999772,10.64509999999973,1.5106418003218613,,bollinger_bounce,,,,,,,60.51,7.07674,NOT_AVAILABLE,DOWN,WITH_H4,TRENDING_BEAR,NORMAL,LOW,39.388517961845416,0.0013029145633095,,0.1446460542092405,0.0,,,TP_HIT,,,1.51,1.51,10.65,0.0,0.0,10.65,True,False,False,,False,,,BB bounce SELL | BB_pos=1.08 RSI=60.5,OLD,csv,1
55784666687,v1,,XAUUSD,SELL,2026-03-18 04:47:04.281218,2026-03-18 07:20:56,153.8619797,Asian,Wednesday,4,4996.37,5005.16,5005.16484,4981.79193,0.01,8.794840000000477,14.57806999999957,1.6575708028797318,,macd_crossover,,,,,,,50.0,7.30404,NOT_AVAILABLE,DOWN,WITH_H4,TRENDING_BEAR,NORMAL,LOW,36.44377741517924,0.0013042800491624,,0.1142428894914909,0.0,,,SL_HIT,,,1.66,-1.0,-8.79,0.0,0.0,-8.79,False,False,False,,False,,,MACD crossover SELL | MACD=-0.15302 Signal=-0.03308,OLD,csv,1
55784853423,v1,,XAUUSD,SELL,2026-03-18 05:02:03.692018,2026-03-18 09:36:09,274.08846636666664,Asian,Wednesday,5,5000.67,4985.89,5009.55121,4985.89464,0.01,8.881209999999555,14.775359999999637,1.6636651987736328,,macd_crossover,EXECUTED,,,,,,50.0,7.39268,NOT_AVAILABLE,DOWN,WITH_H4,TRENDING_BEAR,NORMAL,LOW,36.5355302807003,0.0012733748280846,,0.1379992618140756,0.0,,,TP_HIT,,,1.66,1.66,14.75,0.0,0.0,14.75,True,False,False,,False,,,MACD crossover SELL | MACD=-0.20793 Signal=-0.03921,OLD,csv,1
55784990033,v1,,NZDUSD,BUY,2026-03-18 05:17:03.688554,2026-03-18 10:54:49,337.75519076666666,Asian,Wednesday,5,0.58584,0.58672,0.58517,0.58672,10.0,0.0006700000000000594,0.0008799999999999919,1.313432835820767,,sma_crossover,,,,,,,48.86,0.00039,NOT_AVAILABLE,DOWN,AGAINST_H4,,NORMAL,LOW,60.50655012966305,0.0006141795434871,,0.9129548275319488,0.0,,,TP_HIT,,,1.31,1.31,880.0,0.0,0.0,880.0,True,False,False,,False,,,"SMA20 crossed above SMA50, RSI=48.9",OLD,csv,1
55784990102,v1,,NZDUSD,SELL,2026-03-18 05:17:04.339546,2026-03-18 07:28:34,131.4943409,Asian,Wednesday,5,0.58575,0.58622,0.58622,0.58497,10.0,0.00046999999999997044,0.0007800000000000029,1.659574468085217,,macd_crossover,,,,,,,50.0,0.00039,NOT_AVAILABLE,DOWN,WITH_H4,,NORMAL,LOW,60.50655012966305,0.0006141795434871,,0.9129548275319488,0.0,,,SL_HIT,,,1.66,-1.0,-470.0,0.0,0.0,-470.0,False,False,False,,False,,,MACD crossover SELL | MACD=0.00007 Signal=0.00008,OLD,csv,1
55785224064,v1,,NZDUSD,SELL,2026-03-18 05:47:03.116059,2026-03-18 09:52:09,245.09806568333335,Asian,Wednesday,5,0.58591,0.58638,0.58638,0.58513,10.0,0.00046999999999997044,0.0007800000000000029,1.659574468085217,,macd_crossover,,,,,,,50.0,0.00039,NOT_AVAILABLE,DOWN,WITH_H4,,NORMAL,MED,61.13485634481504,0.0006268463716934,,0.9101253603217124,0.0,,,SL_HIT,,,1.66,-1.0,-470.0,0.0,0.0,-470.0,False,False,False,,False,,,MACD crossover SELL | MACD=0.00008 Signal=0.00009,OLD,csv,1
55785424093,v1,,XAUUSD,BUY,2026-03-18 06:05:01.127180,2026-03-18 15:35:35,570.564547,Asian,Wednesday,6,4991.2,4973.09,4973.09112,5029.82354,0.01,18.108879999999772,38.6235400000005,2.1328508444476406,,ml_filtered_sma,,,,,,,42.57,14.1831,NOT_AVAILABLE,UP,WITH_H4,TRENDING_BEAR,NORMAL,LOW,52.951484073605975,0.001410442281787,,0.6489874144796409,0.0,,,SL_HIT,,,2.13,-1.0,-18.14,0.0,0.0,-18.14,False,False,False,,False,,,"SMA40 x SMA50 BUY, RSI=42.6",OLD,csv,1
55785656472,v1,,XAUUSD,BUY,2026-03-18 06:32:03.173351,2026-03-18 09:33:37,181.56377748333335,Asian,Wednesday,6,4996.43,4987.51,4987.50651,5014.94167,0.01,8.923490000000129,18.511669999999867,2.0744876724240853,,sma_crossover,,,,,,,45.25,6.85879,NOT_AVAILABLE,DOWN,AGAINST_H4,TRENDING_BEAR,NORMAL,LOW,63.261245220705774,0.0014141775166024,,0.9923214077607716,0.0,,,SL_HIT,,,2.07,-1.0,-8.89,0.0,0.0,-8.89,False,False,False,,False,,,"SMA40 crossed above SMA50, RSI=45.3",OLD,csv,1
55785656565,v1,,NZDUSD,SELL,2026-03-18 06:32:03.855434,2026-03-18 08:57:10,145.10240943333335,Asian,Wednesday,6,0.58539,0.58594,0.58594,0.58445,10.0,0.0005500000000000504,0.0009399999999999409,1.7090909090906448,,sma_crossover,EXECUTED,,,,,,43.25,0.00037,NOT_AVAILABLE,DOWN,WITH_H4,,NORMAL,LOW,65.44418388460647,0.0006185893780721,,0.9258346931061604,0.0,,,SL_HIT,,,1.71,-1.0,-550.0,0.0,0.0,-550.0,False,False,False,,False,,,"SMA20 crossed below SMA50, RSI=43.2",OLD,csv,1
55786091874,v1,,NZDUSD,BUY,2026-03-18 07:32:03.229762,2026-03-18 11:09:42,217.64617063333333,London,Wednesday,7,0.58629,0.58712,0.58565,0.58712,10.0,0.0006399999999999739,0.0008299999999999974,1.2968750000000488,,sma_crossover,,,,,,,57.14,0.00037,NOT_AVAILABLE,DOWN,AGAINST_H4,,NORMAL,MED,45.90842931905723,0.0006485284553236,,0.3936737872130657,0.0,,,TP_HIT,,,1.3,1.3,830.0,0.0,0.0,830.0,True,False,False,,False,,,"SMA20 crossed above SMA50, RSI=57.1",OLD,csv,1
55786231569,v1,,NZDUSD,BUY,2026-03-18 07:47:05.101188,2026-03-18 11:08:40,201.58164686666666,London,Wednesday,7,0.58605,0.58686,0.58542,0.58686,10.0,0.0006299999999999084,0.0008100000000000884,1.2857142857146129,,sma_crossover,,,,,,,53.04,0.00036,NOT_AVAILABLE,DOWN,AGAINST_H4,,NORMAL,MED,41.05471932730536,0.0006672230728422,,0.2189325867602435,0.0,,,TP_HIT,,,1.29,1.29,810.0,0.0,0.0,810.0,True,False,False,,False,,,"SMA20 crossed above SMA50, RSI=53.0",OLD,csv,1
55786347584,v1,,GBPUSD,SELL,2026-03-18 08:04:24.403338,2026-03-18 10:11:20,126.92661103333333,London,Wednesday,8,1.33639,1.3368,1.3368,1.33574,10.0,0.00041000000000002146,0.0006500000000000394,1.5853658536585498,,bollinger_bounce,,,,,,,64.12,0.00042,NOT_AVAILABLE,DOWN,WITH_H4,RANGING,NORMAL,LOW,42.68258837350899,0.0004122411847802,,0.2118473255636283,0.0,,,SL_HIT,,,1.59,-1.0,-410.0,0.0,0.0,-410.0,False,False,False,,False,,,BB bounce SELL | BB_pos=1.01 RSI=64.1,OLD,csv,1
55786347636,v1,,USDJPY,BUY,2026-03-18 08:04:25.031718,2026-03-18 10:14:07,129.69947136666667,London,Wednesday,8,158.774,158.702,158.70193,158.8771,0.28,0.07206999999999653,0.10310000000001196,1.430553628417052,,bollinger_bounce,,,,,,,32.61,0.07007,NOT_AVAILABLE,UP,WITH_H4,RANGING,NORMAL,LOW,47.34213634098462,0.0005022610831338,,0.4953696366584643,0.0,,,SL_HIT,,,1.43,-1.0,-12.7,0.0,0.0,-12.7,False,False,False,,False,,,BB bounce BUY | BB_pos=-0.05 RSI=32.6,OLD,csv,1
55786347737,v1,,XAUUSD,SELL,2026-03-18 08:04:26.609807,2026-03-18 10:12:04,127.62316988333333,London,Wednesday,8,4985.05,4992.12,4992.11602,4969.34476,0.01,7.066020000000208,15.70524000000023,2.2226430154457204,,sma_crossover,EXECUTED,,,,,,39.16,5.69282,NOT_AVAILABLE,UP,AGAINST_H4,TRENDING_BEAR,NORMAL,LOW,42.59358315726151,0.0014162861544523,,0.378029533705189,0.0,,,SL_HIT,,,2.22,-1.0,-7.07,0.0,0.0,-7.07,False,False,False,,False,,,"SMA40 crossed below SMA50, RSI=39.2",OLD,csv,1
55786451833,v1,,EURUSD,SELL,2026-03-18 08:17:08.126416,2026-03-18 10:53:24,156.26455973333336,London,Wednesday,8,1.15436,1.15477,1.15477,1.1538,10.0,0.00041000000000002146,0.000560000000000116,1.3658536585367966,,bollinger_bounce,,,,,,,65.75,0.00039,NOT_AVAILABLE,DOWN,WITH_H4,TRANSITIONAL,NORMAL,LOW,33.47238254793426,0.0004556528263533,,0.0630381646956328,0.0,,,SL_HIT,,,1.37,-1.0,-410.0,0.0,0.0,-410.0,False,False,False,,False,,,BB bounce SELL | BB_pos=1.07 RSI=65.7,OLD,csv,1
55786451995,v1,,USDJPY,BUY,2026-03-18 08:17:09.360311,2026-03-18 11:13:26,176.27732815,London,Wednesday,8,158.694,158.628,158.62778,158.80333,0.28,0.06621999999998707,0.10932999999999993,1.651011778919077,,bollinger_bounce,,,,,,,28.28,0.07022,NOT_AVAILABLE,UP,WITH_H4,RANGING,NORMAL,LOW,55.533473067895045,0.0005143471025568,,0.7493672442997453,0.0,,,SL_HIT,,,1.65,-1.0,-11.65,0.0,0.0,-11.65,False,False,False,,False,,,BB bounce BUY | BB_pos=-0.06 RSI=28.3,OLD,csv,1
55786762096,v1,,USDJPY,BUY,2026-03-18 08:47:03.789767,2026-03-18 11:05:56,138.87017054999998,London,Wednesday,8,158.735,158.664,158.66353,158.8372,0.28,0.07147000000000503,0.10219999999998208,1.4299706170417643,,rsi_reversal,,,,,,,32.38,0.06947,NOT_AVAILABLE,UP,WITH_H4,RANGING,NORMAL,LOW,60.822014621065286,0.0004922534244788,,0.9129795188412227,0.0,,,SL_HIT,,,1.43,-0.99,-12.53,0.0,0.0,-12.53,False,False,False,,False,,,RSI reversal BUY | RSI=32.4 (prev=31.8),OLD,csv,1
55786921342,v1,,GBPUSD,SELL,2026-03-18 09:02:04.021044,2026-03-18 11:22:12,140.13298260000002,London,Wednesday,9,1.33699,1.33747,1.33747,1.33642,10.0,0.00048000000000003595,0.0005699999999999594,1.1874999999998266,,rsi_reversal,,,,,,,68.15,0.00042,NOT_AVAILABLE,DOWN,WITH_H4,RANGING,NORMAL,LOW,39.772807364184814,0.0004975833189367,,0.1316275141368326,0.0,,,SL_HIT,,,1.19,-1.0,-480.0,0.0,0.0,-480.0,False,False,False,,False,,,RSI reversal SELL | RSI=68.1 (prev=71.1),OLD,csv,1
55786921465,v1,,USDJPY,BUY,2026-03-18 09:02:04.625093,2026-03-18 11:13:00,130.92291511666667,London,Wednesday,9,158.715,158.641,158.64073,158.8114,0.29,0.07427000000001271,0.0963999999999885,1.2979668776083477,,rsi_reversal,RISK_REJECTED,Unsupported filling mode,,,,,31.27,0.06827,NOT_AVAILABLE,UP,WITH_H4,RANGING,NORMAL,LOW,61.62152984805081,0.0004982253741082,,0.942272936780416,0.0,,,SL_HIT,,,1.3,-1.0,-13.53,0.0,0.0,-13.53,False,False,False,,False,,,RSI reversal BUY | RSI=31.3 (prev=29.9),OLD,csv,1
55787241679,v1,,GBPUSD,SELL,2026-03-18 09:32:03.208077,2026-03-18 11:39:05,127.02986538333333,London,Wednesday,9,1.33719,1.33653,1.33761,1.33653,10.0,0.0004199999999998649,0.000660000000000105,1.5714285714293268,,rsi_reversal,,,,,,,65.88,0.00043,NOT_AVAILABLE,DOWN,WITH_H4,RANGING,NORMAL,LOW,47.78949214994748,0.0005189423030915,,0.3487171951904082,0.0,,,TP_HIT,,,1.57,1.57,660.0,0.0,0.0,660.0,True,False,False,,False,,,RSI reversal SELL | RSI=65.9 (prev=71.4),OLD,csv,1
55787241830,v1,,NZDUSD,SELL,2026-03-18 09:32:04.041589,2026-03-18 11:51:43,139.64930685,London,Wednesday,9,0.58709,0.58655,0.58745,0.58655,10.0,0.00036000000000002697,0.0005399999999999849,1.499999999999846,,rsi_reversal,,,,,,,65.44,0.00036,NOT_AVAILABLE,DOWN,WITH_H4,,NORMAL,HIGH,50.96210324680578,0.0007091058577763,,0.4355778987345538,0.0,,,TP_HIT,,,1.5,1.5,540.0,0.0,0.0,540.0,True,False,False,,False,,,RSI reversal SELL | RSI=65.4 (prev=68.1),OLD,csv,1
55787419353,v1,,USDCHF,BUY,2026-03-18 09:47:03.542301,2026-03-18 12:32:08,165.07429498333335,London,Wednesday,9,0.78559,0.78609,0.78532,0.78609,10.0,0.00026999999999999247,0.0004999999999999449,1.8518518518516995,,macd_crossover,,,,,,,50.0,0.00024,NOT_AVAILABLE,UP,WITH_H4,TRANSITIONAL,HIGH,LOW,55.77645966714138,0.0005586336328427,,0.6452858283437903,0.0,,,TP_HIT,,,1.85,1.85,636.06,0.0,0.0,636.06,True,False,False,,False,,,MACD crossover BUY | MACD=0.00006 Signal=0.00005,OLD,csv,1
55787744893,v1,,EURUSD,SELL,2026-03-18 10:17:03.333123,2026-03-18 12:35:09,138.09444795,London,Wednesday,10,1.15404,1.15318,1.15455,1.15318,10.0,0.0005100000000000104,0.0008599999999998609,1.6862745098036143,,macd_crossover,,,,,,,50.0,0.00043,NOT_AVAILABLE,DOWN,WITH_H4,TRANSITIONAL,NORMAL,LOW,56.80785454015896,0.000529387168208,,0.6621253049129098,0.0,,,TP_HIT,,,1.69,1.69,860.0,0.0,0.0,860.0,True,False,False,,False,,,MACD crossover SELL | MACD=0.00019 Signal=0.00020,OLD,csv,1
55787745041,v1,,GBPUSD,SELL,2026-03-18 10:17:04.187125,2026-03-18 12:36:29,139.41354791666666,London,Wednesday,10,1.33639,1.33541,1.33699,1.33541,10.0,0.0005999999999999339,0.0009799999999999809,1.6333333333334814,,macd_crossover,,,,,,,50.0,0.00049,NOT_AVAILABLE,DOWN,WITH_H4,RANGING,NORMAL,LOW,51.5976754251618,0.0004986146407438,,0.4915315249753494,0.0,,,TP_HIT,,,1.63,1.63,980.0,0.0,0.0,980.0,True,False,False,,False,,,MACD crossover SELL | MACD=0.00032 Signal=0.00034,OLD,csv,1
55787745126,v1,,USDJPY,BUY,2026-03-18 10:17:04.822700,2026-03-18 13:25:47,188.702955,London,Wednesday,10,158.79,158.936,158.68975,158.93576,0.22,0.1002499999999884,0.14575999999999567,1.4539650872819205,,macd_crossover,,,,,,,50.0,0.07688,NOT_AVAILABLE,UP,WITH_H4,RANGING,NORMAL,LOW,58.74933845266415,0.000495340384744,,0.8127265569888328,0.0,,,TP_HIT,,,1.45,1.46,20.21,0.0,0.0,20.21,True,False,False,,False,,,MACD crossover BUY | MACD=-0.06092 Signal=-0.06351,OLD,csv,1
55787745260,v1,,AUDUSD,SELL,2026-03-18 10:17:05.749274,2026-03-18 13:25:28,188.37084543333333,London,Wednesday,10,0.71143,0.71045,0.71203,0.71045,10.0,0.0006000000000000449,0.0009799999999999809,1.6333333333331792,,macd_crossover,,,,,,,50.0,0.00049,NOT_AVAILABLE,UP,AGAINST_H4,TRANSITIONAL,NORMAL,LOW,49.489505660971695,0.0007222677564323,,0.4052649848341084,0.0,,,TP_HIT,,,1.63,1.63,980.0,0.0,0.0,980.0,True,False,False,,False,,,MACD crossover SELL | MACD=0.00026 Signal=0.00027,OLD,csv,1
55787745570,v1,,USDCHF,SELL,2026-03-18 10:17:06.904593,2026-03-18 12:31:27,134.33492345,London,Wednesday,10,0.78578,0.78602,0.78602,0.78541,10.0,0.00024000000000001798,0.00036999999999998145,1.541666666666474,,bollinger_bounce,,,,,,,67.26,0.00024,NOT_AVAILABLE,UP,AGAINST_H4,TRANSITIONAL,HIGH,LOW,48.73606532818193,0.0005473510264644,,0.4318934879538247,0.0,,,SL_HIT,,,1.54,-1.0,-305.34,0.0,0.0,-305.34,False,False,False,,False,,,BB bounce SELL | BB_pos=1.07 RSI=67.3,OLD,csv,1
55787891768,v1,,USDCHF,SELL,2026-03-18 10:32:03.385924,2026-03-18 12:34:11,122.12690126666666,London,Wednesday,10,0.78606,0.78631,0.78631,0.78569,10.0,0.00024999999999997247,0.00036999999999998145,1.4800000000000888,,bollinger_bounce,,,,,,,72.83,0.00025,NOT_AVAILABLE,UP,AGAINST_H4,TRANSITIONAL,NORMAL,LOW,54.64979630106277,0.0005554961371519,,0.5944644643818121,0.0,,,SL_HIT,,,1.48,-1.0,-330.66,0.0,0.0,-330.66,False,False,False,,False,,,BB bounce SELL | BB_pos=1.16 RSI=72.8,OLD,csv,1
55788062787,v1,,EURUSD,BUY,2026-03-18 10:47:04.463075,2026-03-18 12:53:02,125.95894875,London,Wednesday,10,1.15235,1.15302,1.15177,1.15302,10.0,0.0005800000000000249,0.0006699999999999484,1.1551724137929649,,bollinger_bounce,,,,,,,28.64,0.0005,NOT_AVAILABLE,DOWN,AGAINST_H4,TRANSITIONAL,NORMAL,LOW,54.20447268476647,0.0005372017510854,,0.6341254357657004,0.0,,,TP_HIT,,,1.16,1.16,670.0,0.0,0.0,670.0,True,False,False,,False,,,BB bounce BUY | BB_pos=-0.11 RSI=28.6,OLD,csv,1
55788063036,v1,,USDCAD,SELL,2026-03-18 10:47:05.066974,2026-03-18 13:08:32,141.44888376666668,London,Wednesday,10,1.37127,1.37073,1.37163,1.37073,10.0,0.00035999999999991594,0.0005399999999999849,1.5000000000003084,,bollinger_bounce,,,,,,,73.14,0.00036,NOT_AVAILABLE,UP,AGAINST_H4,TRENDING_BULL,NORMAL,LOW,50.33969431915024,0.0003152183017837,,0.4113709178544768,0.0,,,TP_HIT,,,1.5,1.5,393.95,0.0,0.0,393.95,True,False,False,,False,,,BB bounce SELL | BB_pos=1.03 RSI=73.1,OLD,csv,1
55788063200,v1,,USDCHF,SELL,2026-03-18 10:47:05.853198,2026-03-18 13:18:13,151.11911336666665,London,Wednesday,10,0.7865,0.78679,0.78679,0.78612,10.0,0.00029000000000001247,0.00037999999999993594,1.3103448275859297,,bollinger_bounce,,,,,,,78.96,0.00027,NOT_AVAILABLE,UP,AGAINST_H4,TRANSITIONAL,NORMAL,LOW,51.702471818097685,0.0005470492449984,,0.4890639221026654,0.0,,,SL_HIT,,,1.31,-1.0,-368.59,0.0,0.0,-368.59,False,False,False,,False,,,BB bounce SELL | BB_pos=1.17 RSI=79.0,OLD,csv,1
55788306591,v1,,EURUSD,BUY,2026-03-18 11:02:03.564717,2026-03-18 13:22:17,140.22392138333333,London,Wednesday,11,1.15264,1.15219,1.15219,1.15344,10.0,0.00045000000000006146,0.0007999999999999119,1.7777777777773391,,rsi_reversal,,,,,,,32.92,0.0005,NOT_AVAILABLE,DOWN,AGAINST_H4,TRANSITIONAL,NORMAL,LOW,55.957503813463525,0.0005423826358964,,0.7051231837127939,0.0,,,SL_HIT,,,1.78,-1.0,-450.0,0.0,0.0,-450.0,False,False,False,,False,,,RSI reversal BUY | RSI=32.9 (prev=31.7),OLD,csv,1
55788306667,v1,,XAUUSD,SELL,2026-03-18 11:02:04.215604,2026-03-18 13:45:38,163.56307326666666,London,Wednesday,11,4993.85,4979.69,5002.32725,4979.69459,0.01,8.477249999999913,14.155410000000302,1.6698115544546224,,macd_crossover,,,,,,,50.0,7.07271,NOT_AVAILABLE,DOWN,WITH_H4,TRENDING_BEAR,NORMAL,LOW,25.647988397402894,0.0019188795184045,,0.003463279720253,0.0,,,TP_HIT,,,1.67,1.67,14.16,0.0,0.0,14.16,True,False,False,,False,,,MACD crossover SELL | MACD=0.64469 Signal=0.85205,OLD,csv,1
55788506608,v1,,USDCAD,SELL,2026-03-18 11:17:03.744546,2026-03-18 13:26:44,129.67092423333332,London,Wednesday,11,1.37021,1.37068,1.37068,1.36943,10.0,0.00046999999999997044,0.0007800000000000029,1.659574468085217,,macd_crossover,,,,,,,50.0,0.00039,NOT_AVAILABLE,UP,AGAINST_H4,TRENDING_BULL,NORMAL,LOW,42.43177668147546,0.0003285086493073,,0.2386343525115067,0.0,,,SL_HIT,,,1.66,-1.0,-342.9,0.0,0.0,-342.9,False,False,False,,False,,,MACD crossover SELL | MACD=0.00027 Signal=0.00029,OLD,csv,1
55788727886,v1,,EURUSD,BUY,2026-03-18 11:32:06.220647,2026-03-18 13:50:01,137.91298921666666,London,Wednesday,11,1.15227,1.15302,1.15162,1.15302,10.0,0.0006499999999998174,0.0007500000000000284,1.1538461538465217,,rsi_reversal,,,,,,,31.08,0.00056,NOT_AVAILABLE,DOWN,AGAINST_H4,TRANSITIONAL,HIGH,LOW,52.48040349011283,0.000714653238395,,0.6785847840806254,0.0,,,TP_HIT,,,1.15,1.15,770.0,0.0,0.0,770.0,True,False,False,,False,,,RSI reversal BUY | RSI=31.1 (prev=28.4),OLD,csv,1
55788728012,v1,,AUDUSD,BUY,2026-03-18 11:32:06.850546,2026-03-18 14:21:00,168.88582423333335,London,Wednesday,11,0.71033,0.71111,0.70978,0.71111,10.0,0.0005500000000000504,0.0007800000000000029,1.4181818181816934,,bollinger_bounce,,,,,,,37.94,0.00053,NOT_AVAILABLE,UP,WITH_H4,TRANSITIONAL,NORMAL,LOW,41.67657138720976,0.000878631099689,,0.1404643585072484,0.0,,,TP_HIT,,,1.42,1.42,780.0,0.0,0.0,780.0,True,False,False,,False,,,BB bounce BUY | BB_pos=-0.02 RSI=37.9,OLD,csv,1
55788728119,v1,,USDCHF,SELL,2026-03-18 11:32:07.454605,2026-03-18 13:47:44,135.60908991666668,London,Wednesday,11,0.7872,0.7867,0.78752,0.7867,10.0,0.00031999999999998696,0.000500000000000056,1.5625000000002385,,rsi_reversal,,,,,,,82.77,0.00033,NOT_AVAILABLE,UP,AGAINST_H4,TRANSITIONAL,NORMAL,LOW,47.984396285700186,0.0006351242024722,,0.2702529622228506,0.0,,,TP_HIT,,,1.56,1.56,635.57,0.0,0.0,635.57,True,False,False,,False,,,RSI reversal SELL | RSI=82.8 (prev=85.4),OLD,csv,1
55788728220,v1,,USDCHF,SELL,2026-03-18 11:32:08.105147,2026-03-18 13:47:44,135.59824755,London,Wednesday,11,0.7872,0.7867,0.78752,0.7867,10.0,0.00031999999999998696,0.000500000000000056,1.5625000000002385,,bollinger_bounce,,,,,,,82.77,0.00033,NOT_AVAILABLE,UP,AGAINST_H4,TRANSITIONAL,NORMAL,LOW,47.984396285700186,0.0006351242024722,,0.2702529622228506,0.0,,,TP_HIT,,,1.56,1.56,635.57,0.0,0.0,635.57,True,False,False,,False,,,BB bounce SELL | BB_pos=1.03 RSI=82.8,OLD,csv,1
55789593507,v1,,EURUSD,BUY,2026-03-18 12:47:03.130873,2026-03-18 16:16:51,209.79781878333333,London,Wednesday,12,1.15377,1.15497,1.15297,1.15497,10.0,0.0007999999999999119,0.0012000000000000899,1.5000000000002776,,macd_crossover,,,,,,,50.0,0.00063,NOT_AVAILABLE,DOWN,AGAINST_H4,TRANSITIONAL,HIGH,LOW,37.25182272061539,0.0008482485162917,,0.0188576340416714,0.0,,,TP_HIT,,,1.5,1.5,1240.0,0.0,0.0,1240.0,True,False,False,,False,,,MACD crossover BUY | MACD=-0.00014 Signal=-0.00016,OLD,csv,1
55789737063,v1,,GBPUSD,BUY,2026-03-18 13:02:03.346091,2026-03-18 15:32:19,150.26089848333334,Overlap,Wednesday,13,1.33586,1.33502,1.33502,1.3372,10.0,0.0008399999999999519,0.0013399999999998968,1.5952380952380638,,macd_crossover,EXECUTED,,,,,,50.0,0.00068,NOT_AVAILABLE,DOWN,AGAINST_H4,RANGING,HIGH,LOW,29.00655168567688,0.0008108340897667,,-0.0966022785208895,0.0,,,SL_HIT,,,1.6,-1.0,-840.0,0.0,0.0,-840.0,False,False,False,,False,,,MACD crossover BUY | MACD=-0.00013 Signal=-0.00013,OLD,csv,1
55789737399,v1,,NZDUSD,BUY,2026-03-18 13:02:04.231319,2026-03-18 15:33:06,151.02947801666667,Overlap,Wednesday,13,0.58629,0.58576,0.58576,0.58703,10.0,0.0005300000000000304,0.0007400000000000739,1.3962264150943988,,macd_crossover,EXECUTED,,,,,,50.0,0.0004,NOT_AVAILABLE,DOWN,AGAINST_H4,,HIGH,HIGH,21.317567936142822,0.0011028915977979,,-0.0745981565793867,0.0,,,SL_HIT,,,1.4,-1.0,-530.0,0.0,0.0,-530.0,False,False,False,,False,,,MACD crossover BUY | MACD=0.00001 Signal=0.00000,OLD,csv,1
55790430988,v1,,XAUUSD,BUY,2026-03-18 13:47:05.191112,2026-03-18 15:56:13,129.13014813333334,Overlap,Wednesday,13,4979.47,4970.84,4970.84456,4992.30817,0.01,8.625440000000708,12.838169999999991,1.4884075479046792,,rsi_reversal,,,,,,,34.82,8.58544,NOT_AVAILABLE,DOWN,AGAINST_H4,TRENDING_BEAR,HIGH,LOW,20.31113896440144,0.0038074281072697,,0.190813007150894,0.0,,,SL_HIT,,,1.49,-1.0,-8.59,0.0,0.0,-8.59,False,False,False,,False,,,RSI reversal BUY | RSI=34.8 (prev=32.6),OLD,csv,1
55790702651,v1,,GBPUSD,BUY,2026-03-18 14:02:03.813680,2026-03-18 16:19:54,137.83643866666668,Overlap,Wednesday,14,1.3358,1.3371,1.33495,1.3371,10.0,0.0008500000000000174,0.0012999999999998568,1.5294117647056826,,macd_crossover,,,,,,,50.0,0.00067,NOT_AVAILABLE,DOWN,AGAINST_H4,RANGING,NORMAL,LOW,42.23402836677837,0.0008512229486951,,0.2965840042254831,0.0,,,TP_HIT,,,1.53,1.53,1300.0,0.0,0.0,1300.0,True,False,False,,False,,,MACD crossover BUY | MACD=-0.00010 Signal=-0.00013,OLD,csv,1
55790702829,v1,,AUDUSD,SELL,2026-03-18 14:02:04.599901,2026-03-18 17:07:24,185.32333498333335,Overlap,Wednesday,14,0.71036,0.70909,0.71106,0.70909,10.0,0.0007000000000000339,0.0012699999999999934,1.8142857142856168,,sma_crossover,,,,,,,41.44,0.00049,NOT_AVAILABLE,UP,AGAINST_H4,RANGING,NORMAL,LOW,36.03606810015888,0.0012263340011174,,0.2762231660886623,0.0,,,TP_HIT,,,1.81,1.81,1270.0,0.0,0.0,1270.0,True,False,False,,False,,,"SMA20 crossed below SMA50, RSI=41.4",OLD,csv,1
55791089303,v1,,XAUUSD,BUY,2026-03-18 14:17:03.750840,2026-03-18 16:26:25,129.35415266666666,Overlap,Wednesday,14,4971.32,4961.07,4961.07449,4986.28827,0.01,10.24550999999974,14.968270000000302,1.4609589956967182,,rsi_reversal,,,,,,,31.16,10.08551,NOT_AVAILABLE,DOWN,AGAINST_H4,TRENDING_BEAR,HIGH,MED,24.487102584861688,0.0038448898743733,,0.2521063620044981,0.0,,,SL_HIT,,,1.46,-1.0,-10.25,0.0,0.0,-10.25,False,False,False,,False,,,RSI reversal BUY | RSI=31.2 (prev=29.8),OLD,csv,1
55791089450,v1,,AUDUSD,SELL,2026-03-18 14:17:04.459144,2026-03-18 16:27:25,130.34234759999998,Overlap,Wednesday,14,0.71085,0.70962,0.71162,0.70962,10.0,0.0007700000000000484,0.0012299999999999534,1.5974025974024364,,sma_crossover,EXECUTED,,,,,,49.03,0.0005,NOT_AVAILABLE,UP,AGAINST_H4,RANGING,NORMAL,LOW,34.86257269174901,0.0012553051659642,,0.283983648545152,0.0,,,TP_HIT,,,1.6,1.6,1230.0,0.0,0.0,1230.0,True,False,False,,False,,,"SMA20 crossed below SMA50, RSI=49.0",OLD,csv,1
55791439302,v1,,GBPUSD,SELL,2026-03-18 14:32:04.714950,2026-03-18 16:52:26,140.35475083333333,Overlap,Wednesday,14,1.33547,1.33621,1.33621,1.33151,10.0,0.0007399999999999629,0.0039599999999999635,5.35135135135157,,sma_crossover,,,,,,,48.86,0.00078,NOT_AVAILABLE,DOWN,WITH_H4,RANGING,NORMAL,MED,35.55033883730475,0.0009278981666668,,0.1803142659821626,0.0,,,SL_HIT,,,5.35,-1.0,-740.0,0.0,0.0,-740.0,False,False,False,,False,,,"SMA20 crossed below SMA90, RSI=48.9",OLD,csv,1
55791439731,v1,,XAUUSD,BUY,2026-03-18 14:32:05.677123,2026-03-18 16:40:14,128.13871461666665,Overlap,Wednesday,14,4957.96,4945.75,4945.74661,4975.25508,0.01,12.21338999999989,17.29507999999987,1.416075307510857,,rsi_reversal,,,,,,,30.34,11.80339,NOT_AVAILABLE,DOWN,AGAINST_H4,TRENDING_BEAR,HIGH,MED,20.887426396703106,0.003907616049527,,0.1983817064593191,0.0,,,SL_HIT,,,1.42,-1.0,-12.21,0.0,0.0,-12.21,False,False,False,,False,,,RSI reversal BUY | RSI=30.3 (prev=20.6),OLD,csv,1
55791858719,v1,,XAUUSD,BUY,2026-03-18 14:47:07.421361,2026-03-18 17:01:11,134.05964398333333,Overlap,Wednesday,14,4933.32,4924.36,4924.35834,4956.0625,0.01,8.961659999999938,22.74250000000029,2.5377552819455826,,bollinger_bounce,RISK_REJECTED,Max positions or daily drawdown limit,,,,,17.56,12.68166,NOT_AVAILABLE,UP,WITH_H4,TRENDING_BEAR,HIGH,HIGH,17.30232287797891,0.0054036314172249,,-0.1043311531187326,0.0,,,SL_HIT,,,2.54,-1.0,-9.86,0.0,0.0,-9.86,False,False,False,,False,,,BB bounce BUY | BB_pos=-0.05 RSI=17.6,OLD,csv,1
55792804572,v1,,USDJPY,BUY,2026-03-18 15:17:06.279474,2026-03-18 23:46:13,509.1120087666667,Overlap,Wednesday,15,159.16,159.633,159.06415,159.63326,0.23,0.09584999999998445,0.47326000000001045,4.937506520606022,,sma_crossover,,,,,,,67.62,0.09485,NOT_AVAILABLE,,UNKNOWN,TRANSITIONAL,,,,,,,0.0,,,TP_HIT,,,4.94,4.93,68.29,0.0,0.0,68.29,True,False,False,,False,,,"SMA5 crossed above SMA160, RSI=67.6",OLD,csv,1
55792806756,v1,,AUDUSD,BUY,2026-03-18 15:17:10.611778,2026-03-18 17:30:22,133.1898037,Overlap,Wednesday,15,0.70812,0.70723,0.70723,0.7091,10.0,0.0008899999999999464,0.0009799999999999809,1.1011235955056629,,bollinger_bounce,,,,,,,29.67,0.00075,NOT_AVAILABLE,,UNKNOWN,RANGING,,,,,,,0.0,,,SL_HIT,,,1.1,-1.0,-870.0,0.0,0.0,-870.0,False,False,False,,False,,,BB bounce BUY | BB_pos=-0.17 RSI=29.7,OLD,csv,1
55792807351,v1,,USDCAD,SELL,2026-03-18 15:17:11.933107,2026-03-18 17:44:13,147.01778155,Overlap,Wednesday,15,1.36978,1.37074,1.37074,1.36839,10.0,0.0009600000000000719,0.0013900000000000023,1.4479166666665606,,sma_crossover,,,,,,,52.0,0.00059,NOT_AVAILABLE,,UNKNOWN,TRENDING_BULL,,,,,,,0.0,,,SL_HIT,,,1.45,-1.0,-700.35,0.0,0.0,-700.35,False,False,False,,False,,,"SMA20 crossed below SMA50, RSI=52.0",OLD,csv,1
55792807908,v1,,NZDUSD,BUY,2026-03-18 15:17:12.984812,2026-03-18 17:30:06,132.88358646666669,Overlap,Wednesday,15,0.58401,0.58332,0.58332,0.58474,10.0,0.0006900000000000794,0.0007300000000000084,1.057971014492644,,bollinger_bounce,,,,,,,30.73,0.00057,NOT_AVAILABLE,,UNKNOWN,,,,,,,,0.0,,,SL_HIT,,,1.06,-1.0,-690.0,0.0,0.0,-690.0,False,False,False,,False,,,BB bounce BUY | BB_pos=-0.19 RSI=30.7,OLD,csv,1
55793290312,v1,,AUDUSD,BUY,2026-03-18 15:32:07.049927,2026-03-18 17:46:17,134.16583455,Overlap,Wednesday,15,0.70725,0.70642,0.70642,0.70836,10.0,0.0008299999999999974,0.0011099999999999444,1.3373493975902986,,bollinger_bounce,,,,,,,26.26,0.00078,NOT_AVAILABLE,,UNKNOWN,RANGING,,,,,,,0.0,,,SL_HIT,,,1.34,-1.0,-830.0,0.0,0.0,-830.0,False,False,False,,False,,,BB bounce BUY | BB_pos=-0.15 RSI=26.3,OLD,csv,1
55793290530,v1,,USDCAD,BUY,2026-03-18 15:32:07.731911,2026-03-18 18:03:20,151.20446815,Overlap,Wednesday,15,1.37026,1.37141,1.36946,1.37141,10.0,0.0008000000000001339,0.0011499999999999844,1.4374999999997398,,macd_crossover,,,,,,,50.0,0.00061,NOT_AVAILABLE,,UNKNOWN,TRENDING_BULL,,,,,,,0.0,,,TP_HIT,,,1.44,1.44,838.55,0.0,0.0,838.55,True,False,False,,False,,,MACD crossover BUY | MACD=-0.00009 Signal=-0.00013,OLD,csv,1
55793291181,v1,,NZDUSD,BUY,2026-03-18 15:32:09.028544,2026-03-18 17:50:03,137.89952426666665,Overlap,Wednesday,15,0.58322,0.58266,0.58266,0.58414,10.0,0.0005600000000000049,0.0009200000000000319,1.6428571428571854,,bollinger_bounce,,,,,,,26.99,0.00059,NOT_AVAILABLE,,UNKNOWN,,,,,,,,0.0,,,SL_HIT,,,1.64,-1.0,-610.0,0.0,0.0,-610.0,False,False,False,,False,,,BB bounce BUY | BB_pos=-0.16 RSI=27.0,OLD,csv,1
55793291527,v1,,USDCHF,BUY,2026-03-18 15:32:09.663915,2026-03-18 17:57:55,145.75560141666668,Overlap,Wednesday,15,0.78685,0.78788,0.78605,0.78788,10.0,0.0008000000000000229,0.0010299999999999754,1.2874999999999324,,macd_crossover,,,,,,,50.0,0.00057,NOT_AVAILABLE,,UNKNOWN,TRANSITIONAL,,,,,,,0.0,,,TP_HIT,,,1.29,1.29,1383.46,0.0,0.0,1383.46,True,False,False,,False,,,MACD crossover BUY | MACD=0.00015 Signal=0.00014,OLD,csv,1
55793830392,v1,,AUDUSD,BUY,2026-03-18 15:47:06.960136,2026-03-18 18:01:43,134.6006644,Overlap,Wednesday,15,0.7064,0.70558,0.70558,0.70763,10.0,0.0008200000000000429,0.0012299999999999534,1.4999999999998646,,bollinger_bounce,,,,,,,23.36,0.00082,NOT_AVAILABLE,,UNKNOWN,RANGING,,,,,,,0.0,,,SL_HIT,,,1.5,-1.0,-820.0,0.0,0.0,-820.0,False,False,False,,False,,,BB bounce BUY | BB_pos=-0.11 RSI=23.4,OLD,csv,1
55793830936,v1,,NZDUSD,BUY,2026-03-18 15:47:07.872950,2026-03-18 17:54:44,127.6021175,Overlap,Wednesday,15,0.58296,0.5823,0.5823,0.58382,10.0,0.0006599999999999939,0.0008599999999999719,1.3030303030302723,,bollinger_bounce,,,,,,,25.27,0.00061,NOT_AVAILABLE,,UNKNOWN,,,,,,,,0.0,,,SL_HIT,,,1.3,-1.0,-660.0,0.0,0.0,-660.0,False,False,False,,False,,,BB bounce BUY | BB_pos=-0.08 RSI=25.3,OLD,csv,1
55794355822,v1,,EURUSD,BUY,2026-03-18 16:02:05.352659,2026-03-18 18:12:29,130.39412235,Overlap,Wednesday,16,1.15047,1.14943,1.14943,1.15193,10.0,0.001040000000000152,0.0014599999999997948,1.4038461538457514,,bollinger_bounce,,,,,,,32.93,0.001,NOT_AVAILABLE,DOWN,AGAINST_H4,TRANSITIONAL,NORMAL,HIGH,44.0804178915608,0.0014086419975463,,0.133780082446482,0.0,,,SL_HIT,,,1.4,-1.0,-1040.0,0.0,0.0,-1040.0,False,False,False,,False,,,BB bounce BUY | BB_pos=-0.06 RSI=32.9,OLD,csv,1
55794356231,v1,,GBPUSD,BUY,2026-03-18 16:02:06.300462,2026-03-18 19:01:27,179.3449923,Overlap,Wednesday,16,1.33127,1.33269,1.32999,1.33269,10.0,0.0012799999999999478,0.0014199999999999768,1.109375000000027,,bollinger_bounce,,,,,,,29.01,0.00108,NOT_AVAILABLE,DOWN,AGAINST_H4,RANGING,NORMAL,HIGH,41.73888107474745,0.0013490519726797,,0.1152202537209039,0.0,,,TP_HIT,,,1.11,1.11,1410.0,0.0,0.0,1410.0,True,False,False,,False,,,BB bounce BUY | BB_pos=-0.10 RSI=29.0,OLD,csv,1
55794356743,v1,,USDJPY,SELL,2026-03-18 16:02:07.024129,2026-03-18 23:00:18,418.1829311833333,Overlap,Wednesday,16,159.491,159.334,159.59552,159.33423,0.2,0.10451999999997952,0.15677000000002295,1.4999043245317036,,bollinger_bounce,,,,,,,74.05,0.10452,NOT_AVAILABLE,UP,AGAINST_H4,RANGING,NORMAL,MED,65.39681578953036,0.001092097592515,,0.9150446890777773,0.0,,,TP_HIT,,,1.5,1.5,19.71,0.0,0.0,19.71,True,False,False,,False,,,BB bounce SELL | BB_pos=1.12 RSI=74.1,OLD,csv,1
55794357352,v1,,XAUUSD,BUY,2026-03-18 16:02:07.997816,2026-03-18 18:16:35,134.4500364,Overlap,Wednesday,16,4857.08,4841.97,4841.9688,4883.8968,0.01,15.11120000000028,26.816800000000512,1.774630737466251,,bollinger_bounce,RISK_REJECTED,Max positions or daily drawdown limit,,,,,9.56,16.7712,NOT_AVAILABLE,UP,WITH_H4,TRENDING_BEAR,HIGH,HIGH,19.07985486023057,0.0050440233587392,,0.0726809386004036,0.0,,,SL_HIT,,,1.77,-1.0,-15.22,0.0,0.0,-15.22,False,False,False,,False,,,BB bounce BUY | BB_pos=-0.03 RSI=9.6,OLD,csv,1
55794358206,v1,,AUDUSD,BUY,2026-03-18 16:02:09.096398,2026-03-18 18:16:05,133.9317267,Overlap,Wednesday,16,0.70554,0.70456,0.70456,0.70666,10.0,0.0009799999999999809,0.0011200000000000099,1.1428571428571752,,bollinger_bounce,,,,,,,20.35,0.00084,NOT_AVAILABLE,UP,WITH_H4,RANGING,NORMAL,HIGH,43.58317206697592,0.0021690610103878,,0.194079882684183,0.0,,,SL_HIT,,,1.14,-1.0,-950.0,0.0,0.0,-950.0,False,False,False,,False,,,BB bounce BUY | BB_pos=-0.08 RSI=20.3,OLD,csv,1
55794358788,v1,,USDCAD,SELL,2026-03-18 16:02:10.007192,2026-03-18 18:16:05,133.9165468,Overlap,Wednesday,16,1.37125,1.37191,1.37191,1.37031,10.0,0.0006599999999998829,0.0009400000000001629,1.4242424242429237,,bollinger_bounce,,,,,,,65.19,0.00064,NOT_AVAILABLE,DOWN,WITH_H4,TRENDING_BULL,NORMAL,MED,54.71032317102765,0.0008722240120884,,0.8015902090198668,0.0,,,SL_HIT,,,1.42,-1.0,-481.08,0.0,0.0,-481.08,False,False,False,,False,,,BB bounce SELL | BB_pos=1.11 RSI=65.2,OLD,csv,1
55794359142,v1,,NZDUSD,BUY,2026-03-18 16:02:10.751984,2026-03-18 18:16:04,133.88746693333331,Overlap,Wednesday,16,0.58212,0.58134,0.58134,0.58294,10.0,0.0007800000000000029,0.0008200000000000429,1.0512820512821024,,bollinger_bounce,,,,,,,21.32,0.00064,NOT_AVAILABLE,DOWN,AGAINST_H4,,NORMAL,HIGH,46.26171480518002,0.0020109398303027,,0.2843610615964784,0.0,,,SL_HIT,,,1.05,-1.0,-780.0,0.0,0.0,-780.0,False,False,False,,False,,,BB bounce BUY | BB_pos=-0.07 RSI=21.3,OLD,csv,1
55794868691,v1,,EURUSD,BUY,2026-03-18 16:17:05.985920,2026-03-18 18:29:57,132.85023466666667,Overlap,Wednesday,16,1.1491,1.15068,1.14808,1.15068,10.0,0.0010200000000000209,0.0015799999999999148,1.549019607843022,,bollinger_bounce,,,,,,,28.44,0.00104,NOT_AVAILABLE,,UNKNOWN,TRANSITIONAL,,,,,,,0.0,,,TP_HIT,,,1.55,1.55,1580.0,0.0,0.0,1580.0,True,False,True,,False,,,BB bounce BUY | BB_pos=-0.10 RSI=28.4,OLD,csv,1
55794869253,v1,,GBPUSD,BUY,2026-03-18 16:17:06.865796,2026-03-18 18:30:07,133.00223673333332,Overlap,Wednesday,16,1.33052,1.33213,1.32938,1.33213,10.0,0.0011399999999999189,0.0016100000000001113,1.4122807017545842,,bollinger_bounce,,,,,,,27.22,0.0011,NOT_AVAILABLE,,UNKNOWN,RANGING,,,,,,,0.0,,,TP_HIT,,,1.41,1.41,1610.0,0.0,0.0,1610.0,True,False,True,,False,,,BB bounce BUY | BB_pos=-0.05 RSI=27.2,OLD,csv,1
55794869608,v1,,USDJPY,SELL,2026-03-18 16:17:07.516414,2026-03-18 20:00:05,222.95805976666668,Overlap,Wednesday,16,159.57,159.415,159.67866,159.41451,0.19,0.10866000000001463,0.15548999999998614,1.430977360573948,,bollinger_bounce,,,,,,,76.07,0.10566,NOT_AVAILABLE,,UNKNOWN,RANGING,,,,,,,0.0,,,TP_HIT,,,1.43,1.43,18.47,0.0,0.0,18.47,True,False,False,,False,,,BB bounce SELL | BB_pos=1.06 RSI=76.1,OLD,csv,1
55794870224,v1,,XAUUSD,BUY,2026-03-18 16:17:08.818328,2026-03-18 18:40:55,143.76969453333334,Overlap,Wednesday,16,4846.71,4870.66,4827.84276,4870.66086,0.01,18.867239999999583,23.95085999999992,1.2694416353425542,,bollinger_bounce,,,,,,,8.52,17.12724,NOT_AVAILABLE,,UNKNOWN,TRENDING_BEAR,,,,,,,0.0,,,TP_HIT,,,1.27,1.27,24.01,0.0,0.0,24.01,True,False,False,,False,,,BB bounce BUY | BB_pos=-0.01 RSI=8.5,OLD,csv,1
55795687261,v1,,USDJPY,SELL,2026-03-18 16:47:03.675707,2026-03-18 23:00:18,373.2387382166667,Overlap,Wednesday,16,159.484,159.328,159.58971,159.32793,0.2,0.10570999999998776,0.1560699999999997,1.4763976917984845,,rsi_reversal,,,,,,,68.99,0.10471,NOT_AVAILABLE,,UNKNOWN,RANGING,,,,,,,0.0,,,TP_HIT,,,1.48,1.48,19.46,0.0,0.0,19.46,True,False,False,,False,,,RSI reversal SELL | RSI=69.0 (prev=71.0),OLD,csv,1
55795687455,v1,,AUDUSD,BUY,2026-03-18 16:47:04.383709,2026-03-18 19:59:35,192.51027151666668,Overlap,Wednesday,16,0.70636,0.70767,0.70545,0.70767,10.0,0.0009099999999999664,0.0013100000000000334,1.4395604395605295,,rsi_reversal,,,,,,,32.5,0.00089,NOT_AVAILABLE,,UNKNOWN,RANGING,,,,,,,0.0,,,TP_HIT,,,1.44,1.44,1310.0,0.0,0.0,1310.0,True,False,False,,False,,,RSI reversal BUY | RSI=32.5 (prev=25.4),OLD,csv,1
55796027127,v1,,USDJPY,SELL,2026-03-18 17:02:04.202668,2026-03-18 23:00:26,358.36328886666666,NY,Wednesday,17,159.464,159.305,159.56134,159.30549,0.21,0.09734000000000265,0.1585100000000068,1.628415861927291,,rsi_reversal,,,,,,,66.98,0.10234,NOT_AVAILABLE,UP,AGAINST_H4,RANGING,NORMAL,MED,64.74618828203481,0.0010635238043175,,0.8635279356448721,0.0,,,TP_HIT,,,1.63,1.63,20.83,0.0,0.0,20.83,True,False,False,,False,,,RSI reversal SELL | RSI=67.0 (prev=69.9),OLD,csv,1
55796403987,v1,,USDJPY,SELL,2026-03-18 17:17:08.441457,2026-03-18 23:00:17,343.14264238333334,NY,Wednesday,17,159.492,159.339,159.58744,159.33885,0.22,0.09543999999999642,0.15314999999998236,1.6046730930426247,,rsi_reversal,,,,,,,69.12,0.09944,NOT_AVAILABLE,,UNKNOWN,RANGING,,,,,,,0.0,,,TP_HIT,,,1.6,1.6,21.12,0.0,0.0,21.12,True,False,False,,False,,,RSI reversal SELL | RSI=69.1 (prev=69.7),OLD,csv,1
55796404734,v1,,AUDUSD,BUY,2026-03-18 17:17:10.456492,2026-03-18 20:00:37,163.44239180000002,NY,Wednesday,17,0.70666,0.70792,0.7057,0.70792,10.0,0.0009599999999999609,0.0012600000000000389,1.312500000000094,,rsi_reversal,,,,,,,34.86,0.00089,NOT_AVAILABLE,,UNKNOWN,RANGING,,,,,,,0.0,,,TP_HIT,,,1.31,1.31,1260.0,0.0,0.0,1260.0,True,False,False,,False,,,RSI reversal BUY | RSI=34.9 (prev=34.8),OLD,csv,1
55796406311,v1,,USDCAD,BUY,2026-03-18 17:17:13.270673,2026-03-18 19:39:28,142.24548878333331,NY,Wednesday,17,1.3711,1.37002,1.37002,1.37292,10.0,0.0010799999999999699,0.0018199999999999328,1.68518518518517,,sma_crossover,,,,,,,59.56,0.00073,NOT_AVAILABLE,,UNKNOWN,TRENDING_BULL,,,,,,,0.0,,,SL_HIT,,,1.69,-1.0,-832.1,0.0,0.0,-832.1,False,False,False,,False,,,"SMA20 crossed above SMA50, RSI=59.6",OLD,csv,1
55796731486,v1,,USDJPY,SELL,2026-03-18 17:32:03.425053,2026-03-18 23:00:14,328.17624911666667,NY,Wednesday,17,159.498,159.354,159.59537,159.35445,0.22,0.09737000000001217,0.1435499999999763,1.4742733901608132,,rsi_reversal,,,,,,,69.69,0.09637,NOT_AVAILABLE,,UNKNOWN,RANGING,,,,,,,0.0,,,TP_HIT,,,1.47,1.48,19.88,0.0,0.0,19.88,True,False,False,,False,,,RSI reversal SELL | RSI=69.7 (prev=70.0),OLD,csv,1
55796731944,v1,,AUDUSD,BUY,2026-03-18 17:32:04.122867,2026-03-18 19:59:24,147.33128555,NY,Wednesday,17,0.70626,0.70752,0.70527,0.70752,10.0,0.0009900000000000464,0.0012600000000000389,1.2727272727272523,,rsi_reversal,,,,,,,33.45,0.0009,NOT_AVAILABLE,,UNKNOWN,RANGING,,,,,,,0.0,,,TP_HIT,,,1.27,1.27,1280.0,0.0,0.0,1280.0,True,False,False,,False,,,RSI reversal BUY | RSI=33.5 (prev=32.2),OLD,csv,1
55797381996,v1,,XAUUSD,BUY,2026-03-18 18:05:05.536668,2026-03-19 01:16:25,431.32438886666665,NY,Wednesday,18,4870.22,4820.1,4820.09858,4945.50213,0.01,50.1214200000004,75.2821299999996,1.5019951549656614,,rsi_reversal,,,,,,,18.48,25.08071,NOT_AVAILABLE,UP,WITH_H4,TRENDING_BEAR,NORMAL,HIGH,29.677148310067523,0.0050278746945802,,0.2212409561872183,0.0,,,SL_HIT,,,1.5,-1.0,-50.12,0.0,0.0,-50.12,False,False,False,,False,,,RSI reversal BUY | RSI=18.5 (prev=18.1),OLD,csv,1
55797382205,v1,,USDCAD,SELL,2026-03-18 18:05:06.218628,2026-03-19 00:59:40,414.5630228666667,NY,Wednesday,18,1.3698,1.37262,1.37262,1.36569,2.0,0.0028200000000000447,0.004109999999999836,1.457446808510557,,macd_crossover,,,,,,,50.0,0.00115,NOT_AVAILABLE,DOWN,WITH_H4,TRENDING_BULL,NORMAL,HIGH,52.26858938263596,0.0008832275845316,,0.6071698739014261,0.0,,,SL_HIT,,,1.46,-1.0,-410.89,0.0,0.0,-410.89,False,False,False,,False,,,MACD crossover SELL | MACD=0.00018 Signal=0.00019,OLD,csv,1
55802872071,v1,,USDCAD,SELL,2026-03-18 23:05:09.121651,2026-03-19 13:42:36,877.4479724833333,Off-hours,Wednesday,23,1.37267,1.37436,1.37436,1.36782,2.0,0.0016899999999999693,0.004850000000000021,2.869822485207165,,bollinger_bounce,RISK_REJECTED,Position already open on USDCAD,,,,,60.88,0.00131,NOT_AVAILABLE,DOWN,WITH_H4,TRENDING_BULL,NORMAL,HIGH,65.99781471577057,0.0009958815389566,,1.087195185797355,0.0,,,SL_HIT,,,2.87,-1.0,-247.68,0.0,0.0,-247.68,False,False,False,,False,,,BB bounce SELL | BB_pos=1.01 RSI=60.9,OLD,csv,1
55802872288,v1,,NZDUSD,SELL,2026-03-18 23:05:10.465119,2026-03-19 18:54:48,1189.62558135,Off-hours,Wednesday,23,0.58025,0.58332,0.58332,0.57812,2.0,0.003069999999999906,0.0021300000000000763,0.6938110749186128,,sma_crossover,,,,,,,32.58,0.0013,NOT_AVAILABLE,DOWN,WITH_H4,,NORMAL,HIGH,24.922787203122557,0.0024066677040063,,0.0021092534070928,0.0,,,SL_HIT,,,0.69,-1.0,-654.2,0.0,0.0,-654.2,False,False,False,,False,,,"SMA20 crossed below SMA50, RSI=32.6",OLD,csv,1
55803701587,v1,,AUDUSD,BUY,2026-03-19 00:05:12.877744,2026-03-19 16:22:28,977.2520376,Asian,Thursday,0,0.70314,0.70379,0.6985,0.70703,2.0,0.0046399999999999775,0.00389000000000006,0.8383620689655342,,bollinger_bounce,,,,,,,25.78,0.00171,NOT_AVAILABLE,UP,WITH_H4,TRANSITIONAL,NORMAL,HIGH,32.23488269841744,0.0022660336235851,,0.1486130156162724,0.0,,,SL_HIT,,,0.84,0.14,167.8,0.0,0.0,167.8,True,False,False,,False,,,BB bounce BUY | BB_pos=-0.09 RSI=25.8,OLD,csv,1
55803842238,v1,,XAUUSD,BUY,2026-03-19 01:05:06.608327,2026-03-19 11:47:17,642.17319455,Asian,Thursday,1,4825.9,4771.14,4771.13697,4907.39455,0.01,54.76303000000007,81.49455000000034,1.4881307699738353,,rsi_reversal,RISK_REJECTED,Position already open on XAUUSD,,,,,23.36,27.25152,NOT_AVAILABLE,UP,WITH_H4,TRENDING_BEAR,NORMAL,HIGH,29.62127800138478,0.0052340049049156,,0.2769944325581092,0.0,,,SL_HIT,,,1.49,-1.0,-54.76,0.0,0.0,-54.76,False,False,False,,False,,,RSI reversal BUY | RSI=23.4 (prev=20.2),OLD,csv,1
55807363547,v1,,GBPUSD,SELL,2026-03-19 08:05:03.478599,2026-03-19 14:51:38,406.5753566833334,London,Thursday,8,1.32715,1.32896,1.32896,1.31811,2.0,0.0018099999999998673,0.009040000000000159,4.994475138122001,,sma_crossover,,,,,,,37.12,0.00181,NOT_AVAILABLE,DOWN,WITH_H4,TRANSITIONAL,NORMAL,HIGH,34.472119852028555,0.0013551766858737,,0.2322234030438071,0.0,,,SL_HIT,,,4.99,-1.0,-362.0,0.0,0.0,-362.0,False,False,False,,False,,,"SMA20 crossed below SMA90, RSI=37.1",OLD,csv,1
55809286106,v1,,XAUUSD,BUY,2026-03-19 10:05:04.784366,2026-03-19 13:11:31,186.43692723333334,London,Thursday,10,4767.62,4711.59,4711.59054,4852.3142,0.01,56.029459999999744,84.69419999999991,1.5116012183590615,,rsi_reversal,RISK_REJECTED,Position already open on XAUUSD,,,,,22.78,28.14473,NOT_AVAILABLE,DOWN,AGAINST_H4,TRENDING_BEAR,NORMAL,HIGH,20.28268195393842,0.006792681125644,,0.0574439891948195,0.0,,,SL_HIT,,,1.51,-1.0,-56.11,0.0,0.0,-56.11,False,False,False,,False,,,RSI reversal BUY | RSI=22.8 (prev=21.2),OLD,csv,1
55810298993,v1,,USDJPY,BUY,2026-03-19 11:05:03.926742,2026-03-19 18:04:26,419.36788763333334,London,Thursday,11,159.204,158.832,158.83202,159.75947,0.03,0.37198000000000775,0.5554699999999855,1.49327920855953,,bollinger_bounce,,,,,,,39.44,0.18549,NOT_AVAILABLE,UP,WITH_H4,TRANSITIONAL,NORMAL,HIGH,36.57199921887159,0.0011620471109771,,0.0669251338667071,0.0,,,SL_HIT,,,1.49,-1.0,-7.05,0.0,0.0,-7.05,False,False,False,,False,,,BB bounce BUY | BB_pos=-0.04 RSI=39.4,OLD,csv,1
55811574548,v1,,XAUUSD,BUY,2026-03-19 12:05:05.551321,2026-03-19 16:53:38,288.5408113166667,London,Thursday,12,4714.9,4651.23,4651.23396,4809.07406,0.01,63.666040000000066,94.17406000000028,1.4791882768270208,,rsi_reversal,,,,,,,18.49,31.56802,NOT_AVAILABLE,DOWN,AGAINST_H4,TRENDING_BEAR,NORMAL,HIGH,11.834540259481727,0.0076184437337697,,-0.0075120399645876,0.0,,,SL_HIT,,,1.48,-1.0,-63.76,0.0,0.0,-63.76,False,False,False,,False,,,RSI reversal BUY | RSI=18.5 (prev=16.7),OLD,csv,1
55813312826,v1,,USDCHF,BUY,2026-03-19 13:38:40.142092,2026-03-19 18:55:09,316.48096513333337,Overlap,Thursday,13,0.79518,0.79214,0.79214,0.79847,2.0,0.0030400000000000427,0.003290000000000015,1.0822368421052528,,macd_crossover,,,,,,,50.0,0.00133,NOT_AVAILABLE,,UNKNOWN,TRENDING_BULL,,,,,,,0.0,,,SL_HIT,,,1.08,-1.0,-767.54,0.0,0.0,-767.54,False,False,False,,False,,,MACD crossover BUY | MACD=0.00141 Signal=0.00139,OLD,csv,1
55817070157,v1,2.0,USDJPY,BUY,2026-03-19 16:05:06.269711,2026-03-19 18:49:43,164.61217148333333,Overlap,Thursday,16,158.82,158.513,158.51306,159.82581,2.0,0.3069399999999973,1.0058099999999968,3.2768945070698035,,bollinger_bounce,,,,,,,28.51,0.20196,NOT_AVAILABLE,UP,WITH_H4,TRANSITIONAL,HIGH,HIGH,22.31012894659723,0.0016528054648125,,0.028569359982526,0.0,,,SL_HIT,,,3.28,-1.0,-384.83,0.0,0.0,-384.83,False,False,False,,False,,,BB bounce BUY | BB_pos=-0.00 RSI=28.5,OLD,csv,1
55817070960,v1,2.0,AUDUSD,BUY,2026-03-19 16:05:06.930546,2026-03-19 19:02:21,177.2344909,Overlap,Thursday,16,0.70129,0.70532,0.69855,0.70532,2.0,0.0027399999999999647,0.004029999999999978,1.4708029197080401,,bollinger_bounce,,,,,,,35.66,0.00169,NOT_AVAILABLE,UP,WITH_H4,TRANSITIONAL,NORMAL,HIGH,43.83227819703296,0.0029060618987879,,0.3631380503761315,0.0,,,TP_HIT,,,1.47,1.47,800.0,0.0,0.0,800.0,True,False,False,,False,,,BB bounce BUY | BB_pos=-0.01 RSI=35.7,OLD,csv,1
55819089303,v1,2.0,GBPUSD,SELL,2026-03-19 17:05:08.081330,2026-03-19 22:23:38,318.4986445,NY,Thursday,17,1.33583,1.33948,1.33948,1.32289,2.0,0.003649999999999931,0.012940000000000174,3.5452054794521692,,bollinger_bounce,,,,,,,66.38,0.00255,NOT_AVAILABLE,DOWN,WITH_H4,TRANSITIONAL,NORMAL,HIGH,69.24796106963198,0.0019485074276214,,0.9834973128646858,0.0,,,SL_HIT,,,3.55,-1.0,-730.0,0.0,0.0,-730.0,False,False,False,,False,,,BB bounce SELL | BB_pos=1.17 RSI=66.4,OLD,csv,1
55819089906,v1,2.0,USDJPY,BUY,2026-03-19 17:05:09.133448,2026-03-19 20:56:11,231.0311092,NY,Thursday,17,158.166,158.257,157.80018,159.39407,2.0,0.36581999999998516,1.2280700000000024,3.3570335137500744,,bollinger_bounce,RISK_REJECTED,Session filter: USDJPY inactive at 17:00 UTC (active 00-16),,,,,18.7,0.24521,NOT_AVAILABLE,UP,WITH_H4,TRANSITIONAL,NORMAL,HIGH,21.625958142386125,0.0015762791092412,,0.0711998356864976,0.0,,,SL_HIT,,,3.36,0.25,117.53,0.0,0.0,117.53,True,False,False,,False,,,BB bounce BUY | BB_pos=-0.11 RSI=18.7,OLD,csv,1
55819090459,v1,2.0,NZDUSD,SELL,2026-03-19 17:05:10.091904,2026-03-19 23:58:01,412.84846826666666,NY,Thursday,17,0.5839,0.58604,0.58604,0.58021,2.0,0.0021400000000000308,0.003689999999999971,1.7242990654205224,,bollinger_bounce,,,,,,,57.69,0.00146,NOT_AVAILABLE,DOWN,WITH_H4,,NORMAL,HIGH,57.52319367367719,0.002553405050728,,0.8960672539699716,0.0,,,SL_HIT,,,1.72,-1.0,-422.0,0.0,0.0,-422.0,False,False,False,,False,,,BB bounce SELL | BB_pos=1.02 RSI=57.7,OLD,csv,1
55823443476,v1,2.0,EURUSD,SELL,2026-03-19 20:05:04.808376,2026-03-19 23:59:05,234.00319373333332,NY,Thursday,20,1.15403,1.15842,1.15842,1.14616,2.0,0.004390000000000116,0.007869999999999822,1.7927107061502536,,bollinger_bounce,,,,,,,67.29,0.00223,NOT_AVAILABLE,DOWN,WITH_H4,TRANSITIONAL,NORMAL,HIGH,76.13331787455851,0.0020723475796612,,0.9657171430018328,0.0,,,SL_HIT,,,1.79,-1.0,-880.0,0.0,0.0,-880.0,False,False,False,,False,,,BB bounce SELL | BB_pos=1.02 RSI=67.3,OLD,csv,1
55824610838,v1,2.0,GBPUSD,SELL,2026-03-19 21:05:05.556734,2026-03-20 00:05:01,179.92405443333334,NY,Thursday,21,1.3398,1.34393,1.34393,1.32668,2.0,0.004129999999999967,0.01312000000000002,3.176755447941919,,rsi_reversal,,,,,,,71.58,0.00265,NOT_AVAILABLE,DOWN,WITH_H4,TRANSITIONAL,NORMAL,HIGH,75.58550895967717,0.0019400281452072,,0.8814867943346805,0.0,,,SL_HIT,,,3.18,-1.0,-826.0,0.0,0.0,-826.0,False,False,False,,False,,,RSI reversal SELL | RSI=71.6 (prev=73.2),OLD,csv,1
55841108281,v1,2.0,XAUUSD,SELL,2026-03-20 17:41:39.374990,2026-03-23 03:06:07,3444.460416833333,NY,Friday,17,4576.15,4498.93,4648.69855,4442.34518,1.54,72.54855000000043,133.80481999999938,1.8443486465270302,,macd_crossover,,,,,,,50.0,43.67267,NOT_AVAILABLE,,UNKNOWN,TRENDING_BEAR,,,,,,,0.0,,,SL_HIT,,,1.84,1.06,11915.6,0.0,0.0,11915.6,True,False,True,,False,,,MACD crossover SELL | MACD=-24.49706 Signal=-22.32575,OLD,csv,1
55841108536,v1,2.0,USDCHF,BUY,2026-03-20 17:41:40.306581,2026-03-23 03:27:49,3466.1448903166665,NY,Friday,17,0.78977,0.78676,0.78676,0.79334,2.0,0.003009999999999957,0.003570000000000073,1.1860465116279482,,macd_crossover,,,,,,,50.0,0.00139,NOT_AVAILABLE,,UNKNOWN,TRANSITIONAL,,,,,,,0.0,,,SL_HIT,,,1.19,-1.0,-762.37,0.0,0.0,-762.37,False,False,False,,False,,,MACD crossover BUY | MACD=-0.00060 Signal=-0.00063,OLD,csv,1
55841109769,v1,2.0,AUDUSD,BUY,2026-03-20 17:41:43.223948,2026-03-20 21:31:22,229.64626753333332,NY,Friday,17,0.70322,0.70343,0.70078,0.70795,2.0,0.0024399999999999977,0.004730000000000012,1.9385245901639412,,bollinger_bounce,,,,,,,36.46,0.00179,NOT_AVAILABLE,,UNKNOWN,TRANSITIONAL,,,,,,,0.0,,,SL_HIT,,,1.94,0.09,40.0,0.0,0.0,40.0,True,False,False,,False,,,BB bounce BUY | BB_pos=-0.22 RSI=36.5,OLD,csv,1
55856220803,v1,2.1,USDCAD,BUY,2026-03-23 09:05:04.581647,2026-03-23 12:36:23,211.30697254999998,London,Monday,9,1.37327,1.37347,1.36969,1.37721,2.0,0.0035799999999999166,0.003940000000000055,1.100558659217918,,macd_crossover,,,,,,,50.0,0.00158,NOT_AVAILABLE,UP,WITH_H4,TRENDING_BULL,NORMAL,HIGH,52.65497109205413,0.0010949949624773,,0.6904211433352468,0.0,,,SL_HIT,,,1.1,0.06,29.12,0.0,0.0,29.12,True,False,False,,False,,,MACD crossover BUY | MACD=-0.00019 Signal=-0.00023,OLD,csv,1
55864767560,v1,2.1,AUDUSD,BUY,2026-03-23 14:05:04.563460,2026-03-23 16:05:37,120.54060899999999,Overlap,Monday,14,0.69255,0.69678,0.68918,0.69678,2.0,0.003369999999999984,0.004229999999999956,1.2551928783382718,,bollinger_bounce,,,,,,,20.8,0.0019,NOT_AVAILABLE,,UNKNOWN,TRANSITIONAL,,,,,,,0.0,,,TP_HIT,,,1.26,1.26,846.0,0.0,0.0,846.0,True,False,False,,False,,,BB bounce BUY | BB_pos=-0.02 RSI=20.8,OLD,csv,1
55867233573,v1,2.1,AUDUSD,BUY,2026-03-23 15:05:10.015612,2026-03-23 17:31:55,146.74973980000001,Overlap,Monday,15,0.69876,0.69886,0.69373,0.7062,2.0,0.00503000000000009,0.007440000000000002,1.4791252485089204,,macd_crossover,,,,,,,50.0,0.00262,NOT_AVAILABLE,,UNKNOWN,TRANSITIONAL,,,,,,,0.0,,,SL_HIT,,,1.48,0.02,40.0,0.0,0.0,40.0,True,False,False,,False,,,MACD crossover BUY | MACD=-0.00227 Signal=-0.00242,OLD,csv,1
55867234234,v1,2.1,USDJPY,BUY,2026-03-23 15:05:11.455769,2026-03-23 18:00:25,175.22573718333334,Overlap,Monday,15,158.929,158.467,158.46671,160.35732,2.0,0.46228999999999587,1.4283199999999852,3.089662333167488,,bollinger_bounce,,,,,,,42.45,0.29086,NOT_AVAILABLE,,UNKNOWN,TRANSITIONAL,,,,,,,0.0,,,SL_HIT,,,3.09,-1.0,-583.09,0.0,0.0,-583.09,False,False,False,,False,,,BB bounce BUY | BB_pos=-0.06 RSI=42.5,OLD,csv,1
55939340209,v1,2.1,USDCHF,BUY,2026-03-26 11:05:04.420568,2026-03-26 17:07:40,362.5929905333333,London,Thursday,11,0.79255,0.79312,0.79067,0.79533,2.0,0.0018799999999999928,0.0027800000000000047,1.4787234042553272,,macd_crossover,,,,,,,50.0,0.00098,NOT_AVAILABLE,UP,WITH_H4,RANGING,NORMAL,HIGH,56.30332173400477,0.0012571989811095,,0.7106658949771634,0.0,,,SL_HIT,,,1.48,0.3,143.74,0.0,0.0,143.74,True,False,False,,False,,,MACD crossover BUY | MACD=0.00065 Signal=0.00065,OLD,csv,1
55942937934,v1,2.1,AUDUSD,SELL,2026-03-26 13:58:53.463097,2026-03-26 17:07:16,188.37561505,Overlap,Thursday,13,0.69334,0.69164,0.69585,0.6896,2.0,0.0025100000000000122,0.0037399999999999656,1.4900398406374293,,macd_crossover,,,,,,,50.0,0.00132,NOT_AVAILABLE,,UNKNOWN,RANGING,,,,,,,0.0,,,SL_HIT,,,1.49,0.68,340.0,0.0,0.0,340.0,True,False,False,,False,,,MACD crossover SELL | MACD=-0.00071 Signal=-0.00070,OLD,csv,1
55944315437,v1,2.1,USDCAD,BUY,2026-03-26 15:05:05.287936,2026-03-26 18:38:13,213.12853439999998,Overlap,Thursday,15,1.38432,1.38246,1.38246,1.38748,2.0,0.0018599999999999728,0.0031600000000000517,1.6989247311828484,,macd_crossover,,,,,,,50.0,0.00106,NOT_AVAILABLE,UP,WITH_H4,TRENDING_BULL,NORMAL,MED,62.95731252581484,0.0008278976105178,,0.8232050859292284,0.0,,,SL_HIT,,,1.7,-1.0,-277.77,0.0,0.0,-277.77,False,False,False,,False,,,MACD crossover BUY | MACD=0.00128 Signal=0.00125,OLD,csv,1
55945681603,v1,2.1,USDJPY,BUY,2026-03-26 16:05:07.017798,2026-03-26 21:41:43,336.59970336666663,Overlap,Thursday,16,159.64,159.66,159.42483,160.4745,2.0,0.21517000000000053,0.8345000000000198,3.878328763303517,,macd_crossover,,,,,,,50.0,0.14478,NOT_AVAILABLE,UP,WITH_H4,RANGING,NORMAL,MED,62.761018085574655,0.0009272546915107,,0.8905670438324784,0.0,,,SL_HIT,,,3.88,0.09,25.05,0.0,0.0,25.05,True,False,False,,False,,,MACD crossover BUY | MACD=0.13304 Signal=0.13167,OLD,csv,1
55945682223,v1,2.1,AUDUSD,BUY,2026-03-26 16:05:08.132196,2026-03-26 18:57:56,172.7977967333333,Overlap,Thursday,16,0.69096,0.69174,0.68847,0.69408,2.0,0.0024899999999999922,0.0031200000000000117,1.2530120481927798,,ml_direct,,,59.1,0.5908,,"SELL=31.3,NO=9.6,BUY=59.1",28.98,0.0014,NOT_AVAILABLE,DOWN,AGAINST_H4,RANGING,NORMAL,HIGH,36.76761810585835,0.0022779039838121,,0.1026571110523519,0.0,,,SL_HIT,,,1.25,0.31,156.0,0.0,0.0,156.0,True,False,False,,False,,,ML Direct BUY | conf=59.1% [SELL=31.3% NO=9.6% BUY=59.1%],OLD,csv,1
55953517537,v1,2.1,USDCAD,BUY,2026-03-26 21:05:04.431602,2026-03-27 01:58:13,293.14280663333335,NY,Thursday,21,1.38549,1.38572,1.38244,1.38848,2.0,0.003050000000000219,0.002989999999999826,0.9803278688523316,,macd_crossover,,,,,,,50.0,0.00127,NOT_AVAILABLE,UP,WITH_H4,TRENDING_BULL,NORMAL,HIGH,63.90666985914547,0.0009513429072804,,0.8489369711687912,0.0,,,SL_HIT,,,0.98,0.08,33.2,0.0,0.0,33.2,True,False,False,,False,,,MACD crossover BUY | MACD=0.00125 Signal=0.00123,OLD,csv,1
55955479997,v1,,XAUUSD,SELL,2026-03-26 23:05:01.780359,2026-03-27 01:12:55,127.88699401666666,Off-hours,Thursday,23,4354.16,4397.55,4397.54862,4258.76903,0.01,43.38861999999972,95.39096999999947,2.1985250971337664,,ml_filtered_sma,,,,,,,36.4,34.6949,NOT_AVAILABLE,DOWN,WITH_H4,TRENDING_BEAR,NORMAL,HIGH,42.41907470576807,0.0086024227907661,,0.3332435380808547,0.0,,,SL_HIT,,,2.2,-1.0,-43.29,0.0,0.0,-43.29,False,False,False,,False,,,"SMA40 x SMA50 SELL, RSI=36.4",OLD,csv,1
55956617150,v1,,XAUUSD,SELL,2026-03-27 01:05:04.935507,2026-03-27 07:01:36,356.51774155000004,Asian,Friday,1,4386.97,4429.66,4429.66433,4258.61046,0.01,42.694329999999354,128.35954000000038,3.0064774409155106,,ml_filtered_sma,,,,,,,39.23,42.76347,NOT_AVAILABLE,DOWN,WITH_H4,TRENDING_BEAR,NORMAL,HIGH,40.83108744844296,0.0083508417614819,,0.2621339329429202,0.0,,,SL_HIT,,,3.01,-1.0,-42.69,0.0,0.0,-42.69,False,False,False,,False,,,"SMA40 x SMA50 SELL, RSI=39.2",OLD,csv,1
55959498253,v1,2.1,AUDUSD,BUY,2026-03-27 06:05:05.933483,2026-03-27 10:26:02,260.93444195,Asian,Friday,6,0.68932,0.69035,0.68629,0.69381,2.0,0.003030000000000088,0.004489999999999994,1.4818481848184368,,macd_crossover,EXECUTED,,,,0.5834,,50.0,0.00158,NOT_AVAILABLE,DOWN,AGAINST_H4,RANGING,NORMAL,HIGH,47.53876299705144,0.0021710200982043,,0.581448401539385,0.0,,,SL_HIT,,,1.48,0.34,206.0,0.0,0.0,206.0,True,False,False,,False,,,MACD crossover BUY | MACD=-0.00159 Signal=-0.00165,OLD,csv,1
55961431223,v1,2.1,AUDUSD,BUY,2026-03-27 09:05:06.792462,2026-03-27 11:47:48,162.6867923,London,Friday,9,0.68974,0.68994,0.68809,0.69409,2.0,0.0016500000000000403,0.004349999999999965,2.6363636363635505,,ml_direct,RISK_REJECTED,Position already open on AUDUSD,58.3,0.5834,0.5805,"SELL=27.8,NO=13.8,BUY=58.3",47.54,0.0015,NOT_AVAILABLE,DOWN,AGAINST_H4,RANGING,NORMAL,MED,43.982542291829446,0.0021340604092497,,0.4725406701084072,0.0,,,SL_HIT,,,2.64,0.12,40.0,0.0,0.0,40.0,True,False,False,,False,,,ML Direct BUY | conf=58.3% [SELL=27.8% NO=13.8% BUY=58.3%],OLD,csv,1
55962286758,v1,2.1,USDCHF,BUY,2026-03-27 10:05:06.469574,2026-03-27 12:49:38,164.5255071,London,Friday,10,0.79604,0.79631,0.79428,0.79864,2.0,0.0017599999999999838,0.0026000000000000467,1.4772727272727675,,macd_crossover,EXECUTED,,,,,,50.0,0.00092,NOT_AVAILABLE,UP,WITH_H4,TRANSITIONAL,NORMAL,MED,70.3227236366843,0.0011772688433846,,0.9799816464057824,0.0,,,SL_HIT,,,1.48,0.15,67.81,0.0,0.0,67.81,True,False,False,,False,,,MACD crossover BUY | MACD=0.00092 Signal=0.00091,OLD,csv,1
55962287002,v1,2.1,AUDUSD,BUY,2026-03-27 10:05:07.750616,2026-03-27 22:17:35,732.4541564,London,Friday,10,0.68973,0.68748,0.68748,0.69326,2.0,0.0022499999999999742,0.003530000000000033,1.5688888888889216,,ml_direct,RISK_REJECTED,Position already open on AUDUSD,57.3,0.5727,0.5648,"SELL=28.0,NO=14.7,BUY=57.3",44.96,0.00144,NOT_AVAILABLE,DOWN,AGAINST_H4,RANGING,NORMAL,MED,45.474008978872114,0.002107037251111,,0.5734134771441908,0.0,,,SL_HIT,,,1.57,-1.0,-450.0,0.0,0.0,-450.0,False,False,False,,False,,,ML Direct BUY | conf=57.3% [SELL=28.0% NO=14.7% BUY=57.3%],OLD,csv,1
55963123800,v1,2.1,EURUSD,SELL,2026-03-27 11:05:07.240827,2026-03-27 17:24:49,379.69598621666665,London,Friday,11,1.15177,1.15097,1.15498,1.14657,2.0,0.003209999999999935,0.005199999999999871,1.6199376947040425,,macd_crossover,,,,,,,50.0,0.00129,NOT_AVAILABLE,DOWN,WITH_H4,RANGING,NORMAL,MED,35.298251563611814,0.0011094533868498,,0.0590027864898679,0.0,,,SL_HIT,,,1.62,0.25,160.0,0.0,0.0,160.0,True,False,False,,False,,,MACD crossover SELL | MACD=-0.00073 Signal=-0.00072,OLD,csv,1
55963124201,v1,2.1,GBPUSD,SELL,2026-03-27 11:05:08.074134,2026-03-27 14:12:55,187.78209776666665,London,Friday,11,1.3312,1.331,1.33367,1.32205,2.0,0.0024699999999999722,0.009149999999999991,3.704453441295585,,macd_crossover,,,,,,,50.0,0.0016,NOT_AVAILABLE,DOWN,WITH_H4,RANGING,NORMAL,MED,33.550297636598216,0.0011528224571174,,0.0703881633886575,0.0,,,SL_HIT,,,3.7,0.08,40.0,0.0,0.0,40.0,True,False,False,,False,,,MACD crossover SELL | MACD=-0.00080 Signal=-0.00073,OLD,csv,1
55965276588,v1,2.1,USDCHF,SELL,2026-03-27 13:05:11.200407,2026-03-27 18:00:25,295.2299932166667,Overlap,Friday,13,0.79729,0.79709,0.79872,0.79496,2.0,0.0014299999999999313,0.0023300000000000542,1.6293706293707455,,rsi_reversal,,,,,,,70.32,0.00094,NOT_AVAILABLE,UP,AGAINST_H4,TRANSITIONAL,NORMAL,MED,66.29236929569691,0.0011542182384483,,0.803474757261059,0.0,,,SL_HIT,,,1.63,0.14,50.18,0.0,0.0,50.18,True,False,False,,False,,,RSI reversal SELL | RSI=70.3 (prev=70.6),OLD,csv,1
55965276800,v1,2.1,GBPUSD,SELL,2026-03-27 13:05:12.078793,2026-03-27 17:41:23,276.18202011666665,Overlap,Friday,13,1.33116,1.32818,1.33354,1.32349,2.0,0.0023800000000000487,0.007669999999999844,3.2226890756301203,,ml_direct,,,57.1,0.5709,,"SELL=57.1,NO=9.4,BUY=33.5",37.7,0.00155,NOT_AVAILABLE,DOWN,WITH_H4,RANGING,NORMAL,HIGH,26.60098268075332,0.0011820889527566,,0.0120130735172007,0.0,,,SL_HIT,,,3.22,1.25,596.0,0.0,0.0,596.0,True,False,False,,False,,,ML Direct SELL | conf=57.1% [SELL=57.1% NO=9.4% BUY=33.5%],OLD,csv,1
55968901904,v1,2.1,USDCAD,SELL,2026-03-27 16:05:10.439954,2026-03-27 18:31:20,146.1593341,Overlap,Friday,16,1.38675,1.38655,1.3881,1.38373,2.0,0.0013499999999999623,0.0030200000000000227,2.2370370370371164,,ml_direct,EXECUTED,,56.5,0.5648,,"SELL=56.5,NO=13.5,BUY=30.1",63.55,0.00109,NOT_AVAILABLE,UP,AGAINST_H4,TRENDING_BULL,NORMAL,MED,64.65436150328873,0.0008662724271467,,1.0116845360075846,0.0,,,SL_HIT,,,2.24,0.15,28.85,0.0,0.0,28.85,True,False,False,,False,,,ML Direct SELL | conf=56.5% [SELL=56.5% NO=13.5% BUY=30.1%],OLD,csv,1
55970698206,v1,2.1,EURUSD,BUY,2026-03-27 17:05:08.437683,2026-03-27 20:40:01,214.87603861666668,NY,Friday,17,1.15319,1.15382,1.1498,1.15862,2.0,0.003390000000000004,0.005430000000000046,1.6017699115044364,,macd_crossover,,,,,,,50.0,0.00135,NOT_AVAILABLE,DOWN,AGAINST_H4,RANGING,NORMAL,MED,41.74740022113969,0.0012216323679798,,0.2842450172089421,0.0,,,SL_HIT,,,1.6,0.19,128.0,0.0,0.0,128.0,True,False,False,,False,,,MACD crossover BUY | MACD=-0.00075 Signal=-0.00082,OLD,csv,1
55974855006,v1,2.1,USDCAD,BUY,2026-03-27 19:05:06.537504,2026-03-27 22:10:53,185.77437493333335,NY,Friday,19,1.38787,1.38805,1.38465,1.39035,2.0,0.0032200000000000006,0.0024800000000000377,0.7701863354037383,,macd_crossover,,,,,,,50.0,0.0012,NOT_AVAILABLE,UP,WITH_H4,TRENDING_BULL,NORMAL,HIGH,70.85002445082088,0.0008817110029182,,0.9819643411269076,0.0,,,SL_HIT,,,0.77,0.06,28.82,0.0,0.0,28.82,True,False,False,,False,,,MACD crossover BUY | MACD=0.00082 Signal=0.00080,OLD,csv,1
55977310555,v1,2.1,AUDUSD,SELL,2026-03-27 21:05:05.584715,2026-03-31 11:24:33,5179.456921416667,NY,Friday,21,0.68698,0.68504,0.68954,0.68197,2.0,0.0025600000000000067,0.00501000000000007,1.9570312500000222,,macd_crossover,,,,,,,50.0,0.00159,NOT_AVAILABLE,DOWN,WITH_H4,TRANSITIONAL,NORMAL,HIGH,33.69363946061229,0.0021943928853307,,-0.0004493193173369,0.0,,,SL_HIT,,,1.96,0.76,326.8,0.0,0.0,326.8,True,False,False,,False,,,MACD crossover SELL | MACD=-0.00089 Signal=-0.00085,OLD,csv,1
56010819807,v2,2.2,AUDUSD,BUY,2026-03-31 09:05:05.370950,2026-03-31 14:11:53,306.7938175,London,Tuesday,9,0.68509,0.68618,0.68192,0.68752,2.0,0.003170000000000006,0.0024300000000000432,0.7665615141955957,,ml_direct,EXECUTED,,57.1,0.5709,0.6247,"SELL=27.1,NO=15.8,BUY=57.1",48.38,0.0014,NOT_AVAILABLE,DOWN,AGAINST_H4,TRANSITIONAL,NORMAL,MED,49.93067896166799,0.0021130498333919,,0.6517650373643055,0.0,,,SL_HIT,,,0.77,0.34,222.0,0.0,0.0,222.0,True,False,False,,False,,,ML Direct BUY | conf=57.1% [SELL=27.1% NO=15.8% BUY=57.1%],TRANSITION,csv,1
56012653239,v2,2.2,USDCAD,SELL,2026-03-31 11:05:04.907197,2026-03-31 18:15:26,430.35154671666663,London,Tuesday,11,1.39359,1.39341,1.39553,1.39241,2.0,0.0019399999999998307,0.001180000000000181,0.6082474226805586,,ml_direct,,,55.0,0.5502,,"SELL=55.0,NO=26.6,BUY=18.3",65.79,0.00096,NOT_AVAILABLE,UP,AGAINST_H4,TRENDING_BULL,NORMAL,LOW,70.07824738468572,0.0005953740838486,,0.9634250866121504,0.0,,,SL_HIT,,,0.61,0.09,28.71,0.0,0.0,28.71,True,False,False,,False,,,ML Direct SELL | conf=55.0% [SELL=55.0% NO=26.6% BUY=18.3%],TRANSITION,csv,1
56013622722,v2,2.2,AUDUSD,BUY,2026-03-31 12:05:05.327551,2026-03-31 17:39:41,334.59454081666667,London,Tuesday,12,0.6864,0.68786,0.68207,0.68786,2.0,0.004330000000000056,0.0014600000000000168,0.337182448036951,,ml_direct,,,62.5,0.6247,,"SELL=22.8,NO=14.8,BUY=62.5",49.93,0.00145,NOT_AVAILABLE,DOWN,AGAINST_H4,TRANSITIONAL,NORMAL,MED,62.7075949622171,0.0021284594674719,,1.1495275681220216,0.0,,,TP_HIT,,,0.34,0.34,292.0,0.0,0.0,292.0,True,False,False,,False,,,ML Direct BUY | conf=62.5% [SELL=22.8% NO=14.8% BUY=62.5%],TRANSITION,csv,1
56018712903,v2,2.2,USDCAD,SELL,2026-03-31 16:05:04.868451,2026-03-31 19:30:26,205.35219248333334,Overlap,Tuesday,16,1.39416,1.39258,1.39554,1.39258,2.0,0.0013799999999999368,0.0015800000000001369,1.1449275362320357,,ml_direct,,,57.9,0.5788,,"SELL=57.9,NO=17.2,BUY=24.9",60.88,0.00091,NOT_AVAILABLE,UP,AGAINST_H4,TRENDING_BULL,NORMAL,HIGH,67.28740709260705,0.0008823670040692,,1.0503890137331306,0.0,,,TP_HIT,,,1.14,1.14,226.92,0.0,0.0,226.92,True,False,False,,False,,,ML Direct SELL | conf=57.9% [SELL=57.9% NO=17.2% BUY=24.9%],TRANSITION,csv,1
56022507339,v2,2.2,EURUSD,SELL,2026-03-31 18:05:07.815690,2026-04-01 05:51:00,705.8697384999999,NY,Tuesday,18,1.15203,1.15701,1.15701,1.14437,2.0,0.0049799999999999844,0.00766,1.538152610441772,,bollinger_bounce,,,,,,,64.19,0.00163,NOT_AVAILABLE,,UNKNOWN,RANGING,,,,,,,0.0,,,SL_HIT,,,1.54,-1.0,-1004.0,0.0,0.0,-1004.0,False,False,False,,False,,,BB bounce SELL | BB_pos=0.92 RSI=64.2 BBW=0.0085 BBW_avg_ratio=1.64,TRANSITION,csv,1
56034575428,v2,2.3,AUDUSD,BUY,2026-04-01 08:05:04.343329,2026-04-01 11:11:34,186.49427785,London,Wednesday,8,0.69056,0.69076,0.68642,0.69268,2.0,0.0041399999999999215,0.0021200000000000108,0.5120772946860026,,ml_direct,,,57.8,0.5784,,"SELL=27.9,NO=14.3,BUY=57.8",57.64,0.00156,NOT_AVAILABLE,DOWN,AGAINST_H4,TRANSITIONAL,NORMAL,HIGH,66.7831157537099,0.0025065908379805,,0.9029305334865868,0.0,,,SL_HIT,,,0.51,0.05,40.0,0.0,0.0,40.0,True,False,False,,False,,,ML Direct BUY | conf=57.8% [SELL=27.9% NO=14.3% BUY=57.8%],TRANSITION,csv,1
56036892295,v2,2.3,EURUSD,SELL,2026-04-01 10:05:03.904610,2026-04-01 13:56:10,231.10158983333335,London,Wednesday,10,1.15865,1.15845,1.16365,1.15092,2.0,0.0050000000000001155,0.007730000000000015,1.5459999999999672,,ml_direct,,,57.0,0.5702,,"SELL=57.0,NO=4.9,BUY=38.1",72.39,0.00164,NOT_AVAILABLE,DOWN,WITH_H4,RANGING,NORMAL,HIGH,70.95647107256089,0.0014986309395579,,0.870117643931936,0.0,,,SL_HIT,,,1.55,0.04,40.0,0.0,0.0,40.0,True,False,False,,False,,,ML Direct SELL | conf=57.0% [SELL=57.0% NO=4.9% BUY=38.1%],TRANSITION,csv,1
56036892590,v2,2.3,XAUUSD,SELL,2026-04-01 10:05:04.909195,2026-04-01 17:39:06,454.01818008333333,London,Wednesday,10,4722.22,4752.52,4752.51786,4657.77415,2.0,30.297859999999673,64.44585000000006,2.127075971702317,,ml_direct,RISK_REJECTED,Position already open on XAUUSD,57.5,0.575,0.556,"SELL=57.5,NO=8.0,BUY=34.5",70.09,29.15191,NOT_AVAILABLE,DOWN,WITH_H4,TRENDING_BEAR,NORMAL,HIGH,66.17717570053927,0.0060065566796495,,0.7480862190436569,0.0,,,SL_HIT,,,2.13,-1.0,-6060.0,0.0,0.0,-6060.0,False,True,False,,False,,,ML Direct SELL | conf=57.5% [SELL=57.5% NO=8.0% BUY=34.5%],TRANSITION,csv,1
56038413784,v2,2.3,EURUSD,SELL,2026-04-01 11:05:04.825009,2026-04-01 15:40:13,275.13624985,London,Wednesday,11,1.15886,1.15865,1.1639,1.15103,2.0,0.005039999999999933,0.007830000000000004,1.55357142857145,,ml_direct,,,56.0,0.5598,,"SELL=56.0,NO=5.3,BUY=38.7",69.71,0.00166,NOT_AVAILABLE,DOWN,WITH_H4,RANGING,NORMAL,HIGH,71.21414393324537,0.0015175953217679,,0.8800252436002729,0.0,,,SL_HIT,,,1.55,0.04,40.0,0.0,0.0,40.0,True,False,False,,False,,,ML Direct SELL | conf=56.0% [SELL=56.0% NO=5.3% BUY=38.7%],TRANSITION,csv,1
56044826448,v2,2.3,EURUSD,SELL,2026-04-01 16:05:09.302281,2026-04-02 02:06:55,601.76162865,Overlap,Wednesday,16,1.16008,1.15883,1.16538,1.15191,2.0,0.005300000000000082,0.00817000000000001,1.5415094339622422,,ml_direct,,,56.7,0.5674,,"SELL=56.7,NO=8.1,BUY=35.1",69.91,0.00174,NOT_AVAILABLE,DOWN,WITH_H4,RANGING,NORMAL,HIGH,68.23357763347282,0.001591312764615,,0.7832289604580469,0.0,,,SL_HIT,,,1.54,0.24,252.0,0.0,0.0,252.0,True,False,False,,False,,,ML Direct SELL | conf=56.7% [SELL=56.7% NO=8.1% BUY=35.1%],TRANSITION,csv,1
56048372718,v2,2.3,XAUUSD,SELL,2026-04-01 18:05:09.802101,2026-04-01 22:01:03,235.88663165,NY,Wednesday,18,4766.6,4789.14,4789.1373,4690.90648,2.0,22.53729999999996,75.69352000000072,3.3585886508144656,,ml_direct,,,58.8,0.5881,,"SELL=58.8,NO=7.4,BUY=33.8",66.32,30.22487,NOT_AVAILABLE,DOWN,WITH_H4,TRENDING_BEAR,NORMAL,HIGH,69.76180699886974,0.0060487157678575,,0.8924352305395207,0.0,,,SL_HIT,,,3.36,-1.0,-4522.0,0.0,0.0,-4522.0,False,True,False,,False,,,ML Direct SELL | conf=58.8% [SELL=58.8% NO=7.4% BUY=33.8%],TRANSITION,csv,1
56059646517,v2,2.3,AUDUSD,BUY,2026-04-02 08:05:03.736193,2026-04-02 14:03:11,358.12106345,London,Thursday,8,0.68789,0.68809,0.68332,0.69017,1.0,0.004569999999999963,0.0022799999999999487,0.4989059080962729,,ml_direct,,,55.9,0.5592,,"SELL=32.0,NO=12.1,BUY=55.9",34.21,0.00171,NOT_AVAILABLE,DOWN,AGAINST_H4,TRANSITIONAL,NORMAL,HIGH,38.79725836952242,0.0022800316667351,,0.2006531615065195,0.0,,,SL_HIT,,,0.5,0.04,20.0,0.0,0.0,20.0,True,False,False,,False,,,ML Direct BUY | conf=55.9% [SELL=32.0% NO=12.1% BUY=55.9%],TRANSITION,csv,1
56062056933,v2,2.3,XAUUSD,SELL,2026-04-02 10:05:04.286754,2026-04-02 19:29:19,564.2452207666666,London,Thursday,10,4603.48,4598.56,4653.0785,4522.23675,1.0,49.59850000000006,81.24324999999953,1.6380182868433408,,ml_direct,RISK_REJECTED,Position already open on XAUUSD,58.1,0.5815,0.5506,"SELL=58.1,NO=7.6,BUY=34.3",29.77,40.259,NOT_AVAILABLE,DOWN,WITH_H4,TRENDING_BEAR,NORMAL,HIGH,40.73560265287544,0.0081795507074774,,0.2342431751653802,0.0,,,SL_HIT,,,1.64,0.1,492.0,0.0,0.0,492.0,True,False,False,,False,,,ML Direct SELL | conf=58.1% [SELL=58.1% NO=7.6% BUY=34.3%],TRANSITION,csv,1
56070504925,v2,2.4,XAUUSD,SELL,2026-04-02 17:05:08.421287,2026-04-02 20:43:30,218.35964521666668,NY,Thursday,17,4643.15,4696.53,4696.53142,4565.38,1.0,53.38142000000062,77.76999999999953,1.4568739460283864,,ml_direct,RISK_REJECTED,Max positions or daily drawdown/loss limit,61.0,0.6097,0.552,"SELL=61.0,NO=7.6,BUY=31.4",43.9,40.35428,NOT_AVAILABLE,DOWN,WITH_H4,TRENDING_BEAR,NORMAL,HIGH,48.49096291329366,0.008767801187184,,0.4583658909130793,0.0,,,SL_HIT,,,1.46,-1.0,-5357.0,0.0,0.0,-5357.0,False,True,False,SELL,True,SL_HIT,-20424.72,ML Direct SELL | conf=61.0% [SELL=61.0% NO=7.6% BUY=31.4%],TRANSITION,csv,1
56077439340,v2,2.4,XAUUSD,SELL,2026-04-02 22:18:33.151337,2026-04-06 04:55:02,4716.48081105,Off-hours,Thursday,22,4671.44,4652.3,4726.0375,4606.42125,1.0,54.597500000000764,65.01874999999927,1.1908741242730594,,ml_direct,,,60.3,0.6028,,"SELL=60.3,NO=7.4,BUY=32.3",51.02,36.805,NOT_AVAILABLE,,UNKNOWN,,,,,,,,0.0,,,SL_HIT,,,1.19,0.35,1873.8,0.0,0.0,1873.8,True,False,True,,False,,,ML Direct SELL | conf=60.3% [SELL=60.3% NO=7.4% BUY=32.3%],TRANSITION,csv,1
56079982446,v2,2.4,AUDUSD,BUY,2026-04-03 15:31:39.789589,2026-04-03 18:50:03,198.38684018333333,Overlap,Friday,15,0.68997,0.69018,0.68771,0.69136,1.0,0.0022599999999999287,0.0013900000000000023,0.615044247787631,,ml_filtered_sma,,,,,,,44.96,0.00091,NOT_AVAILABLE,,UNKNOWN,,,,,,,,0.0,,,SL_HIT,,,0.62,0.09,20.0,0.0,0.0,20.0,True,False,False,,False,,,"SMA20 x SMA50 BUY, RSI=45.0",TRANSITION,csv,1
56091185200,v2,2.4,USDJPY,BUY,2026-04-06 12:05:11.412720,2026-04-06 18:03:50,358.64312133333334,London,Monday,12,159.411,159.506,159.19002,159.90397,1.0,0.2209799999999973,0.4929699999999855,2.230835369716678,,bollinger_bounce,,,,,,,38.92,0.13599,NOT_AVAILABLE,UP,WITH_H4,,NORMAL,LOW,48.646622006921135,0.000859347675714,,0.3753704287965041,0.0,,,SL_HIT,,,2.23,0.43,59.56,0.0,0.0,59.56,True,False,False,,False,,,BB bounce BUY | BB_pos=0.02 RSI=38.9 BBW=0.0027 BBW_avg_ratio=1.84,TRANSITION,csv,1
56091188585,v2,2.4,USDCHF,BUY,2026-04-06 12:05:21.890020,2026-04-06 16:10:07,244.75183299999998,London,Monday,12,0.79738,0.79758,0.7944,0.80104,1.0,0.0029799999999999827,0.0036599999999999966,1.2281879194630934,,bollinger_bounce,,,,,,,37.05,0.00106,NOT_AVAILABLE,UP,WITH_H4,,NORMAL,HIGH,43.03596820615133,0.0012973804450214,,0.2383543590798935,0.0,,,SL_HIT,,,1.23,0.07,25.08,0.0,0.0,25.08,True,False,False,,False,,,BB bounce BUY | BB_pos=0.01 RSI=37.0 BBW=0.0068 BBW_avg_ratio=1.31,TRANSITION,csv,1
56092307837,v2,2.4,EURUSD,SELL,2026-04-06 13:05:06.329250,2026-04-06 17:47:37,282.5111791666667,Overlap,Monday,13,1.15517,1.15477,1.15941,1.14947,1.0,0.0042400000000000215,0.005700000000000038,1.3443396226415116,,bollinger_bounce,,,,,,,64.06,0.00128,NOT_AVAILABLE,DOWN,WITH_H4,,NORMAL,MED,59.24927100488367,0.0011236018632369,,0.7962745008700228,0.0,,,SL_HIT,,,1.34,0.09,40.0,0.0,0.0,40.0,True,False,False,,False,,,BB bounce SELL | BB_pos=0.98 RSI=64.1 BBW=0.0055 BBW_avg_ratio=1.46,TRANSITION,csv,1
56095793213,v2,2.4,USDJPY,SELL,2026-04-06 16:05:05.482883,2026-04-06 20:55:55,290.8252852833333,Overlap,Monday,16,159.448,159.658,159.65839,158.92202,1.0,0.21038999999998964,0.5259800000000041,2.5000237653882316,,ml_filtered_sma,,,,,,,44.47,0.14026,NOT_AVAILABLE,UP,AGAINST_H4,,NORMAL,MED,55.59718862608673,0.0009110952355676,,0.691885874748165,0.0,,,SL_HIT,,,2.5,-1.0,-131.53,0.0,0.0,-131.53,False,False,False,,False,,,"SMA20 x SMA50 SELL, RSI=44.5",TRANSITION,csv,1
56095797483,v2,2.4,XAUUSD,SELL,2026-04-06 16:05:15.828246,2026-04-06 21:52:44,347.46952923333333,Overlap,Monday,16,4672.16,4666.9,4717.54564,4619.23175,1.0,45.38564000000042,52.928249999999935,1.1661893497590745,,ml_direct,EXECUTED,,56.2,0.5623,0.5548,"SELL=56.2,NO=8.2,BUY=35.6",51.74,30.25043,NOT_AVAILABLE,DOWN,WITH_H4,,NORMAL,HIGH,49.579096787114175,0.0061218954518454,,0.5404156791680622,0.0,,,SL_HIT,,,1.17,0.12,526.0,0.0,0.0,526.0,True,False,False,SELL,True,SL_HIT,-14285.08,ML Direct SELL | conf=56.2% [SELL=56.2% NO=8.2% BUY=35.6%],TRANSITION,csv,1
56100919550,v2,2.4,EURUSD,BUY,2026-04-06 19:05:19.614536,2026-04-07 00:25:08,319.80642439999997,NY,Monday,19,1.15451,1.1548,1.15051,1.16082,1.0,0.0040000000000000036,0.006310000000000038,1.5775000000000081,,ml_filtered_sma,,,,,,,54.43,0.00133,NOT_AVAILABLE,DOWN,AGAINST_H4,,NORMAL,MED,54.18682446404029,0.0011865200278797,,0.6144234546331543,0.0,,,SL_HIT,,,1.58,0.07,20.0,0.0,0.0,20.0,True,False,False,,False,,,"SMA20 x SMA50 BUY, RSI=54.4",TRANSITION,csv,1
56100922243,v2,2.4,GBPUSD,BUY,2026-04-06 19:05:30.582778,2026-04-07 00:32:16,326.7569537,NY,Monday,19,1.32361,1.32384,1.3212,1.32895,1.0,0.0024100000000000232,0.005340000000000122,2.215767634854801,,ml_filtered_sma,,,,,,,54.22,0.00155,NOT_AVAILABLE,DOWN,AGAINST_H4,,NORMAL,MED,55.63808605210128,0.001167105253824,,0.6370873895959314,0.0,,,SL_HIT,,,2.22,0.1,20.0,0.0,0.0,20.0,True,False,False,,False,,,"SMA20 x SMA50 BUY, RSI=54.2",TRANSITION,csv,1
56100924248,v2,2.4,XAUUSD,SELL,2026-04-06 19:05:41.229084,2026-04-07 00:11:16,305.5795152666667,NY,Monday,19,4666.62,4665.85,4709.90523,4617.05223,1.0,43.28523000000041,49.567769999999655,1.1451428119938183,,ml_direct,EXECUTED,,55.5,0.5548,0.6138,"SELL=55.5,NO=10.1,BUY=34.4",49.58,28.57015,NOT_AVAILABLE,DOWN,WITH_H4,,NORMAL,HIGH,47.147270431162745,0.0055350665114574,,0.418099328617088,0.0,,,SL_HIT,,,1.15,0.02,76.0,0.0,0.0,76.0,True,False,False,SELL,True,SL_HIT,-12890.7,ML Direct SELL | conf=55.5% [SELL=55.5% NO=10.1% BUY=34.4%],TRANSITION,csv,1
56101973047,v2,2.4,USDCHF,SELL,2026-04-06 20:05:04.860855,2026-04-06 23:38:02,212.95231908333332,NY,Monday,20,0.79837,0.79817,0.80119,0.79482,1.0,0.0028199999999999337,0.003550000000000053,1.2588652482269989,,ml_filtered_sma,,,,,,,47.59,0.00102,NOT_AVAILABLE,UP,AGAINST_H4,,NORMAL,MED,45.673965661622574,0.0011923040778249,,0.4050729517301311,0.0,,,SL_HIT,,,1.26,0.07,25.06,0.0,0.0,25.06,True,False,False,,False,,,"SMA20 x SMA50 SELL, RSI=47.6",TRANSITION,csv,1
56102979668,v2,2.4,XAUUSD,SELL,2026-04-06 21:05:14.559432,2026-04-07 07:20:11,614.9406761333333,NY,Monday,21,4652.18,4652.16,4691.96989,4605.67179,1.0,39.789890000000014,46.50820999999996,1.1688449000487295,,ml_direct,RISK_REJECTED,Session filter: XAUUSD inactive at 21:00 UTC (active 07-20),60.1,0.6014,0.6106,"SELL=60.1,NO=9.5,BUY=30.4",45.16,26.55326,NOT_AVAILABLE,DOWN,WITH_H4,,NORMAL,HIGH,46.36932438566359,0.0056973589235329,,0.3908499706684504,0.0,,,SL_HIT,,,1.17,0.0,-2.6,0.0,0.0,-2.6,False,False,False,SELL,True,SL_HIT,-13261.77,ML Direct SELL | conf=60.1% [SELL=60.1% NO=9.5% BUY=30.4%],TRANSITION,csv,1
56103896369,v2,2.4,USDCAD,SELL,2026-04-06 22:05:35.410068,2026-04-07 03:55:10,349.57649886666667,Off-hours,Monday,22,1.3914,1.3912,1.39324,1.39022,1.0,0.0018400000000000638,0.0011799999999999589,0.6413043478260424,,ml_filtered_sma,,,,,,,39.44,0.00093,NOT_AVAILABLE,UP,AGAINST_H4,,NORMAL,LOW,37.00389222529341,0.0006403960932585,,0.2185898658465166,0.0,,,SL_HIT,,,0.64,0.11,14.090000000000002,0.0,0.0,14.090000000000002,True,False,False,,False,,,"SMA20 x SMA50 SELL, RSI=39.4",TRANSITION,csv,1
56103899367,v2,2.4,XAUUSD,SELL,2026-04-06 22:05:45.763776,2026-04-07 01:55:29,229.72060373333335,Off-hours,Monday,22,4657.58,4657.54,4696.6721,4612.88255,1.0,39.092099999999846,44.69744999999966,1.1433883060771828,,ml_direct,RISK_REJECTED,Session filter: XAUUSD inactive at 22:00 UTC (active 07-20),61.4,0.6138,0.615,"SELL=61.4,NO=10.7,BUY=27.9",47.15,25.7814,NOT_AVAILABLE,DOWN,WITH_H4,,NORMAL,HIGH,48.780111696781866,0.0055520321336893,,0.4362252952789661,0.0,,,SL_HIT,,,1.14,0.0,2.0,0.0,0.0,2.0,True,False,False,SELL,True,SL_HIT,-12941.29,ML Direct SELL | conf=61.4% [SELL=61.4% NO=10.7% BUY=27.9%],TRANSITION,csv,1
56107328839,v2,2.4,USDJPY,BUY,2026-04-07 05:05:14.478872,2026-04-07 14:02:12,536.9586854666667,Asian,Tuesday,5,159.899,159.7,159.70006,160.36134,1.0,0.19893999999999323,0.46234000000001174,2.3240172916458604,,ml_filtered_sma,,,,,,,64.19,0.12596,NOT_AVAILABLE,UP,WITH_H4,,NORMAL,LOW,53.22737342033659,0.0007262877361702,,0.5957687230197984,0.0,,,SL_HIT,,,2.32,-1.0,-125.23,0.0,0.0,-125.23,False,False,False,,False,,,"SMA20 x SMA50 BUY, RSI=64.2",TRANSITION,csv,1
56107987498,v2,2.4,AUDUSD,BUY,2026-04-07 06:05:15.276325,2026-04-07 09:48:45,223.4953945833333,Asian,Tuesday,6,0.69099,0.69119,0.68801,0.69202,1.0,0.0029799999999999827,0.0010299999999999754,0.3456375838926112,,stop_hunt_reversal,,,,,,,43.21,0.001,NOT_AVAILABLE,DOWN,AGAINST_H4,,NORMAL,MED,50.5914308403448,0.0014270959595088,,0.3691138341395354,0.0,,,SL_HIT,,,0.35,0.07,20.0,0.0,0.0,20.0,True,False,False,,False,,,Stop Hunt BUY | LOW sweep +7.3 pips | RSI=43.2 ATR=0.00100 Swing H=0.69379 L=0.69053,TRANSITION,csv,1
56110886445,v2,2.4,XAUUSD,SELL,2026-04-07 10:05:04.831840,2026-04-07 14:02:05,237.00280266666667,London,Tuesday,10,4650.73,4650.75,4680.50924,4599.62922,1.0,29.779240000000755,51.10077999999976,1.7159867075183404,,ml_direct,,,58.3,0.5825,,"SELL=58.3,NO=8.5,BUY=33.2",44.56,24.88616,NOT_AVAILABLE,DOWN,WITH_H4,,NORMAL,HIGH,54.53448175466349,0.0055481927673393,,0.7746778048347019,0.0,,,SL_HIT,,,1.72,0.0,2.0,0.0,0.0,2.0,True,False,False,,False,,,ML Direct SELL | conf=58.3% [SELL=58.3% NO=8.5% BUY=33.2%],TRANSITION,csv,1
56113464948,v2,2.4,XAUUSD,SELL,2026-04-07 12:05:04.325688,2026-04-07 16:15:48,250.72790519999998,London,Tuesday,12,4683.32,4680.56,4724.61228,4638.17901,1.0,41.292280000000574,45.140989999999874,1.0932065267405735,,ml_direct,,,56.6,0.5659,,"SELL=56.6,NO=8.6,BUY=34.8",57.75,26.59485,NOT_AVAILABLE,DOWN,WITH_H4,,NORMAL,HIGH,49.56358664122908,0.0056984787295843,,0.5417547560320891,0.0,,,SL_HIT,,,1.09,0.07,277.0,0.0,0.0,277.0,True,False,False,,False,,,ML Direct SELL | conf=56.6% [SELL=56.6% NO=8.6% BUY=34.8%],TRANSITION,csv,1
56116561000,v2,2.4,XAUUSD,SELL,2026-04-07 14:05:15.256007,2026-04-07 17:37:35,212.32906655,Overlap,Tuesday,14,4655.43,4654.26,4703.08408,4614.97857,1.0,47.65407999999934,40.45143000000007,0.8488555439534377,,ml_direct,EXECUTED,,58.9,0.5885,0.5524,"SELL=58.9,NO=7.5,BUY=33.7",50.74,27.10939,NOT_AVAILABLE,DOWN,WITH_H4,,NORMAL,HIGH,46.30741657562336,0.0058313215516626,,0.3191099800095237,0.0,,,SL_HIT,,,0.85,0.02,124.0,0.0,0.0,124.0,True,False,False,SELL,True,SL_HIT,-13548.23,ML Direct SELL | conf=58.9% [SELL=58.9% NO=7.5% BUY=33.7%],TRANSITION,csv,1
56121238253,v2,2.4,XAUUSD,SELL,2026-04-07 17:05:06.278761,2026-04-07 20:10:58,185.86202065,NY,Tuesday,17,4623.53,4623.14,4687.52469,4599.46119,1.0,63.994690000000446,24.068809999999758,0.37610636132465974,,ml_direct,,,55.2,0.5524,,"SELL=55.2,NO=8.4,BUY=36.3",46.31,27.09646,NOT_AVAILABLE,DOWN,WITH_H4,,NORMAL,HIGH,53.10273440448125,0.0059213691114238,,0.751121773843088,0.0,,,SL_HIT,,,0.38,0.01,2.0,0.0,0.0,2.0,True,False,False,,False,,,ML Direct SELL | conf=55.2% [SELL=55.2% NO=8.4% BUY=36.3%],TRANSITION,csv,1
56124706039,v2,2.4,XAUUSD,SELL,2026-04-07 19:05:05.234507,2026-04-08 01:19:41,374.59609155,NY,Tuesday,19,4661.04,4690.28,4690.27868,4593.34488,1.0,29.238680000000386,67.69512000000032,2.3152591019840645,,ml_direct,EXECUTED,,59.3,0.5927,0.5525,"SELL=59.3,NO=10.5,BUY=30.2",46.8,29.82579,NOT_AVAILABLE,DOWN,WITH_H4,,NORMAL,HIGH,52.14650537408255,0.0059107503169973,,0.6903517157162756,0.0,,,SL_HIT,,,2.32,-1.0,-2938.0,0.0,0.0,-2938.0,False,False,False,SELL,True,SL_HIT,-13786.35,ML Direct SELL | conf=59.3% [SELL=59.3% NO=10.5% BUY=30.2%],TRANSITION,csv,1
56126000260,v2,2.4,USDCHF,BUY,2026-04-07 20:05:05.404405,2026-04-07 23:32:31,207.42659325000002,NY,Tuesday,20,0.79919,0.79939,0.79622,0.80274,1.0,0.002969999999999917,0.003550000000000053,1.1952861952862466,,ml_filtered_sma,,,,,,,50.22,0.00104,NOT_AVAILABLE,UP,WITH_H4,,NORMAL,HIGH,40.67188677371034,0.0013646041805571,,-0.0111513531081207,0.0,,,SL_HIT,,,1.2,0.07,25.02,0.0,0.0,25.02,True,False,False,,False,,,"SMA20 x SMA50 BUY, RSI=50.2",TRANSITION,csv,1
56128515399,v2,2.4,XAUUSD,SELL,2026-04-07 22:05:04.693200,2026-04-08 01:46:00,220.92178,Off-hours,Tuesday,22,4664.74,4706.37,4706.36905,4616.75777,1.0,41.62905000000046,47.98222999999962,1.1526141000094665,,ml_direct,RISK_REJECTED,Session filter: XAUUSD inactive at 22:00 UTC (active 07-20),55.2,0.5525,0.5587,"SELL=55.2,NO=11.0,BUY=33.7",52.15,27.5727,NOT_AVAILABLE,DOWN,WITH_H4,,NORMAL,HIGH,60.73743498785889,0.0066536736414345,,1.1614581064683729,0.0,,,SL_HIT,,,1.15,-1.0,-4165.0,0.0,0.0,-4165.0,False,True,False,SELL,True,SL_HIT,-15638.5,ML Direct SELL | conf=55.2% [SELL=55.2% NO=11.0% BUY=33.7%],TRANSITION,csv,1
56135528477,v2,2.4,AUDUSD,BUY,2026-04-08 07:05:14.645626,2026-04-08 11:31:35,266.33923956666666,London,Wednesday,7,0.70571,0.70744,0.69901,0.70744,1.0,0.006699999999999928,0.0017300000000000093,0.25820895522388476,,ml_direct,,,60.5,0.605,,"SELL=31.5,NO=8.0,BUY=60.5",68.64,0.00211,NOT_AVAILABLE,DOWN,AGAINST_H4,,NORMAL,HIGH,75.4892259126853,0.0028732099921821,,0.8142269730020288,0.0,,,TP_HIT,,,0.26,0.26,173.0,0.0,0.0,173.0,True,False,False,,False,,,ML Direct BUY | conf=60.5% [SELL=31.5% NO=8.0% BUY=60.5%],TRANSITION,csv,1
56138121337,v2,2.4,EURUSD,SELL,2026-04-08 10:05:05.096026,2026-04-08 13:18:02,192.94839956666667,London,Wednesday,10,1.16887,1.16882,1.17574,1.16043,1.0,0.006869999999999932,0.008440000000000003,1.2285298398835642,,ml_direct,EXECUTED,,58.4,0.5836,0.5628,"SELL=58.4,NO=4.2,BUY=37.5",81.82,0.00198,NOT_AVAILABLE,DOWN,WITH_H4,,NORMAL,HIGH,71.09740656129132,0.0016226089843142,,0.6734150802914044,0.0,,,SL_HIT,,,1.23,0.01,20.0,0.0,0.0,20.0,True,False,False,BUY,False,TP_HIT,90.0,ML Direct SELL | conf=58.4% [SELL=58.4% NO=4.2% BUY=37.5%],TRANSITION,csv,1
56138125038,v2,2.4,XAUUSD,SELL,2026-04-08 10:05:15.474059,2026-04-08 16:16:23,371.12543235,London,Wednesday,10,4814.69,4776.04,4884.35078,4776.03742,1.0,69.66078000000016,38.65257999999994,0.554868607557938,,ml_direct,,,55.1,0.5508,,"SELL=55.1,NO=7.7,BUY=37.3",72.3,33.32719,NOT_AVAILABLE,DOWN,WITH_H4,,NORMAL,HIGH,59.66289840373158,0.00633865682466,,0.6075082666019734,0.0,,,TP_HIT,,,0.55,0.55,3867.0,0.0,0.0,3867.0,True,False,True,,False,,,ML Direct SELL | conf=55.1% [SELL=55.1% NO=7.7% BUY=37.3%],TRANSITION,csv,1
56140201593,v2,2.4,EURUSD,BUY,2026-04-08 12:05:04.623735,2026-04-08 17:01:23,296.30627108333334,London,Wednesday,12,1.16839,1.16859,1.16221,1.17766,1.0,0.006180000000000074,0.00926999999999989,1.499999999999964,,ml_direct,,,55.9,0.559,,"SELL=38.1,NO=6.0,BUY=55.9",72.71,0.00199,NOT_AVAILABLE,DOWN,AGAINST_H4,,NORMAL,HIGH,76.1371786723708,0.0016278133387601,,0.7424030244127598,0.0,,,SL_HIT,,,1.5,0.03,20.0,0.0,0.0,20.0,True,False,False,,False,,,ML Direct BUY | conf=55.9% [SELL=38.1% NO=6.0% BUY=55.9%],TRANSITION,csv,1
56141318131,v2,2.4,EURUSD,BUY,2026-04-08 13:05:04.634547,2026-04-08 17:38:28,273.38942421666667,Overlap,Wednesday,13,1.16801,1.16964,1.16227,1.17696,1.0,0.005740000000000078,0.008950000000000014,1.559233449477333,,ml_direct,,,56.3,0.5628,,"SELL=37.2,NO=6.5,BUY=56.3",71.1,0.0019,NOT_AVAILABLE,DOWN,AGAINST_H4,,NORMAL,HIGH,76.50036224869366,0.0017398538409923,,0.7516037276373472,0.0,,,SL_HIT,,,1.56,0.28,163.0,0.0,0.0,163.0,True,False,False,,False,,,ML Direct BUY | conf=56.3% [SELL=37.2% NO=6.5% BUY=56.3%],TRANSITION,csv,1
56141320800,v2,2.4,USDCHF,SELL,2026-04-08 13:05:15.173609,2026-04-08 17:39:47,274.53043985,Overlap,Wednesday,13,0.78926,0.7884,0.7933,0.78416,1.0,0.0040400000000000436,0.005099999999999993,1.262376237623747,,ml_direct,,,57.1,0.571,,"SELL=57.1,NO=13.7,BUY=29.2",29.63,0.00146,NOT_AVAILABLE,UP,AGAINST_H4,,NORMAL,HIGH,22.74702615126465,0.0018801615911339,,0.2479598902378929,0.0,,,SL_HIT,,,1.26,0.21,109.08,0.0,0.0,109.08,True,False,False,,False,,,ML Direct SELL | conf=57.1% [SELL=57.1% NO=13.7% BUY=29.2%],TRANSITION,csv,1
56162127413,v2,2.4,XAUUSD,SELL,2026-04-09 10:05:04.928852,2026-04-09 18:01:17,476.20118579999996,London,Thursday,10,4715.22,4758.07,4758.0706,4673.26597,1.0,42.85059999999976,41.954029999999875,0.9790768390640997,,ml_direct,EXECUTED,,57.6,0.5758,,"SELL=57.6,NO=8.6,BUY=33.8",45.7,26.09373,NOT_AVAILABLE,DOWN,WITH_H4,,NORMAL,HIGH,48.74211545290929,0.0048963078794784,,0.5089627758877543,0.0,,,SL_HIT,,,0.98,-1.0,-4302.0,0.0,0.0,-4302.0,False,True,False,SELL,True,SL_HIT,-11575.8,ML Direct SELL | conf=57.6% [SELL=57.6% NO=8.6% BUY=33.8%],TRANSITION,csv,1
56165240292,v2,2.4,XAUUSD,SELL,2026-04-09 13:05:07.281830,2026-04-09 19:35:16,390.14530283333335,Overlap,Thursday,13,4728.41,4763.28,4763.2774,4688.03469,1.0,34.86740000000009,40.375309999999445,1.1579673276470095,,ml_filtered_sma,,,,,,,48.74,23.1516,NOT_AVAILABLE,DOWN,WITH_H4,,NORMAL,HIGH,52.60831503343488,0.0048509274909001,,0.7602346231638981,0.0,,,SL_HIT,,,1.16,-1.0,-3487.0,0.0,0.0,-3487.0,False,True,False,,False,,,"SMA20 x SMA50 SELL, RSI=48.7",TRANSITION,csv,1
56165244414,v2,2.4,XAUUSD,SELL,2026-04-09 13:05:17.550768,2026-04-09 19:35:16,389.97415386666665,Overlap,Thursday,13,4727.89,4763.28,4763.2774,4688.03469,1.0,35.387399999999616,39.85530999999992,1.1262570858554273,,ml_direct,,,56.7,0.5673,,"SELL=56.7,NO=9.0,BUY=34.2",48.74,23.1516,NOT_AVAILABLE,DOWN,WITH_H4,,NORMAL,HIGH,52.60831503343488,0.0048509274909001,,0.7602346231638981,0.0,,,SL_HIT,,,1.13,-1.0,-3535.0,0.0,0.0,-3535.0,False,True,False,,False,,,ML Direct SELL | conf=56.7% [SELL=56.7% NO=9.0% BUY=34.2%],TRANSITION,csv,1
56179383534,v3,2.4,XAUUSD,SELL,2026-04-10 03:05:06.861318,2026-04-10 09:03:54,358.78564470000003,Asian,Friday,3,4756.66,4756.64,4796.22025,4721.23137,1.0,39.56025000000045,35.42862999999943,0.8955613273424466,,ml_direct,EXECUTED,,58.6,0.5862,0.5948,"SELL=58.6,NO=10.1,BUY=31.3",52.43,23.0735,NOT_AVAILABLE,DOWN,WITH_H4,,NORMAL,MED,49.67138896390621,0.004455049183971299,,0.4691299743591806,0.0,,,SL_HIT,,,0.9,0.0,2.0,0.0,0.0,2.0,True,False,False,SELL,True,SL_HIT,-10593.6,ML Direct SELL | conf=58.6% [SELL=58.6% NO=10.1% BUY=31.3%],STABLE,live_db,1
56179829975,v3,2.4,XAUUSD,SELL,2026-04-10 04:05:05.107306,2026-04-10 09:12:09,307.06487823333333,Asian,Friday,4,4760.78,4760.76,4792.86203,4723.87096,1.0,32.082030000000486,36.90903999999955,1.1504583718673347,,ml_direct,,,59.6,0.5962,,"SELL=59.6,NO=10.7,BUY=29.7",52.1,21.22802,NOT_AVAILABLE,DOWN,WITH_H4,,NORMAL,MED,54.124342222750506,0.004333585236832258,,0.5764853569178724,0.0,,,SL_HIT,,,1.15,0.0,2.0,0.0,0.0,2.0,True,False,False,,False,,,ML Direct SELL | conf=59.6% [SELL=59.6% NO=10.7% BUY=29.7%],STABLE,live_db,1
56180346225,v3,2.4,XAUUSD,SELL,2026-04-10 05:05:07.243559,2026-04-10 09:07:39,242.52927401666665,Asian,Friday,5,4756.83,4756.9,4788.34944,4719.08232,1.0,31.51944000000003,37.74767999999949,1.1975999573596312,,ml_direct,RISK_REJECTED,Conflicting SELL already open on XAUUSD,57.6,0.5757,,"SELL=57.6,NO=10.4,BUY=32.1",50.11,21.31296,NOT_AVAILABLE,DOWN,WITH_H4,,NORMAL,MED,52.11578575453422,0.004255644746984994,,0.4961802802054929,0.0,,,SL_HIT,,,1.2,0.0,2.0,0.0,0.0,2.0,True,False,False,BUY,False,SL_HIT,-10134.67,ML Direct SELL | conf=57.6% [SELL=57.6% NO=10.4% BUY=32.1%],STABLE,live_db,1
56180904267,v3,2.4,XAUUSD,SELL,2026-04-10 06:05:17.723160,2026-04-10 13:24:00,438.704614,Asian,Friday,6,4755.08,4755.06,4786.8145,4717.96975,1.0,31.73450000000048,37.11024999999972,1.1693976586994963,,ml_direct,,,59.5,0.5948,,"SELL=59.5,NO=10.8,BUY=29.7",49.67,21.183,NOT_AVAILABLE,DOWN,WITH_H4,,NORMAL,MED,51.89232377255474,0.004131950880634766,,0.4650720996673894,0.0,,,SL_HIT,,,1.17,0.0,2.0,0.0,0.0,2.0,True,False,False,,False,,,ML Direct SELL | conf=59.5% [SELL=59.5% NO=10.8% BUY=29.7%],STABLE,live_db,1
56182468841,v3,2.4,USDCHF,SELL,2026-04-10 09:05:06.425583,2026-04-10 12:38:10,213.05957361666665,London,Friday,9,0.7904,0.7902,0.79281,0.7872,1.0,0.0024100000000000232,0.0031999999999999806,1.3278008298754977,,ml_filtered_sma,,,,,,,48.53,0.0009,NOT_AVAILABLE,UP,AGAINST_H4,,NORMAL,MED,46.07153189007198,0.0011586924334006806,,0.446111294939721,0.0,,,SL_HIT,,,1.33,0.08,25.31,0.0,0.0,25.31,True,False,False,,False,,,"SMA20 x SMA50 SELL, RSI=48.5",STABLE,live_db,1
56185954180,v3,2.4,XAUUSD,SELL,2026-04-10 13:05:06.376828,2026-04-10 18:33:43,328.6103862,Overlap,Friday,13,4746.12,4779.3,4779.30136,4712.0234,1.0,33.181360000000495,34.09659999999985,1.027582956213951,,ml_direct,,,58.0,0.5796,,"SELL=58.0,NO=8.8,BUY=33.2",47.46,20.70091,NOT_AVAILABLE,DOWN,WITH_H4,,NORMAL,MED,55.72465641234905,0.004044181913467735,,0.6233290828596704,0.0,,,SL_HIT,,,1.03,-1.0,-3314.0,0.0,0.0,-3314.0,False,True,False,,False,,,ML Direct SELL | conf=58.0% [SELL=58.0% NO=8.8% BUY=33.2%],STABLE,live_db,1
56186807238,v3,2.4,XAUUSD,SELL,2026-04-10 14:05:06.926097,2026-04-10 20:18:39,373.53456505,Overlap,Friday,14,4758.55,4787.79,4787.78649,4725.09077,1.0,29.23649000000023,33.45923000000039,1.1444338906619818,,ml_direct,,,55.3,0.5528,,"SELL=55.3,NO=10.2,BUY=34.5",51.53,19.29099,NOT_AVAILABLE,DOWN,WITH_H4,,NORMAL,MED,57.60710165709373,0.004011104835753991,,0.7384217684746714,0.0,,,SL_HIT,,,1.14,-1.0,-2922.0,0.0,0.0,-2922.0,False,False,False,,False,,,ML Direct SELL | conf=55.3% [SELL=55.3% NO=10.2% BUY=34.5%],STABLE,live_db,1
56193408926,v3,2.4,XAUUSD,SELL,2026-04-10 19:06:46.205086,2026-04-13 01:00:19,3233.5465819,NY,Friday,19,4751.11,4714.43,4782.16321,4714.42625,1.0,31.053210000000036,36.683749999999236,1.1813190971239107,,ml_direct,EXECUTED,,60.2,0.6019,0.6048,"SELL=60.2,NO=8.6,BUY=31.2",46.35,20.84214,NOT_AVAILABLE,DOWN,WITH_H4,,NORMAL,MED,53.851376485500914,0.004045985038192289,,0.6813505215007698,0.0,,,TP_HIT,,,1.18,1.18,3665.4,0.0,0.0,3665.4,True,False,True,SELL,True,TP_HIT,33758.14,ML Direct SELL | conf=60.2% [SELL=60.2% NO=8.6% BUY=31.2%],STABLE,live_db,1
56194439848,v3,2.4,XAUUSD,SELL,2026-04-10 20:05:04.548631,2026-04-10 21:11:17,66.20752281666667,NY,Friday,20,4759.77,4759.75,4789.67494,4724.62089,1.0,29.904939999999442,35.14911000000029,1.175361328262185,,ml_direct,RISK_REJECTED,Max 3 positions on XAUUSD (demo),57.1,0.5714,0.596,"SELL=57.1,NO=10.4,BUY=32.5",49.8,20.01663,NOT_AVAILABLE,DOWN,WITH_H4,,NORMAL,MED,49.71415679001225,0.004180281248033686,,0.468209023087482,0.0,,,SL_HIT,,,1.18,0.0,2.0,0.0,0.0,2.0,True,False,False,SELL,True,TP_HIT,34818.14,ML Direct SELL | conf=57.1% [SELL=57.1% NO=10.4% BUY=32.5%],STABLE,live_db,1
56195273438,v3,2.4,XAUUSD,SELL,2026-04-10 21:05:06.325433,2026-04-13 01:00:19,3115.2112427833335,NY,Friday,21,4752.63,4719.14,4782.56195,4719.1394,1.0,29.931950000000143,33.490600000000086,1.118891351883186,,ml_direct,RISK_REJECTED,Max 3 positions on XAUUSD (demo),63.2,0.6321,0.596,"SELL=63.2,NO=9.9,BUY=26.9",46.81,19.51463,NOT_AVAILABLE,DOWN,WITH_H4,,NORMAL,MED,49.71415679001225,0.004180281248033686,,0.468209023087482,0.0,,,TP_HIT,,,1.12,1.12,3344.4,0.0,0.0,3344.4,True,False,True,SELL,True,TP_HIT,34818.14,ML Direct SELL | conf=63.2% [SELL=63.2% NO=9.9% BUY=26.9%],STABLE,live_db,1
56196075356,v3,2.4,XAUUSD,SELL,2026-04-10 22:05:16.805981,2026-04-13 01:00:18,3055.0199003166663,Off-hours,Friday,22,4768.09,4734.43,4797.12701,4734.43016,1.0,29.03701000000001,33.65984000000026,1.1592047528309646,,ml_direct,,,60.5,0.6048,,"SELL=60.5,NO=9.9,BUY=29.6",53.85,19.29134,NOT_AVAILABLE,,UNKNOWN,,,,,,,,0.0,,,TP_HIT,,,1.16,1.16,3320.4,0.0,0.0,3320.4,True,False,True,,False,,,ML Direct SELL | conf=60.5% [SELL=60.5% NO=9.9% BUY=29.6%],STABLE,live_db,1
56198704836,v3,2.4,USDCHF,SELL,2026-04-13 03:05:04.456356,2026-04-13 04:30:30,85.4257274,Asian,Monday,3,0.79282,0.79262,0.79644,0.78842,1.0,0.0036200000000000676,0.0043999999999999595,1.2154696132596345,,bollinger_bounce,,,,,,,65.8,0.00128,NOT_AVAILABLE,UP,AGAINST_H4,,NORMAL,HIGH,59.98050627665217,0.0014069205573245557,,0.7855832637115444,0.0,,,SL_HIT,,,1.22,0.06,25.23,0.0,0.0,25.23,True,False,False,,False,,,BB bounce SELL | BB_pos=1.00 RSI=65.8 BBW=0.0075 BBW_avg_ratio=1.59,STABLE,live_db,1
56199389443,v3,2.4,AUDUSD,BUY,2026-04-13 04:05:04.932898,2026-04-13 10:32:24,387.31778503333334,Asian,Monday,4,0.70372,0.70554,0.69892,0.70554,1.0,0.0048000000000000265,0.0018199999999999328,0.37916666666665055,,bollinger_bounce,,,,,,,38.89,0.00165,NOT_AVAILABLE,DOWN,AGAINST_H4,,NORMAL,MED,42.027839926282695,0.002027210984647344,,0.3089126266491628,0.0,,,TP_HIT,,,0.38,0.38,182.0,0.0,0.0,182.0,True,False,False,,False,,,BB bounce BUY | BB_pos=0.17 RSI=38.9 BBW=0.0127 BBW_avg_ratio=1.95,STABLE,live_db,1
56199391577,v3,2.4,USDCAD,SELL,2026-04-13 04:05:15.280533,2026-04-13 09:13:23,308.1286577833333,Asian,Monday,4,1.3860999999999999,1.3859,1.38886,1.38478,1.0,0.0027600000000000957,0.0013199999999999878,0.4782608695651964,,bollinger_bounce,,,,,,,63.29,0.00126,NOT_AVAILABLE,UP,AGAINST_H4,,NORMAL,MED,61.49934117088439,0.0007815311870777018,,0.7413751896793017,0.0,,,SL_HIT,,,0.48,0.07,14.43,0.0,0.0,14.43,True,False,False,,False,,,BB bounce SELL | BB_pos=0.89 RSI=63.3 BBW=0.0046 BBW_avg_ratio=1.69,STABLE,live_db,1
56200111189,v3,2.4,XAUUSD,SELL,2026-04-13 05:05:39.497550,2026-04-13 06:34:48,89.1417075,Asian,Monday,5,4722.11,4722.21,4767.11912,4667.34604,1.0,45.00912000000062,54.763959999999315,1.2167302982150854,,ml_direct,,,55.6,0.5558,,"SELL=55.6,NO=9.8,BUY=34.6",44.7,30.69941,NOT_AVAILABLE,DOWN,WITH_H4,,NORMAL,HIGH,45.20237423992684,0.0055684913765199,,0.37131943643538456,0.0,,,SL_HIT,,,1.22,0.0,2.0,0.0,0.0,2.0,True,False,False,,False,,,ML Direct SELL | conf=55.6% [SELL=55.6% NO=9.8% BUY=34.6%],STABLE,live_db,1
56200694628,v3,2.4,XAUUSD,SELL,2026-04-13 06:05:04.525585,2026-04-13 15:08:06,543.0245735833333,Asian,Monday,6,4715.06,4715.04,4758.18812,4665.67553,1.0,43.1281199999994,49.384469999999965,1.1450642875228656,,ml_direct,,,56.0,0.5597,,"SELL=56.0,NO=9.4,BUY=34.6",43.45,28.46541,NOT_AVAILABLE,DOWN,WITH_H4,,NORMAL,HIGH,46.55611495107293,0.005391777384846132,,0.40500826055358796,0.0,,,SL_HIT,,,1.15,0.0,2.0,0.0,0.0,2.0,True,False,False,,False,,,ML Direct SELL | conf=56.0% [SELL=56.0% NO=9.4% BUY=34.6%],STABLE,live_db,1
56200696699,v3,2.4,AUDUSD,BUY,2026-04-13 06:05:14.896922,2026-04-13 07:57:53,112.6350513,Asian,Monday,6,0.70351,0.70371,0.6996,0.7056,1.0,0.003909999999999969,0.0020900000000000363,0.5345268542199624,,ml_direct,,,55.0,0.5504,,"SELL=13.6,NO=31.4,BUY=55.0",40.71,0.0015,NOT_AVAILABLE,DOWN,AGAINST_H4,,NORMAL,MED,44.74329591779981,0.0018851050430267492,,0.38040672214499244,0.0,,,SL_HIT,,,0.53,0.05,20.0,0.0,0.0,20.0,True,False,False,,False,,,ML Direct BUY | conf=55.0% [SELL=13.6% NO=31.4% BUY=55.0%],STABLE,live_db,1
56202766461,v3,2.4,USDCHF,BUY,2026-04-13 09:05:04.720059,2026-04-13 16:48:43,463.6379990166667,London,Monday,9,0.79187,0.78908,0.78908,0.79524,1.0,0.002789999999999959,0.003369999999999984,1.2078853046595102,,ml_filtered_sma,,,,,,,58.21,0.00099,NOT_AVAILABLE,UP,WITH_H4,,NORMAL,MED,46.17967176709335,0.0012499337664938503,,0.40442566740030517,0.0,,,SL_HIT,,,1.21,-1.0,-353.58,0.0,0.0,-353.58,False,False,False,,False,,,"SMA20 x SMA50 BUY, RSI=58.2",STABLE,live_db,1
56205847301,v3,2.4,GBPUSD,SELL,2026-04-13 12:05:05.035433,2026-04-13 13:30:38,85.54940945,London,Monday,12,1.34293,1.34273,1.34516,1.33789,1.0,0.0022299999999999542,0.005039999999999933,2.2600896860986714,,ml_filtered_sma,,,,,,,53.45,0.00145,NOT_AVAILABLE,DOWN,WITH_H4,,NORMAL,MED,46.374283349793956,0.0011119147307666348,,0.44630177562496726,0.0,,,SL_HIT,,,2.26,0.09,20.0,0.0,0.0,20.0,True,False,False,,False,,,"SMA20 x SMA50 SELL, RSI=53.4",STABLE,live_db,1
56210651736,v3,2.4,XAUUSD,SELL,2026-04-13 16:05:15.723194,2026-04-13 18:36:56,151.6712801,Overlap,Monday,16,4729.99,4712.67,4748.28812,4672.93553,1.0,18.29812000000038,57.05447000000004,3.118050925450202,,ml_direct,EXECUTED,,56.0,0.5595,0.5771,"SELL=56.0,NO=8.6,BUY=35.5",44.24,23.18541,NOT_AVAILABLE,DOWN,WITH_H4,,NORMAL,HIGH,44.19837737714974,0.004659226925161922,,0.448824488949475,0.0,,,SL_HIT,,,3.12,0.95,1734.0,0.0,0.0,1734.0,True,False,True,SELL,True,SL_HIT,-10978.47,ML Direct SELL | conf=56.0% [SELL=56.0% NO=8.6% BUY=35.5%],STABLE,live_db,1
56215216555,v3,2.4,XAUUSD,SELL,2026-04-13 19:05:14.559842,2026-04-13 19:47:20,42.090669299999995,NY,Monday,19,4710.35,4744.94,4744.9403,4673.59132,1.0,34.59029999999984,36.75867999999991,1.0626875164424732,,ml_direct,RISK_REJECTED,Correlated limit: 3 positions already betting USD_STRONG (max 3),57.7,0.5771,0.6349,"SELL=57.7,NO=10.8,BUY=31.4",44.2,21.95353,NOT_AVAILABLE,DOWN,WITH_H4,,NORMAL,HIGH,51.211898856708586,0.004911723370081484,,0.7222572219986418,0.0,,,SL_HIT,,,1.06,-1.0,-3453.0,0.0,0.0,-3453.0,False,True,False,SELL,True,SL_HIT,-11624.09,ML Direct SELL | conf=57.7% [SELL=57.7% NO=10.8% BUY=31.4%],STABLE,live_db,1
56216680738,v3,2.4,GBPUSD,SELL,2026-04-13 20:05:23.981462,2026-04-13 21:53:04,107.66697563333334,NY,Monday,20,1.34768,1.35028,1.35028,1.34178,1.0,0.0025999999999999357,0.005900000000000016,2.269230769230832,,bollinger_bounce,,,,,,,68.44,0.0017,NOT_AVAILABLE,DOWN,WITH_H4,,NORMAL,HIGH,74.11259162969341,0.0012248554088312147,,0.9335319199275954,0.0,,,SL_HIT,,,2.27,-1.0,-260.0,0.0,0.0,-260.0,False,False,False,,False,,,BB bounce SELL | BB_pos=0.98 RSI=68.4 BBW=0.0078 BBW_avg_ratio=0.99,STABLE,live_db,1
56216683818,v3,2.4,XAUUSD,SELL,2026-04-13 20:05:34.317247,2026-04-13 20:18:02,12.461379216666668,NY,Monday,20,4737.64,4737.65,4772.33278,4698.09676,1.0,34.6927799999994,39.54323999999997,1.139811799458004,,ml_direct,RISK_REJECTED,Correlated limit: 3 positions already betting USD_STRONG (max 3),55.8,0.5585,0.6158,"SELL=55.8,NO=11.8,BUY=32.3",52.91,22.84185,NOT_AVAILABLE,DOWN,WITH_H4,,NORMAL,HIGH,54.81219286829313,0.004898919830977417,,0.9657745290076103,0.0,,,SL_HIT,,,1.14,0.0,2.0,0.0,0.0,2.0,True,False,False,SELL,True,SL_HIT,-11620.91,ML Direct SELL | conf=55.8% [SELL=55.8% NO=11.8% BUY=32.3%],STABLE,live_db,1
56217819927,v3,2.4,GBPUSD,SELL,2026-04-13 21:05:14.704929,2026-04-14 02:09:53,304.63825118333335,NY,Monday,21,1.34898,1.3516,1.3516,1.3431,1.0,0.0026199999999998447,0.005880000000000107,2.2442748091604794,,bollinger_bounce,,,,,,,71.7,0.0017,NOT_AVAILABLE,DOWN,WITH_H4,,NORMAL,HIGH,70.37694861574656,0.0012195482772637076,,0.850543997341642,0.0,,,SL_HIT,,,2.24,-1.0,-264.2,0.0,0.0,-264.2,False,False,False,,False,,,BB bounce SELL | BB_pos=0.99 RSI=71.7 BBW=0.0089 BBW_avg_ratio=1.11,STABLE,live_db,1
56218695071,v3,2.4,GBPUSD,SELL,2026-04-13 22:05:15.965429,2026-04-14 10:02:11,716.91724285,Off-hours,Monday,22,1.35026,1.35296,1.35296,1.34421,1.0,0.0026999999999999247,0.006050000000000111,2.2407407407408444,,bollinger_bounce,,,,,,,72.66,0.00175,NOT_AVAILABLE,DOWN,WITH_H4,,NORMAL,HIGH,71.8118155612276,0.001208233740798556,,0.8770506800426193,0.0,,,SL_HIT,,,2.24,-1.0,-272.2,0.0,0.0,-272.2,False,False,False,,False,,,BB bounce SELL | BB_pos=0.97 RSI=72.7 BBW=0.0101 BBW_avg_ratio=1.24,STABLE,live_db,1
56218697578,v3,2.4,USDCAD,BUY,2026-04-13 22:05:26.297591,2026-04-14 10:01:39,716.2117068166666,Off-hours,Monday,22,1.37931,1.37713,1.37713,1.38095,1.0,0.0021800000000000708,0.0016399999999998638,0.7522935779815645,,bollinger_bounce,,,,,,,26.1,0.00117,NOT_AVAILABLE,UP,WITH_H4,,NORMAL,LOW,26.19420656922034,0.0007732205309849557,,0.17233373118059223,0.0,,,SL_HIT,,,0.75,-1.0,-158.88000000000002,0.0,0.0,-158.88000000000002,False,False,False,,False,,,BB bounce BUY | BB_pos=0.04 RSI=26.1 BBW=0.0071 BBW_avg_ratio=1.45,STABLE,live_db,1
56220507686,v3,2.4,XAUUSD,SELL,2026-04-14 03:05:15.544499,2026-04-14 10:02:36,417.3409250166667,Asian,Tuesday,3,4756.65,4788.65,4788.64638,4716.74257,1.0,31.9963800000005,39.907429999999295,1.247248282461912,,ml_direct,RISK_REJECTED,Correlated limit: 3 positions already betting USD_STRONG (max 3),61.2,0.6123,0.6169,"SELL=61.2,NO=10.9,BUY=27.9",58.13,22.12425,NOT_AVAILABLE,DOWN,WITH_H4,,NORMAL,MED,62.0479484770939,0.004201600342748965,,0.9106310459008826,0.0,,,SL_HIT,,,1.25,-1.0,-3200.0,0.0,0.0,-3200.0,False,True,False,SELL,True,SL_HIT,-10028.15,ML Direct SELL | conf=61.2% [SELL=61.2% NO=10.9% BUY=27.9%],STABLE,live_db,1
56223089926,v3,2.4,USDJPY,SELL,2026-04-14 08:05:05.328709,2026-04-14 09:10:51,65.76118818333333,London,Tuesday,8,158.994,159.2,159.19958,158.48005,1.0,0.20557999999999765,0.5139499999999941,2.5,,ml_filtered_sma,,,,,,,32.85,0.13705,NOT_AVAILABLE,UP,AGAINST_H4,,NORMAL,MED,36.9948649210515,0.0009164385079599165,,0.1844632810763254,0.0,,,SL_HIT,,,2.5,-1.0,-129.4,0.0,0.0,-129.4,False,False,False,,False,,,"SMA20 x SMA50 SELL, RSI=32.8",STABLE,live_db,1
56223091787,v3,2.4,USDJPY,SELL,2026-04-14 08:05:15.706760,2026-04-14 09:10:51,65.58822066666667,London,Tuesday,8,158.985,159.2,159.19958,158.48005,1.0,0.21457999999998378,0.504950000000008,2.353201603131914,,asia_breakout,,,,,,,32.85,0.13705,NOT_AVAILABLE,UP,AGAINST_H4,,NORMAL,MED,36.9948649210515,0.0009164385079599165,,0.1844632810763254,0.0,,,SL_HIT,,,2.35,-1.0,-135.05,0.0,0.0,-135.05,False,False,False,,False,,,Asia Breakout SELL | Asia H=159.77300 L=159.07600 Range=70p | RSI=32.8 ATR=0.13705,STABLE,live_db,1
56227861622,v3,2.4,XAUUSD,SELL,2026-04-14 13:05:04.405423,2026-04-14 14:16:52,71.79324294999999,Overlap,Tuesday,13,4780.13,4778.03,4803.9943,4739.43997,1.0,23.864300000000185,40.69002999999975,1.7050586021798015,,ml_direct,EXECUTED,,55.3,0.5528,0.5509,"SELL=55.3,NO=7.8,BUY=37.0",57.07,19.86287,NOT_AVAILABLE,DOWN,WITH_H4,,NORMAL,MED,56.80881607866661,0.0042424070425543465,,0.6708239416850604,0.0,,,SL_HIT,,,1.71,0.09,210.0,0.0,0.0,210.0,True,False,False,SELL,True,SL_HIT,-10130.26,ML Direct SELL | conf=55.3% [SELL=55.3% NO=7.8% BUY=37.0%],STABLE,live_db,1
56231402729,v3,2.4,XAUUSD,SELL,2026-04-14 16:05:05.218040,2026-04-14 17:19:47,74.696366,Overlap,Tuesday,16,4777.7,4805.47,4805.46566,4739.63005,1.0,27.765660000000025,38.06995000000006,1.3711163357903262,,ml_direct,,,55.1,0.5509,,"SELL=55.1,NO=7.6,BUY=37.3",56.81,20.25711,NOT_AVAILABLE,DOWN,WITH_H4,,NORMAL,MED,67.29284912628113,0.004158966687713566,,1.007845619109538,0.0,,,SL_HIT,,,1.37,-1.0,-2777.0,0.0,0.0,-2777.0,False,False,False,,False,,,ML Direct SELL | conf=55.1% [SELL=55.1% NO=7.6% BUY=37.3%],STABLE,live_db,1
56233105529,v3,2.4,GBPUSD,SELL,2026-04-14 17:05:05.443628,2026-04-14 18:34:13,89.12593953333334,NY,Tuesday,17,1.35822,1.3576,1.3605,1.35306,1.0,0.0022800000000000598,0.005160000000000053,2.263157894736806,,bollinger_bounce,,,,,,,81.09,0.00149,NOT_AVAILABLE,UP,AGAINST_H4,,NORMAL,MED,65.86429233736203,0.001110228227577738,,0.7050247011382581,0.0,,,SL_HIT,,,2.26,0.27,62.0,0.0,0.0,62.0,True,False,False,,False,,,BB bounce SELL | BB_pos=0.93 RSI=81.1 BBW=0.0086 BBW_avg_ratio=0.93,STABLE,live_db,1
56233110210,v3,2.4,USDCAD,BUY,2026-04-14 17:05:15.797221,2026-04-14 17:12:46,7.50337965,NY,Tuesday,17,1.37393,1.37412,1.37224,1.37554,1.0,0.0016900000000001913,0.0016099999999998893,0.9526627218933178,,bollinger_bounce,,,,,,,21.03,0.00101,NOT_AVAILABLE,UP,WITH_H4,,NORMAL,LOW,37.86857878232927,0.0007588213339477729,,0.3656772792412955,0.0,,,SL_HIT,,,0.95,0.11,14.55,0.0,0.0,14.55,True,False,False,,False,,,BB bounce BUY | BB_pos=0.03 RSI=21.0 BBW=0.0049 BBW_avg_ratio=0.77,STABLE,live_db,1
56236276608,v3,2.4,XAUUSD,SELL,2026-04-14 19:21:36.348002,2026-04-15 01:00:18,338.6941999666667,NY,Tuesday,19,4815.21,4846.69,4846.68698,4778.40018,1.0,31.476980000000367,36.8098200000004,1.1694203192301158,,ml_direct,,,57.2,0.5718,,"SELL=57.2,NO=10.2,BUY=32.6",67.75,21.01132,NOT_AVAILABLE,,UNKNOWN,,,,,,,,0.0,,,SL_HIT,,,1.17,-1.0,-3152.6,0.0,0.0,-3152.6,False,True,False,,False,,,ML Direct SELL | conf=57.2% [SELL=57.2% NO=10.2% BUY=32.6%],,live_db,1
56236987831,v3,2.4,XAUUSD,SELL,2026-04-14 20:05:04.730793,2026-04-14 22:59:01,173.93782011666664,NY,Tuesday,20,4815.58,4846.03,4846.03455,4780.09303,1.0,30.45455000000038,35.48696999999993,1.1652436171278013,,ml_direct,RISK_REJECTED,Market closed,59.7,0.597,0.5519,"SELL=59.7,NO=9.4,BUY=30.9",67.94,20.2897,NOT_AVAILABLE,DOWN,WITH_H4,,NORMAL,MED,74.28910561068139,0.004241841782062207,,1.0457923383135859,0.0,,,SL_HIT,,,1.17,-1.0,-3029.0,0.0,0.0,-3029.0,False,True,False,SELL,True,TP_HIT,35963.07,ML Direct SELL | conf=59.7% [SELL=59.7% NO=9.4% BUY=30.9%],,live_db,1
56238127960,v3,2.4,XAUUSD,SELL,2026-04-14 21:05:04.421024,2026-04-15 03:59:12,414.12631626666666,NY,Tuesday,21,4836.78,4836.76,4867.88718,4800.83496,1.0,31.10717999999997,35.94503999999961,1.1555222942098782,,ml_direct,RISK_REJECTED,No prices,59.6,0.5958,0.5519,"SELL=59.6,NO=9.9,BUY=30.5",72.62,20.63145,NOT_AVAILABLE,DOWN,WITH_H4,,NORMAL,MED,74.28910561068139,0.004241841782062207,,1.0457923383135859,0.0,,,SL_HIT,,,1.16,0.0,-2.5999999999999996,0.0,0.0,-2.5999999999999996,False,False,False,SELL,True,TP_HIT,35963.07,ML Direct SELL | conf=59.6% [SELL=59.6% NO=9.9% BUY=30.5%],,live_db,1
56241698595,v3,2.4,XAUUSD,SELL,2026-04-15 05:05:06.886500,2026-04-15 08:43:46,218.65189166666667,Asian,Wednesday,5,4847.92,4813.73,4877.63816,4813.72547,1.0,29.718160000000353,34.19452999999976,1.1506274278084294,,ml_direct,,,56.0,0.5599,,"SELL=56.0,NO=8.5,BUY=35.5",71.6,19.66544,NOT_AVAILABLE,DOWN,WITH_H4,,NORMAL,MED,59.82700642959859,0.003932799932351863,,0.6156205263317664,0.0,,,TP_HIT,,,1.15,1.15,3419.0,0.0,0.0,3419.0,True,False,True,,False,,,ML Direct SELL | conf=56.0% [SELL=56.0% NO=8.5% BUY=35.5%],,live_db,1
56244026154,v3,2.4,AUDUSD,BUY,2026-04-15 09:05:14.689520,2026-04-15 10:05:35,60.338508000000004,London,Wednesday,9,0.71405,0.71424,0.71168,0.71528,1.0,0.0023699999999999832,0.0012300000000000644,0.5189873417721828,,asia_breakout,,,,,,,69.4,0.0009,NOT_AVAILABLE,UP,WITH_H4,,NORMAL,LOW,71.36684182568513,0.0012463483444098147,,0.9914688987653913,0.0,,,SL_HIT,,,0.52,0.08,20.0,0.0,0.0,20.0,True,False,False,,False,,,Asia Breakout BUY | Asia H=0.71325 L=0.70835 Range=49p | RSI=69.4 ATR=0.00090,,live_db,1
56247698914,v3,2.4,XAUUSD,SELL,2026-04-15 13:05:05.313134,2026-04-15 16:51:13,226.12811443333334,Overlap,Wednesday,13,4795.72,4827.4,4827.40386,4764.25883,1.0,31.683860000000095,31.461170000000493,0.9929715003159463,,ml_direct,,,56.5,0.565,,"SELL=56.5,NO=8.4,BUY=35.1",46.54,19.42924,NOT_AVAILABLE,DOWN,WITH_H4,,NORMAL,LOW,52.32394235126552,0.003740810992771939,,0.30224187993305346,0.0,,,SL_HIT,,,0.99,-1.0,-3169.0,0.0,0.0,-3169.0,False,True,False,,False,,,ML Direct SELL | conf=56.5% [SELL=56.5% NO=8.4% BUY=35.1%],,live_db,1
56248745849,v3,2.4,XAUUSD,SELL,2026-04-15 14:05:07.323395,2026-04-15 16:50:38,165.51127675,Overlap,Wednesday,14,4798.73,4826.65,4826.64516,4766.66065,1.0,27.91516000000047,32.06934999999976,1.1488148375291138,,ml_direct,,,55.9,0.5592,,"SELL=55.9,NO=9.1,BUY=34.9",46.89,18.45677,NOT_AVAILABLE,DOWN,WITH_H4,,NORMAL,LOW,57.86446596027527,0.0037907429260145647,,0.5343792913358266,0.0,,,SL_HIT,,,1.15,-1.0,-2792.0,0.0,0.0,-2792.0,False,False,False,,False,,,ML Direct SELL | conf=55.9% [SELL=55.9% NO=9.1% BUY=34.9%],,live_db,1
56254964143,v3,2.4,XAUUSD,SELL,2026-04-15 19:05:07.291183,2026-04-15 20:23:26,78.31181361666667,NY,Wednesday,19,4804.64,4804.6,4825.72208,4761.99592,1.0,21.082079999999223,42.64408000000003,2.0227643572172007,,ml_direct,EXECUTED,,59.2,0.5922,0.5756,"SELL=59.2,NO=9.2,BUY=31.6",45.44,19.60805,NOT_AVAILABLE,DOWN,WITH_H4,,NORMAL,LOW,48.18222408534618,0.0036398193374933096,,0.2796931459079417,0.0,,,SL_HIT,,,2.02,0.0,2.0,0.0,0.0,2.0,True,False,False,SELL,True,SL_HIT,-8740.71,ML Direct SELL | conf=59.2% [SELL=59.2% NO=9.2% BUY=31.6%],,live_db,1
56255939076,v3,2.4,XAUUSD,SELL,2026-04-15 20:05:05.196411,2026-04-15 21:02:31,57.43005981666667,NY,Wednesday,20,4800.07,4800.0,4827.92869,4769.30152,1.0,27.858690000000024,30.768479999999727,1.1044481991077004,,ml_direct,RISK_REJECTED,Correlated limit: 3 positions already betting USD_STRONG (max 3),61.0,0.61,0.6155,"SELL=61.0,NO=10.2,BUY=28.8",47.01,18.03913,NOT_AVAILABLE,DOWN,WITH_H4,,NORMAL,LOW,45.655275440788685,0.0037156269013877323,,0.18383394997107247,0.0,,,SL_HIT,,,1.1,0.0,2.0,0.0,0.0,2.0,True,False,False,SELL,True,SL_HIT,-8911.22,ML Direct SELL | conf=61.0% [SELL=61.0% NO=10.2% BUY=28.8%],,live_db,1
56256865706,v3,2.4,AUDUSD,SELL,2026-04-15 21:05:25.230551,2026-04-16 05:42:33,517.1294908166667,NY,Wednesday,21,0.71686,0.71907,0.71907,0.71504,1.0,0.0022099999999999342,0.0018200000000000438,0.8235294117647503,,bollinger_bounce,,,,,,,76.02,0.00101,NOT_AVAILABLE,UP,AGAINST_H4,,NORMAL,LOW,61.960881892542886,0.001421864201817634,,0.6802155504447422,0.0,,,SL_HIT,,,0.82,-1.0,-265.4,0.0,0.0,-265.4,False,False,False,,False,,,BB bounce SELL | BB_pos=0.99 RSI=76.0 BBW=0.0070 BBW_avg_ratio=1.33,,live_db,1
56256868300,v3,2.4,XAUUSD,SELL,2026-04-15 21:05:35.569924,2026-04-16 01:16:33,250.95716793333335,NY,Wednesday,21,4797.35,4797.33,4824.68052,4764.83605,1.0,27.330519999999524,32.51395000000048,1.1896572037414965,,ml_direct,RISK_REJECTED,Correlated limit: 3 positions already betting USD_STRONG (max 3),60.2,0.6022,0.6155,"SELL=60.2,NO=10.3,BUY=29.5",45.97,18.41368,NOT_AVAILABLE,DOWN,WITH_H4,,NORMAL,LOW,45.655275440788685,0.0037156269013877323,,0.18383394997107247,0.0,,,SL_HIT,,,1.19,0.0,-11.8,0.0,0.0,-11.8,False,False,False,SELL,True,SL_HIT,-8911.22,ML Direct SELL | conf=60.2% [SELL=60.2% NO=10.3% BUY=29.5%],,live_db,1
56257560409,v3,2.4,XAUUSD,SELL,2026-04-15 22:05:05.013858,2026-04-16 01:21:17,196.19976903333333,Off-hours,Wednesday,22,4802.14,4800.67,4828.27702,4771.47348,1.0,26.13702000000012,30.666520000000673,1.1732982566490187,,ml_direct,RISK_REJECTED,Correlated limit: 3 positions already betting USD_STRONG (max 3),57.6,0.5756,0.6169,"SELL=57.6,NO=10.5,BUY=31.9",48.18,17.47801,NOT_AVAILABLE,DOWN,WITH_H4,,NORMAL,LOW,46.678695479875266,0.0035905771335506837,,0.2443344233339181,0.0,,,SL_HIT,,,1.17,0.06,135.2,0.0,0.0,135.2,True,False,False,SELL,True,SL_HIT,-8617.57,ML Direct SELL | conf=57.6% [SELL=57.6% NO=10.5% BUY=31.9%],,live_db,1
56266674701,v3,2.4,USDCHF,SELL,2026-04-16 14:05:08.420405,2026-04-16 16:51:12,166.05965991666665,Overlap,Thursday,14,0.78339,0.78319,0.78579,0.78043,1.0,0.0023999999999999577,0.0029600000000000737,1.2333333333333858,,bollinger_bounce,,,,,,,62.92,0.00086,NOT_AVAILABLE,UP,AGAINST_H4,,NORMAL,LOW,60.972750612853126,0.0010756814720803683,,0.8100168314421348,0.0,,,SL_HIT,,,1.23,0.08,25.54,0.0,0.0,25.54,True,False,False,,False,,,BB bounce SELL | BB_pos=0.92 RSI=62.9 BBW=0.0050 BBW_avg_ratio=1.69,,live_db,1
56266680547,v3,2.4,XAUUSD,SELL,2026-04-16 14:05:18.765233,2026-04-16 15:33:49,88.50391278333333,Overlap,Thursday,14,4820.09,4820.04,4831.82726,4780.37486,1.0,11.737259999999878,39.71514000000025,3.3836806886786746,,ml_direct,,,55.5,0.5547,,"SELL=55.5,NO=9.3,BUY=35.3",46.9,15.83151,NOT_AVAILABLE,DOWN,WITH_H4,,NORMAL,LOW,53.24499987716752,0.00306512568371391,,0.6252659981922213,0.0,,,SL_HIT,,,3.38,0.0,2.0,0.0,0.0,2.0,True,False,False,SELL,True,TP_HIT,25862.4,ML Direct SELL | conf=55.5% [SELL=55.5% NO=9.3% BUY=35.3%],,live_db,1
56273130711,v3,2.4,XAUUSD,SELL,2026-04-16 19:05:04.401835,2026-04-16 21:00:56,115.85996941666667,NY,Thursday,19,4808.6,4791.55,4829.45492,4769.81759,1.0,20.854919999999765,38.78241000000071,1.859628807015378,,ml_direct,,,59.4,0.5939,,"SELL=59.4,NO=10.3,BUY=30.3",45.66,18.34995,NOT_AVAILABLE,DOWN,WITH_H4,,NORMAL,LOW,43.466771990946086,0.0035227025570481584,,0.1896641416531983,0.0,,,SL_HIT,,,1.86,0.82,1705.0,0.0,0.0,1705.0,True,False,True,,False,,,ML Direct SELL | conf=59.4% [SELL=59.4% NO=10.3% BUY=30.3%],,live_db,1
56274206531,v3,2.4,USDCAD,BUY,2026-04-16 20:05:06.352759,2026-04-16 20:25:18,20.19412068333333,NY,Thursday,20,1.37024,1.3704399999999999,1.36853,1.37204,1.0,0.0017099999999998783,0.0018000000000000238,1.0526315789474572,,bollinger_bounce,,,,,,,31.96,0.00108,NOT_AVAILABLE,UP,WITH_H4,,NORMAL,LOW,27.681836526435887,0.0007320331825683937,,-0.01745649395228579,0.0,,,SL_HIT,,,1.05,0.12,14.59,0.0,0.0,14.59,True,False,False,,False,,,BB bounce BUY | BB_pos=0.03 RSI=32.0 BBW=0.0024 BBW_avg_ratio=0.58,,live_db,1
56274209124,v3,2.4,USDJPY,BUY,2026-04-16 20:05:16.731905,2026-04-16 21:01:03,55.77113491666667,NY,Thursday,20,159.194,159.214,158.93265,159.83338,1.0,0.2613499999999931,0.6393800000000169,2.4464511191889566,,ml_filtered_sma,,,,,,,58.83,0.17157,NOT_AVAILABLE,UP,WITH_H4,,NORMAL,MED,56.766316135990685,0.0009957906680663209,,0.7095431562690601,0.0,,,SL_HIT,,,2.45,0.08,12.56,0.0,0.0,12.56,True,False,False,,False,,,"SMA20 x SMA50 BUY, RSI=58.8",,live_db,1
56280520024,v3,2.4,AUDUSD,SELL,2026-04-17 09:16:01.452027,2026-04-17 10:00:02,44.009132883333336,London,Friday,9,0.7165,0.7163,0.71862,0.71532,1.0,0.0021200000000000108,0.0011800000000000699,0.5566037735849358,,ml_filtered_sma,,,,,,,51.31,0.00082,NOT_AVAILABLE,,UNKNOWN,,,,,,,,0.0,,,SL_HIT,,,0.56,0.09,20.0,0.0,0.0,20.0,True,False,False,,False,,,"SMA20 x SMA50 SELL, RSI=51.3",,live_db,1
56289308181,v3,2.4,USDCAD,BUY,2026-04-17 17:05:06.880108,2026-04-17 19:11:15,126.13533153333333,NY,Friday,17,1.36695,1.36743,1.36428,1.36743,1.0,0.0026700000000001722,0.0004799999999998139,0.1797752808987951,,bollinger_bounce,,,,,,,26.79,0.00097,NOT_AVAILABLE,UP,WITH_H4,,NORMAL,MED,34.42384342923975,0.0008172192124733407,,0.23582339674296934,0.0,,,TP_HIT,,,0.18,0.18,35.1,0.0,0.0,35.1,True,False,False,,False,,,BB bounce BUY | BB_pos=0.03 RSI=26.8 BBW=0.0040 BBW_avg_ratio=1.22,,live_db,1
56289314286,v3,2.4,XAUUSD,SELL,2026-04-17 17:05:17.536016,2026-04-17 17:22:00,16.707733066666666,NY,Friday,17,4874.5,4874.45,4888.63222,4820.44241,1.0,14.132220000000416,54.057590000000346,3.8251308003978677,,ml_direct,RISK_REJECTED,Conflicting SELL already open on XAUUSD,55.0,0.5504,,"SELL=55.0,NO=7.9,BUY=37.1",70.07,20.98148,NOT_AVAILABLE,DOWN,WITH_H4,,NORMAL,MED,68.2694064635727,0.004021284214245383,,0.8684833387982793,0.0,,,SL_HIT,,,3.83,0.0,2.0,0.0,0.0,2.0,True,False,False,,False,,,ML Direct SELL | conf=55.0% [SELL=55.0% NO=7.9% BUY=37.1%],,live_db,1
56291860486,v3,2.4,XAUUSD,SELL,2026-04-17 19:05:06.270130,2026-04-17 21:06:39,121.54549783333333,NY,Friday,19,4867.14,4865.34,4903.9701,4835.63322,1.0,36.83009999999922,31.506780000000617,0.8554627872311312,,rsi_reversal,,,,,,,70.57,21.02673,NOT_AVAILABLE,DOWN,WITH_H4,,NORMAL,MED,66.58617565525132,0.004026766528879325,,0.8186349026263829,0.0,,,SL_HIT,,,0.86,0.05,180.0,0.0,0.0,180.0,True,False,False,,False,,,"RSI reversal SELL | RSI=70.6 (prev=70.9, 2bars=74.3) price_confirm=yes",,live_db,1
56291863290,v3,2.4,USDCHF,BUY,2026-04-17 19:05:17.360402,2026-04-17 20:16:09,70.86065996666666,NY,Friday,19,0.77978,0.77998,0.77615,0.78249,1.0,0.003630000000000022,0.00270999999999999,0.7465564738291939,,rsi_reversal,,,,,,,28.51,0.00101,NOT_AVAILABLE,DOWN,AGAINST_H4,,NORMAL,HIGH,35.82273605046784,0.001270424761381705,,0.2364869768148421,0.0,,,SL_HIT,,,0.75,0.06,25.64,0.0,0.0,25.64,True,False,False,,False,,,"RSI reversal BUY | RSI=28.5 (prev=26.2, 2bars=25.0) price_confirm=yes",,live_db,1
56292725399,v3,2.4,EURUSD,BUY,2026-04-17 20:05:18.568648,2026-04-20 00:00:01,3114.7071892000004,NY,Friday,20,1.17951,1.17551,1.17551,1.18564,1.0,0.0040000000000000036,0.006129999999999969,1.5324999999999909,,sma_crossover,,,,,,,50.01,0.00131,NOT_AVAILABLE,UP,WITH_H4,,NORMAL,MED,37.89802552472849,0.0011628327720274749,,0.1741200690676794,0.0,,,SL_HIT,,,1.53,-1.0,-400.7,0.0,0.0,-400.7,False,False,False,,False,,,"SMA20 crossed above SMA50, RSI=50.0",,live_db,1
56292728155,v3,2.4,USDJPY,SELL,2026-04-17 20:05:28.951596,2026-04-17 22:24:24,138.91747339999998,NY,Friday,20,158.116,158.475,158.47521,157.24599,1.0,0.35920999999999026,0.8700100000000077,2.4220094095376834,,sma_crossover,,,,,,,31.41,0.23414,NOT_AVAILABLE,UP,AGAINST_H4,,NORMAL,HIGH,45.54434671447769,0.0014679635881034404,,0.39091054241036505,0.0,,,SL_HIT,,,2.42,-1.0,-226.53,0.0,0.0,-226.53,False,False,False,,False,,,"SMA20 crossed below SMA50, RSI=31.4",,live_db,1
56292730559,v3,2.4,EURUSD,BUY,2026-04-17 20:05:39.655625,2026-04-20 00:00:01,3114.355739583333,NY,Friday,20,1.1795,1.17551,1.17551,1.18564,1.0,0.003989999999999938,0.006140000000000034,1.5388471177945187,,ml_filtered_sma,,,,,,,50.01,0.00131,NOT_AVAILABLE,UP,WITH_H4,,NORMAL,MED,37.89802552472849,0.0011628327720274749,,0.1741200690676794,0.0,,,SL_HIT,,,1.54,-1.0,-399.7,0.0,0.0,-399.7,False,False,False,,False,,,"SMA20 x SMA50 BUY, RSI=50.0",,live_db,1
56297066579,v3,2.4,XAUUSD,SELL,2026-04-20 03:05:04.547222,2026-04-20 04:31:05,86.0075463,Asian,Monday,3,4749.1,4806.96,4806.95526,4730.26554,1.0,57.85525999999936,18.834460000000036,0.3255444708052516,,ml_direct,,,55.1,0.5509,,"SELL=55.1,NO=9.6,BUY=35.3",36.07,23.59684,NOT_AVAILABLE,DOWN,WITH_H4,,HIGH,HIGH,46.94476685794882,0.005440491840782485,,0.39618675286917526,0.0,,,SL_HIT,,,0.33,-1.0,-5787.0,0.0,0.0,-5787.0,False,True,False,,False,,,ML Direct SELL | conf=55.1% [SELL=55.1% NO=9.6% BUY=35.3%],,live_db,1
56300289615,v3,2.4,AUDUSD,SELL,2026-04-20 08:05:04.318544,2026-04-20 09:56:26,111.3613576,London,Monday,8,0.71561,0.7154,0.71857,0.71322,1.0,0.0029600000000000737,0.0023900000000000032,0.8074324324324135,,ml_filtered_sma,,,,,,,45.17,0.00134,NOT_AVAILABLE,UP,AGAINST_H4,,NORMAL,MED,46.750166444650965,0.001911609943968084,,0.3870420445260598,0.0,,,SL_HIT,,,0.81,0.07,21.0,0.0,0.0,21.0,True,False,False,,False,,,"SMA20 x SMA50 SELL, RSI=45.2",,live_db,1
56302177772,v3,2.4,XAUUSD,SELL,2026-04-20 10:05:15.175589,2026-04-20 12:01:18,116.04707351666666,London,Monday,10,4797.44,4797.43,4821.21843,4747.81516,1.0,23.7784300000003,49.624839999999494,2.0869687359509803,,ml_direct,EXECUTED,,56.8,0.5676,0.5539,"SELL=56.8,NO=8.7,BUY=34.5",43.88,22.58562,NOT_AVAILABLE,DOWN,WITH_H4,,NORMAL,MED,44.05441733975504,0.004391916337116379,,0.30369120343383865,0.0,,,SL_HIT,,,2.09,0.0,2.0,0.0,0.0,2.0,True,False,False,,False,,,ML Direct SELL | conf=56.8% [SELL=56.8% NO=8.7% BUY=34.5%],,live_db,1
56305175962,v3,2.4,XAUUSD,SELL,2026-04-20 13:05:04.519551,2026-04-20 15:20:19,135.24134081666665,Overlap,Monday,13,4791.55,4818.13,4818.13246,4749.81212,1.0,26.582459999999628,41.73788000000059,1.570128573503023,,ml_direct,EXECUTED,,55.4,0.5539,0.5891,"SELL=55.4,NO=9.3,BUY=35.3",44.05,21.02164,NOT_AVAILABLE,DOWN,WITH_H4,,NORMAL,MED,50.52208580708284,0.00431795730636602,,0.47953134929870844,0.0,,,SL_HIT,,,1.57,-1.0,-2658.0,0.0,0.0,-2658.0,False,False,False,,False,,,ML Direct SELL | conf=55.4% [SELL=55.4% NO=9.3% BUY=35.3%],,live_db,1
56308868818,v3,2.4,USDCAD,BUY,2026-04-20 16:05:15.433509,2026-04-20 16:45:19,40.059441516666666,Overlap,Monday,16,1.3697300000000001,1.3679000000000001,1.3679,1.3711,1.0,0.0018300000000002203,0.0013699999999998713,0.7486338797812603,,ml_filtered_sma,,,,,,,55.49,0.00099,NOT_AVAILABLE,UP,WITH_H4,,NORMAL,HIGH,25.739701052437084,0.0008849174620068883,,-0.2617825701529125,0.0,,,SL_HIT,,,0.75,-1.0,-133.78,0.0,0.0,-133.78,False,False,False,,False,,,"SMA20 x SMA50 BUY, RSI=55.5",,live_db,1
56308871773,v3,2.4,XAUUSD,SELL,2026-04-20 16:05:25.904835,2026-04-20 19:30:03,204.61825275,Overlap,Monday,16,4803.71,4803.71,4837.41893,4769.97291,1.0,33.70892999999978,33.737089999999625,1.0008353869434552,,ml_direct,,,58.9,0.5891,,"SELL=58.9,NO=8.2,BUY=32.9",50.52,20.75262,NOT_AVAILABLE,DOWN,WITH_H4,,NORMAL,MED,46.42309151018254,0.004320348137369367,,0.47201206788118066,0.0,,,SL_HIT,,,1.0,0.0,2.0,0.0,0.0,2.0,True,False,False,,False,,,ML Direct SELL | conf=58.9% [SELL=58.9% NO=8.2% BUY=32.9%],,live_db,1
56314549036,v3,2.4,USDCHF,BUY,2026-04-20 20:05:14.951214,2026-04-20 20:35:39,30.4008131,NY,Monday,20,0.77828,0.77848,0.77516,0.78229,1.0,0.0031200000000000117,0.004010000000000069,1.2852564102564277,,bollinger_bounce,,,,,,,29.05,0.00114,NOT_AVAILABLE,DOWN,AGAINST_H4,,NORMAL,HIGH,31.45543551502351,0.0013741308669698558,,0.14801900277026633,0.0,,,SL_HIT,,,1.29,0.06,25.69,0.0,0.0,25.69,True,False,False,,False,,,BB bounce BUY | BB_pos=0.01 RSI=29.0 BBW=0.0084 BBW_avg_ratio=1.08,,live_db,1
56314551827,v3,2.4,XAUUSD,SELL,2026-04-20 20:05:25.332428,2026-04-21 10:10:22,844.9444595333333,NY,Monday,20,4807.92,4782.93,4835.39523,4771.44557,1.0,27.47523000000001,36.47443000000021,1.327538659367008,,ml_direct,RISK_REJECTED,Max 3 positions on XAUUSD (demo),56.0,0.5596,0.6276,"SELL=56.0,NO=11.1,BUY=33.0",50.24,19.67682,NOT_AVAILABLE,DOWN,WITH_H4,,NORMAL,MED,53.40466495801958,0.003922397563200433,,0.8315535973789957,0.0,,,SL_HIT,,,1.33,0.91,2495.4,0.0,0.0,2495.4,True,False,True,,False,,,ML Direct SELL | conf=56.0% [SELL=56.0% NO=11.1% BUY=33.0%],,live_db,1
56315435636,v3,2.4,XAUUSD,SELL,2026-04-20 21:05:17.191148,2026-04-21 09:00:24,715.1134808666667,NY,Monday,21,4812.71,4778.05,4840.35455,4778.05303,1.0,27.64454999999998,34.65697,1.253663742039571,,ml_direct,RISK_REJECTED,Max 3 positions on XAUUSD (demo),57.7,0.5773,0.6276,"SELL=57.7,NO=11.7,BUY=30.6",52.39,19.1697,NOT_AVAILABLE,DOWN,WITH_H4,,NORMAL,MED,53.40466495801958,0.003922397563200433,,0.8315535973789957,0.0,,,TP_HIT,,,1.25,1.25,3466.4,0.0,0.0,3466.4,True,False,True,,False,,,ML Direct SELL | conf=57.7% [SELL=57.7% NO=11.7% BUY=30.6%],,live_db,1
56316180717,v3,2.4,XAUUSD,SELL,2026-04-20 22:05:04.576479,2026-04-21 01:00:02,174.95705868333334,Off-hours,Monday,22,4817.69,4817.65,4845.29005,4785.29495,1.0,27.60005000000001,32.39504999999917,1.1737315693268369,,ml_direct,EXECUTED,,58.1,0.5807,0.5932,"SELL=58.1,NO=10.7,BUY=31.2",54.59,18.46003,NOT_AVAILABLE,DOWN,WITH_H4,,NORMAL,MED,57.06564263156385,0.0038771712803692417,,1.0299646950202483,0.0,,,SL_HIT,,,1.17,0.0,-2.5999999999999996,0.0,0.0,-2.5999999999999996,False,False,False,,False,,,ML Direct SELL | conf=58.1% [SELL=58.1% NO=10.7% BUY=31.2%],,live_db,1
56317012915,v3,2.4,XAUUSD,SELL,2026-04-21 01:05:19.270480,2026-04-21 03:42:45,157.42882533333335,Asian,Tuesday,1,4824.42,4824.4,4852.52609,4791.7379,1.0,28.106090000000222,32.68209999999999,1.162812045360978,,ml_direct,EXECUTED,,59.3,0.5932,0.5811,"SELL=59.3,NO=11.4,BUY=29.3",57.07,18.70406,NOT_AVAILABLE,DOWN,WITH_H4,,NORMAL,LOW,53.57118870481857,0.0036015642197532822,,0.7536332276950535,0.0,,,SL_HIT,,,1.16,0.0,2.0,0.0,0.0,2.0,True,False,False,,False,,,ML Direct SELL | conf=59.3% [SELL=59.3% NO=11.4% BUY=29.3%],,live_db,1
56318311013,v3,2.4,GBPUSD,BUY,2026-04-21 04:05:17.086618,2026-04-21 11:05:17,419.99855636666666,Asian,Tuesday,4,1.35248,1.35037,1.35037,1.35698,1.0,0.0021099999999998342,0.0045000000000001705,2.132701421801196,,ml_filtered_sma,,,,,,,49.43,0.00132,NOT_AVAILABLE,UP,WITH_H4,,NORMAL,LOW,45.64958671192777,0.0008725696658756882,,0.20608075432816747,0.0,,,SL_HIT,,,2.13,-1.0,-211.0,0.0,0.0,-211.0,False,False,False,,False,,,"SMA20 x SMA50 BUY, RSI=49.4",,live_db,1
56318312870,v3,2.4,XAUUSD,SELL,2026-04-21 04:05:27.440921,2026-04-21 08:00:03,234.5926513166667,Asian,Tuesday,4,4818.46,4788.13,4844.53007,4788.13158,1.0,26.07006999999976,30.328419999999824,1.1633424843124742,,ml_direct,RISK_REJECTED,Max 3 positions on XAUUSD (demo),58.1,0.5811,0.551,"SELL=58.1,NO=9.9,BUY=32.0",53.57,17.35338,NOT_AVAILABLE,DOWN,WITH_H4,,NORMAL,LOW,44.893491827510715,0.003353535313262881,,0.28429079160131104,0.0,,,TP_HIT,,,1.16,1.16,3033.0,0.0,0.0,3033.0,True,False,True,,False,,,ML Direct SELL | conf=58.1% [SELL=58.1% NO=9.9% BUY=32.0%],,live_db,1
56318827869,v3,2.4,AUDUSD,BUY,2026-04-21 05:05:04.560950,2026-04-21 10:59:26,354.3573175,Asian,Tuesday,5,0.71746,0.71537,0.71537,0.7196,1.0,0.0020900000000000363,0.0021400000000000308,1.0239234449760735,,ml_filtered_sma,,,,,,,57.83,0.00106,NOT_AVAILABLE,UP,WITH_H4,,NORMAL,LOW,50.90480866223108,0.001293957285740114,,0.46999995744859724,0.0,,,SL_HIT,,,1.02,-1.0,-209.0,0.0,0.0,-209.0,False,False,False,,False,,,"SMA20 x SMA50 BUY, RSI=57.8",,live_db,1
56319311958,v3,2.4,EURUSD,BUY,2026-04-21 06:05:04.987136,2026-04-21 18:00:26,715.3502143999999,Asian,Tuesday,6,1.17795,1.17499,1.17499,1.18256,1.0,0.0029600000000000737,0.004610000000000003,1.5574324324323947,,ml_filtered_sma,,,,,,,51.46,0.00098,NOT_AVAILABLE,UP,WITH_H4,,NORMAL,LOW,47.26196195200504,0.0008020306922865585,,0.31244775621418863,0.0,,,SL_HIT,,,1.56,-1.0,-296.0,0.0,0.0,-296.0,False,False,False,,False,,,"SMA20 x SMA50 BUY, RSI=51.5",,live_db,1
56320527649,v3,2.4,USDJPY,BUY,2026-04-21 08:05:16.144884,2026-04-21 16:53:39,528.3809186,London,Tuesday,8,158.903,159.039,158.68936,159.4161,1.0,0.21363999999999805,0.5131000000000085,2.4017038007864313,,ml_filtered_sma,,,,,,,52.19,0.13843,NOT_AVAILABLE,,UNKNOWN,,,,,,,,0.0,,,SL_HIT,,,2.4,0.64,85.51,0.0,0.0,85.51,True,False,False,,False,,,"SMA20 x SMA50 BUY, RSI=52.2",,live_db,1
56322377429,v3,2.4,XAUUSD,SELL,2026-04-21 10:05:05.023790,2026-04-21 16:29:34,384.4829368333333,London,Tuesday,10,4775.32,4775.3,4798.85314,4747.64799,1.0,23.533140000000458,27.672009999999318,1.1758741077475756,,ml_direct,,,55.2,0.5517,,"SELL=55.2,NO=8.1,BUY=36.8",36.71,15.75543,NOT_AVAILABLE,,UNKNOWN,,,,,,,,0.0,,,SL_HIT,,,1.18,0.0,2.0,0.0,0.0,2.0,True,False,False,,False,,,ML Direct SELL | conf=55.2% [SELL=55.2% NO=8.1% BUY=36.8%],,live_db,1
56328694452,v3,2.4,XAUUSD,SELL,2026-04-21 16:14:49.752617,2026-04-21 17:46:41,91.85412305,Overlap,Tuesday,16,4767.57,4738.5,4794.65769,4738.50269,1.0,27.087690000000293,29.067309999999452,1.073081905470682,,ml_direct,,,57.0,0.5704,,"SELL=57.0,NO=7.8,BUY=35.1",36.49,17.27846,NOT_AVAILABLE,,UNKNOWN,,,,,,,,0.0,,,TP_HIT,,,1.07,1.07,2908.0,0.0,0.0,2908.0,True,False,True,,False,,,ML Direct SELL | conf=57.0% [SELL=57.0% NO=7.8% BUY=35.1%],,live_db,1
56333309927,v3,2.4,USDJPY,SELL,2026-04-21 19:05:11.368658,2026-04-21 21:15:15,130.06052236666667,NY,Tuesday,19,159.403,159.383,159.64267,158.80383,1.0,0.23967000000001804,0.5991699999999867,2.499979137981147,,bollinger_bounce,,,,,,,65.55,0.15978,NOT_AVAILABLE,UP,AGAINST_H4,,NORMAL,HIGH,60.07063292469793,0.001119559008135963,,0.7671260275440701,0.0,,,SL_HIT,,,2.5,0.08,12.55,0.0,0.0,12.55,True,False,False,,False,,,BB bounce SELL | BB_pos=0.94 RSI=65.6 BBW=0.0050 BBW_avg_ratio=1.51,,live_db,1
56333314623,v3,2.4,XAUUSD,SELL,2026-04-21 19:05:21.717652,2026-04-21 20:11:08,65.77137246666668,NY,Tuesday,19,4740.01,4703.84,4774.98767,4703.83939,1.0,34.97767000000022,36.170610000000124,1.034105759474542,,ml_direct,EXECUTED,,64.6,0.6465,0.5582,"SELL=64.6,NO=9.3,BUY=26.0",29.86,21.89178,NOT_AVAILABLE,DOWN,WITH_H4,,NORMAL,HIGH,23.63736887957596,0.004645904057087412,,0.08463409179298016,0.0,,,TP_HIT,,,1.03,1.03,3611.0,0.0,0.0,3611.0,True,False,True,,False,,,ML Direct SELL | conf=64.6% [SELL=64.6% NO=9.3% BUY=26.0%],,live_db,1
56334678728,v3,2.4,USDJPY,SELL,2026-04-21 20:05:09.148853,2026-04-21 20:46:06,40.94751911666666,NY,Tuesday,20,159.518,159.286,159.73717,158.91057,1.0,0.2191699999999912,0.6074299999999937,2.771501574120628,,bollinger_bounce,EXECUTED,,,,,,68.2,0.15745,NOT_AVAILABLE,UP,AGAINST_H4,,NORMAL,HIGH,67.8899149278671,0.001206830600031966,,0.9549436159939537,0.0,,,SL_HIT,,,2.77,1.06,145.65,0.0,0.0,145.65,True,False,False,,False,,,BB bounce SELL | BB_pos=0.97 RSI=68.2 BBW=0.0054 BBW_avg_ratio=1.56,,live_db,1
56334690608,v3,2.4,EURUSD,SELL,2026-04-21 20:05:19.576219,2026-04-21 20:26:01,20.69039635,NY,Tuesday,20,1.1736,1.17296,1.17743,1.16834,1.0,0.00383,0.005260000000000042,1.3733681462141103,,ml_filtered_sma,EXECUTED,,,,,,30.22,0.00117,NOT_AVAILABLE,UP,AGAINST_H4,,HIGH,MED,25.66446263983532,0.0013043492784602523,,0.004925778782497069,0.0,,,SL_HIT,,,1.37,0.17,65.0,0.0,0.0,65.0,True,False,False,,False,,,"SMA20 x SMA50 SELL, RSI=30.2",,live_db,1
56334696824,v3,2.4,XAUUSD,SELL,2026-04-21 20:05:30.088154,2026-04-21 20:38:55,33.41519743333333,NY,Tuesday,20,4710.15,4709.82,4744.50338,4672.86607,1.0,34.35338000000047,37.2839299999996,1.0853060164676398,,ml_direct,RISK_REJECTED,Market closed,55.8,0.5581,0.5559,"SELL=55.8,NO=8.6,BUY=35.6",23.53,22.04225,NOT_AVAILABLE,DOWN,WITH_H4,,HIGH,HIGH,18.446030038035076,0.00531608425125685,,-0.0660423536543398,0.0,,,SL_HIT,,,1.09,0.01,2.0,0.0,0.0,2.0,True,False,False,,False,,,ML Direct SELL | conf=55.8% [SELL=55.8% NO=8.6% BUY=35.6%],,live_db,1
56336122764,v3,2.4,XAUUSD,SELL,2026-04-21 21:05:45.661649,2026-04-21 21:54:46,49.00563918333333,NY,Tuesday,21,4710.97,4706.59,4743.45517,4672.22564,1.0,32.485169999999925,38.7443600000006,1.1926783821664066,,ml_direct,RISK_REJECTED,No prices,57.9,0.579,0.5559,"SELL=57.9,NO=9.1,BUY=33.0",23.3,21.91678,NOT_AVAILABLE,DOWN,WITH_H4,,HIGH,HIGH,18.446030038035076,0.00531608425125685,,-0.0660423536543398,0.0,,,SL_HIT,,,1.19,0.13,437.0,0.0,0.0,437.0,True,False,False,,False,,,ML Direct SELL | conf=57.9% [SELL=57.9% NO=9.1% BUY=33.0%],,live_db,1
56337077412,v3,2.4,XAUUSD,SELL,2026-04-21 22:05:25.744564,2026-04-21 22:44:09,38.72092393333333,Off-hours,Tuesday,22,4710.32,4671.98,4743.09401,4671.97532,1.0,32.77401000000009,38.34468000000015,1.1699721822261007,,ml_direct,RISK_REJECTED,Invalid stops,55.8,0.5582,0.5559,"SELL=55.8,NO=9.6,BUY=34.6",23.64,21.88267,NOT_AVAILABLE,DOWN,WITH_H4,,HIGH,HIGH,18.446030038035076,0.00531608425125685,,-0.0660423536543398,0.0,,,TP_HIT,,,1.17,1.17,3861.0,0.0,0.0,3861.0,True,False,True,,False,,,ML Direct SELL | conf=55.8% [SELL=55.8% NO=9.6% BUY=34.6%],,live_db,1
56338121110,v3,2.4,EURUSD,BUY,2026-04-21 23:05:14.692137,2026-04-21 23:45:15,40.00513105,Off-hours,Tuesday,23,1.17268,1.17427,1.16788,1.17973,1.0,0.0047999999999999154,0.007050000000000001,1.468750000000026,,bollinger_bounce,,,,,,,25.66,0.00153,NOT_AVAILABLE,UP,WITH_H4,,NORMAL,MED,37.81556151238796,0.0013049186436153801,,0.23429654672953062,0.0,,,SL_HIT,,,1.47,0.33,159.0,0.0,0.0,159.0,True,False,False,,False,,,BB bounce BUY | BB_pos=0.00 RSI=25.7 BBW=0.0058 BBW_avg_ratio=1.65,,live_db,1
56338121450,v3,2.4,USDJPY,SELL,2026-04-21 23:05:25.012568,2026-04-21 23:46:41,41.2664572,Off-hours,Tuesday,23,159.61,159.416,159.90393,158.89268,1.0,0.2939299999999889,0.7173200000000008,2.440445003912591,,bollinger_bounce,,,,,,,67.89,0.19262,NOT_AVAILABLE,UP,AGAINST_H4,,NORMAL,HIGH,59.36703378972454,0.0011710950543434514,,0.7320612644166952,0.0,,,SL_HIT,,,2.44,0.66,121.69,0.0,0.0,121.69,True,False,False,,False,,,BB bounce SELL | BB_pos=0.95 RSI=67.9 BBW=0.0059 BBW_avg_ratio=1.52,,live_db,1
56339771495,v3,2.4,XAUUSD,SELL,2026-04-22 04:05:06.597282,2026-04-22 17:49:29,824.3733786333333,Asian,Wednesday,4,4739.72,4739.67,4782.85834,4701.20026,1.0,43.138339999999516,38.51974000000064,0.8929351477131728,,ml_direct,,,56.0,0.5597,,"SELL=56.0,NO=9.6,BUY=34.5",45.42,25.12556,NOT_AVAILABLE,DOWN,WITH_H4,,NORMAL,MED,50.06586815232932,0.004459693781570392,,0.5646858003383493,0.0,,,SL_HIT,,,0.89,0.0,2.0,0.0,0.0,2.0,True,False,False,,False,,,ML Direct SELL | conf=56.0% [SELL=56.0% NO=9.6% BUY=34.5%],,live_db,1
56340290230,v3,2.4,USDCHF,BUY,2026-04-22 05:05:06.565657,2026-04-22 13:35:04,509.95723905,Asian,Wednesday,5,0.78058,0.78078,0.77731,0.78443,1.0,0.003270000000000106,0.003849999999999909,1.1773700305809738,,ml_filtered_sma,,,,,,,52.4,0.00114,NOT_AVAILABLE,DOWN,AGAINST_H4,,NORMAL,MED,53.65488299504404,0.0011926849520851686,,0.588371897467348,0.0,,,SL_HIT,,,1.18,0.06,25.62,0.0,0.0,25.62,True,False,False,,False,,,"SMA20 x SMA50 BUY, RSI=52.4",,live_db,1
56342630217,v3,2.4,AUDUSD,BUY,2026-04-22 09:05:05.006174,2026-04-22 09:59:55,54.833230433333334,London,Wednesday,9,0.7166,0.7168,0.71376,0.71885,1.0,0.0028400000000000647,0.0022499999999999742,0.7922535211267334,,asia_breakout,,,,,,,57.5,0.00127,NOT_AVAILABLE,UP,WITH_H4,,NORMAL,MED,52.135415896162115,0.0016948754435470992,,0.6424038020611627,0.0,,,SL_HIT,,,0.79,0.07,20.0,0.0,0.0,20.0,True,False,False,,False,,,Asia Breakout BUY | Asia H=0.71674 L=0.71299 Range=38p | RSI=57.5 ATR=0.00127,,live_db,1
56343274814,v3,2.4,XAUUSD,SELL,2026-04-22 10:05:15.709855,2026-04-22 12:42:07,156.85483575,London,Wednesday,10,4768.73,4762.59,4797.79585,4734.84151,1.0,29.065850000000864,33.888489999999365,1.165921175537559,,ml_direct,,,56.2,0.562,,"SELL=56.2,NO=8.1,BUY=35.7",53.37,19.37057,NOT_AVAILABLE,DOWN,WITH_H4,,NORMAL,LOW,46.236418445014415,0.003796237531116843,,0.581135204537198,0.0,,,SL_HIT,,,1.17,0.21,613.0,0.0,0.0,613.0,True,False,False,,False,,,ML Direct SELL | conf=56.2% [SELL=56.2% NO=8.1% BUY=35.7%],,live_db,1
56353293162,v3,2.4,XAUUSD,SELL,2026-04-22 19:05:04.116301,2026-04-22 19:42:09,37.08139498333333,NY,Wednesday,19,4730.89,4730.86,4757.47168,4699.55305,1.0,26.581679999999324,31.336949999999888,1.17889275621408,,ml_direct,EXECUTED,,58.6,0.5865,0.5989,"SELL=58.6,NO=10.2,BUY=31.2",40.2,17.82112,NOT_AVAILABLE,UP,AGAINST_H4,,NORMAL,LOW,45.93842589925993,0.0035617953921173655,,0.3364850646067139,0.0,,,SL_HIT,,,1.18,0.0,2.0,0.0,0.0,2.0,True,False,False,SELL,True,TP_HIT,29554.36,ML Direct SELL | conf=58.6% [SELL=58.6% NO=10.2% BUY=31.2%],,live_db,1
56354142810,v3,2.4,XAUUSD,SELL,2026-04-22 20:05:15.688725,2026-04-23 03:13:45,428.48852125,NY,Wednesday,20,4736.06,4705.43,4762.35053,4705.43105,1.0,26.290529999999308,30.62895000000026,1.1650183545178079,,ml_direct,RISK_REJECTED,Max 3 positions on XAUUSD (demo),60.6,0.6063,0.6283,"SELL=60.6,NO=11.0,BUY=28.4",43.03,17.51369,NOT_AVAILABLE,UP,AGAINST_H4,,NORMAL,LOW,45.22821683520877,0.0036272213852839527,,0.3043429102892549,0.0,,,TP_HIT,,,1.17,1.17,3050.2,0.0,0.0,3050.2,True,False,True,SELL,True,TP_HIT,30086.86,ML Direct SELL | conf=60.6% [SELL=60.6% NO=11.0% BUY=28.4%],,live_db,1
56354915907,v3,2.4,XAUUSD,SELL,2026-04-22 21:05:05.418240,2026-04-23 03:12:52,367.77636266666667,NY,Wednesday,21,4736.68,4707.75,4761.90024,4707.75472,1.0,25.22023999999965,28.925280000000384,1.146907404529092,,ml_direct,RISK_REJECTED,Max 3 positions on XAUUSD (demo),63.0,0.6304,0.6283,"SELL=63.0,NO=10.2,BUY=26.8",43.48,16.66016,NOT_AVAILABLE,UP,AGAINST_H4,,NORMAL,LOW,45.22821683520877,0.0036272213852839527,,0.3043429102892549,0.0,,,TP_HIT,,,1.15,1.15,2879.2,0.0,0.0,2879.2,True,False,True,SELL,True,TP_HIT,30086.86,ML Direct SELL | conf=63.0% [SELL=63.0% NO=10.2% BUY=26.8%],,live_db,1
56355601859,v3,2.4,XAUUSD,SELL,2026-04-22 22:05:07.271215,2026-04-23 03:10:18,305.1788130833333,Off-hours,Wednesday,22,4741.53,4712.37,4767.26377,4712.37394,1.0,25.733769999999822,29.156059999999343,1.1329882873748987,,ml_direct,RISK_REJECTED,Max 3 positions on XAUUSD (demo),59.9,0.5989,0.645,"SELL=59.9,NO=11.0,BUY=29.1",45.94,16.88918,NOT_AVAILABLE,UP,AGAINST_H4,,NORMAL,LOW,46.02479622023049,0.003471492628234207,,0.3324657114814858,0.0,,,TP_HIT,,,1.13,1.13,2902.2,0.0,0.0,2902.2,True,False,True,SELL,True,TP_HIT,28801.03,ML Direct SELL | conf=59.9% [SELL=59.9% NO=11.0% BUY=29.1%],,live_db,1
56361818836,v3,2.4,XAUUSD,SELL,2026-04-23 10:05:04.895448,2026-04-23 10:35:47,30.701742533333334,London,Thursday,10,4712.94,4712.93,4740.50124,4679.81021,1.0,27.561239999999998,33.12978999999996,1.2020427963328195,,ml_direct,EXECUTED,,56.6,0.566,0.5553,"SELL=56.6,NO=8.6,BUY=34.8",41.05,18.67416,NOT_AVAILABLE,UP,AGAINST_H4,,NORMAL,MED,38.28531257754067,0.003909532812421644,,0.1592000631420295,0.0,,,SL_HIT,,,1.2,0.0,2.0,0.0,0.0,2.0,True,False,False,SELL,True,SL_HIT,-9192.43,ML Direct SELL | conf=56.6% [SELL=56.6% NO=8.6% BUY=34.8%],,live_db,1
56364489407,v3,2.4,XAUUSD,SELL,2026-04-23 13:05:04.692777,2026-04-23 13:40:21,35.27178704999999,Overlap,Thursday,13,4700.63,4696.03,4729.43218,4669.69246,1.0,28.80217999999968,30.9375399999999,1.0741388325467114,,ml_direct,,,55.5,0.5553,,"SELL=55.5,NO=8.0,BUY=36.5",38.29,18.38145,NOT_AVAILABLE,UP,AGAINST_H4,,NORMAL,MED,54.293653213496775,0.004012535272191754,,0.764023959350624,0.0,,,SL_HIT,,,1.07,0.16,460.0,0.0,0.0,460.0,True,False,False,SELL,True,TP_HIT,33263.53,ML Direct SELL | conf=55.5% [SELL=55.5% NO=8.0% BUY=36.5%],,live_db,1
56377863495,v3,2.4,XAUUSD,SELL,2026-04-24 03:05:09.412266,2026-04-24 07:48:41,283.52646223333335,Asian,Friday,3,4692.91,4675.9,4723.59571,4657.11,1.0,30.685709999999744,35.80000000000018,1.166666829608977,,ml_direct,RISK_REJECTED,Conflicting SELL already open on XAUUSD,65.5,0.655,,"SELL=65.5,NO=9.6,BUY=24.9",40.32,20.45714,NOT_AVAILABLE,UP,AGAINST_H4,,NORMAL,MED,35.461557244354864,0.0043696823783826435,,0.013479385567090399,0.0,,,SL_HIT,,,1.17,0.55,1704.0,0.0,0.0,1704.0,True,False,True,SELL,True,SL_HIT,-10210.4,ML Direct SELL | conf=65.5% [SELL=65.5% NO=9.6% BUY=24.9%],,live_db,1
56378377350,v3,2.4,XAUUSD,SELL,2026-04-24 04:05:09.069786,2026-04-24 07:25:14,200.08217023333333,Asian,Friday,4,4696.55,4661.42,4727.42354,4661.4192,1.0,30.873539999999593,35.13079999999991,1.1378934841939206,,ml_direct,,,63.8,0.6379,,"SELL=63.8,NO=10.3,BUY=25.9",42.5,20.30903,NOT_AVAILABLE,UP,AGAINST_H4,,NORMAL,MED,35.255955799358105,0.004169422721562477,,0.07084635577897896,0.0,,,TP_HIT,,,1.14,1.14,3513.0,0.0,0.0,3513.0,True,False,True,,False,,,ML Direct SELL | conf=63.8% [SELL=63.8% NO=10.3% BUY=25.9%],,live_db,1
56378908567,v3,2.4,XAUUSD,SELL,2026-04-24 05:05:07.363166,2026-04-24 07:23:03,137.92728056666667,Asian,Friday,5,4697.86,4662.62,4727.28145,4662.62497,1.0,29.421450000000732,35.235029999999824,1.1975966514226508,,ml_direct,,,64.4,0.644,,"SELL=64.4,NO=10.1,BUY=25.5",42.61,19.8943,NOT_AVAILABLE,UP,AGAINST_H4,,NORMAL,MED,36.30669863238089,0.004128315270855172,,0.1373315042910806,0.0,,,TP_HIT,,,1.2,1.2,3525.0,0.0,0.0,3525.0,True,False,True,,False,,,ML Direct SELL | conf=64.4% [SELL=64.4% NO=10.1% BUY=25.5%],,live_db,1
56382122993,v3,2.4,XAUUSD,SELL,2026-04-24 10:05:08.252261,2026-04-24 14:08:09,243.01246231666667,London,Friday,10,4674.37,4703.53,4703.53482,4640.73438,1.0,29.164819999999963,33.63562000000002,1.1532942771462351,,ml_direct,,,55.0,0.55,,"SELL=55.0,NO=8.8,BUY=36.1",38.96,19.32321,NOT_AVAILABLE,UP,AGAINST_H4,,NORMAL,MED,43.82214361156989,0.003987040960444607,,0.3262936026195083,0.0,,,SL_HIT,,,1.15,-1.0,-2912.0,0.0,0.0,-2912.0,False,False,False,,False,,,ML Direct SELL | conf=55.0% [SELL=55.0% NO=8.8% BUY=36.1%],,live_db,1
56387752068,v3,2.4,XAUUSD,SELL,2026-04-24 16:05:07.101469,2026-04-24 17:12:05,66.96497551666667,Overlap,Friday,16,4697.1,4734.12,4734.1197,4669.14202,1.0,37.01969999999983,27.957980000000134,0.7552189780036106,,ml_direct,EXECUTED,,56.8,0.5684,0.5917,"SELL=56.8,NO=8.2,BUY=34.9",51.44,19.99313,NOT_AVAILABLE,UP,AGAINST_H4,,NORMAL,MED,55.35042241701241,0.004496184623623814,,0.899909860267225,0.0,,,SL_HIT,,,0.76,-1.0,-3702.0,0.0,0.0,-3702.0,False,True,False,SELL,True,TP_HIT,37126.48,ML Direct SELL | conf=56.8% [SELL=56.8% NO=8.2% BUY=34.9%],,live_db,1
56391585068,v3,2.4,GBPUSD,SELL,2026-04-24 19:05:09.091803,2026-04-24 23:41:41,276.5318032833333,NY,Friday,19,1.3514,1.3537,1.3537,1.34626,1.0,0.0022999999999999687,0.005139999999999922,2.2347826086956486,,bollinger_bounce,,,,,,,66.9,0.00149,NOT_AVAILABLE,UP,AGAINST_H4,,NORMAL,MED,71.92744554015252,0.0010250296044862098,,0.913038618445255,0.0,,,SL_HIT,,,2.23,-1.0,-229.0,0.0,0.0,-229.0,False,False,False,,False,,,BB bounce SELL | BB_pos=0.97 RSI=66.9 BBW=0.0054 BBW_avg_ratio=1.27,,live_db,1
56391587023,v3,2.4,XAUUSD,SELL,2026-04-24 19:05:19.414386,2026-04-24 22:03:01,177.69309356666665,NY,Friday,19,4726.06,4726.02,4750.68415,4681.73182,1.0,24.624149999999645,44.32818000000043,1.8001912756379843,,ml_direct,EXECUTED,,59.2,0.5917,0.5905,"SELL=59.2,NO=10.0,BUY=30.8",55.35,21.2161,NOT_AVAILABLE,UP,AGAINST_H4,,NORMAL,MED,56.996390066431104,0.003906588188290348,,0.7942930559812974,0.0,,,SL_HIT,,,1.8,0.0,2.0,0.0,0.0,2.0,True,False,False,SELL,True,TP_HIT,32294.0,ML Direct SELL | conf=59.2% [SELL=59.2% NO=10.0% BUY=30.8%],,live_db,1
56392439059,v3,2.4,GBPUSD,SELL,2026-04-24 20:05:09.499152,2026-04-27 01:00:19,3175.158347466667,NY,Friday,20,1.35219,1.35198,1.35444,1.34709,1.0,0.0022500000000000853,0.0051000000000001044,2.266666666666627,,bollinger_bounce,,,,,,,70.18,0.00147,NOT_AVAILABLE,UP,AGAINST_H4,,NORMAL,MED,73.7361848441536,0.0009820823175755145,,0.9036463947041595,0.0,,,SL_HIT,,,2.27,0.09,17.8,0.0,0.0,17.8,True,False,False,,False,,,BB bounce SELL | BB_pos=0.97 RSI=70.2 BBW=0.0061 BBW_avg_ratio=1.40,,live_db,1
56393837341,v3,2.4,EURUSD,BUY,2026-04-24 22:05:19.912566,2026-04-24 23:57:47,112.45145723333333,Off-hours,Friday,22,1.17179,1.17199,1.16831,1.17723,1.0,0.0034800000000001496,0.005439999999999889,1.5632183908044988,,ml_filtered_sma,,,,,,,62.12,0.00115,NOT_AVAILABLE,,UNKNOWN,,,,,,,,0.0,,,SL_HIT,,,1.56,0.06,20.0,0.0,0.0,20.0,True,False,False,,False,,,"SMA20 x SMA50 BUY, RSI=62.1",,live_db,1
56393838928,v3,2.4,XAUUSD,SELL,2026-04-24 22:05:30.337109,2026-04-27 01:06:17,3060.7777148500004,Off-hours,Friday,22,4723.35,4691.86,4751.84202,4691.8643,1.0,28.492019999999684,31.48570000000018,1.1050708233393254,,ml_direct,,,59.0,0.5905,,"SELL=59.0,NO=10.5,BUY=30.4",57.0,18.45468,NOT_AVAILABLE,,UNKNOWN,,,,,,,,0.0,,,TP_HIT,,,1.11,1.11,3146.4,0.0,0.0,3146.4,True,False,True,,False,,,ML Direct SELL | conf=59.0% [SELL=59.0% NO=10.5% BUY=30.4%],,live_db,1
56394562800,v3,2.4,USDJPY,SELL,2026-04-27 01:05:21.040168,2026-04-27 03:53:34,168.2159972,Asian,Monday,1,159.545,159.525,159.75938,159.02307,1.0,0.21438000000000557,0.5219299999999976,2.4346021084055605,,ml_filtered_sma,,,,,,,50.18,0.14025,NOT_AVAILABLE,DOWN,WITH_H4,,NORMAL,LOW,41.123986680765526,0.0008654773579418323,,0.20197460732044994,0.0,,,SL_HIT,,,2.43,0.09,12.54,0.0,0.0,12.54,True,False,False,,False,,,"SMA20 x SMA50 SELL, RSI=50.2",,live_db,1
56394563160,v3,2.4,XAUUSD,SELL,2026-04-27 01:05:23.304314,2026-04-27 03:52:13,166.82826143333332,Asian,Monday,1,4695.69,4686.39,4725.21126,4662.20185,1.0,29.52126000000044,33.48814999999922,1.1343740070714707,,ml_direct,EXECUTED,,56.2,0.5617,0.5511,"SELL=56.2,NO=9.9,BUY=33.9",44.98,19.38751,NOT_AVAILABLE,UP,AGAINST_H4,,NORMAL,MED,50.52702534005852,0.004176143705143625,,0.5738891012000247,0.0,,,SL_HIT,,,1.13,0.32,928.0,0.0,0.0,928.0,True,False,False,SELL,True,SL_HIT,-9828.69,ML Direct SELL | conf=56.2% [SELL=56.2% NO=9.9% BUY=33.9%],,live_db,1
56395553256,v3,2.4,XAUUSD,SELL,2026-04-27 03:05:06.610775,2026-04-27 04:02:42,57.58982041666666,Asian,Monday,3,4678.99,4706.99,4706.98748,4646.67294,1.0,27.997479999999996,32.3170599999994,1.154284599899684,,ml_direct,EXECUTED,,59.3,0.5929,0.5643,"SELL=59.3,NO=9.9,BUY=30.8",39.77,18.55832,NOT_AVAILABLE,UP,AGAINST_H4,,NORMAL,MED,55.487657445792436,0.004085763414793207,,0.7203385997706945,0.0,,,SL_HIT,,,1.15,-1.0,-2800.0,0.0,0.0,-2800.0,False,False,False,SELL,True,TP_HIT,33749.02,ML Direct SELL | conf=59.3% [SELL=59.3% NO=9.9% BUY=30.8%],,live_db,1
56396159881,v3,2.4,USDCAD,SELL,2026-04-27 04:05:12.816595,2026-04-27 04:06:08,0.9197234166666667,Asian,Monday,4,1.36655,1.36643,1.3695,1.36643,1.0,0.002950000000000008,0.00011999999999989797,0.04067796610166022,,ml_filtered_sma,,,,,,,45.24,0.00095,NOT_AVAILABLE,DOWN,WITH_H4,,NORMAL,LOW,37.21295207987711,0.0006656021264501954,,0.15482457436598576,0.0,,,TP_HIT,,,0.04,0.04,8.78,0.0,0.0,8.78,True,False,False,,False,,,"SMA20 x SMA50 SELL, RSI=45.2",,live_db,1
56396160771,v3,2.4,XAUUSD,SELL,2026-04-27 04:05:14.981942,2026-04-27 04:50:54,45.65030096666667,Asian,Monday,4,4705.23,4705.36,4735.73977,4671.86693,1.0,30.50977000000057,33.363069999999425,1.0935208623335673,,ml_direct,RISK_REJECTED,Conflicting SELL already open on XAUUSD,55.1,0.5511,,"SELL=55.1,NO=11.5,BUY=33.4",50.53,19.65318,NOT_AVAILABLE,UP,AGAINST_H4,,NORMAL,MED,57.62359392638224,0.00399295762580883,,0.7831141023159762,0.0,,,SL_HIT,,,1.09,0.0,2.0,0.0,0.0,2.0,True,False,False,BUY,False,SL_HIT,-9439.52,ML Direct SELL | conf=55.1% [SELL=55.1% NO=11.5% BUY=33.4%],,live_db,1
56396785803,v3,2.4,AUDUSD,BUY,2026-04-27 05:05:10.554152,2026-04-27 07:50:06,164.92409746666667,Asian,Monday,5,0.71673,0.71693,0.71369,0.71815,1.0,0.0030399999999999316,0.0014199999999999768,0.46710526315789763,,ml_filtered_sma,,,,,,,65.2,0.00111,NOT_AVAILABLE,UP,WITH_H4,,NORMAL,LOW,63.58860206247949,0.001389119388040454,,0.8387611233688276,0.0,,,SL_HIT,,,0.47,0.07,20.0,0.0,0.0,20.0,True,False,False,,False,,,"SMA20 x SMA50 BUY, RSI=65.2",,live_db,1
56396786067,v3,2.4,XAUUSD,SELL,2026-04-27 05:05:12.758893,2026-04-27 16:18:11,672.9706851166667,Asian,Monday,5,4702.14,4702.12,4730.41646,4668.89081,1.0,28.276460000000043,33.24919000000045,1.1758611226440794,,ml_direct,,,59.2,0.5924,,"SELL=59.2,NO=10.6,BUY=30.2",48.99,18.93097,NOT_AVAILABLE,UP,AGAINST_H4,,NORMAL,LOW,55.40541208073868,0.0038356659886235036,,0.6888040859816841,0.0,,,SL_HIT,,,1.18,0.0,2.0,0.0,0.0,2.0,True,False,False,,False,,,ML Direct SELL | conf=59.2% [SELL=59.2% NO=10.6% BUY=30.2%],,live_db,1
56397384198,v3,2.4,XAUUSD,SELL,2026-04-27 06:05:04.393784,2026-04-27 13:37:16,452.1934369333333,Asian,Monday,6,4720.27,4708.66,4749.51954,4686.83888,1.0,29.249539999999797,33.43112000000019,1.1429622482952013,,ml_direct,,,56.4,0.5643,,"SELL=56.4,NO=11.4,BUY=32.1",55.49,19.28636,NOT_AVAILABLE,UP,AGAINST_H4,,NORMAL,LOW,51.12053006556902,0.0038002691868418872,,0.5340033886751637,0.0,,,SL_HIT,,,1.14,0.4,1161.0,0.0,0.0,1161.0,True,False,False,,False,,,ML Direct SELL | conf=56.4% [SELL=56.4% NO=11.4% BUY=32.1%],,live_db,1
56397949865,v3,2.4,USDCHF,SELL,2026-04-27 07:05:22.135899,2026-04-27 11:11:17,245.91440168333332,London,Monday,7,0.78456,0.78436,0.78729,0.78138,1.0,0.00273000000000001,0.0031800000000000717,1.1648351648351867,,ml_filtered_sma,,,,,,,43.08,0.00094,NOT_AVAILABLE,DOWN,WITH_H4,,NORMAL,LOW,45.711595765141055,0.0010722036265047945,,0.3313560938400804,0.0,,,SL_HIT,,,1.16,0.07,25.5,0.0,0.0,25.5,True,False,False,,False,,,"SMA20 x SMA50 SELL, RSI=43.1",,live_db,1
56403738547,v3,2.4,GBPUSD,SELL,2026-04-27 14:05:08.435135,2026-04-27 15:17:08,71.99274775,Overlap,Monday,14,1.35556,1.35754,1.35754,1.35123,1.0,0.0019799999999998708,0.004330000000000167,2.186868686868914,,stop_hunt_reversal,,,,,,,66.73,0.00126,NOT_AVAILABLE,UP,AGAINST_H4,,NORMAL,MED,60.5590342171201,0.0010284165741713549,,0.6821467879239921,0.0,,,SL_HIT,,,2.19,-1.0,-198.0,0.0,0.0,-198.0,False,False,False,,False,,,Stop Hunt SELL | HIGH sweep +4.4 pips | RSI=66.7 ATR=0.00126 Swing H=1.35574 L=1.34902,,live_db,1
56404732372,v3,2.4,USDCAD,BUY,2026-04-27 15:05:06.851086,2026-04-27 16:53:29,108.36914856666667,Overlap,Monday,15,1.36069,1.36089,1.35924,1.36254,1.0,0.0014499999999999513,0.0018500000000001293,1.2758620689656492,,bollinger_bounce,,,,,,,21.86,0.00102,NOT_AVAILABLE,DOWN,AGAINST_H4,,NORMAL,MED,22.885813544600424,0.0007779997872243386,,0.15723570221222993,0.0,,,SL_HIT,,,1.28,0.14,14.7,0.0,0.0,14.7,True,False,False,,False,,,BB bounce BUY | BB_pos=0.06 RSI=21.9 BBW=0.0071 BBW_avg_ratio=1.74,,live_db,1
56407548372,v3,2.4,AUDUSD,SELL,2026-04-27 17:05:12.164119,2026-04-27 20:23:09,197.94726468333334,NY,Monday,17,0.7188,0.7186,0.72134,0.71742,1.0,0.0025399999999999867,0.0013800000000000479,0.5433070866141949,,stop_hunt_reversal,,,,,,,69.39,0.00098,NOT_AVAILABLE,UP,AGAINST_H4,,NORMAL,LOW,63.39857227799476,0.001303925201313589,,0.6720945843526578,0.0,,,SL_HIT,,,0.54,0.08,20.0,0.0,0.0,20.0,True,False,False,,False,,,Stop Hunt SELL | HIGH sweep +4.3 pips | RSI=69.4 ATR=0.00098 Swing H=0.71902 L=0.71305,,live_db,1
56410385196,v3,2.4,XAUUSD,SELL,2026-04-27 19:05:11.214700,2026-04-28 08:06:32,781.3464216666667,NY,Monday,19,4670.65,4651.38,4702.26531,4651.38048,1.0,31.615310000000136,19.26951999999983,0.6094996379918384,,ml_direct,RISK_REJECTED,Max 3 positions on XAUUSD (demo),63.2,0.6318,0.6268,"SELL=63.2,NO=9.4,BUY=27.4",37.44,15.65687,NOT_AVAILABLE,UP,AGAINST_H4,,NORMAL,LOW,40.56361317354192,0.0030067713859362106,,0.20118530324940012,0.0,,,TP_HIT,,,0.61,0.61,1922.4,0.0,0.0,1922.4,True,False,True,SELL,True,SL_HIT,-7037.24,ML Direct SELL | conf=63.2% [SELL=63.2% NO=9.4% BUY=27.4%],,live_db,1
56411246561,v3,2.4,XAUUSD,SELL,2026-04-27 20:05:10.436846,2026-04-28 03:01:40,416.49271923333333,NY,Monday,20,4674.64,4695.94,4695.93638,4648.32089,1.0,21.296379999999772,26.319110000000364,1.2358490034456864,,ml_direct,RISK_REJECTED,Max 3 positions on XAUUSD (demo),62.7,0.6272,0.6243,"SELL=62.7,NO=9.6,BUY=27.7",37.36,14.65092,NOT_AVAILABLE,UP,AGAINST_H4,,NORMAL,LOW,41.053170910346594,0.0030573631195772266,,0.2152945388067645,0.0,,,SL_HIT,,,1.24,-1.0,-2134.6,0.0,0.0,-2134.6,False,False,False,SELL,True,SL_HIT,-7155.94,ML Direct SELL | conf=62.7% [SELL=62.7% NO=9.6% BUY=27.7%],,live_db,1
56412151980,v3,2.4,XAUUSD,SELL,2026-04-27 21:05:07.271991,2026-04-28 08:06:31,661.3954668166666,NY,Monday,21,4680.19,4654.5,4702.13187,4654.50449,1.0,21.941870000000563,25.68550999999934,1.1706162692604907,,ml_direct,RISK_REJECTED,Max 3 positions on XAUUSD (demo),61.7,0.617,0.6243,"SELL=61.7,NO=9.6,BUY=28.7",40.66,14.65458,NOT_AVAILABLE,UP,AGAINST_H4,,NORMAL,LOW,41.053170910346594,0.0030573631195772266,,0.2152945388067645,0.0,,,TP_HIT,,,1.17,1.17,2563.4,0.0,0.0,2563.4,True,False,True,SELL,True,SL_HIT,-7155.94,ML Direct SELL | conf=61.7% [SELL=61.7% NO=9.6% BUY=28.7%],,live_db,1
56413984285,v3,2.4,XAUUSD,SELL,2026-04-28 03:05:12.886990,2026-04-28 04:57:12,111.98521683333334,Asian,Tuesday,3,4698.07,4675.38,4717.81853,4675.37671,1.0,19.748529999999846,22.69329000000016,1.1491128706795057,,ml_direct,RISK_REJECTED,Max 3 positions on XAUUSD (demo),59.8,0.5984,0.6364,"SELL=59.8,NO=10.6,BUY=29.6",51.3,13.05902,NOT_AVAILABLE,UP,AGAINST_H4,,NORMAL,LOW,38.186399671351495,0.002828312867873685,,0.18496511809752203,0.0,,,TP_HIT,,,1.15,1.15,2268.0,0.0,0.0,2268.0,True,False,True,SELL,True,TP_HIT,23115.45,ML Direct SELL | conf=59.8% [SELL=59.8% NO=10.6% BUY=29.6%],,live_db,1
56414982957,v3,2.4,XAUUSD,SELL,2026-04-28 05:05:10.423803,2026-04-28 06:07:30,62.32626995,Asian,Tuesday,5,4673.09,4673.08,4692.78792,4648.91744,1.0,19.697919999999613,24.172559999999976,1.227163071024781,,ml_direct,RISK_REJECTED,Max 3 positions on XAUUSD (demo),65.9,0.6589,0.5509,"SELL=65.9,NO=8.7,BUY=25.4",38.82,13.49861,NOT_AVAILABLE,UP,AGAINST_H4,,NORMAL,LOW,34.998292095840455,0.0026551657614022526,,0.12545117261139815,0.0,,,SL_HIT,,,1.23,0.0,2.0,0.0,0.0,2.0,True,False,False,SELL,True,TP_HIT,21666.19,ML Direct SELL | conf=65.9% [SELL=65.9% NO=8.7% BUY=25.4%],,live_db,1
56415897160,v3,2.4,XAUUSD,SELL,2026-04-28 07:05:10.462142,2026-04-28 08:30:26,85.25896429999999,London,Tuesday,7,4667.81,4645.54,4687.24956,4645.54218,1.0,19.4395599999998,22.26782000000003,1.145489918496111,,ml_direct,EXECUTED,,57.1,0.5715,0.5728,"SELL=57.1,NO=8.8,BUY=34.1",36.98,12.83304,NOT_AVAILABLE,UP,AGAINST_H4,,NORMAL,LOW,24.96766347426842,0.0033274869811438673,,-0.09846220288848265,0.0,,,TP_HIT,,,1.15,1.15,2227.0,0.0,0.0,2227.0,True,False,True,SELL,True,SL_HIT,-7703.82,ML Direct SELL | conf=57.1% [SELL=57.1% NO=8.8% BUY=34.1%],,live_db,1
56417706229,v3,2.4,GBPUSD,SELL,2026-04-28 09:05:13.135444,2026-04-28 09:27:09,21.931075933333332,London,Tuesday,9,1.35185,1.35165,1.35346,1.34816,1.0,0.0016100000000001113,0.003689999999999971,2.291925465838333,,asia_breakout,,,,,,,41.27,0.00106,NOT_AVAILABLE,UP,AGAINST_H4,,NORMAL,LOW,34.83938129202211,0.0008110957022283307,,0.04976168088655495,0.0,,,SL_HIT,,,2.29,0.12,20.0,0.0,0.0,20.0,True,False,False,,False,,,Asia Breakout SELL | Asia H=1.35411 L=1.35206 Range=20p | RSI=41.3 ATR=0.00106,,live_db,1
56417707101,v3,2.4,USDCHF,BUY,2026-04-28 09:05:15.316566,2026-04-28 09:25:15,19.9947239,London,Tuesday,9,0.78758,0.78778,0.78519,0.78987,1.0,0.002389999999999892,0.0022900000000000142,0.9581589958159488,,asia_breakout,,,,,,,66.26,0.00075,NOT_AVAILABLE,DOWN,AGAINST_H4,,NORMAL,MED,68.53468005842302,0.0011373197331339539,,0.866774297473316,0.0,,,SL_HIT,,,0.96,0.08,25.39,0.0,0.0,25.39,True,False,False,,False,,,Asia Breakout BUY | Asia H=0.78684 L=0.78390 Range=29p | RSI=66.3 ATR=0.00075,,live_db,1
56418660485,v3,2.4,XAUUSD,SELL,2026-04-28 10:05:25.345452,2026-04-28 11:30:16,84.84424246666667,London,Tuesday,10,4637.56,4628.24,4652.66635,4602.60259,1.0,15.10635000000002,34.95740999999998,2.3140871223028685,,ml_direct,EXECUTED,,57.3,0.5728,0.5609,"SELL=57.3,NO=7.4,BUY=35.4",24.97,15.40423,NOT_AVAILABLE,UP,AGAINST_H4,,NORMAL,LOW,22.97700032719642,0.0035234662068201034,,-0.02981909706132484,0.0,,,SL_HIT,,,2.31,0.62,928.0,0.0,0.0,928.0,True,False,False,SELL,True,TP_HIT,28444.15,ML Direct SELL | conf=57.3% [SELL=57.3% NO=7.4% BUY=35.4%],,live_db,1
56418661330,v3,2.4,AUDUSD,BUY,2026-04-28 10:05:27.665248,2026-04-28 10:26:47,21.322245866666666,London,Tuesday,10,0.71682,0.71703,0.71544,0.71872,1.0,0.0013800000000000479,0.0019000000000000128,1.37681159420286,,stop_hunt_reversal,,,,,,,46.51,0.00082,NOT_AVAILABLE,UP,WITH_H4,,NORMAL,LOW,44.10479181536926,0.0013090118648964443,,0.054195859945693675,0.0,,,SL_HIT,,,1.38,0.15,20.0,0.0,0.0,20.0,True,False,False,,False,,,Stop Hunt BUY | LOW sweep +3.1 pips | RSI=46.5 ATR=0.00082 Swing H=0.71998 L=0.71735,,live_db,1
56418661811,v3,2.4,USDCHF,BUY,2026-04-28 10:05:29.847398,2026-04-28 12:47:07,161.61921003333333,London,Tuesday,10,0.78934,0.78957,0.78674,0.79192,1.0,0.0026000000000000467,0.0025799999999999157,0.992307692307642,,asia_breakout,,,,,,,75.1,0.00083,NOT_AVAILABLE,DOWN,AGAINST_H4,,NORMAL,MED,72.25440989849672,0.0011937935719141663,,0.9190629550712031,0.0,,,SL_HIT,,,0.99,0.09,25.33,0.0,0.0,25.33,True,False,False,,False,,,Asia Breakout BUY | Asia H=0.78686 L=0.78390 Range=30p | RSI=75.1 ATR=0.00083,,live_db,1
56421619895,v3,2.4,GBPUSD,SELL,2026-04-28 13:05:11.152200,2026-04-28 13:20:41,15.497463333333334,Overlap,Tuesday,13,1.3492199999999999,1.3490199999999999,1.35102,1.34527,1.0,0.0018000000000002458,0.003949999999999898,2.194444444444088,,ml_filtered_sma,,,,,,,32.18,0.00115,NOT_AVAILABLE,UP,AGAINST_H4,,NORMAL,MED,39.199410201211116,0.0010265626011253953,,0.21147417406112226,0.0,,,SL_HIT,,,2.19,0.11,20.0,0.0,0.0,20.0,True,False,False,,False,,,"SMA20 x SMA50 SELL, RSI=32.2",,live_db,1
56421620484,v3,2.4,USDJPY,BUY,2026-04-28 13:05:13.816316,2026-04-28 13:41:41,36.4530614,Overlap,Tuesday,13,159.565,159.585,159.31186,160.17334,1.0,0.2531400000000019,0.6083399999999983,2.403176108082459,,ml_filtered_sma,,,,,,,57.58,0.16409,NOT_AVAILABLE,UP,WITH_H4,,NORMAL,HIGH,53.671197641668684,0.0011213096641994225,,0.6501144204580672,0.0,,,SL_HIT,,,2.4,0.08,12.53,0.0,0.0,12.53,True,False,False,,False,,,"SMA20 x SMA50 BUY, RSI=57.6",,live_db,1
56421620963,v3,2.4,XAUUSD,SELL,2026-04-28 13:05:16.302885,2026-04-28 14:02:15,56.97828525,Overlap,Tuesday,13,4608.81,4608.78,4637.79216,4584.96415,1.0,28.982159999999567,23.84585000000061,0.8227768392694321,,ml_direct,,,56.1,0.5609,,"SELL=56.1,NO=7.4,BUY=36.5",22.98,16.25477,NOT_AVAILABLE,UP,AGAINST_H4,,HIGH,HIGH,24.784163596465405,0.004545812995747571,,0.043940085602541576,0.0,,,SL_HIT,,,0.82,0.0,2.0,0.0,0.0,2.0,True,False,False,,False,,,ML Direct SELL | conf=56.1% [SELL=56.1% NO=7.4% BUY=36.5%],,live_db,1
56422534331,v3,2.4,XAUUSD,BUY,2026-04-28 14:05:30.723437,2026-04-28 14:37:04,31.554609383333332,Overlap,Tuesday,14,4604.55,4580.21,4580.20539,4631.52205,1.0,24.344610000000102,26.9720499999994,1.1079269702820989,,bollinger_bounce,EXECUTED,,,,0.5543,,21.7,15.78974,NOT_AVAILABLE,UP,WITH_H4,,HIGH,HIGH,28.136031696474816,0.004626443180441197,,0.07578663376771869,0.0,,,SL_HIT,,,1.11,-1.0,-2439.0,0.0,0.0,-2439.0,False,False,False,SELL,False,OPEN,,BB bounce BUY | BB_pos=0.06 RSI=21.7 BBW=0.0266 BBW_avg_ratio=1.62,,live_db,1
56422535120,v3,2.4,USDCAD,SELL,2026-04-28 14:05:32.898480,2026-04-28 17:47:19,221.76835866666667,Overlap,Tuesday,14,1.36615,1.36829,1.36829,1.36498,1.0,0.0021400000000000308,0.0011699999999998933,0.5467289719625591,,bollinger_bounce,,,,,,,63.54,0.00102,NOT_AVAILABLE,DOWN,WITH_H4,,NORMAL,MED,63.77648307186467,0.0008022000865939257,,0.8557864038100308,0.0,,,SL_HIT,,,0.55,-1.0,-156.4,0.0,0.0,-156.4,False,False,False,,False,,,BB bounce SELL | BB_pos=0.98 RSI=63.5 BBW=0.0041 BBW_avg_ratio=0.85,,live_db,1
56422535859,v3,2.4,USDCHF,SELL,2026-04-28 14:05:35.164291,,,Overlap,Tuesday,14,0.78961,,0.79232,0.7863,1.0,0.00270999999999999,0.003310000000000035,1.2214022140221577,,stop_hunt_reversal,,,,,,,,,NOT_AVAILABLE,DOWN,WITH_H4,,NORMAL,HIGH,67.66001414798612,0.0013097549797359402,,0.8387304657248068,,,,,,,,,22.8,0.0,0.0,22.8,True,False,False,,False,,,Stop Hunt SELL | HIGH sweep +3.7 pips | RSI=70.7 ATR=0.00096 Swing H=0.78972 L=0.78307,,live_db,0
56424325996,v3,2.4,EURUSD,BUY,2026-04-28 15:05:06.765423,2026-04-28 15:55:07,50.00390961666667,Overlap,Tuesday,15,1.16792,1.16941,1.16467,1.17293,1.0,0.003249999999999975,0.005009999999999959,1.5415384615384606,,bollinger_bounce,,,,,,,29.84,0.00107,NOT_AVAILABLE,UP,WITH_H4,,NORMAL,LOW,50.59280836983157,0.001018172840707495,,0.5562574909589424,0.0,,,SL_HIT,,,1.54,0.46,149.0,0.0,0.0,149.0,True,False,False,,False,,,BB bounce BUY | BB_pos=0.00 RSI=29.8 BBW=0.0050 BBW_avg_ratio=1.23,,live_db,1
56425848782,v3,2.4,AUDUSD,BUY,2026-04-28 16:05:16.459782,2026-04-28 16:30:07,24.842336966666668,Overlap,Tuesday,16,0.71648,0.71668,0.71324,0.71734,1.0,0.0032400000000000206,0.0008599999999999719,0.26543209876542173,,bollinger_bounce,,,,,,,38.99,0.00102,NOT_AVAILABLE,,UNKNOWN,,,,,,,,0.0,,,SL_HIT,,,0.27,0.06,20.0,0.0,0.0,20.0,True,False,False,,False,,,BB bounce BUY | BB_pos=0.03 RSI=39.0 BBW=0.0060 BBW_avg_ratio=1.30,,live_db,1
56427299096,v3,2.4,XAUUSD,SELL,2026-04-28 17:05:09.536959,2026-04-28 17:48:00,42.841050683333336,NY,Tuesday,17,4567.16,4567.05,4609.44728,4540.61817,1.0,42.287280000000464,26.541830000000118,0.6276551719571424,,ml_direct,,,55.4,0.5543,,"SELL=55.4,NO=7.4,BUY=37.2",28.14,21.17819,NOT_AVAILABLE,,UNKNOWN,,,,,,,,0.0,,,SL_HIT,,,0.63,0.0,2.0,0.0,0.0,2.0,True,False,False,,False,,,ML Direct SELL | conf=55.4% [SELL=55.4% NO=7.4% BUY=37.2%],,live_db,1
